  0
SECTION
  2
HEADER
  9
$ACADVER
  1
AC1032
  9
$ACADMAINTVER
 90
4
  9
$DWGCODEPAGE
  3
ANSI_1252
  9
$LASTSAVEDBY
  1
ezdxf
  9
$REQUIREDVERSIONS
160
0
  9
$INSBASE
 10
0.0
 20
0.0
 30
0.0
  9
$EXTMIN
 10
1e+20
 20
1e+20
 30
1e+20
  9
$EXTMAX
 10
-1e+20
 20
-1e+20
 30
-1e+20
  9
$LIMMIN
 10
0.0
 20
0.0
  9
$LIMMAX
 10
420.0
 20
297.0
  9
$ORTHOMODE
 70
0
  9
$REGENMODE
 70
1
  9
$FILLMODE
 70
1
  9
$QTEXTMODE
 70
0
  9
$MIRRTEXT
 70
1
  9
$LTSCALE
 40
1.0
  9
$ATTMODE
 70
1
  9
$TEXTSIZE
 40
2.5
  9
$TRACEWID
 40
1.0
  9
$TEXTSTYLE
  7
OpenSans
  9
$CLAYER
  8
0
  9
$CELTYPE
  6
ByLayer
  9
$CECOLOR
 62
256
  9
$CELTSCALE
 40
1.0
  9
$DISPSILH
 70
0
  9
$DIMSCALE
 40
1.0
  9
$DIMASZ
 40
0.175
  9
$DIMEXO
 40
0.125
  9
$DIMDLI
 40
3.75
  9
$DIMRND
 40
0.0
  9
$DIMDLE
 40
0.0
  9
$DIMEXE
 40
0.375
  9
$DIMTP
 40
0.0
  9
$DIMTM
 40
0.0
  9
$DIMTXT
 40
0.25
  9
$DIMCEN
 40
2.5
  9
$DIMTSZ
 40
0.0
  9
$DIMTOL
 70
0
  9
$DIMLIM
 70
0
  9
$DIMTIH
 70
0
  9
$DIMTOH
 70
0
  9
$DIMSE1
 70
0
  9
$DIMSE2
 70
0
  9
$DIMTAD
 70
1
  9
$DIMZIN
 70
12
  9
$DIMBLK
  1
ARCHTICK
  9
$DIMASO
 70
1
  9
$DIMSHO
 70
1
  9
$DIMPOST
  1

  9
$DIMAPOST
  1

  9
$DIMALT
 70
0
  9
$DIMALTD
 70
3
  9
$DIMALTF
 40
0.03937007874
  9
$DIMLFAC
 40
100.0
  9
$DIMTOFL
 70
1
  9
$DIMTVP
 40
0.0
  9
$DIMTIX
 70
0
  9
$DIMSOXD
 70
0
  9
$DIMSAH
 70
0
  9
$DIMBLK1
  1

  9
$DIMBLK2
  1

  9
$DIMSTYLE
  2
EZDXF
  9
$DIMCLRD
 70
0
  9
$DIMCLRE
 70
0
  9
$DIMCLRT
 70
0
  9
$DIMTFAC
 40
0.5
  9
$DIMGAP
 40
0.1
  9
$DIMJUST
 70
0
  9
$DIMSD1
 70
0
  9
$DIMSD2
 70
0
  9
$DIMTOLJ
 70
0
  9
$DIMTZIN
 70
8
  9
$DIMALTZ
 70
0
  9
$DIMALTTZ
 70
0
  9
$DIMUPT
 70
1
  9
$DIMDEC
 70
2
  9
$DIMTDEC
 70
2
  9
$DIMALTU
 70
2
  9
$DIMALTTD
 70
3
  9
$DIMTXSTY
  7
OpenSansCondensed-Light
  9
$DIMAUNIT
 70
0
  9
$DIMADEC
 70
2
  9
$DIMALTRND
 40
0.0
  9
$DIMAZIN
 70
3
  9
$DIMDSEP
 70
46
  9
$DIMATFIT
 70
3
  9
$DIMFRAC
 70
0
  9
$DIMLDRBLK
  1

  9
$DIMLUNIT
 70
2
  9
$DIMLWD
 70
-2
  9
$DIMLWE
 70
-2
  9
$DIMTMOVE
 70
2
  9
$DIMFXL
 40
1.0
  9
$DIMFXLON
 70
0
  9
$DIMJOGANG
 40
0.785398163397
  9
$DIMTFILL
 70
0
  9
$DIMTFILLCLR
 70
0
  9
$DIMARCSYM
 70
0
  9
$DIMLTYPE
  6

  9
$DIMLTEX1
  6

  9
$DIMLTEX2
  6

  9
$DIMTXTDIRECTION
 70
0
  9
$LUNITS
 70
2
  9
$LUPREC
 70
2
  9
$SKETCHINC
 40
1.0
  9
$FILLETRAD
 40
10.0
  9
$AUNITS
 70
1
  9
$AUPREC
 70
2
  9
$MENU
  1
.
  9
$ELEVATION
 40
0.0
  9
$PELEVATION
 40
0.0
  9
$THICKNESS
 40
0.0
  9
$LIMCHECK
 70
0
  9
$CHAMFERA
 40
0.0
  9
$CHAMFERB
 40
0.0
  9
$CHAMFERC
 40
0.0
  9
$CHAMFERD
 40
0.0
  9
$SKPOLY
 70
0
  9
$TDCREATE
 40
2461320.210960648
  9
$TDUCREATE
 40
2458532.153996898
  9
$TDUPDATE
 40
2461320.210960648
  9
$TDUUPDATE
 40
2458532.1544311
  9
$TDINDWG
 40
0.0
  9
$TDUSRTIMER
 40
0.0
  9
$USRTIMER
 70
1
  9
$ANGBASE
 50
0.0
  9
$ANGDIR
 70
0
  9
$PDMODE
 70
0
  9
$PDSIZE
 40
0.0
  9
$PLINEWID
 40
0.0
  9
$SPLFRAME
 70
0
  9
$SPLINETYPE
 70
6
  9
$SPLINESEGS
 70
8
  9
$HANDSEED
  5
4A8
  9
$SURFTAB1
 70
6
  9
$SURFTAB2
 70
6
  9
$SURFTYPE
 70
6
  9
$SURFU
 70
6
  9
$SURFV
 70
6
  9
$UCSBASE
  2

  9
$UCSNAME
  2

  9
$UCSORG
 10
0.0
 20
0.0
 30
0.0
  9
$UCSXDIR
 10
1.0
 20
0.0
 30
0.0
  9
$UCSYDIR
 10
0.0
 20
1.0
 30
0.0
  9
$UCSORTHOREF
  2

  9
$UCSORTHOVIEW
 70
0
  9
$UCSORGTOP
 10
0.0
 20
0.0
 30
0.0
  9
$UCSORGBOTTOM
 10
0.0
 20
0.0
 30
0.0
  9
$UCSORGLEFT
 10
0.0
 20
0.0
 30
0.0
  9
$UCSORGRIGHT
 10
0.0
 20
0.0
 30
0.0
  9
$UCSORGFRONT
 10
0.0
 20
0.0
 30
0.0
  9
$UCSORGBACK
 10
0.0
 20
0.0
 30
0.0
  9
$PUCSBASE
  2

  9
$PUCSNAME
  2

  9
$PUCSORG
 10
0.0
 20
0.0
 30
0.0
  9
$PUCSXDIR
 10
1.0
 20
0.0
 30
0.0
  9
$PUCSYDIR
 10
0.0
 20
1.0
 30
0.0
  9
$PUCSORTHOREF
  2

  9
$PUCSORTHOVIEW
 70
0
  9
$PUCSORGTOP
 10
0.0
 20
0.0
 30
0.0
  9
$PUCSORGBOTTOM
 10
0.0
 20
0.0
 30
0.0
  9
$PUCSORGLEFT
 10
0.0
 20
0.0
 30
0.0
  9
$PUCSORGRIGHT
 10
0.0
 20
0.0
 30
0.0
  9
$PUCSORGFRONT
 10
0.0
 20
0.0
 30
0.0
  9
$PUCSORGBACK
 10
0.0
 20
0.0
 30
0.0
  9
$USERI1
 70
0
  9
$USERI2
 70
0
  9
$USERI3
 70
0
  9
$USERI4
 70
0
  9
$USERI5
 70
0
  9
$USERR1
 40
0.0
  9
$USERR2
 40
0.0
  9
$USERR3
 40
0.0
  9
$USERR4
 40
0.0
  9
$USERR5
 40
0.0
  9
$WORLDVIEW
 70
1
  9
$SHADEDGE
 70
3
  9
$SHADEDIF
 70
70
  9
$TILEMODE
 70
1
  9
$MAXACTVP
 70
64
  9
$PINSBASE
 10
0.0
 20
0.0
 30
0.0
  9
$PLIMCHECK
 70
0
  9
$PEXTMIN
 10
1e+20
 20
1e+20
 30
1e+20
  9
$PEXTMAX
 10
-1e+20
 20
-1e+20
 30
-1e+20
  9
$PLIMMIN
 10
-0.0
 20
-0.0
  9
$PLIMMAX
 10
841.0
 20
594.0
  9
$UNITMODE
 70
0
  9
$VISRETAIN
 70
1
  9
$PLINEGEN
 70
0
  9
$PSLTSCALE
 70
1
  9
$TREEDEPTH
 70
3020
  9
$CMLSTYLE
  2
Standard
  9
$CMLJUST
 70
0
  9
$CMLSCALE
 40
20.0
  9
$PROXYGRAPHICS
 70
1
  9
$MEASUREMENT
 70
1
  9
$CELWEIGHT
370
-1
  9
$ENDCAPS
280
0
  9
$JOINSTYLE
280
0
  9
$LWDISPLAY
290
1
  9
$INSUNITS
 70
6
  9
$HYPERLINKBASE
  1

  9
$STYLESHEET
  1

  9
$XEDIT
290
1
  9
$CEPSNTYPE
380
0
  9
$PSTYLEMODE
290
1
  9
$FINGERPRINTGUID
  2
{348A07A3-72B7-4101-8889-789C1DAE2B5B}
  9
$VERSIONGUID
  2
{100B1CC5-BAB8-419F-830A-E1AFEDA03CF0}
  9
$EXTNAMES
290
1
  9
$PSVPSCALE
 40
0.0
  9
$OLESTARTUP
290
0
  9
$SORTENTS
280
127
  9
$INDEXCTL
280
0
  9
$HIDETEXT
280
1
  9
$XCLIPFRAME
280
1
  9
$HALOGAP
280
0
  9
$OBSCOLOR
 70
257
  9
$OBSLTYPE
280
0
  9
$INTERSECTIONDISPLAY
280
0
  9
$INTERSECTIONCOLOR
 70
257
  9
$DIMASSOC
280
2
  9
$PROJECTNAME
  1

  9
$CAMERADISPLAY
290
0
  9
$LENSLENGTH
 40
50.0
  9
$CAMERAHEIGHT
 40
0.0
  9
$STEPSPERSEC
 40
24.0
  9
$STEPSIZE
 40
100.0
  9
$3DDWFPREC
 40
2.0
  9
$PSOLWIDTH
 40
0.005
  9
$PSOLHEIGHT
 40
0.08
  9
$LOFTANG1
 40
1.570796326795
  9
$LOFTANG2
 40
1.570796326795
  9
$LOFTMAG1
 40
0.0
  9
$LOFTMAG2
 40
0.0
  9
$LOFTPARAM
 70
7
  9
$LOFTNORMALS
280
1
  9
$LATITUDE
 40
37.795
  9
$LONGITUDE
 40
-122.394
  9
$NORTHDIRECTION
 40
0.0
  9
$TIMEZONE
 70
-8000
  9
$LIGHTGLYPHDISPLAY
280
1
  9
$TILEMODELIGHTSYNCH
280
1
  9
$CMATERIAL
347
20
  9
$SOLIDHIST
280
0
  9
$SHOWHIST
280
1
  9
$DWFFRAME
280
2
  9
$DGNFRAME
280
2
  9
$REALWORLDSCALE
290
1
  9
$INTERFERECOLOR
 62
256
  9
$CSHADOW
280
0
  9
$SHADOWPLANELOCATION
 40
0.0
  0
ENDSEC
  0
SECTION
  2
CLASSES
  0
CLASS
  1
ACDBDICTIONARYWDFLT
  2
AcDbDictionaryWithDefault
  3
ObjectDBX Classes
 90
0
 91
0
280
0
281
0
  0
CLASS
  1
SUN
  2
AcDbSun
  3
SCENEOE
 90
1153
 91
0
280
0
281
0
  0
CLASS
  1
VISUALSTYLE
  2
AcDbVisualStyle
  3
ObjectDBX Classes
 90
4095
 91
0
280
0
281
0
  0
CLASS
  1
MATERIAL
  2
AcDbMaterial
  3
ObjectDBX Classes
 90
1153
 91
0
280
0
281
0
  0
CLASS
  1
SCALE
  2
AcDbScale
  3
ObjectDBX Classes
 90
1153
 91
0
280
0
281
0
  0
CLASS
  1
TABLESTYLE
  2
AcDbTableStyle
  3
ObjectDBX Classes
 90
4095
 91
0
280
0
281
0
  0
CLASS
  1
MLEADERSTYLE
  2
AcDbMLeaderStyle
  3
ACDB_MLEADERSTYLE_CLASS
 90
4095
 91
0
280
0
281
0
  0
CLASS
  1
DICTIONARYVAR
  2
AcDbDictionaryVar
  3
ObjectDBX Classes
 90
0
 91
0
280
0
281
0
  0
CLASS
  1
CELLSTYLEMAP
  2
AcDbCellStyleMap
  3
ObjectDBX Classes
 90
1152
 91
0
280
0
281
0
  0
CLASS
  1
MENTALRAYRENDERSETTINGS
  2
AcDbMentalRayRenderSettings
  3
SCENEOE
 90
1024
 91
0
280
0
281
0
  0
CLASS
  1
ACDBDETAILVIEWSTYLE
  2
AcDbDetailViewStyle
  3
ObjectDBX Classes
 90
1025
 91
0
280
0
281
0
  0
CLASS
  1
ACDBSECTIONVIEWSTYLE
  2
AcDbSectionViewStyle
  3
ObjectDBX Classes
 90
1025
 91
0
280
0
281
0
  0
CLASS
  1
RASTERVARIABLES
  2
AcDbRasterVariables
  3
ISM
 90
0
 91
0
280
0
281
0
  0
CLASS
  1
ACDBPLACEHOLDER
  2
AcDbPlaceHolder
  3
ObjectDBX Classes
 90
0
 91
0
280
0
281
0
  0
CLASS
  1
LAYOUT
  2
AcDbLayout
  3
ObjectDBX Classes
 90
0
 91
0
280
0
281
0
  0
ENDSEC
  0
SECTION
  2
TABLES
  0
TABLE
  2
VPORT
  5
8
330
0
100
AcDbSymbolTable
 70
1
  0
VPORT
  5
23
330
8
100
AcDbSymbolTableRecord
100
AcDbViewportTableRecord
  2
*Active
 70
0
 10
0.0
 20
0.0
 11
1.0
 21
1.0
 12
0.0
 22
0.0
 13
0.0
 23
0.0
 14
0.5
 24
0.5
 15
0.5
 25
0.5
 16
0.0
 26
0.0
 36
1.0
 17
0.0
 27
0.0
 37
0.0
 40
1000.0
 41
1.34
 42
50.0
 43
0.0
 44
0.0
 50
0.0
 51
0.0
 71
0
 72
1000
 73
1
 74
3
 75
0
 76
0
 77
0
 78
0
281
0
 65
0
146
0.0
  0
ENDTAB
  0
TABLE
  2
LTYPE
  5
2
330
0
100
AcDbSymbolTable
 70
21
  0
LTYPE
  5
24
330
2
100
AcDbSymbolTableRecord
100
AcDbLinetypeTableRecord
  2
ByBlock
 70
0
  3

 72
65
 73
0
 40
0.0
  0
LTYPE
  5
25
330
2
100
AcDbSymbolTableRecord
100
AcDbLinetypeTableRecord
  2
ByLayer
 70
0
  3

 72
65
 73
0
 40
0.0
  0
LTYPE
  5
26
330
2
100
AcDbSymbolTableRecord
100
AcDbLinetypeTableRecord
  2
Continuous
 70
0
  3

 72
65
 73
0
 40
0.0
  0
LTYPE
  5
2F
330
2
100
AcDbSymbolTableRecord
100
AcDbLinetypeTableRecord
  2
CENTER
 70
0
  3
Center ____ _ ____ _ ____ _ ____ _ ____ _ ____
 72
65
 73
4
 40
5.08
 49
3.175
 74
0
 49
-0.635
 74
0
 49
0.635
 74
0
 49
-0.635
 74
0
  0
LTYPE
  5
30
330
2
100
AcDbSymbolTableRecord
100
AcDbLinetypeTableRecord
  2
CENTERX2
 70
0
  3
Center (2x) ________  __  ________  __  ________
 72
65
 73
4
 40
8.89
 49
6.35
 74
0
 49
-0.635
 74
0
 49
1.27
 74
0
 49
-0.635
 74
0
  0
LTYPE
  5
31
330
2
100
AcDbSymbolTableRecord
100
AcDbLinetypeTableRecord
  2
CENTER2
 70
0
  3
Center (.5x) ____ _ ____ _ ____ _ ____ _ ____
 72
65
 73
4
 40
2.54
 49
1.587
 74
0
 49
-0.318
 74
0
 49
0.318
 74
0
 49
-0.318
 74
0
  0
LTYPE
  5
32
330
2
100
AcDbSymbolTableRecord
100
AcDbLinetypeTableRecord
  2
DASHED
 70
0
  3
Dashed __ __ __ __ __ __ __ __ __ __ __ __ __ _
 72
65
 73
2
 40
1.524
 49
1.27
 74
0
 49
-0.254
 74
0
  0
LTYPE
  5
33
330
2
100
AcDbSymbolTableRecord
100
AcDbLinetypeTableRecord
  2
DASHEDX2
 70
0
  3
Dashed (2x) ____  ____  ____  ____  ____  ____
 72
65
 73
2
 40
3.048
 49
2.54
 74
0
 49
-0.508
 74
0
  0
LTYPE
  5
34
330
2
100
AcDbSymbolTableRecord
100
AcDbLinetypeTableRecord
  2
DASHED2
 70
0
  3
Dashed (.5x) _ _ _ _ _ _ _ _ _ _ _ _ _ _
 72
65
 73
2
 40
0.762
 49
0.635
 74
0
 49
-0.127
 74
0
  0
LTYPE
  5
35
330
2
100
AcDbSymbolTableRecord
100
AcDbLinetypeTableRecord
  2
PHANTOM
 70
0
  3
Phantom ______  __  __  ______  __  __  ______
 72
65
 73
6
 40
6.35
 49
3.175
 74
0
 49
-0.635
 74
0
 49
0.635
 74
0
 49
-0.635
 74
0
 49
0.635
 74
0
 49
-0.635
 74
0
  0
LTYPE
  5
36
330
2
100
AcDbSymbolTableRecord
100
AcDbLinetypeTableRecord
  2
PHANTOMX2
 70
0
  3
Phantom (2x)____________    ____    ____    ____________
 72
65
 73
6
 40
10.795
 49
6.35
 74
0
 49
-0.635
 74
0
 49
1.27
 74
0
 49
-0.635
 74
0
 49
1.27
 74
0
 49
-0.635
 74
0
  0
LTYPE
  5
37
330
2
100
AcDbSymbolTableRecord
100
AcDbLinetypeTableRecord
  2
PHANTOM2
 70
0
  3
Phantom (.5x) ___ _ _ ___ _ _ ___ _ _ ___ _ _ ___
 72
65
 73
6
 40
3.175
 49
1.587
 74
0
 49
-0.318
 74
0
 49
0.318
 74
0
 49
-0.318
 74
0
 49
0.318
 74
0
 49
-0.318
 74
0
  0
LTYPE
  5
38
330
2
100
AcDbSymbolTableRecord
100
AcDbLinetypeTableRecord
  2
DASHDOT
 70
0
  3
Dash dot __ . __ . __ . __ . __ . __ . __ . __
 72
65
 73
4
 40
3.556
 49
2.54
 74
0
 49
-0.508
 74
0
 49
0.0
 74
0
 49
-0.508
 74
0
  0
LTYPE
  5
39
330
2
100
AcDbSymbolTableRecord
100
AcDbLinetypeTableRecord
  2
DASHDOTX2
 70
0
  3
Dash dot (2x) ____  .  ____  .  ____  .  ____
 72
65
 73
4
 40
6.096
 49
5.08
 74
0
 49
-0.508
 74
0
 49
0.0
 74
0
 49
-0.508
 74
0
  0
LTYPE
  5
3A
330
2
100
AcDbSymbolTableRecord
100
AcDbLinetypeTableRecord
  2
DASHDOT2
 70
0
  3
Dash dot (.5x) _ . _ . _ . _ . _ . _ . _ . _
 72
65
 73
4
 40
1.778
 49
1.27
 74
0
 49
-0.254
 74
0
 49
0.0
 74
0
 49
-0.254
 74
0
  0
LTYPE
  5
3B
330
2
100
AcDbSymbolTableRecord
100
AcDbLinetypeTableRecord
  2
DOT
 70
0
  3
Dot .  .  .  .  .  .  .  .  .  .  .  .  .  .  .  .
 72
65
 73
2
 40
0.508
 49
0.0
 74
0
 49
-0.508
 74
0
  0
LTYPE
  5
3C
330
2
100
AcDbSymbolTableRecord
100
AcDbLinetypeTableRecord
  2
DOTX2
 70
0
  3
Dot (2x) .    .    .    .    .    .    .    . 
 72
65
 73
2
 40
1.016
 49
0.0
 74
0
 49
-1.016
 74
0
  0
LTYPE
  5
3D
330
2
100
AcDbSymbolTableRecord
100
AcDbLinetypeTableRecord
  2
DOT2
 70
0
  3
Dot (.5) . . . . . . . . . . . . . . . . . . . 
 72
65
 73
2
 40
0.254
 49
0.0
 74
0
 49
-0.254
 74
0
  0
LTYPE
  5
3E
330
2
100
AcDbSymbolTableRecord
100
AcDbLinetypeTableRecord
  2
DIVIDE
 70
0
  3
Divide __ . . __ . . __ . . __ . . __ . . __
 72
65
 73
6
 40
4.064
 49
2.54
 74
0
 49
-0.508
 74
0
 49
0.0
 74
0
 49
-0.508
 74
0
 49
0.0
 74
0
 49
-0.508
 74
0
  0
LTYPE
  5
3F
330
2
100
AcDbSymbolTableRecord
100
AcDbLinetypeTableRecord
  2
DIVIDEX2
 70
0
  3
Divide (2x) ____  . .  ____  . .  ____  . .  ____
 72
65
 73
6
 40
6.604
 49
5.08
 74
0
 49
-0.508
 74
0
 49
0.0
 74
0
 49
-0.508
 74
0
 49
0.0
 74
0
 49
-0.508
 74
0
  0
LTYPE
  5
40
330
2
100
AcDbSymbolTableRecord
100
AcDbLinetypeTableRecord
  2
DIVIDE2
 70
0
  3
Divide(.5x) _ . _ . _ . _ . _ . _ . _ . _
 72
65
 73
6
 40
2.032
 49
1.27
 74
0
 49
-0.254
 74
0
 49
0.0
 74
0
 49
-0.254
 74
0
 49
0.0
 74
0
 49
-0.254
 74
0
  0
ENDTAB
  0
TABLE
  2
LAYER
  5
1
330
0
100
AcDbSymbolTable
 70
53
  0
LAYER
  5
27
330
1
100
AcDbSymbolTableRecord
100
AcDbLayerTableRecord
  2
0
 70
0
 62
7
  6
Continuous
370
-3
390
13
347
21
  0
LAYER
  5
28
330
1
100
AcDbSymbolTableRecord
100
AcDbLayerTableRecord
  2
Defpoints
 70
0
 62
7
  6
Continuous
290
0
370
-3
390
13
347
21
  0
LAYER
  5
8B
330
1
100
AcDbSymbolTableRecord
100
AcDbLayerTableRecord
  2
A-MARCO
 70
0
 62
7
  6
Continuous
370
70
390
13
347
21
  0
LAYER
  5
8C
330
1
100
AcDbSymbolTableRecord
100
AcDbLayerTableRecord
  2
A-CAJETIN
 70
0
 62
7
  6
Continuous
370
35
390
13
347
21
  0
LAYER
  5
8D
330
1
100
AcDbSymbolTableRecord
100
AcDbLayerTableRecord
  2
A-CAJETIN-TXT
 70
0
 62
7
  6
Continuous
370
25
390
13
347
21
  0
LAYER
  5
8E
330
1
100
AcDbSymbolTableRecord
100
AcDbLayerTableRecord
  2
A-TITULOS
 70
0
 62
7
  6
Continuous
370
35
390
13
347
21
  0
LAYER
  5
8F
330
1
100
AcDbSymbolTableRecord
100
AcDbLayerTableRecord
  2
A-TEXTO
 70
0
 62
7
  6
Continuous
370
18
390
13
347
21
  0
LAYER
  5
90
330
1
100
AcDbSymbolTableRecord
100
AcDbLayerTableRecord
  2
A-TABLAS
 70
0
 62
7
  6
Continuous
370
25
390
13
347
21
  0
LAYER
  5
91
330
1
100
AcDbSymbolTableRecord
100
AcDbLayerTableRecord
  2
A-NOTAS
 70
0
 62
7
  6
Continuous
370
18
390
13
347
21
  0
LAYER
  5
92
330
1
100
AcDbSymbolTableRecord
100
AcDbLayerTableRecord
  2
A-ESCALA-GRAF
 70
0
 62
7
  6
Continuous
370
18
390
13
347
21
  0
LAYER
  5
93
330
1
100
AcDbSymbolTableRecord
100
AcDbLayerTableRecord
  2
A-NORTE
 70
0
 62
7
  6
Continuous
370
25
390
13
347
21
  0
LAYER
  5
94
330
1
100
AcDbSymbolTableRecord
100
AcDbLayerTableRecord
  2
A-IMAGEN-REF
 70
0
 62
7
  6
Continuous
370
13
390
13
347
21
  0
LAYER
  5
95
330
1
100
AcDbSymbolTableRecord
100
AcDbLayerTableRecord
  2
A-VIEWPORT
 70
0
 62
8
  6
Continuous
290
0
370
13
390
13
347
21
  0
LAYER
  5
96
330
1
100
AcDbSymbolTableRecord
100
AcDbLayerTableRecord
  2
A-PENDIENTE
 70
0
 62
1
  6
Continuous
370
25
390
13
347
21
  0
LAYER
  5
97
330
1
100
AcDbSymbolTableRecord
100
AcDbLayerTableRecord
  2
T-LINDERO
 70
0
 62
7
  6
Continuous
370
50
390
13
347
21
  0
LAYER
  5
98
330
1
100
AcDbSymbolTableRecord
100
AcDbLayerTableRecord
  2
T-VERTICE
 70
0
 62
7
  6
Continuous
370
25
390
13
347
21
  0
LAYER
  5
99
330
1
100
AcDbSymbolTableRecord
100
AcDbLayerTableRecord
  2
T-CALLE
 70
0
 62
8
  6
DASHED
370
18
390
13
347
21
  0
LAYER
  5
9A
330
1
100
AcDbSymbolTableRecord
100
AcDbLayerTableRecord
  2
T-TXT-200
 70
0
 62
7
  6
Continuous
370
18
390
13
347
21
  0
LAYER
  5
9B
330
1
100
AcDbSymbolTableRecord
100
AcDbLayerTableRecord
  2
T-COTA-200
 70
0
 62
7
  6
Continuous
370
18
390
13
347
21
  0
LAYER
  5
9C
330
1
100
AcDbSymbolTableRecord
100
AcDbLayerTableRecord
  2
T-TXT-100
 70
0
 62
7
  6
Continuous
370
18
390
13
347
21
  0
LAYER
  5
9D
330
1
100
AcDbSymbolTableRecord
100
AcDbLayerTableRecord
  2
T-COTA-100
 70
0
 62
7
  6
Continuous
370
18
390
13
347
21
  0
LAYER
  5
9E
330
1
100
AcDbSymbolTableRecord
100
AcDbLayerTableRecord
  2
A-HUELLA
 70
0
 62
7
  6
Continuous
370
35
390
13
347
21
  0
LAYER
  5
9F
330
1
100
AcDbSymbolTableRecord
100
AcDbLayerTableRecord
  2
A-HUELLA-TRAMA
 70
0
 62
8
  6
Continuous
370
9
390
13
347
21
  0
LAYER
  5
A0
330
1
100
AcDbSymbolTableRecord
100
AcDbLayerTableRecord
  2
A-PATIO
 70
0
 62
7
  6
Continuous
370
25
390
13
347
21
  0
LAYER
  5
A1
330
1
100
AcDbSymbolTableRecord
100
AcDbLayerTableRecord
  2
A-RETIRO
 70
0
 62
8
  6
DASHED2
370
18
390
13
347
21
  0
LAYER
  5
A2
330
1
100
AcDbSymbolTableRecord
100
AcDbLayerTableRecord
  2
A-MURO
 70
0
 62
7
  6
Continuous
370
50
390
13
347
21
  0
LAYER
  5
A3
330
1
100
AcDbSymbolTableRecord
100
AcDbLayerTableRecord
  2
A-MURO-TRAMA
 70
0
 62
8
  6
Continuous
370
9
390
13
347
21
  0
LAYER
  5
A4
330
1
100
AcDbSymbolTableRecord
100
AcDbLayerTableRecord
  2
A-PUERTA
 70
0
 62
7
  6
Continuous
370
25
390
13
347
21
  0
LAYER
  5
A5
330
1
100
AcDbSymbolTableRecord
100
AcDbLayerTableRecord
  2
A-VENTANA
 70
0
 62
7
  6
Continuous
370
25
390
13
347
21
  0
LAYER
  5
A6
330
1
100
AcDbSymbolTableRecord
100
AcDbLayerTableRecord
  2
A-ESCALERA
 70
0
 62
7
  6
Continuous
370
25
390
13
347
21
  0
LAYER
  5
A7
330
1
100
AcDbSymbolTableRecord
100
AcDbLayerTableRecord
  2
A-VEHICULO
 70
0
 62
8
  6
Continuous
370
18
390
13
347
21
  0
LAYER
  5
A8
330
1
100
AcDbSymbolTableRecord
100
AcDbLayerTableRecord
  2
A-MOBILIARIO
 70
0
 62
8
  6
Continuous
370
18
390
13
347
21
  0
LAYER
  5
A9
330
1
100
AcDbSymbolTableRecord
100
AcDbLayerTableRecord
  2
A-DEMARCACION
 70
0
 62
8
  6
DASHED
370
18
390
13
347
21
  0
LAYER
  5
AA
330
1
100
AcDbSymbolTableRecord
100
AcDbLayerTableRecord
  2
A-PROYECCION
 70
0
 62
8
  6
DASHED
370
18
390
13
347
21
  0
LAYER
  5
AB
330
1
100
AcDbSymbolTableRecord
100
AcDbLayerTableRecord
  2
A-EJES
 70
0
 62
8
  6
CENTER
370
13
390
13
347
21
  0
LAYER
  5
AC
330
1
100
AcDbSymbolTableRecord
100
AcDbLayerTableRecord
  2
A-EJES-TXT
 70
0
 62
7
  6
Continuous
370
25
390
13
347
21
  0
LAYER
  5
AD
330
1
100
AcDbSymbolTableRecord
100
AcDbLayerTableRecord
  2
A-COTA-50
 70
0
 62
7
  6
Continuous
370
18
390
13
347
21
  0
LAYER
  5
AE
330
1
100
AcDbSymbolTableRecord
100
AcDbLayerTableRecord
  2
A-TXT-50
 70
0
 62
7
  6
Continuous
370
18
390
13
347
21
  0
LAYER
  5
AF
330
1
100
AcDbSymbolTableRecord
100
AcDbLayerTableRecord
  2
A-ESPACIOS
 70
0
 62
7
  6
Continuous
370
25
390
13
347
21
  0
LAYER
  5
B0
330
1
100
AcDbSymbolTableRecord
100
AcDbLayerTableRecord
  2
A-NIVELES
 70
0
 62
7
  6
Continuous
370
18
390
13
347
21
  0
LAYER
  5
B1
330
1
100
AcDbSymbolTableRecord
100
AcDbLayerTableRecord
  2
A-CORTES
 70
0
 62
7
  6
Continuous
370
35
390
13
347
21
  0
LAYER
  5
B2
330
1
100
AcDbSymbolTableRecord
100
AcDbLayerTableRecord
  2
A-JARDIN
 70
0
 62
8
  6
Continuous
370
9
390
13
347
21
  0
LAYER
  5
B3
330
1
100
AcDbSymbolTableRecord
100
AcDbLayerTableRecord
  2
E-COLUMNA
 70
0
 62
7
  6
Continuous
370
35
390
13
347
21
  0
LAYER
  5
B7
330
1
100
AcDbSymbolTableRecord
100
AcDbLayerTableRecord
  2
F-CONTORNO
 70
0
 62
7
  6
Continuous
370
50
390
13
347
21
  0
LAYER
  5
B8
330
1
100
AcDbSymbolTableRecord
100
AcDbLayerTableRecord
  2
F-VANOS
 70
0
 62
7
  6
Continuous
370
35
390
13
347
21
  0
LAYER
  5
B9
330
1
100
AcDbSymbolTableRecord
100
AcDbLayerTableRecord
  2
F-VIDRIO
 70
0
 62
8
  6
Continuous
370
13
390
13
347
21
  0
LAYER
  5
BA
330
1
100
AcDbSymbolTableRecord
100
AcDbLayerTableRecord
  2
F-LINEAS
 70
0
 62
8
  6
Continuous
370
18
390
13
347
21
  0
LAYER
  5
BB
330
1
100
AcDbSymbolTableRecord
100
AcDbLayerTableRecord
  2
F-OCULTO
 70
0
 62
8
  6
DASHED
370
13
390
13
347
21
  0
LAYER
  5
BC
330
1
100
AcDbSymbolTableRecord
100
AcDbLayerTableRecord
  2
F-TERRENO
 70
0
 62
7
  6
Continuous
370
70
390
13
347
21
  0
LAYER
  5
BD
330
1
100
AcDbSymbolTableRecord
100
AcDbLayerTableRecord
  2
F-TRAMA
 70
0
 62
8
  6
Continuous
370
9
390
13
347
21
  0
LAYER
  5
BE
330
1
100
AcDbSymbolTableRecord
100
AcDbLayerTableRecord
  2
F-COTA
 70
0
 62
7
  6
Continuous
370
18
390
13
347
21
  0
LAYER
  5
BF
330
1
100
AcDbSymbolTableRecord
100
AcDbLayerTableRecord
  2
F-TXT
 70
0
 62
7
  6
Continuous
370
18
390
13
347
21
  0
LAYER
  5
C0
330
1
100
AcDbSymbolTableRecord
100
AcDbLayerTableRecord
  2
F-NIVEL
 70
0
 62
7
  6
Continuous
370
18
390
13
347
21
  0
ENDTAB
  0
TABLE
  2
STYLE
  5
5
330
0
100
AcDbSymbolTable
 70
27
  0
STYLE
  5
29
330
5
100
AcDbSymbolTableRecord
100
AcDbTextStyleTableRecord
  2
Standard
 70
0
 40
0.0
 41
1.0
 50
0.0
 71
0
 42
2.5
  3
txt
  4

  0
STYLE
  5
41
330
5
100
AcDbSymbolTableRecord
100
AcDbTextStyleTableRecord
  2
OpenSans-Light
 70
0
 40
0.0
 41
1.0
 50
0.0
 71
0
 42
2.5
  3
OpenSans-Light.ttf
  4

  0
STYLE
  5
42
330
5
100
AcDbSymbolTableRecord
100
AcDbTextStyleTableRecord
  2
OpenSans-Light-Italic
 70
0
 40
0.0
 41
1.0
 50
0.0
 71
0
 42
2.5
  3
OpenSans-LightItalic.ttf
  4

  0
STYLE
  5
43
330
5
100
AcDbSymbolTableRecord
100
AcDbTextStyleTableRecord
  2
OpenSans
 70
0
 40
0.0
 41
1.0
 50
0.0
 71
0
 42
2.5
  3
OpenSans-Regular.ttf
  4

  0
STYLE
  5
44
330
5
100
AcDbSymbolTableRecord
100
AcDbTextStyleTableRecord
  2
OpenSans-Italic
 70
0
 40
0.0
 41
1.0
 50
0.0
 71
0
 42
2.5
  3
OpenSans-Italic.ttf
  4

  0
STYLE
  5
45
330
5
100
AcDbSymbolTableRecord
100
AcDbTextStyleTableRecord
  2
OpenSans-SemiBold
 70
0
 40
0.0
 41
1.0
 50
0.0
 71
0
 42
2.5
  3
OpenSans-SemiBold.ttf
  4

  0
STYLE
  5
46
330
5
100
AcDbSymbolTableRecord
100
AcDbTextStyleTableRecord
  2
OpenSans-SemiBoldItalic
 70
0
 40
0.0
 41
1.0
 50
0.0
 71
0
 42
2.5
  3
OpenSans-SemiBoldItalic.ttf
  4

  0
STYLE
  5
47
330
5
100
AcDbSymbolTableRecord
100
AcDbTextStyleTableRecord
  2
OpenSans-Bold
 70
0
 40
0.0
 41
1.0
 50
0.0
 71
0
 42
2.5
  3
OpenSans-Bold.ttf
  4

  0
STYLE
  5
48
330
5
100
AcDbSymbolTableRecord
100
AcDbTextStyleTableRecord
  2
OpenSans-BoldItalic
 70
0
 40
0.0
 41
1.0
 50
0.0
 71
0
 42
2.5
  3
OpenSans-BoldItalic.ttf
  4

  0
STYLE
  5
49
330
5
100
AcDbSymbolTableRecord
100
AcDbTextStyleTableRecord
  2
OpenSans-ExtraBold
 70
0
 40
0.0
 41
1.0
 50
0.0
 71
0
 42
2.5
  3
OpenSans-ExtraBold.ttf
  4

  0
STYLE
  5
4A
330
5
100
AcDbSymbolTableRecord
100
AcDbTextStyleTableRecord
  2
OpenSans-ExtraBoldItalic
 70
0
 40
0.0
 41
1.0
 50
0.0
 71
0
 42
2.5
  3
OpenSans-ExtraBoldItalic.ttf
  4

  0
STYLE
  5
4B
330
5
100
AcDbSymbolTableRecord
100
AcDbTextStyleTableRecord
  2
OpenSansCondensed-Bold
 70
0
 40
0.0
 41
1.0
 50
0.0
 71
0
 42
2.5
  3
OpenSansCondensed-Bold.ttf
  4

  0
STYLE
  5
4C
330
5
100
AcDbSymbolTableRecord
100
AcDbTextStyleTableRecord
  2
OpenSansCondensed-Light
 70
0
 40
0.0
 41
1.0
 50
0.0
 71
0
 42
2.5
  3
OpenSansCondensed-Light.ttf
  4

  0
STYLE
  5
4D
330
5
100
AcDbSymbolTableRecord
100
AcDbTextStyleTableRecord
  2
OpenSansCondensed-Italic
 70
0
 40
0.0
 41
1.0
 50
0.0
 71
0
 42
2.5
  3
OpenSansCondensed-LightItalic.ttf
  4

  0
STYLE
  5
4E
330
5
100
AcDbSymbolTableRecord
100
AcDbTextStyleTableRecord
  2
LiberationSans
 70
0
 40
0.0
 41
1.0
 50
0.0
 71
0
 42
2.5
  3
LiberationSans-Regular.ttf
  4

  0
STYLE
  5
4F
330
5
100
AcDbSymbolTableRecord
100
AcDbTextStyleTableRecord
  2
LiberationSans-Bold
 70
0
 40
0.0
 41
1.0
 50
0.0
 71
0
 42
2.5
  3
LiberationSans-Bold.ttf
  4

  0
STYLE
  5
50
330
5
100
AcDbSymbolTableRecord
100
AcDbTextStyleTableRecord
  2
LiberationSans-BoldItalic
 70
0
 40
0.0
 41
1.0
 50
0.0
 71
0
 42
2.5
  3
LiberationSans-BoldItalic.ttf
  4

  0
STYLE
  5
51
330
5
100
AcDbSymbolTableRecord
100
AcDbTextStyleTableRecord
  2
LiberationSans-Italic
 70
0
 40
0.0
 41
1.0
 50
0.0
 71
0
 42
2.5
  3
LiberationSans-Italic.ttf
  4

  0
STYLE
  5
52
330
5
100
AcDbSymbolTableRecord
100
AcDbTextStyleTableRecord
  2
LiberationSerif
 70
0
 40
0.0
 41
1.0
 50
0.0
 71
0
 42
2.5
  3
LiberationSerif-Regular.ttf
  4

  0
STYLE
  5
53
330
5
100
AcDbSymbolTableRecord
100
AcDbTextStyleTableRecord
  2
LiberationSerif-Bold
 70
0
 40
0.0
 41
1.0
 50
0.0
 71
0
 42
2.5
  3
LiberationSerif-Bold.ttf
  4

  0
STYLE
  5
54
330
5
100
AcDbSymbolTableRecord
100
AcDbTextStyleTableRecord
  2
LiberationSerif-BoldItalic
 70
0
 40
0.0
 41
1.0
 50
0.0
 71
0
 42
2.5
  3
LiberationSerif-BoldItalic.ttf
  4

  0
STYLE
  5
55
330
5
100
AcDbSymbolTableRecord
100
AcDbTextStyleTableRecord
  2
LiberationSerif-Italic
 70
0
 40
0.0
 41
1.0
 50
0.0
 71
0
 42
2.5
  3
LiberationSerif-Italic.ttf
  4

  0
STYLE
  5
56
330
5
100
AcDbSymbolTableRecord
100
AcDbTextStyleTableRecord
  2
LiberationMono
 70
0
 40
0.0
 41
1.0
 50
0.0
 71
0
 42
2.5
  3
LiberationMono-Regular.ttf
  4

  0
STYLE
  5
57
330
5
100
AcDbSymbolTableRecord
100
AcDbTextStyleTableRecord
  2
LiberationMono-Bold
 70
0
 40
0.0
 41
1.0
 50
0.0
 71
0
 42
2.5
  3
LiberationMono-Bold.ttf
  4

  0
STYLE
  5
58
330
5
100
AcDbSymbolTableRecord
100
AcDbTextStyleTableRecord
  2
LiberationMono-BoldItalic
 70
0
 40
0.0
 41
1.0
 50
0.0
 71
0
 42
2.5
  3
LiberationMono-BoldItalic.ttf
  4

  0
STYLE
  5
59
330
5
100
AcDbSymbolTableRecord
100
AcDbTextStyleTableRecord
  2
LiberationMono-Italic
 70
0
 40
0.0
 41
1.0
 50
0.0
 71
0
 42
2.5
  3
LiberationMono-Italic.ttf
  4

  0
STYLE
  5
8A
330
5
100
AcDbSymbolTableRecord
100
AcDbTextStyleTableRecord
  2
ARIAL
 70
0
 40
0.0
 41
1.0
 50
0.0
 71
0
 42
2.5
  3
arial.ttf
  4

  0
ENDTAB
  0
TABLE
  2
VIEW
  5
7
330
0
100
AcDbSymbolTable
 70
0
  0
ENDTAB
  0
TABLE
  2
UCS
  5
6
330
0
100
AcDbSymbolTable
 70
0
  0
ENDTAB
  0
TABLE
  2
APPID
  5
3
330
0
100
AcDbSymbolTable
 70
3
  0
APPID
  5
2A
330
3
100
AcDbSymbolTableRecord
100
AcDbRegAppTableRecord
  2
ACAD
 70
0
  0
APPID
  5
4A5
330
3
100
AcDbSymbolTableRecord
100
AcDbRegAppTableRecord
  2
HATCHBACKGROUNDCOLOR
 70
0
  0
APPID
  5
4A6
330
3
100
AcDbSymbolTableRecord
100
AcDbRegAppTableRecord
  2
EZDXF
 70
0
  0
ENDTAB
  0
TABLE
  2
DIMSTYLE
  5
4
330
0
100
AcDbSymbolTable
 70
16
100
AcDbDimStyleTable
  0
DIMSTYLE
105
2B
330
4
100
AcDbSymbolTableRecord
100
AcDbDimStyleTableRecord
  2
Standard
 70
0
 40
1.0
 41
2.5
 42
0.625
 43
3.75
 44
1.25
 45
0.0
 46
0.0
 47
0.0
 48
0.0
 49
2.5
140
2.5
141
2.5
142
0.0
143
0.03937007874
144
1.0
145
0.0
146
1.0
147
0.625
148
0.0
 69
0
 70
0
 71
0
 72
0
 73
0
 74
0
 75
0
 76
0
 77
1
 78
8
 79
3
170
0
171
3
172
1
173
0
174
0
175
0
176
0
177
0
178
0
179
2
271
2
272
2
273
2
274
3
275
0
276
0
277
2
278
44
279
0
280
0
281
0
282
0
283
0
284
8
285
0
286
0
288
0
289
3
290
0
371
-2
372
-2
  0
DIMSTYLE
105
73
330
4
100
AcDbSymbolTableRecord
100
AcDbDimStyleTableRecord
  2
EZDXF
 70
0
 40
1.0
 41
0.175
 42
0.125
 43
3.75
 44
0.375
 45
0.0
 46
0.0
 47
0.0
 48
0.0
 49
2.5
140
0.25
141
2.5
142
0.0
143
0.03937007874
144
100.0
145
0.0
146
0.5
147
0.1
148
0.0
 69
0
 70
0
 71
0
 72
0
 73
0
 74
0
 75
0
 76
0
 77
1
 78
12
 79
3
170
0
171
3
172
1
173
0
174
0
175
0
176
0
177
0
178
0
179
2
271
2
272
2
273
2
274
3
275
0
276
0
277
2
278
46
279
2
280
0
281
0
282
0
283
0
284
8
285
0
286
0
288
1
289
3
290
0
340
4C
342
74
371
-2
372
-2
  0
DIMSTYLE
105
7C
330
4
100
AcDbSymbolTableRecord
100
AcDbDimStyleTableRecord
  2
EZ_M_100_H25_CM
 70
0
 40
1.0
 41
0.25
 42
0.125
 43
3.75
 44
0.375
 45
0.0
 46
0.0
 47
0.0
 48
0.0
 49
2.5
140
0.25
141
2.5
142
0.125
143
0.03937007874
144
100.0
145
0.0
146
0.5
147
0.1
148
0.0
 69
0
 70
0
 71
0
 72
0
 73
0
 74
0
 75
0
 76
0
 77
1
 78
12
 79
3
170
0
171
3
172
1
173
0
174
0
175
0
176
0
177
0
178
0
179
2
271
2
272
2
273
2
274
3
275
0
276
0
277
2
278
46
279
2
280
0
281
0
282
0
283
0
284
8
285
0
286
0
288
1
289
3
290
0
340
4C
371
-2
372
-2
  0
DIMSTYLE
105
7D
330
4
100
AcDbSymbolTableRecord
100
AcDbDimStyleTableRecord
  2
EZ_M_50_H25_CM
 70
0
 40
1.0
 41
0.125
 42
0.0625
 43
3.75
 44
0.1875
 45
0.0
 46
0.0
 47
0.0
 48
0.0
 49
2.5
140
0.125
141
2.5
142
0.0625
143
0.03937007874
144
100.0
145
0.0
146
0.5
147
0.05
148
0.0
 69
0
 70
0
 71
0
 72
0
 73
0
 74
0
 75
0
 76
0
 77
1
 78
12
 79
3
170
0
171
3
172
1
173
0
174
0
175
0
176
0
177
0
178
0
179
2
271
2
272
2
273
2
274
3
275
0
276
0
277
2
278
46
279
2
280
0
281
0
282
0
283
0
284
8
285
0
286
0
288
1
289
3
290
0
340
4C
371
-2
372
-2
  0
DIMSTYLE
105
7E
330
4
100
AcDbSymbolTableRecord
100
AcDbDimStyleTableRecord
  2
EZ_M_25_H25_CM
 70
0
 40
1.0
 41
0.0625
 42
0.03125
 43
3.75
 44
0.09375
 45
0.0
 46
0.0
 47
0.0
 48
0.0
 49
2.5
140
0.0625
141
2.5
142
0.03125
143
0.03937007874
144
100.0
145
0.0
146
0.5
147
0.025
148
0.0
 69
0
 70
0
 71
0
 72
0
 73
0
 74
0
 75
0
 76
0
 77
1
 78
12
 79
3
170
0
171
3
172
1
173
0
174
0
175
0
176
0
177
0
178
0
179
2
271
2
272
2
273
2
274
3
275
0
276
0
277
2
278
46
279
2
280
0
281
0
282
0
283
0
284
8
285
0
286
0
288
1
289
3
290
0
340
4C
371
-2
372
-2
  0
DIMSTYLE
105
7F
330
4
100
AcDbSymbolTableRecord
100
AcDbDimStyleTableRecord
  2
EZ_M_20_H25_CM
 70
0
 40
1.0
 41
0.05
 42
0.025
 43
3.75
 44
0.07500000000000001
 45
0.0
 46
0.0
 47
0.0
 48
0.0
 49
2.5
140
0.05
141
2.5
142
0.025
143
0.03937007874
144
100.0
145
0.0
146
0.5
147
0.020000000000000004
148
0.0
 69
0
 70
0
 71
0
 72
0
 73
0
 74
0
 75
0
 76
0
 77
1
 78
12
 79
3
170
0
171
3
172
1
173
0
174
0
175
0
176
0
177
0
178
0
179
2
271
2
272
2
273
2
274
3
275
0
276
0
277
2
278
46
279
2
280
0
281
0
282
0
283
0
284
8
285
0
286
0
288
1
289
3
290
0
340
4C
371
-2
372
-2
  0
DIMSTYLE
105
80
330
4
100
AcDbSymbolTableRecord
100
AcDbDimStyleTableRecord
  2
EZ_M_10_H25_CM
 70
0
 40
1.0
 41
0.025
 42
0.0125
 43
3.75
 44
0.037500000000000006
 45
0.0
 46
0.0
 47
0.0
 48
0.0
 49
2.5
140
0.025
141
2.5
142
0.0125
143
0.03937007874
144
100.0
145
0.0
146
0.5
147
0.010000000000000002
148
0.0
 69
0
 70
0
 71
0
 72
0
 73
0
 74
0
 75
0
 76
0
 77
1
 78
12
 79
3
170
0
171
3
172
1
173
0
174
0
175
0
176
0
177
0
178
0
179
2
271
2
272
2
273
2
274
3
275
0
276
0
277
2
278
46
279
2
280
0
281
0
282
0
283
0
284
8
285
0
286
0
288
1
289
3
290
0
340
4C
371
-2
372
-2
  0
DIMSTYLE
105
81
330
4
100
AcDbSymbolTableRecord
100
AcDbDimStyleTableRecord
  2
EZ_M_5_H25_CM
 70
0
 40
1.0
 41
0.0125
 42
0.00625
 43
3.75
 44
0.018750000000000003
 45
0.0
 46
0.0
 47
0.0
 48
0.0
 49
2.5
140
0.0125
141
2.5
142
0.00625
143
0.03937007874
144
100.0
145
0.0
146
0.5
147
0.005000000000000001
148
0.0
 69
0
 70
0
 71
0
 72
0
 73
0
 74
0
 75
0
 76
0
 77
1
 78
12
 79
3
170
0
171
3
172
1
173
0
174
0
175
0
176
0
177
0
178
0
179
2
271
2
272
2
273
2
274
3
275
0
276
0
277
2
278
46
279
2
280
0
281
0
282
0
283
0
284
8
285
0
286
0
288
1
289
3
290
0
340
4C
371
-2
372
-2
  0
DIMSTYLE
105
82
330
4
100
AcDbSymbolTableRecord
100
AcDbDimStyleTableRecord
  2
EZ_M_1_H25_CM
 70
0
 40
1.0
 41
0.0025
 42
0.00125
 43
3.75
 44
0.00375
 45
0.0
 46
0.0
 47
0.0
 48
0.0
 49
2.5
140
0.0025
141
2.5
142
0.00125
143
0.03937007874
144
100.0
145
0.0
146
0.5
147
0.001
148
0.0
 69
0
 70
0
 71
0
 72
0
 73
0
 74
0
 75
0
 76
0
 77
1
 78
12
 79
3
170
0
171
3
172
1
173
0
174
0
175
0
176
0
177
0
178
0
179
2
271
2
272
2
273
2
274
3
275
0
276
0
277
2
278
46
279
2
280
0
281
0
282
0
283
0
284
8
285
0
286
0
288
1
289
3
290
0
340
4C
371
-2
372
-2
  0
DIMSTYLE
105
83
330
4
100
AcDbSymbolTableRecord
100
AcDbDimStyleTableRecord
  2
EZ_RADIUS
 70
0
 40
1.0
 41
0.25
 42
0.125
 43
3.75
 44
0.375
 45
0.0
 46
0.0
 47
0.0
 48
0.0
 49
2.5
140
0.25
141
0.0
142
0.0
143
0.03937007874
144
100.0
145
0.0
146
0.5
147
0.1
148
0.0
 69
0
 70
0
 71
0
 72
0
 73
0
 74
0
 75
0
 76
0
 77
1
 78
12
 79
3
170
0
171
3
172
0
173
0
174
0
175
0
176
0
177
0
178
0
179
2
271
2
272
2
273
2
274
3
275
0
276
0
277
2
278
46
279
1
280
0
281
0
282
0
283
0
284
8
285
0
286
0
288
1
289
3
290
0
340
4C
342
84
371
-2
372
-2
  0
DIMSTYLE
105
88
330
4
100
AcDbSymbolTableRecord
100
AcDbDimStyleTableRecord
  2
EZ_RADIUS_INSIDE
 70
0
 40
1.0
 41
0.25
 42
0.125
 43
3.75
 44
0.375
 45
0.0
 46
0.0
 47
0.0
 48
0.0
 49
2.5
140
0.25
141
0.0
142
0.0
143
0.03937007874
144
100.0
145
0.0
146
0.5
147
0.1
148
0.0
 69
0
 70
0
 71
0
 72
0
 73
0
 74
0
 75
0
 76
0
 77
0
 78
12
 79
3
170
0
171
3
172
0
173
0
174
1
175
0
176
0
177
0
178
0
179
2
271
2
272
2
273
2
274
3
275
0
276
0
277
2
278
46
279
0
280
0
281
0
282
0
283
0
284
8
285
0
286
0
288
1
289
0
290
0
340
4C
342
84
371
-2
372
-2
  0
DIMSTYLE
105
89
330
4
100
AcDbSymbolTableRecord
100
AcDbDimStyleTableRecord
  2
EZ_CURVED
 70
0
 40
1.0
 41
0.25
 42
0.125
 43
3.75
 44
0.375
 45
0.0
 46
0.0
 47
0.0
 48
0.0
 49
2.5
140
0.25
141
2.5
142
0.0
143
0.03937007874
144
100.0
145
0.0
146
0.5
147
0.1
148
0.0
 69
0
 70
0
 71
0
 72
0
 73
0
 74
0
 75
0
 76
0
 77
1
 78
12
 79
2
 90
2
170
0
171
3
172
1
173
0
174
0
175
0
176
0
177
0
178
0
179
2
271
2
272
2
273
2
274
3
275
0
276
0
277
2
278
46
279
2
280
0
281
0
282
0
283
0
284
8
285
0
286
0
288
1
289
3
290
0
340
4C
371
-2
372
-2
  0
DIMSTYLE
105
B4
330
4
100
AcDbSymbolTableRecord
100
AcDbDimStyleTableRecord
  2
COTA-50
 70
0
 40
1.0
 41
0.06
 42
0.05
 43
3.75
 44
0.05
 45
0.0
 46
0.05
 47
0.0
 48
0.0
 49
2.5
140
0.11000000000000001
141
2.5
142
0.06
143
0.03937007874
144
1.0
145
0.0
146
1.0
147
0.04000000000000001
148
0.0
 69
0
 70
0
 71
0
 72
0
 73
0
 74
0
 75
0
 76
0
 77
1
 78
0
 79
3
170
0
171
3
172
1
173
0
174
0
175
0
176
7
177
7
178
7
179
2
271
2
272
2
273
2
274
3
275
0
276
0
277
2
278
46
279
0
280
0
281
0
282
0
283
0
284
8
285
0
286
0
288
0
289
3
290
0
340
8A
371
18
372
13
  0
DIMSTYLE
105
B5
330
4
100
AcDbSymbolTableRecord
100
AcDbDimStyleTableRecord
  2
COTA-100
 70
0
 40
1.0
 41
0.12
 42
0.1
 43
3.75
 44
0.1
 45
0.0
 46
0.1
 47
0.0
 48
0.0
 49
2.5
140
0.22000000000000003
141
2.5
142
0.12
143
0.03937007874
144
1.0
145
0.0
146
1.0
147
0.08000000000000002
148
0.0
 69
0
 70
0
 71
0
 72
0
 73
0
 74
0
 75
0
 76
0
 77
1
 78
0
 79
3
170
0
171
3
172
1
173
0
174
0
175
0
176
7
177
7
178
7
179
2
271
2
272
2
273
2
274
3
275
0
276
0
277
2
278
46
279
0
280
0
281
0
282
0
283
0
284
8
285
0
286
0
288
0
289
3
290
0
340
8A
371
18
372
13
  0
DIMSTYLE
105
B6
330
4
100
AcDbSymbolTableRecord
100
AcDbDimStyleTableRecord
  2
COTA-200
 70
0
 40
1.0
 41
0.24
 42
0.2
 43
3.75
 44
0.2
 45
0.0
 46
0.2
 47
0.0
 48
0.0
 49
2.5
140
0.44000000000000006
141
2.5
142
0.24
143
0.03937007874
144
1.0
145
0.0
146
1.0
147
0.16000000000000003
148
0.0
 69
0
 70
0
 71
0
 72
0
 73
0
 74
0
 75
0
 76
0
 77
1
 78
0
 79
3
170
0
171
3
172
1
173
0
174
0
175
0
176
7
177
7
178
7
179
2
271
2
272
2
273
2
274
3
275
0
276
0
277
2
278
46
279
0
280
0
281
0
282
0
283
0
284
8
285
0
286
0
288
0
289
3
290
0
340
8A
371
18
372
13
  0
DIMSTYLE
105
C1
330
4
100
AcDbSymbolTableRecord
100
AcDbDimStyleTableRecord
  2
COTA-75
 70
0
 40
1.0
 41
0.09
 42
0.075
 43
3.75
 44
0.075
 45
0.0
 46
0.075
 47
0.0
 48
0.0
 49
2.5
140
0.165
141
2.5
142
0.09
143
0.03937007874
144
1.0
145
0.0
146
1.0
147
0.06
148
0.0
 69
0
 70
0
 71
0
 72
0
 73
0
 74
0
 75
0
 76
0
 77
1
 78
0
 79
3
170
0
171
3
172
1
173
0
174
0
175
0
176
7
177
7
178
7
179
2
271
2
272
2
273
2
274
3
275
0
276
0
277
2
278
46
279
0
280
0
281
0
282
0
283
0
284
8
285
0
286
0
288
0
289
3
290
0
340
8A
371
18
372
13
  0
ENDTAB
  0
TABLE
  2
BLOCK_RECORD
  5
9
330
0
100
AcDbSymbolTable
 70
45
  0
BLOCK_RECORD
  5
17
330
9
100
AcDbSymbolTableRecord
100
AcDbBlockTableRecord
  2
*Model_Space
340
1A
 70
0
280
1
281
0
  0
BLOCK_RECORD
  5
74
330
9
100
AcDbSymbolTableRecord
100
AcDbBlockTableRecord
  2
_ARCHTICK
340
0
 70
0
280
1
281
0
  0
BLOCK_RECORD
  5
78
330
9
100
AcDbSymbolTableRecord
100
AcDbBlockTableRecord
  2
_CLOSEDFILLED
340
0
 70
0
280
1
281
0
  0
BLOCK_RECORD
  5
84
330
9
100
AcDbSymbolTableRecord
100
AcDbBlockTableRecord
  2
_CLOSEDBLANK
340
0
 70
0
280
1
281
0
  0
BLOCK_RECORD
  5
114
330
9
100
AcDbSymbolTableRecord
100
AcDbBlockTableRecord
  2
*D1
340
0
 70
0
280
1
281
0
  0
BLOCK_RECORD
  5
119
330
9
100
AcDbSymbolTableRecord
100
AcDbBlockTableRecord
  2
_OBLIQUE
340
0
 70
0
280
1
281
0
  0
BLOCK_RECORD
  5
127
330
9
100
AcDbSymbolTableRecord
100
AcDbBlockTableRecord
  2
*D2
340
0
 70
0
280
1
281
0
  0
BLOCK_RECORD
  5
136
330
9
100
AcDbSymbolTableRecord
100
AcDbBlockTableRecord
  2
*D3
340
0
 70
0
280
1
281
0
  0
BLOCK_RECORD
  5
145
330
9
100
AcDbSymbolTableRecord
100
AcDbBlockTableRecord
  2
*D4
340
0
 70
0
280
1
281
0
  0
BLOCK_RECORD
  5
154
330
9
100
AcDbSymbolTableRecord
100
AcDbBlockTableRecord
  2
*D5
340
0
 70
0
280
1
281
0
  0
BLOCK_RECORD
  5
163
330
9
100
AcDbSymbolTableRecord
100
AcDbBlockTableRecord
  2
*D6
340
0
 70
0
280
1
281
0
  0
BLOCK_RECORD
  5
172
330
9
100
AcDbSymbolTableRecord
100
AcDbBlockTableRecord
  2
*D7
340
0
 70
0
280
1
281
0
  0
BLOCK_RECORD
  5
181
330
9
100
AcDbSymbolTableRecord
100
AcDbBlockTableRecord
  2
*D8
340
0
 70
0
280
1
281
0
  0
BLOCK_RECORD
  5
190
330
9
100
AcDbSymbolTableRecord
100
AcDbBlockTableRecord
  2
*D9
340
0
 70
0
280
1
281
0
  0
BLOCK_RECORD
  5
19F
330
9
100
AcDbSymbolTableRecord
100
AcDbBlockTableRecord
  2
*D10
340
0
 70
0
280
1
281
0
  0
BLOCK_RECORD
  5
1AE
330
9
100
AcDbSymbolTableRecord
100
AcDbBlockTableRecord
  2
*D11
340
0
 70
0
280
1
281
0
  0
BLOCK_RECORD
  5
1BD
330
9
100
AcDbSymbolTableRecord
100
AcDbBlockTableRecord
  2
*D12
340
0
 70
0
280
1
281
0
  0
BLOCK_RECORD
  5
1CC
330
9
100
AcDbSymbolTableRecord
100
AcDbBlockTableRecord
  2
*D13
340
0
 70
0
280
1
281
0
  0
BLOCK_RECORD
  5
1DB
330
9
100
AcDbSymbolTableRecord
100
AcDbBlockTableRecord
  2
*D14
340
0
 70
0
280
1
281
0
  0
BLOCK_RECORD
  5
1EA
330
9
100
AcDbSymbolTableRecord
100
AcDbBlockTableRecord
  2
*D15
340
0
 70
0
280
1
281
0
  0
BLOCK_RECORD
  5
1F9
330
9
100
AcDbSymbolTableRecord
100
AcDbBlockTableRecord
  2
*D16
340
0
 70
0
280
1
281
0
  0
BLOCK_RECORD
  5
208
330
9
100
AcDbSymbolTableRecord
100
AcDbBlockTableRecord
  2
*D17
340
0
 70
0
280
1
281
0
  0
BLOCK_RECORD
  5
217
330
9
100
AcDbSymbolTableRecord
100
AcDbBlockTableRecord
  2
*D18
340
0
 70
0
280
1
281
0
  0
BLOCK_RECORD
  5
226
330
9
100
AcDbSymbolTableRecord
100
AcDbBlockTableRecord
  2
*D19
340
0
 70
0
280
1
281
0
  0
BLOCK_RECORD
  5
235
330
9
100
AcDbSymbolTableRecord
100
AcDbBlockTableRecord
  2
*D20
340
0
 70
0
280
1
281
0
  0
BLOCK_RECORD
  5
244
330
9
100
AcDbSymbolTableRecord
100
AcDbBlockTableRecord
  2
*D21
340
0
 70
0
280
1
281
0
  0
BLOCK_RECORD
  5
28D
330
9
100
AcDbSymbolTableRecord
100
AcDbBlockTableRecord
  2
*D22
340
0
 70
0
280
1
281
0
  0
BLOCK_RECORD
  5
29C
330
9
100
AcDbSymbolTableRecord
100
AcDbBlockTableRecord
  2
*D23
340
0
 70
0
280
1
281
0
  0
BLOCK_RECORD
  5
2AB
330
9
100
AcDbSymbolTableRecord
100
AcDbBlockTableRecord
  2
*D24
340
0
 70
0
280
1
281
0
  0
BLOCK_RECORD
  5
2BA
330
9
100
AcDbSymbolTableRecord
100
AcDbBlockTableRecord
  2
*D25
340
0
 70
0
280
1
281
0
  0
BLOCK_RECORD
  5
2C9
330
9
100
AcDbSymbolTableRecord
100
AcDbBlockTableRecord
  2
*D26
340
0
 70
0
280
1
281
0
  0
BLOCK_RECORD
  5
2D8
330
9
100
AcDbSymbolTableRecord
100
AcDbBlockTableRecord
  2
*D27
340
0
 70
0
280
1
281
0
  0
BLOCK_RECORD
  5
2E7
330
9
100
AcDbSymbolTableRecord
100
AcDbBlockTableRecord
  2
*D28
340
0
 70
0
280
1
281
0
  0
BLOCK_RECORD
  5
2F6
330
9
100
AcDbSymbolTableRecord
100
AcDbBlockTableRecord
  2
*D29
340
0
 70
0
280
1
281
0
  0
BLOCK_RECORD
  5
305
330
9
100
AcDbSymbolTableRecord
100
AcDbBlockTableRecord
  2
*D30
340
0
 70
0
280
1
281
0
  0
BLOCK_RECORD
  5
314
330
9
100
AcDbSymbolTableRecord
100
AcDbBlockTableRecord
  2
*D31
340
0
 70
0
280
1
281
0
  0
BLOCK_RECORD
  5
346
330
9
100
AcDbSymbolTableRecord
100
AcDbBlockTableRecord
  2
*D32
340
0
 70
0
280
1
281
0
  0
BLOCK_RECORD
  5
355
330
9
100
AcDbSymbolTableRecord
100
AcDbBlockTableRecord
  2
*D33
340
0
 70
0
280
1
281
0
  0
BLOCK_RECORD
  5
364
330
9
100
AcDbSymbolTableRecord
100
AcDbBlockTableRecord
  2
*D34
340
0
 70
0
280
1
281
0
  0
BLOCK_RECORD
  5
39C
330
9
100
AcDbSymbolTableRecord
100
AcDbBlockTableRecord
  2
*D35
340
0
 70
0
280
1
281
0
  0
BLOCK_RECORD
  5
3AB
330
9
100
AcDbSymbolTableRecord
100
AcDbBlockTableRecord
  2
*D36
340
0
 70
0
280
1
281
0
  0
BLOCK_RECORD
  5
3BA
330
9
100
AcDbSymbolTableRecord
100
AcDbBlockTableRecord
  2
*D37
340
0
 70
0
280
1
281
0
  0
BLOCK_RECORD
  5
3DA
330
9
100
AcDbSymbolTableRecord
100
AcDbBlockTableRecord
  2
*Paper_Space
340
3DD
 70
0
280
1
281
0
  0
BLOCK_RECORD
  5
1B
330
9
100
AcDbSymbolTableRecord
100
AcDbBlockTableRecord
  2
*Paper_Space0
340
1E
 70
0
280
1
281
0
  0
BLOCK_RECORD
  5
439
330
9
100
AcDbSymbolTableRecord
100
AcDbBlockTableRecord
  2
CAJETIN_A1
340
0
 70
0
280
1
281
0
  0
ENDTAB
  0
ENDSEC
  0
SECTION
  2
BLOCKS
  0
BLOCK
  5
18
330
17
100
AcDbEntity
  8
0
100
AcDbBlockBegin
  2
*Model_Space
 70
0
 10
0.0
 20
0.0
 30
0.0
  3
*Model_Space
  1

  0
ENDBLK
  5
19
330
17
100
AcDbEntity
  8
0
100
AcDbBlockEnd
  0
BLOCK
  5
75
330
74
100
AcDbEntity
  8
0
100
AcDbBlockBegin
  2
_ARCHTICK
 70
0
 10
0.0
 20
0.0
 30
0.0
  3
_ARCHTICK
  1

  0
LWPOLYLINE
  5
77
330
74
100
AcDbEntity
  8
0
  6
BYBLOCK
 62
0
100
AcDbPolyline
 90
2
 70
0
 43
0.15
 10
-0.5
 20
-0.5
 10
0.5
 20
0.5
  0
ENDBLK
  5
76
330
74
100
AcDbEntity
  8
0
100
AcDbBlockEnd
  0
BLOCK
  5
79
330
78
100
AcDbEntity
  8
0
100
AcDbBlockBegin
  2
_CLOSEDFILLED
 70
0
 10
0.0
 20
0.0
 30
0.0
  3
_CLOSEDFILLED
  1

  0
SOLID
  5
7B
330
78
100
AcDbEntity
  8
0
  6
BYBLOCK
 62
0
100
AcDbTrace
 10
-1.0
 20
0.16439898372402537
 30
0.0
 11
0.0
 21
0.0
 31
0.0
 12
-1.0
 22
-0.16439898372402537
 32
0.0
 13
-1.0
 23
-0.16439898372402537
 33
0.0
  0
ENDBLK
  5
7A
330
78
100
AcDbEntity
  8
0
100
AcDbBlockEnd
  0
BLOCK
  5
85
330
84
100
AcDbEntity
  8
0
100
AcDbBlockBegin
  2
_CLOSEDBLANK
 70
0
 10
0.0
 20
0.0
 30
0.0
  3
_CLOSEDBLANK
  1

  0
LWPOLYLINE
  5
87
330
84
100
AcDbEntity
  8
0
  6
BYBLOCK
 62
0
100
AcDbPolyline
 90
3
 70
1
 10
-1.0
 20
0.16439898372402537
 10
0.0
 20
0.0
 10
-1.0
 20
-0.16439898372402537
  0
ENDBLK
  5
86
330
84
100
AcDbEntity
  8
0
100
AcDbBlockEnd
  0
BLOCK
  5
115
330
114
100
AcDbEntity
  8
0
100
AcDbBlockBegin
  2
*D1
 70
1
 10
0.0
 20
0.0
 30
0.0
  3
*D1
  1

  0
LINE
  5
117
330
114
100
AcDbEntity
  8
0
 62
7
370
13
100
AcDbLine
 10
-0.05
 20
0.0
 30
0.0
 11
-0.75
 21
0.0
 31
0.0
  0
LINE
  5
118
330
114
100
AcDbEntity
  8
0
 62
7
370
13
100
AcDbLine
 10
-0.05
 20
2.4
 30
0.0
 11
-0.75
 21
2.4
 31
0.0
  0
INSERT
  5
11D
330
114
100
AcDbEntity
  8
F-COTA
 62
7
100
AcDbBlockReference
  2
_OBLIQUE
 10
-0.7
 20
0.0
 30
0.0
 41
0.12
 42
0.12
 50
90.0
  0
INSERT
  5
11F
330
114
100
AcDbEntity
  8
F-COTA
 62
7
100
AcDbBlockReference
  2
_OBLIQUE
 10
-0.7
 20
2.4
 30
0.0
 41
0.12
 42
0.12
 50
90.0
  0
LINE
  5
121
330
114
100
AcDbEntity
  8
0
 62
7
370
18
100
AcDbLine
 10
-0.7
 20
-0.05
 30
0.0
 11
-0.7
 21
2.4499999999999997
 31
0.0
  0
MTEXT
  5
122
330
114
100
AcDbEntity
  8
F-COTA
 62
7
100
AcDbMText
 10
-0.7949999999999999
 20
1.2
 30
0.0
 40
0.11000000000000001
 71
5
  1
2.40
  7
ARIAL
 50
90.0
  0
POINT
  5
123
330
114
100
AcDbEntity
  8
Defpoints
100
AcDbPoint
 10
-0.7
 20
0.0
 30
0.0
  0
POINT
  5
124
330
114
100
AcDbEntity
  8
Defpoints
100
AcDbPoint
 10
0.0
 20
0.0
 30
0.0
  0
POINT
  5
125
330
114
100
AcDbEntity
  8
Defpoints
100
AcDbPoint
 10
0.0
 20
2.4
 30
0.0
  0
ENDBLK
  5
116
330
114
100
AcDbEntity
  8
0
100
AcDbBlockEnd
  0
BLOCK
  5
11A
330
119
100
AcDbEntity
  8
0
100
AcDbBlockBegin
  2
_OBLIQUE
 70
0
 10
0.0
 20
0.0
 30
0.0
  3
_OBLIQUE
  1

  0
LINE
  5
11C
330
119
100
AcDbEntity
  8
0
  6
BYBLOCK
 62
0
100
AcDbLine
 10
-0.5
 20
-0.5
 30
0.0
 11
0.5
 21
0.5
 31
0.0
  0
ENDBLK
  5
11B
330
119
100
AcDbEntity
  8
0
100
AcDbBlockEnd
  0
BLOCK
  5
128
330
127
100
AcDbEntity
  8
0
100
AcDbBlockBegin
  2
*D2
 70
1
 10
0.0
 20
0.0
 30
0.0
  3
*D2
  1

  0
LINE
  5
12A
330
127
100
AcDbEntity
  8
0
 62
7
370
13
100
AcDbLine
 10
-0.05
 20
2.4
 30
0.0
 11
-0.75
 21
2.4
 31
0.0
  0
LINE
  5
12B
330
127
100
AcDbEntity
  8
0
 62
7
370
13
100
AcDbLine
 10
-0.05
 20
3.0
 30
0.0
 11
-0.75
 21
3.0
 31
0.0
  0
INSERT
  5
12C
330
127
100
AcDbEntity
  8
F-COTA
 62
7
100
AcDbBlockReference
  2
_OBLIQUE
 10
-0.7
 20
2.4
 30
0.0
 41
0.12
 42
0.12
 50
90.0
  0
INSERT
  5
12E
330
127
100
AcDbEntity
  8
F-COTA
 62
7
100
AcDbBlockReference
  2
_OBLIQUE
 10
-0.7
 20
3.0
 30
0.0
 41
0.12
 42
0.12
 50
90.0
  0
LINE
  5
130
330
127
100
AcDbEntity
  8
0
 62
7
370
18
100
AcDbLine
 10
-0.7
 20
2.35
 30
0.0
 11
-0.7
 21
3.05
 31
0.0
  0
MTEXT
  5
131
330
127
100
AcDbEntity
  8
F-COTA
 62
7
100
AcDbMText
 10
-0.7949999999999999
 20
2.7
 30
0.0
 40
0.11000000000000001
 71
5
  1
0.60
  7
ARIAL
 50
90.0
  0
POINT
  5
132
330
127
100
AcDbEntity
  8
Defpoints
100
AcDbPoint
 10
-0.7
 20
2.4
 30
0.0
  0
POINT
  5
133
330
127
100
AcDbEntity
  8
Defpoints
100
AcDbPoint
 10
0.0
 20
2.4
 30
0.0
  0
POINT
  5
134
330
127
100
AcDbEntity
  8
Defpoints
100
AcDbPoint
 10
0.0
 20
3.0
 30
0.0
  0
ENDBLK
  5
129
330
127
100
AcDbEntity
  8
0
100
AcDbBlockEnd
  0
BLOCK
  5
137
330
136
100
AcDbEntity
  8
0
100
AcDbBlockBegin
  2
*D3
 70
1
 10
0.0
 20
0.0
 30
0.0
  3
*D3
  1

  0
LINE
  5
139
330
136
100
AcDbEntity
  8
0
 62
7
370
13
100
AcDbLine
 10
-0.05
 20
3.0
 30
0.0
 11
-0.75
 21
3.0
 31
0.0
  0
LINE
  5
13A
330
136
100
AcDbEntity
  8
0
 62
7
370
13
100
AcDbLine
 10
-0.05
 20
5.2
 30
0.0
 11
-0.75
 21
5.2
 31
0.0
  0
INSERT
  5
13B
330
136
100
AcDbEntity
  8
F-COTA
 62
7
100
AcDbBlockReference
  2
_OBLIQUE
 10
-0.7
 20
3.0
 30
0.0
 41
0.12
 42
0.12
 50
90.0
  0
INSERT
  5
13D
330
136
100
AcDbEntity
  8
F-COTA
 62
7
100
AcDbBlockReference
  2
_OBLIQUE
 10
-0.7
 20
5.2
 30
0.0
 41
0.12
 42
0.12
 50
90.0
  0
LINE
  5
13F
330
136
100
AcDbEntity
  8
0
 62
7
370
18
100
AcDbLine
 10
-0.7
 20
2.95
 30
0.0
 11
-0.7
 21
5.25
 31
0.0
  0
MTEXT
  5
140
330
136
100
AcDbEntity
  8
F-COTA
 62
7
100
AcDbMText
 10
-0.7949999999999999
 20
4.1
 30
0.0
 40
0.11000000000000001
 71
5
  1
2.20
  7
ARIAL
 50
90.0
  0
POINT
  5
141
330
136
100
AcDbEntity
  8
Defpoints
100
AcDbPoint
 10
-0.7
 20
3.0
 30
0.0
  0
POINT
  5
142
330
136
100
AcDbEntity
  8
Defpoints
100
AcDbPoint
 10
0.0
 20
3.0
 30
0.0
  0
POINT
  5
143
330
136
100
AcDbEntity
  8
Defpoints
100
AcDbPoint
 10
0.0
 20
5.2
 30
0.0
  0
ENDBLK
  5
138
330
136
100
AcDbEntity
  8
0
100
AcDbBlockEnd
  0
BLOCK
  5
146
330
145
100
AcDbEntity
  8
0
100
AcDbBlockBegin
  2
*D4
 70
1
 10
0.0
 20
0.0
 30
0.0
  3
*D4
  1

  0
LINE
  5
148
330
145
100
AcDbEntity
  8
0
 62
7
370
13
100
AcDbLine
 10
-0.05
 20
5.2
 30
0.0
 11
-0.75
 21
5.2
 31
0.0
  0
LINE
  5
149
330
145
100
AcDbEntity
  8
0
 62
7
370
13
100
AcDbLine
 10
-0.05
 20
6.0
 30
0.0
 11
-0.75
 21
6.0
 31
0.0
  0
INSERT
  5
14A
330
145
100
AcDbEntity
  8
F-COTA
 62
7
100
AcDbBlockReference
  2
_OBLIQUE
 10
-0.7
 20
5.2
 30
0.0
 41
0.12
 42
0.12
 50
90.0
  0
INSERT
  5
14C
330
145
100
AcDbEntity
  8
F-COTA
 62
7
100
AcDbBlockReference
  2
_OBLIQUE
 10
-0.7
 20
6.0
 30
0.0
 41
0.12
 42
0.12
 50
90.0
  0
LINE
  5
14E
330
145
100
AcDbEntity
  8
0
 62
7
370
18
100
AcDbLine
 10
-0.7
 20
5.15
 30
0.0
 11
-0.7
 21
6.05
 31
0.0
  0
MTEXT
  5
14F
330
145
100
AcDbEntity
  8
F-COTA
 62
7
100
AcDbMText
 10
-0.7949999999999999
 20
5.6
 30
0.0
 40
0.11000000000000001
 71
5
  1
0.80
  7
ARIAL
 50
90.0
  0
POINT
  5
150
330
145
100
AcDbEntity
  8
Defpoints
100
AcDbPoint
 10
-0.7
 20
5.2
 30
0.0
  0
POINT
  5
151
330
145
100
AcDbEntity
  8
Defpoints
100
AcDbPoint
 10
0.0
 20
5.2
 30
0.0
  0
POINT
  5
152
330
145
100
AcDbEntity
  8
Defpoints
100
AcDbPoint
 10
0.0
 20
6.0
 30
0.0
  0
ENDBLK
  5
147
330
145
100
AcDbEntity
  8
0
100
AcDbBlockEnd
  0
BLOCK
  5
155
330
154
100
AcDbEntity
  8
0
100
AcDbBlockBegin
  2
*D5
 70
1
 10
0.0
 20
0.0
 30
0.0
  3
*D5
  1

  0
LINE
  5
157
330
154
100
AcDbEntity
  8
0
 62
7
370
13
100
AcDbLine
 10
-0.05
 20
6.0
 30
0.0
 11
-0.75
 21
6.0
 31
0.0
  0
LINE
  5
158
330
154
100
AcDbEntity
  8
0
 62
7
370
13
100
AcDbLine
 10
-0.05
 20
8.2
 30
0.0
 11
-0.75
 21
8.2
 31
0.0
  0
INSERT
  5
159
330
154
100
AcDbEntity
  8
F-COTA
 62
7
100
AcDbBlockReference
  2
_OBLIQUE
 10
-0.7
 20
6.0
 30
0.0
 41
0.12
 42
0.12
 50
90.0
  0
INSERT
  5
15B
330
154
100
AcDbEntity
  8
F-COTA
 62
7
100
AcDbBlockReference
  2
_OBLIQUE
 10
-0.7
 20
8.2
 30
0.0
 41
0.12
 42
0.12
 50
90.0
  0
LINE
  5
15D
330
154
100
AcDbEntity
  8
0
 62
7
370
18
100
AcDbLine
 10
-0.7
 20
5.95
 30
0.0
 11
-0.7
 21
8.25
 31
0.0
  0
MTEXT
  5
15E
330
154
100
AcDbEntity
  8
F-COTA
 62
7
100
AcDbMText
 10
-0.7949999999999999
 20
7.1
 30
0.0
 40
0.11000000000000001
 71
5
  1
2.20
  7
ARIAL
 50
90.0
  0
POINT
  5
15F
330
154
100
AcDbEntity
  8
Defpoints
100
AcDbPoint
 10
-0.7
 20
6.0
 30
0.0
  0
POINT
  5
160
330
154
100
AcDbEntity
  8
Defpoints
100
AcDbPoint
 10
0.0
 20
6.0
 30
0.0
  0
POINT
  5
161
330
154
100
AcDbEntity
  8
Defpoints
100
AcDbPoint
 10
0.0
 20
8.2
 30
0.0
  0
ENDBLK
  5
156
330
154
100
AcDbEntity
  8
0
100
AcDbBlockEnd
  0
BLOCK
  5
164
330
163
100
AcDbEntity
  8
0
100
AcDbBlockBegin
  2
*D6
 70
1
 10
0.0
 20
0.0
 30
0.0
  3
*D6
  1

  0
LINE
  5
166
330
163
100
AcDbEntity
  8
0
 62
7
370
13
100
AcDbLine
 10
-0.05
 20
8.2
 30
0.0
 11
-0.75
 21
8.2
 31
0.0
  0
LINE
  5
167
330
163
100
AcDbEntity
  8
0
 62
7
370
13
100
AcDbLine
 10
-0.05
 20
9.0
 30
0.0
 11
-0.75
 21
9.0
 31
0.0
  0
INSERT
  5
168
330
163
100
AcDbEntity
  8
F-COTA
 62
7
100
AcDbBlockReference
  2
_OBLIQUE
 10
-0.7
 20
8.2
 30
0.0
 41
0.12
 42
0.12
 50
90.0
  0
INSERT
  5
16A
330
163
100
AcDbEntity
  8
F-COTA
 62
7
100
AcDbBlockReference
  2
_OBLIQUE
 10
-0.7
 20
9.0
 30
0.0
 41
0.12
 42
0.12
 50
90.0
  0
LINE
  5
16C
330
163
100
AcDbEntity
  8
0
 62
7
370
18
100
AcDbLine
 10
-0.7
 20
8.149999999999999
 30
0.0
 11
-0.7
 21
9.05
 31
0.0
  0
MTEXT
  5
16D
330
163
100
AcDbEntity
  8
F-COTA
 62
7
100
AcDbMText
 10
-0.7949999999999999
 20
8.6
 30
0.0
 40
0.11000000000000001
 71
5
  1
0.80
  7
ARIAL
 50
90.0
  0
POINT
  5
16E
330
163
100
AcDbEntity
  8
Defpoints
100
AcDbPoint
 10
-0.7
 20
8.2
 30
0.0
  0
POINT
  5
16F
330
163
100
AcDbEntity
  8
Defpoints
100
AcDbPoint
 10
0.0
 20
8.2
 30
0.0
  0
POINT
  5
170
330
163
100
AcDbEntity
  8
Defpoints
100
AcDbPoint
 10
0.0
 20
9.0
 30
0.0
  0
ENDBLK
  5
165
330
163
100
AcDbEntity
  8
0
100
AcDbBlockEnd
  0
BLOCK
  5
173
330
172
100
AcDbEntity
  8
0
100
AcDbBlockBegin
  2
*D7
 70
1
 10
0.0
 20
0.0
 30
0.0
  3
*D7
  1

  0
LINE
  5
175
330
172
100
AcDbEntity
  8
0
 62
7
370
13
100
AcDbLine
 10
-0.05
 20
9.0
 30
0.0
 11
-0.75
 21
9.0
 31
0.0
  0
LINE
  5
176
330
172
100
AcDbEntity
  8
0
 62
7
370
13
100
AcDbLine
 10
-0.05
 20
9.6
 30
0.0
 11
-0.75
 21
9.6
 31
0.0
  0
INSERT
  5
177
330
172
100
AcDbEntity
  8
F-COTA
 62
7
100
AcDbBlockReference
  2
_OBLIQUE
 10
-0.7
 20
9.0
 30
0.0
 41
0.12
 42
0.12
 50
90.0
  0
INSERT
  5
179
330
172
100
AcDbEntity
  8
F-COTA
 62
7
100
AcDbBlockReference
  2
_OBLIQUE
 10
-0.7
 20
9.6
 30
0.0
 41
0.12
 42
0.12
 50
90.0
  0
LINE
  5
17B
330
172
100
AcDbEntity
  8
0
 62
7
370
18
100
AcDbLine
 10
-0.7
 20
8.95
 30
0.0
 11
-0.7
 21
9.65
 31
0.0
  0
MTEXT
  5
17C
330
172
100
AcDbEntity
  8
F-COTA
 62
7
100
AcDbMText
 10
-0.7949999999999999
 20
9.3
 30
0.0
 40
0.11000000000000001
 71
5
  1
0.60
  7
ARIAL
 50
90.0
  0
POINT
  5
17D
330
172
100
AcDbEntity
  8
Defpoints
100
AcDbPoint
 10
-0.7
 20
9.0
 30
0.0
  0
POINT
  5
17E
330
172
100
AcDbEntity
  8
Defpoints
100
AcDbPoint
 10
0.0
 20
9.0
 30
0.0
  0
POINT
  5
17F
330
172
100
AcDbEntity
  8
Defpoints
100
AcDbPoint
 10
0.0
 20
9.6
 30
0.0
  0
ENDBLK
  5
174
330
172
100
AcDbEntity
  8
0
100
AcDbBlockEnd
  0
BLOCK
  5
182
330
181
100
AcDbEntity
  8
0
100
AcDbBlockBegin
  2
*D8
 70
1
 10
0.0
 20
0.0
 30
0.0
  3
*D8
  1

  0
LINE
  5
184
330
181
100
AcDbEntity
  8
0
 62
7
370
13
100
AcDbLine
 10
-0.05
 20
0.0
 30
0.0
 11
-1.45
 21
0.0
 31
0.0
  0
LINE
  5
185
330
181
100
AcDbEntity
  8
0
 62
7
370
13
100
AcDbLine
 10
-0.05
 20
9.6
 30
0.0
 11
-1.45
 21
9.6
 31
0.0
  0
INSERT
  5
186
330
181
100
AcDbEntity
  8
F-COTA
 62
7
100
AcDbBlockReference
  2
_OBLIQUE
 10
-1.4
 20
0.0
 30
0.0
 41
0.12
 42
0.12
 50
90.0
  0
INSERT
  5
188
330
181
100
AcDbEntity
  8
F-COTA
 62
7
100
AcDbBlockReference
  2
_OBLIQUE
 10
-1.4
 20
9.6
 30
0.0
 41
0.12
 42
0.12
 50
90.0
  0
LINE
  5
18A
330
181
100
AcDbEntity
  8
0
 62
7
370
18
100
AcDbLine
 10
-1.4
 20
-0.05
 30
0.0
 11
-1.4
 21
9.65
 31
0.0
  0
MTEXT
  5
18B
330
181
100
AcDbEntity
  8
F-COTA
 62
7
100
AcDbMText
 10
-1.4949999999999999
 20
4.8
 30
0.0
 40
0.11000000000000001
 71
5
  1
9.60
  7
ARIAL
 50
90.0
  0
POINT
  5
18C
330
181
100
AcDbEntity
  8
Defpoints
100
AcDbPoint
 10
-1.4
 20
0.0
 30
0.0
  0
POINT
  5
18D
330
181
100
AcDbEntity
  8
Defpoints
100
AcDbPoint
 10
0.0
 20
0.0
 30
0.0
  0
POINT
  5
18E
330
181
100
AcDbEntity
  8
Defpoints
100
AcDbPoint
 10
0.0
 20
9.6
 30
0.0
  0
ENDBLK
  5
183
330
181
100
AcDbEntity
  8
0
100
AcDbBlockEnd
  0
BLOCK
  5
191
330
190
100
AcDbEntity
  8
0
100
AcDbBlockBegin
  2
*D9
 70
1
 10
0.0
 20
0.0
 30
0.0
  3
*D9
  1

  0
LINE
  5
193
330
190
100
AcDbEntity
  8
0
 62
7
370
13
100
AcDbLine
 10
3.061616997868383e-18
 20
10.200000000000001
 30
0.0
 11
3.061616997868383e-18
 21
10.200000000000001
 31
0.0
  0
LINE
  5
194
330
190
100
AcDbEntity
  8
0
 62
7
370
13
100
AcDbLine
 10
0.8000000000000007
 20
10.200000000000001
 30
0.0
 11
0.8000000000000007
 21
10.200000000000001
 31
0.0
  0
INSERT
  5
195
330
190
100
AcDbEntity
  8
F-COTA
 62
7
100
AcDbBlockReference
  2
_OBLIQUE
 10
0.0
 20
10.15
 30
0.0
 41
0.12
 42
0.12
  0
INSERT
  5
197
330
190
100
AcDbEntity
  8
F-COTA
 62
7
100
AcDbBlockReference
  2
_OBLIQUE
 10
0.8000000000000007
 20
10.15
 30
0.0
 41
0.12
 42
0.12
  0
LINE
  5
199
330
190
100
AcDbEntity
  8
0
 62
7
370
18
100
AcDbLine
 10
-0.05
 20
10.15
 30
0.0
 11
0.8500000000000008
 21
10.15
 31
0.0
  0
MTEXT
  5
19A
330
190
100
AcDbEntity
  8
F-COTA
 62
7
100
AcDbMText
 10
0.40000000000000036
 20
10.245000000000001
 30
0.0
 40
0.11000000000000001
 71
5
  1
0.80
  7
ARIAL
  0
POINT
  5
19B
330
190
100
AcDbEntity
  8
Defpoints
100
AcDbPoint
 10
0.0
 20
10.15
 30
0.0
  0
POINT
  5
19C
330
190
100
AcDbEntity
  8
Defpoints
100
AcDbPoint
 10
0.0
 20
10.15
 30
0.0
  0
POINT
  5
19D
330
190
100
AcDbEntity
  8
Defpoints
100
AcDbPoint
 10
0.8000000000000007
 20
10.15
 30
0.0
  0
ENDBLK
  5
192
330
190
100
AcDbEntity
  8
0
100
AcDbBlockEnd
  0
BLOCK
  5
1A0
330
19F
100
AcDbEntity
  8
0
100
AcDbBlockBegin
  2
*D10
 70
1
 10
0.0
 20
0.0
 30
0.0
  3
*D10
  1

  0
LINE
  5
1A2
330
19F
100
AcDbEntity
  8
0
 62
7
370
13
100
AcDbLine
 10
0.8000000000000007
 20
10.200000000000001
 30
0.0
 11
0.8000000000000007
 21
10.200000000000001
 31
0.0
  0
LINE
  5
1A3
330
19F
100
AcDbEntity
  8
0
 62
7
370
13
100
AcDbLine
 10
2.5999999999999996
 20
10.200000000000001
 30
0.0
 11
2.5999999999999996
 21
10.200000000000001
 31
0.0
  0
INSERT
  5
1A4
330
19F
100
AcDbEntity
  8
F-COTA
 62
7
100
AcDbBlockReference
  2
_OBLIQUE
 10
0.8000000000000007
 20
10.15
 30
0.0
 41
0.12
 42
0.12
  0
INSERT
  5
1A6
330
19F
100
AcDbEntity
  8
F-COTA
 62
7
100
AcDbBlockReference
  2
_OBLIQUE
 10
2.5999999999999996
 20
10.15
 30
0.0
 41
0.12
 42
0.12
  0
LINE
  5
1A8
330
19F
100
AcDbEntity
  8
0
 62
7
370
18
100
AcDbLine
 10
0.7500000000000007
 20
10.15
 30
0.0
 11
2.6499999999999995
 21
10.15
 31
0.0
  0
MTEXT
  5
1A9
330
19F
100
AcDbEntity
  8
F-COTA
 62
7
100
AcDbMText
 10
1.7000000000000002
 20
10.245000000000001
 30
0.0
 40
0.11000000000000001
 71
5
  1
1.80
  7
ARIAL
  0
POINT
  5
1AA
330
19F
100
AcDbEntity
  8
Defpoints
100
AcDbPoint
 10
0.8000000000000007
 20
10.15
 30
0.0
  0
POINT
  5
1AB
330
19F
100
AcDbEntity
  8
Defpoints
100
AcDbPoint
 10
0.8000000000000007
 20
10.15
 30
0.0
  0
POINT
  5
1AC
330
19F
100
AcDbEntity
  8
Defpoints
100
AcDbPoint
 10
2.5999999999999996
 20
10.15
 30
0.0
  0
ENDBLK
  5
1A1
330
19F
100
AcDbEntity
  8
0
100
AcDbBlockEnd
  0
BLOCK
  5
1AF
330
1AE
100
AcDbEntity
  8
0
100
AcDbBlockBegin
  2
*D11
 70
1
 10
0.0
 20
0.0
 30
0.0
  3
*D11
  1

  0
LINE
  5
1B1
330
1AE
100
AcDbEntity
  8
0
 62
7
370
13
100
AcDbLine
 10
2.5999999999999996
 20
10.200000000000001
 30
0.0
 11
2.5999999999999996
 21
10.200000000000001
 31
0.0
  0
LINE
  5
1B2
330
1AE
100
AcDbEntity
  8
0
 62
7
370
13
100
AcDbLine
 10
4.05
 20
10.200000000000001
 30
0.0
 11
4.05
 21
10.200000000000001
 31
0.0
  0
INSERT
  5
1B3
330
1AE
100
AcDbEntity
  8
F-COTA
 62
7
100
AcDbBlockReference
  2
_OBLIQUE
 10
2.5999999999999996
 20
10.15
 30
0.0
 41
0.12
 42
0.12
  0
INSERT
  5
1B5
330
1AE
100
AcDbEntity
  8
F-COTA
 62
7
100
AcDbBlockReference
  2
_OBLIQUE
 10
4.05
 20
10.15
 30
0.0
 41
0.12
 42
0.12
  0
LINE
  5
1B7
330
1AE
100
AcDbEntity
  8
0
 62
7
370
18
100
AcDbLine
 10
2.55
 20
10.15
 30
0.0
 11
4.1
 21
10.15
 31
0.0
  0
MTEXT
  5
1B8
330
1AE
100
AcDbEntity
  8
F-COTA
 62
7
100
AcDbMText
 10
3.3249999999999997
 20
10.245000000000001
 30
0.0
 40
0.11000000000000001
 71
5
  1
1.45
  7
ARIAL
  0
POINT
  5
1B9
330
1AE
100
AcDbEntity
  8
Defpoints
100
AcDbPoint
 10
2.5999999999999996
 20
10.15
 30
0.0
  0
POINT
  5
1BA
330
1AE
100
AcDbEntity
  8
Defpoints
100
AcDbPoint
 10
2.5999999999999996
 20
10.15
 30
0.0
  0
POINT
  5
1BB
330
1AE
100
AcDbEntity
  8
Defpoints
100
AcDbPoint
 10
4.05
 20
10.15
 30
0.0
  0
ENDBLK
  5
1B0
330
1AE
100
AcDbEntity
  8
0
100
AcDbBlockEnd
  0
BLOCK
  5
1BE
330
1BD
100
AcDbEntity
  8
0
100
AcDbBlockBegin
  2
*D12
 70
1
 10
0.0
 20
0.0
 30
0.0
  3
*D12
  1

  0
LINE
  5
1C0
330
1BD
100
AcDbEntity
  8
0
 62
7
370
13
100
AcDbLine
 10
4.05
 20
10.200000000000001
 30
0.0
 11
4.05
 21
10.200000000000001
 31
0.0
  0
LINE
  5
1C1
330
1BD
100
AcDbEntity
  8
0
 62
7
370
13
100
AcDbLine
 10
5.05
 20
10.200000000000001
 30
0.0
 11
5.05
 21
10.200000000000001
 31
0.0
  0
INSERT
  5
1C2
330
1BD
100
AcDbEntity
  8
F-COTA
 62
7
100
AcDbBlockReference
  2
_OBLIQUE
 10
4.05
 20
10.15
 30
0.0
 41
0.12
 42
0.12
  0
INSERT
  5
1C4
330
1BD
100
AcDbEntity
  8
F-COTA
 62
7
100
AcDbBlockReference
  2
_OBLIQUE
 10
5.05
 20
10.15
 30
0.0
 41
0.12
 42
0.12
  0
LINE
  5
1C6
330
1BD
100
AcDbEntity
  8
0
 62
7
370
18
100
AcDbLine
 10
4.0
 20
10.15
 30
0.0
 11
5.1
 21
10.15
 31
0.0
  0
MTEXT
  5
1C7
330
1BD
100
AcDbEntity
  8
F-COTA
 62
7
100
AcDbMText
 10
4.55
 20
10.245000000000001
 30
0.0
 40
0.11000000000000001
 71
5
  1
1.00
  7
ARIAL
  0
POINT
  5
1C8
330
1BD
100
AcDbEntity
  8
Defpoints
100
AcDbPoint
 10
4.05
 20
10.15
 30
0.0
  0
POINT
  5
1C9
330
1BD
100
AcDbEntity
  8
Defpoints
100
AcDbPoint
 10
4.05
 20
10.15
 30
0.0
  0
POINT
  5
1CA
330
1BD
100
AcDbEntity
  8
Defpoints
100
AcDbPoint
 10
5.05
 20
10.15
 30
0.0
  0
ENDBLK
  5
1BF
330
1BD
100
AcDbEntity
  8
0
100
AcDbBlockEnd
  0
BLOCK
  5
1CD
330
1CC
100
AcDbEntity
  8
0
100
AcDbBlockBegin
  2
*D13
 70
1
 10
0.0
 20
0.0
 30
0.0
  3
*D13
  1

  0
LINE
  5
1CF
330
1CC
100
AcDbEntity
  8
0
 62
7
370
13
100
AcDbLine
 10
5.05
 20
10.200000000000001
 30
0.0
 11
5.05
 21
10.200000000000001
 31
0.0
  0
LINE
  5
1D0
330
1CC
100
AcDbEntity
  8
0
 62
7
370
13
100
AcDbLine
 10
6.1
 20
10.200000000000001
 30
0.0
 11
6.1
 21
10.200000000000001
 31
0.0
  0
INSERT
  5
1D1
330
1CC
100
AcDbEntity
  8
F-COTA
 62
7
100
AcDbBlockReference
  2
_OBLIQUE
 10
5.05
 20
10.15
 30
0.0
 41
0.12
 42
0.12
  0
INSERT
  5
1D3
330
1CC
100
AcDbEntity
  8
F-COTA
 62
7
100
AcDbBlockReference
  2
_OBLIQUE
 10
6.1
 20
10.15
 30
0.0
 41
0.12
 42
0.12
  0
LINE
  5
1D5
330
1CC
100
AcDbEntity
  8
0
 62
7
370
18
100
AcDbLine
 10
5.0
 20
10.15
 30
0.0
 11
6.1499999999999995
 21
10.15
 31
0.0
  0
MTEXT
  5
1D6
330
1CC
100
AcDbEntity
  8
F-COTA
 62
7
100
AcDbMText
 10
5.574999999999999
 20
10.245000000000001
 30
0.0
 40
0.11000000000000001
 71
5
  1
1.05
  7
ARIAL
  0
POINT
  5
1D7
330
1CC
100
AcDbEntity
  8
Defpoints
100
AcDbPoint
 10
5.05
 20
10.15
 30
0.0
  0
POINT
  5
1D8
330
1CC
100
AcDbEntity
  8
Defpoints
100
AcDbPoint
 10
5.05
 20
10.15
 30
0.0
  0
POINT
  5
1D9
330
1CC
100
AcDbEntity
  8
Defpoints
100
AcDbPoint
 10
6.1
 20
10.15
 30
0.0
  0
ENDBLK
  5
1CE
330
1CC
100
AcDbEntity
  8
0
100
AcDbBlockEnd
  0
BLOCK
  5
1DC
330
1DB
100
AcDbEntity
  8
0
100
AcDbBlockBegin
  2
*D14
 70
1
 10
0.0
 20
0.0
 30
0.0
  3
*D14
  1

  0
LINE
  5
1DE
330
1DB
100
AcDbEntity
  8
0
 62
7
370
13
100
AcDbLine
 10
6.1
 20
10.200000000000001
 30
0.0
 11
6.1
 21
10.200000000000001
 31
0.0
  0
LINE
  5
1DF
330
1DB
100
AcDbEntity
  8
0
 62
7
370
13
100
AcDbLine
 10
8.3
 20
10.200000000000001
 30
0.0
 11
8.3
 21
10.200000000000001
 31
0.0
  0
INSERT
  5
1E0
330
1DB
100
AcDbEntity
  8
F-COTA
 62
7
100
AcDbBlockReference
  2
_OBLIQUE
 10
6.1
 20
10.15
 30
0.0
 41
0.12
 42
0.12
  0
INSERT
  5
1E2
330
1DB
100
AcDbEntity
  8
F-COTA
 62
7
100
AcDbBlockReference
  2
_OBLIQUE
 10
8.3
 20
10.15
 30
0.0
 41
0.12
 42
0.12
  0
LINE
  5
1E4
330
1DB
100
AcDbEntity
  8
0
 62
7
370
18
100
AcDbLine
 10
6.05
 20
10.15
 30
0.0
 11
8.350000000000001
 21
10.15
 31
0.0
  0
MTEXT
  5
1E5
330
1DB
100
AcDbEntity
  8
F-COTA
 62
7
100
AcDbMText
 10
7.2
 20
10.245000000000001
 30
0.0
 40
0.11000000000000001
 71
5
  1
2.20
  7
ARIAL
  0
POINT
  5
1E6
330
1DB
100
AcDbEntity
  8
Defpoints
100
AcDbPoint
 10
6.1
 20
10.15
 30
0.0
  0
POINT
  5
1E7
330
1DB
100
AcDbEntity
  8
Defpoints
100
AcDbPoint
 10
6.1
 20
10.15
 30
0.0
  0
POINT
  5
1E8
330
1DB
100
AcDbEntity
  8
Defpoints
100
AcDbPoint
 10
8.3
 20
10.15
 30
0.0
  0
ENDBLK
  5
1DD
330
1DB
100
AcDbEntity
  8
0
100
AcDbBlockEnd
  0
BLOCK
  5
1EB
330
1EA
100
AcDbEntity
  8
0
100
AcDbBlockBegin
  2
*D15
 70
1
 10
0.0
 20
0.0
 30
0.0
  3
*D15
  1

  0
LINE
  5
1ED
330
1EA
100
AcDbEntity
  8
0
 62
7
370
13
100
AcDbLine
 10
8.3
 20
10.200000000000001
 30
0.0
 11
8.3
 21
10.200000000000001
 31
0.0
  0
LINE
  5
1EE
330
1EA
100
AcDbEntity
  8
0
 62
7
370
13
100
AcDbLine
 10
9.0
 20
10.200000000000001
 30
0.0
 11
9.0
 21
10.200000000000001
 31
0.0
  0
INSERT
  5
1EF
330
1EA
100
AcDbEntity
  8
F-COTA
 62
7
100
AcDbBlockReference
  2
_OBLIQUE
 10
8.3
 20
10.15
 30
0.0
 41
0.12
 42
0.12
  0
INSERT
  5
1F1
330
1EA
100
AcDbEntity
  8
F-COTA
 62
7
100
AcDbBlockReference
  2
_OBLIQUE
 10
9.0
 20
10.15
 30
0.0
 41
0.12
 42
0.12
  0
LINE
  5
1F3
330
1EA
100
AcDbEntity
  8
0
 62
7
370
18
100
AcDbLine
 10
8.25
 20
10.15
 30
0.0
 11
9.05
 21
10.15
 31
0.0
  0
MTEXT
  5
1F4
330
1EA
100
AcDbEntity
  8
F-COTA
 62
7
100
AcDbMText
 10
8.65
 20
10.245000000000001
 30
0.0
 40
0.11000000000000001
 71
5
  1
0.70
  7
ARIAL
  0
POINT
  5
1F5
330
1EA
100
AcDbEntity
  8
Defpoints
100
AcDbPoint
 10
8.3
 20
10.15
 30
0.0
  0
POINT
  5
1F6
330
1EA
100
AcDbEntity
  8
Defpoints
100
AcDbPoint
 10
8.3
 20
10.15
 30
0.0
  0
POINT
  5
1F7
330
1EA
100
AcDbEntity
  8
Defpoints
100
AcDbPoint
 10
9.0
 20
10.15
 30
0.0
  0
ENDBLK
  5
1EC
330
1EA
100
AcDbEntity
  8
0
100
AcDbBlockEnd
  0
BLOCK
  5
1FA
330
1F9
100
AcDbEntity
  8
0
100
AcDbBlockBegin
  2
*D16
 70
1
 10
0.0
 20
0.0
 30
0.0
  3
*D16
  1

  0
LINE
  5
1FC
330
1F9
100
AcDbEntity
  8
0
 62
7
370
13
100
AcDbLine
 10
3.061616997868383e-18
 20
10.8
 30
0.0
 11
3.061616997868383e-18
 21
10.8
 31
0.0
  0
LINE
  5
1FD
330
1F9
100
AcDbEntity
  8
0
 62
7
370
13
100
AcDbLine
 10
9.0
 20
10.8
 30
0.0
 11
9.0
 21
10.8
 31
0.0
  0
INSERT
  5
1FE
330
1F9
100
AcDbEntity
  8
F-COTA
 62
7
100
AcDbBlockReference
  2
_OBLIQUE
 10
0.0
 20
10.75
 30
0.0
 41
0.12
 42
0.12
  0
INSERT
  5
200
330
1F9
100
AcDbEntity
  8
F-COTA
 62
7
100
AcDbBlockReference
  2
_OBLIQUE
 10
9.0
 20
10.75
 30
0.0
 41
0.12
 42
0.12
  0
LINE
  5
202
330
1F9
100
AcDbEntity
  8
0
 62
7
370
18
100
AcDbLine
 10
-0.05
 20
10.75
 30
0.0
 11
9.05
 21
10.75
 31
0.0
  0
MTEXT
  5
203
330
1F9
100
AcDbEntity
  8
F-COTA
 62
7
100
AcDbMText
 10
4.5
 20
10.845
 30
0.0
 40
0.11000000000000001
 71
5
  1
9.00
  7
ARIAL
  0
POINT
  5
204
330
1F9
100
AcDbEntity
  8
Defpoints
100
AcDbPoint
 10
0.0
 20
10.75
 30
0.0
  0
POINT
  5
205
330
1F9
100
AcDbEntity
  8
Defpoints
100
AcDbPoint
 10
0.0
 20
10.75
 30
0.0
  0
POINT
  5
206
330
1F9
100
AcDbEntity
  8
Defpoints
100
AcDbPoint
 10
9.0
 20
10.75
 30
0.0
  0
ENDBLK
  5
1FB
330
1F9
100
AcDbEntity
  8
0
100
AcDbBlockEnd
  0
BLOCK
  5
209
330
208
100
AcDbEntity
  8
0
100
AcDbBlockBegin
  2
*D17
 70
1
 10
0.0
 20
0.0
 30
0.0
  3
*D17
  1

  0
LINE
  5
20B
330
208
100
AcDbEntity
  8
0
 62
7
370
13
100
AcDbLine
 10
3.061616997868383e-18
 20
-0.5
 30
0.0
 11
3.061616997868383e-18
 21
-0.5
 31
0.0
  0
LINE
  5
20C
330
208
100
AcDbEntity
  8
0
 62
7
370
13
100
AcDbLine
 10
0.15
 20
-0.5
 30
0.0
 11
0.15
 21
-0.5
 31
0.0
  0
INSERT
  5
20D
330
208
100
AcDbEntity
  8
F-COTA
 62
7
100
AcDbBlockReference
  2
_OBLIQUE
 10
0.0
 20
-0.55
 30
0.0
 41
0.12
 42
0.12
  0
INSERT
  5
20F
330
208
100
AcDbEntity
  8
F-COTA
 62
7
100
AcDbBlockReference
  2
_OBLIQUE
 10
0.15
 20
-0.55
 30
0.0
 41
0.12
 42
0.12
  0
LINE
  5
211
330
208
100
AcDbEntity
  8
0
 62
7
370
18
100
AcDbLine
 10
-0.05
 20
-0.55
 30
0.0
 11
0.2
 21
-0.55
 31
0.0
  0
MTEXT
  5
212
330
208
100
AcDbEntity
  8
F-COTA
 62
7
100
AcDbMText
 10
0.075
 20
-0.405
 30
0.0
 40
0.11000000000000001
 71
5
  1
0.15
  7
ARIAL
  0
POINT
  5
213
330
208
100
AcDbEntity
  8
Defpoints
100
AcDbPoint
 10
0.0
 20
-0.55
 30
0.0
  0
POINT
  5
214
330
208
100
AcDbEntity
  8
Defpoints
100
AcDbPoint
 10
0.0
 20
-0.55
 30
0.0
  0
POINT
  5
215
330
208
100
AcDbEntity
  8
Defpoints
100
AcDbPoint
 10
0.15
 20
-0.55
 30
0.0
  0
ENDBLK
  5
20A
330
208
100
AcDbEntity
  8
0
100
AcDbBlockEnd
  0
BLOCK
  5
218
330
217
100
AcDbEntity
  8
0
100
AcDbBlockBegin
  2
*D18
 70
1
 10
0.0
 20
0.0
 30
0.0
  3
*D18
  1

  0
LINE
  5
21A
330
217
100
AcDbEntity
  8
0
 62
7
370
13
100
AcDbLine
 10
0.15
 20
-0.5
 30
0.0
 11
0.15
 21
-0.5
 31
0.0
  0
LINE
  5
21B
330
217
100
AcDbEntity
  8
0
 62
7
370
13
100
AcDbLine
 10
7.44
 20
-0.5
 30
0.0
 11
7.44
 21
-0.5
 31
0.0
  0
INSERT
  5
21C
330
217
100
AcDbEntity
  8
F-COTA
 62
7
100
AcDbBlockReference
  2
_OBLIQUE
 10
0.15
 20
-0.55
 30
0.0
 41
0.12
 42
0.12
  0
INSERT
  5
21E
330
217
100
AcDbEntity
  8
F-COTA
 62
7
100
AcDbBlockReference
  2
_OBLIQUE
 10
7.44
 20
-0.55
 30
0.0
 41
0.12
 42
0.12
  0
LINE
  5
220
330
217
100
AcDbEntity
  8
0
 62
7
370
18
100
AcDbLine
 10
0.09999999999999999
 20
-0.55
 30
0.0
 11
7.49
 21
-0.55
 31
0.0
  0
MTEXT
  5
221
330
217
100
AcDbEntity
  8
F-COTA
 62
7
100
AcDbMText
 10
3.795
 20
-0.455
 30
0.0
 40
0.11000000000000001
 71
5
  1
7.29
  7
ARIAL
  0
POINT
  5
222
330
217
100
AcDbEntity
  8
Defpoints
100
AcDbPoint
 10
0.15
 20
-0.55
 30
0.0
  0
POINT
  5
223
330
217
100
AcDbEntity
  8
Defpoints
100
AcDbPoint
 10
0.15
 20
-0.55
 30
0.0
  0
POINT
  5
224
330
217
100
AcDbEntity
  8
Defpoints
100
AcDbPoint
 10
7.44
 20
-0.55
 30
0.0
  0
ENDBLK
  5
219
330
217
100
AcDbEntity
  8
0
100
AcDbBlockEnd
  0
BLOCK
  5
227
330
226
100
AcDbEntity
  8
0
100
AcDbBlockBegin
  2
*D19
 70
1
 10
0.0
 20
0.0
 30
0.0
  3
*D19
  1

  0
LINE
  5
229
330
226
100
AcDbEntity
  8
0
 62
7
370
13
100
AcDbLine
 10
7.44
 20
-0.5
 30
0.0
 11
7.44
 21
-0.5
 31
0.0
  0
LINE
  5
22A
330
226
100
AcDbEntity
  8
0
 62
7
370
13
100
AcDbLine
 10
7.74
 20
-0.5
 30
0.0
 11
7.74
 21
-0.5
 31
0.0
  0
INSERT
  5
22B
330
226
100
AcDbEntity
  8
F-COTA
 62
7
100
AcDbBlockReference
  2
_OBLIQUE
 10
7.44
 20
-0.55
 30
0.0
 41
0.12
 42
0.12
  0
INSERT
  5
22D
330
226
100
AcDbEntity
  8
F-COTA
 62
7
100
AcDbBlockReference
  2
_OBLIQUE
 10
7.74
 20
-0.55
 30
0.0
 41
0.12
 42
0.12
  0
LINE
  5
22F
330
226
100
AcDbEntity
  8
0
 62
7
370
18
100
AcDbLine
 10
7.390000000000001
 20
-0.55
 30
0.0
 11
7.79
 21
-0.55
 31
0.0
  0
MTEXT
  5
230
330
226
100
AcDbEntity
  8
F-COTA
 62
7
100
AcDbMText
 10
7.59
 20
-0.405
 30
0.0
 40
0.11000000000000001
 71
5
  1
0.30
  7
ARIAL
  0
POINT
  5
231
330
226
100
AcDbEntity
  8
Defpoints
100
AcDbPoint
 10
7.44
 20
-0.55
 30
0.0
  0
POINT
  5
232
330
226
100
AcDbEntity
  8
Defpoints
100
AcDbPoint
 10
7.44
 20
-0.55
 30
0.0
  0
POINT
  5
233
330
226
100
AcDbEntity
  8
Defpoints
100
AcDbPoint
 10
7.74
 20
-0.55
 30
0.0
  0
ENDBLK
  5
228
330
226
100
AcDbEntity
  8
0
100
AcDbBlockEnd
  0
BLOCK
  5
236
330
235
100
AcDbEntity
  8
0
100
AcDbBlockBegin
  2
*D20
 70
1
 10
0.0
 20
0.0
 30
0.0
  3
*D20
  1

  0
LINE
  5
238
330
235
100
AcDbEntity
  8
0
 62
7
370
13
100
AcDbLine
 10
7.74
 20
-0.5
 30
0.0
 11
7.74
 21
-0.5
 31
0.0
  0
LINE
  5
239
330
235
100
AcDbEntity
  8
0
 62
7
370
13
100
AcDbLine
 10
8.85
 20
-0.5
 30
0.0
 11
8.85
 21
-0.5
 31
0.0
  0
INSERT
  5
23A
330
235
100
AcDbEntity
  8
F-COTA
 62
7
100
AcDbBlockReference
  2
_OBLIQUE
 10
7.74
 20
-0.55
 30
0.0
 41
0.12
 42
0.12
  0
INSERT
  5
23C
330
235
100
AcDbEntity
  8
F-COTA
 62
7
100
AcDbBlockReference
  2
_OBLIQUE
 10
8.85
 20
-0.55
 30
0.0
 41
0.12
 42
0.12
  0
LINE
  5
23E
330
235
100
AcDbEntity
  8
0
 62
7
370
18
100
AcDbLine
 10
7.69
 20
-0.55
 30
0.0
 11
8.9
 21
-0.55
 31
0.0
  0
MTEXT
  5
23F
330
235
100
AcDbEntity
  8
F-COTA
 62
7
100
AcDbMText
 10
8.295
 20
-0.455
 30
0.0
 40
0.11000000000000001
 71
5
  1
1.11
  7
ARIAL
  0
POINT
  5
240
330
235
100
AcDbEntity
  8
Defpoints
100
AcDbPoint
 10
7.74
 20
-0.55
 30
0.0
  0
POINT
  5
241
330
235
100
AcDbEntity
  8
Defpoints
100
AcDbPoint
 10
7.74
 20
-0.55
 30
0.0
  0
POINT
  5
242
330
235
100
AcDbEntity
  8
Defpoints
100
AcDbPoint
 10
8.85
 20
-0.55
 30
0.0
  0
ENDBLK
  5
237
330
235
100
AcDbEntity
  8
0
100
AcDbBlockEnd
  0
BLOCK
  5
245
330
244
100
AcDbEntity
  8
0
100
AcDbBlockBegin
  2
*D21
 70
1
 10
0.0
 20
0.0
 30
0.0
  3
*D21
  1

  0
LINE
  5
247
330
244
100
AcDbEntity
  8
0
 62
7
370
13
100
AcDbLine
 10
8.85
 20
-0.5
 30
0.0
 11
8.85
 21
-0.5
 31
0.0
  0
LINE
  5
248
330
244
100
AcDbEntity
  8
0
 62
7
370
13
100
AcDbLine
 10
9.0
 20
-0.5
 30
0.0
 11
9.0
 21
-0.5
 31
0.0
  0
INSERT
  5
249
330
244
100
AcDbEntity
  8
F-COTA
 62
7
100
AcDbBlockReference
  2
_OBLIQUE
 10
8.85
 20
-0.55
 30
0.0
 41
0.12
 42
0.12
  0
INSERT
  5
24B
330
244
100
AcDbEntity
  8
F-COTA
 62
7
100
AcDbBlockReference
  2
_OBLIQUE
 10
9.0
 20
-0.55
 30
0.0
 41
0.12
 42
0.12
  0
LINE
  5
24D
330
244
100
AcDbEntity
  8
0
 62
7
370
18
100
AcDbLine
 10
8.799999999999999
 20
-0.55
 30
0.0
 11
9.05
 21
-0.55
 31
0.0
  0
MTEXT
  5
24E
330
244
100
AcDbEntity
  8
F-COTA
 62
7
100
AcDbMText
 10
8.925
 20
-0.405
 30
0.0
 40
0.11000000000000001
 71
5
  1
0.15
  7
ARIAL
  0
POINT
  5
24F
330
244
100
AcDbEntity
  8
Defpoints
100
AcDbPoint
 10
8.85
 20
-0.55
 30
0.0
  0
POINT
  5
250
330
244
100
AcDbEntity
  8
Defpoints
100
AcDbPoint
 10
8.85
 20
-0.55
 30
0.0
  0
POINT
  5
251
330
244
100
AcDbEntity
  8
Defpoints
100
AcDbPoint
 10
9.0
 20
-0.55
 30
0.0
  0
ENDBLK
  5
246
330
244
100
AcDbEntity
  8
0
100
AcDbBlockEnd
  0
BLOCK
  5
28E
330
28D
100
AcDbEntity
  8
0
100
AcDbBlockBegin
  2
*D22
 70
1
 10
0.0
 20
0.0
 30
0.0
  3
*D22
  1

  0
LINE
  5
290
330
28D
100
AcDbEntity
  8
0
 62
7
370
13
100
AcDbLine
 10
29.925
 20
0.0
 30
0.0
 11
29.225
 21
0.0
 31
0.0
  0
LINE
  5
291
330
28D
100
AcDbEntity
  8
0
 62
7
370
13
100
AcDbLine
 10
29.925
 20
2.6
 30
0.0
 11
29.225
 21
2.6
 31
0.0
  0
INSERT
  5
292
330
28D
100
AcDbEntity
  8
F-COTA
 62
7
100
AcDbBlockReference
  2
_OBLIQUE
 10
29.3
 20
0.0
 30
0.0
 41
0.18
 42
0.18
 50
90.0
  0
INSERT
  5
294
330
28D
100
AcDbEntity
  8
F-COTA
 62
7
100
AcDbBlockReference
  2
_OBLIQUE
 10
29.3
 20
2.6
 30
0.0
 41
0.18
 42
0.18
 50
90.0
  0
LINE
  5
296
330
28D
100
AcDbEntity
  8
0
 62
7
370
18
100
AcDbLine
 10
29.3
 20
-0.075
 30
0.0
 11
29.3
 21
2.6750000000000003
 31
0.0
  0
MTEXT
  5
297
330
28D
100
AcDbEntity
  8
F-COTA
 62
7
100
AcDbMText
 10
29.157500000000002
 20
1.3
 30
0.0
 40
0.165
 71
5
  1
2.60
  7
ARIAL
 50
90.0
  0
POINT
  5
298
330
28D
100
AcDbEntity
  8
Defpoints
100
AcDbPoint
 10
29.3
 20
0.0
 30
0.0
  0
POINT
  5
299
330
28D
100
AcDbEntity
  8
Defpoints
100
AcDbPoint
 10
30.0
 20
0.0
 30
0.0
  0
POINT
  5
29A
330
28D
100
AcDbEntity
  8
Defpoints
100
AcDbPoint
 10
30.0
 20
2.6
 30
0.0
  0
ENDBLK
  5
28F
330
28D
100
AcDbEntity
  8
0
100
AcDbBlockEnd
  0
BLOCK
  5
29D
330
29C
100
AcDbEntity
  8
0
100
AcDbBlockBegin
  2
*D23
 70
1
 10
0.0
 20
0.0
 30
0.0
  3
*D23
  1

  0
LINE
  5
29F
330
29C
100
AcDbEntity
  8
0
 62
7
370
13
100
AcDbLine
 10
29.925
 20
2.6
 30
0.0
 11
29.225
 21
2.6
 31
0.0
  0
LINE
  5
2A0
330
29C
100
AcDbEntity
  8
0
 62
7
370
13
100
AcDbLine
 10
29.925
 20
3.0
 30
0.0
 11
29.225
 21
3.0
 31
0.0
  0
INSERT
  5
2A1
330
29C
100
AcDbEntity
  8
F-COTA
 62
7
100
AcDbBlockReference
  2
_OBLIQUE
 10
29.3
 20
2.6
 30
0.0
 41
0.18
 42
0.18
 50
90.0
  0
INSERT
  5
2A3
330
29C
100
AcDbEntity
  8
F-COTA
 62
7
100
AcDbBlockReference
  2
_OBLIQUE
 10
29.3
 20
3.0
 30
0.0
 41
0.18
 42
0.18
 50
90.0
  0
LINE
  5
2A5
330
29C
100
AcDbEntity
  8
0
 62
7
370
18
100
AcDbLine
 10
29.3
 20
2.525
 30
0.0
 11
29.3
 21
3.075
 31
0.0
  0
MTEXT
  5
2A6
330
29C
100
AcDbEntity
  8
F-COTA
 62
7
100
AcDbMText
 10
29.0825
 20
2.8
 30
0.0
 40
0.165
 71
5
  1
0.40
  7
ARIAL
 50
90.0
  0
POINT
  5
2A7
330
29C
100
AcDbEntity
  8
Defpoints
100
AcDbPoint
 10
29.3
 20
2.6
 30
0.0
  0
POINT
  5
2A8
330
29C
100
AcDbEntity
  8
Defpoints
100
AcDbPoint
 10
30.0
 20
2.6
 30
0.0
  0
POINT
  5
2A9
330
29C
100
AcDbEntity
  8
Defpoints
100
AcDbPoint
 10
30.0
 20
3.0
 30
0.0
  0
ENDBLK
  5
29E
330
29C
100
AcDbEntity
  8
0
100
AcDbBlockEnd
  0
BLOCK
  5
2AC
330
2AB
100
AcDbEntity
  8
0
100
AcDbBlockBegin
  2
*D24
 70
1
 10
0.0
 20
0.0
 30
0.0
  3
*D24
  1

  0
LINE
  5
2AE
330
2AB
100
AcDbEntity
  8
0
 62
7
370
13
100
AcDbLine
 10
29.925
 20
3.0
 30
0.0
 11
29.225
 21
3.0
 31
0.0
  0
LINE
  5
2AF
330
2AB
100
AcDbEntity
  8
0
 62
7
370
13
100
AcDbLine
 10
29.925
 20
3.9
 30
0.0
 11
29.225
 21
3.9
 31
0.0
  0
INSERT
  5
2B0
330
2AB
100
AcDbEntity
  8
F-COTA
 62
7
100
AcDbBlockReference
  2
_OBLIQUE
 10
29.3
 20
3.0
 30
0.0
 41
0.18
 42
0.18
 50
90.0
  0
INSERT
  5
2B2
330
2AB
100
AcDbEntity
  8
F-COTA
 62
7
100
AcDbBlockReference
  2
_OBLIQUE
 10
29.3
 20
3.9
 30
0.0
 41
0.18
 42
0.18
 50
90.0
  0
LINE
  5
2B4
330
2AB
100
AcDbEntity
  8
0
 62
7
370
18
100
AcDbLine
 10
29.3
 20
2.925
 30
0.0
 11
29.3
 21
3.975
 31
0.0
  0
MTEXT
  5
2B5
330
2AB
100
AcDbEntity
  8
F-COTA
 62
7
100
AcDbMText
 10
29.157500000000002
 20
3.45
 30
0.0
 40
0.165
 71
5
  1
0.90
  7
ARIAL
 50
90.0
  0
POINT
  5
2B6
330
2AB
100
AcDbEntity
  8
Defpoints
100
AcDbPoint
 10
29.3
 20
3.0
 30
0.0
  0
POINT
  5
2B7
330
2AB
100
AcDbEntity
  8
Defpoints
100
AcDbPoint
 10
30.0
 20
3.0
 30
0.0
  0
POINT
  5
2B8
330
2AB
100
AcDbEntity
  8
Defpoints
100
AcDbPoint
 10
30.0
 20
3.9
 30
0.0
  0
ENDBLK
  5
2AD
330
2AB
100
AcDbEntity
  8
0
100
AcDbBlockEnd
  0
BLOCK
  5
2BB
330
2BA
100
AcDbEntity
  8
0
100
AcDbBlockBegin
  2
*D25
 70
1
 10
0.0
 20
0.0
 30
0.0
  3
*D25
  1

  0
LINE
  5
2BD
330
2BA
100
AcDbEntity
  8
0
 62
7
370
13
100
AcDbLine
 10
29.925
 20
3.9
 30
0.0
 11
29.225
 21
3.9
 31
0.0
  0
LINE
  5
2BE
330
2BA
100
AcDbEntity
  8
0
 62
7
370
13
100
AcDbLine
 10
29.925
 20
5.2
 30
0.0
 11
29.225
 21
5.2
 31
0.0
  0
INSERT
  5
2BF
330
2BA
100
AcDbEntity
  8
F-COTA
 62
7
100
AcDbBlockReference
  2
_OBLIQUE
 10
29.3
 20
3.9
 30
0.0
 41
0.18
 42
0.18
 50
90.0
  0
INSERT
  5
2C1
330
2BA
100
AcDbEntity
  8
F-COTA
 62
7
100
AcDbBlockReference
  2
_OBLIQUE
 10
29.3
 20
5.2
 30
0.0
 41
0.18
 42
0.18
 50
90.0
  0
LINE
  5
2C3
330
2BA
100
AcDbEntity
  8
0
 62
7
370
18
100
AcDbLine
 10
29.3
 20
3.8249999999999997
 30
0.0
 11
29.3
 21
5.275
 31
0.0
  0
MTEXT
  5
2C4
330
2BA
100
AcDbEntity
  8
F-COTA
 62
7
100
AcDbMText
 10
29.157500000000002
 20
4.55
 30
0.0
 40
0.165
 71
5
  1
1.30
  7
ARIAL
 50
90.0
  0
POINT
  5
2C5
330
2BA
100
AcDbEntity
  8
Defpoints
100
AcDbPoint
 10
29.3
 20
3.9
 30
0.0
  0
POINT
  5
2C6
330
2BA
100
AcDbEntity
  8
Defpoints
100
AcDbPoint
 10
30.0
 20
3.9
 30
0.0
  0
POINT
  5
2C7
330
2BA
100
AcDbEntity
  8
Defpoints
100
AcDbPoint
 10
30.0
 20
5.2
 30
0.0
  0
ENDBLK
  5
2BC
330
2BA
100
AcDbEntity
  8
0
100
AcDbBlockEnd
  0
BLOCK
  5
2CA
330
2C9
100
AcDbEntity
  8
0
100
AcDbBlockBegin
  2
*D26
 70
1
 10
0.0
 20
0.0
 30
0.0
  3
*D26
  1

  0
LINE
  5
2CC
330
2C9
100
AcDbEntity
  8
0
 62
7
370
13
100
AcDbLine
 10
29.925
 20
5.2
 30
0.0
 11
29.225
 21
5.2
 31
0.0
  0
LINE
  5
2CD
330
2C9
100
AcDbEntity
  8
0
 62
7
370
13
100
AcDbLine
 10
29.925
 20
6.0
 30
0.0
 11
29.225
 21
6.0
 31
0.0
  0
INSERT
  5
2CE
330
2C9
100
AcDbEntity
  8
F-COTA
 62
7
100
AcDbBlockReference
  2
_OBLIQUE
 10
29.3
 20
5.2
 30
0.0
 41
0.18
 42
0.18
 50
90.0
  0
INSERT
  5
2D0
330
2C9
100
AcDbEntity
  8
F-COTA
 62
7
100
AcDbBlockReference
  2
_OBLIQUE
 10
29.3
 20
6.0
 30
0.0
 41
0.18
 42
0.18
 50
90.0
  0
LINE
  5
2D2
330
2C9
100
AcDbEntity
  8
0
 62
7
370
18
100
AcDbLine
 10
29.3
 20
5.125
 30
0.0
 11
29.3
 21
6.075
 31
0.0
  0
MTEXT
  5
2D3
330
2C9
100
AcDbEntity
  8
F-COTA
 62
7
100
AcDbMText
 10
29.157500000000002
 20
5.6
 30
0.0
 40
0.165
 71
5
  1
0.80
  7
ARIAL
 50
90.0
  0
POINT
  5
2D4
330
2C9
100
AcDbEntity
  8
Defpoints
100
AcDbPoint
 10
29.3
 20
5.2
 30
0.0
  0
POINT
  5
2D5
330
2C9
100
AcDbEntity
  8
Defpoints
100
AcDbPoint
 10
30.0
 20
5.2
 30
0.0
  0
POINT
  5
2D6
330
2C9
100
AcDbEntity
  8
Defpoints
100
AcDbPoint
 10
30.0
 20
6.0
 30
0.0
  0
ENDBLK
  5
2CB
330
2C9
100
AcDbEntity
  8
0
100
AcDbBlockEnd
  0
BLOCK
  5
2D9
330
2D8
100
AcDbEntity
  8
0
100
AcDbBlockBegin
  2
*D27
 70
1
 10
0.0
 20
0.0
 30
0.0
  3
*D27
  1

  0
LINE
  5
2DB
330
2D8
100
AcDbEntity
  8
0
 62
7
370
13
100
AcDbLine
 10
29.925
 20
6.0
 30
0.0
 11
29.225
 21
6.0
 31
0.0
  0
LINE
  5
2DC
330
2D8
100
AcDbEntity
  8
0
 62
7
370
13
100
AcDbLine
 10
29.925
 20
6.9
 30
0.0
 11
29.225
 21
6.9
 31
0.0
  0
INSERT
  5
2DD
330
2D8
100
AcDbEntity
  8
F-COTA
 62
7
100
AcDbBlockReference
  2
_OBLIQUE
 10
29.3
 20
6.0
 30
0.0
 41
0.18
 42
0.18
 50
90.0
  0
INSERT
  5
2DF
330
2D8
100
AcDbEntity
  8
F-COTA
 62
7
100
AcDbBlockReference
  2
_OBLIQUE
 10
29.3
 20
6.9
 30
0.0
 41
0.18
 42
0.18
 50
90.0
  0
LINE
  5
2E1
330
2D8
100
AcDbEntity
  8
0
 62
7
370
18
100
AcDbLine
 10
29.3
 20
5.925
 30
0.0
 11
29.3
 21
6.9750000000000005
 31
0.0
  0
MTEXT
  5
2E2
330
2D8
100
AcDbEntity
  8
F-COTA
 62
7
100
AcDbMText
 10
29.157500000000002
 20
6.45
 30
0.0
 40
0.165
 71
5
  1
0.90
  7
ARIAL
 50
90.0
  0
POINT
  5
2E3
330
2D8
100
AcDbEntity
  8
Defpoints
100
AcDbPoint
 10
29.3
 20
6.0
 30
0.0
  0
POINT
  5
2E4
330
2D8
100
AcDbEntity
  8
Defpoints
100
AcDbPoint
 10
30.0
 20
6.0
 30
0.0
  0
POINT
  5
2E5
330
2D8
100
AcDbEntity
  8
Defpoints
100
AcDbPoint
 10
30.0
 20
6.9
 30
0.0
  0
ENDBLK
  5
2DA
330
2D8
100
AcDbEntity
  8
0
100
AcDbBlockEnd
  0
BLOCK
  5
2E8
330
2E7
100
AcDbEntity
  8
0
100
AcDbBlockBegin
  2
*D28
 70
1
 10
0.0
 20
0.0
 30
0.0
  3
*D28
  1

  0
LINE
  5
2EA
330
2E7
100
AcDbEntity
  8
0
 62
7
370
13
100
AcDbLine
 10
29.925
 20
6.9
 30
0.0
 11
29.225
 21
6.9
 31
0.0
  0
LINE
  5
2EB
330
2E7
100
AcDbEntity
  8
0
 62
7
370
13
100
AcDbLine
 10
29.925
 20
7.6
 30
0.0
 11
29.225
 21
7.6
 31
0.0
  0
INSERT
  5
2EC
330
2E7
100
AcDbEntity
  8
F-COTA
 62
7
100
AcDbBlockReference
  2
_OBLIQUE
 10
29.3
 20
6.9
 30
0.0
 41
0.18
 42
0.18
 50
90.0
  0
INSERT
  5
2EE
330
2E7
100
AcDbEntity
  8
F-COTA
 62
7
100
AcDbBlockReference
  2
_OBLIQUE
 10
29.3
 20
7.6
 30
0.0
 41
0.18
 42
0.18
 50
90.0
  0
LINE
  5
2F0
330
2E7
100
AcDbEntity
  8
0
 62
7
370
18
100
AcDbLine
 10
29.3
 20
6.825
 30
0.0
 11
29.3
 21
7.675
 31
0.0
  0
MTEXT
  5
2F1
330
2E7
100
AcDbEntity
  8
F-COTA
 62
7
100
AcDbMText
 10
29.157500000000002
 20
7.25
 30
0.0
 40
0.165
 71
5
  1
0.70
  7
ARIAL
 50
90.0
  0
POINT
  5
2F2
330
2E7
100
AcDbEntity
  8
Defpoints
100
AcDbPoint
 10
29.3
 20
6.9
 30
0.0
  0
POINT
  5
2F3
330
2E7
100
AcDbEntity
  8
Defpoints
100
AcDbPoint
 10
30.0
 20
6.9
 30
0.0
  0
POINT
  5
2F4
330
2E7
100
AcDbEntity
  8
Defpoints
100
AcDbPoint
 10
30.0
 20
7.6
 30
0.0
  0
ENDBLK
  5
2E9
330
2E7
100
AcDbEntity
  8
0
100
AcDbBlockEnd
  0
BLOCK
  5
2F7
330
2F6
100
AcDbEntity
  8
0
100
AcDbBlockBegin
  2
*D29
 70
1
 10
0.0
 20
0.0
 30
0.0
  3
*D29
  1

  0
LINE
  5
2F9
330
2F6
100
AcDbEntity
  8
0
 62
7
370
13
100
AcDbLine
 10
29.925
 20
7.6
 30
0.0
 11
29.225
 21
7.6
 31
0.0
  0
LINE
  5
2FA
330
2F6
100
AcDbEntity
  8
0
 62
7
370
13
100
AcDbLine
 10
29.925
 20
8.2
 30
0.0
 11
29.225
 21
8.2
 31
0.0
  0
INSERT
  5
2FB
330
2F6
100
AcDbEntity
  8
F-COTA
 62
7
100
AcDbBlockReference
  2
_OBLIQUE
 10
29.3
 20
7.6
 30
0.0
 41
0.18
 42
0.18
 50
90.0
  0
INSERT
  5
2FD
330
2F6
100
AcDbEntity
  8
F-COTA
 62
7
100
AcDbBlockReference
  2
_OBLIQUE
 10
29.3
 20
8.2
 30
0.0
 41
0.18
 42
0.18
 50
90.0
  0
LINE
  5
2FF
330
2F6
100
AcDbEntity
  8
0
 62
7
370
18
100
AcDbLine
 10
29.3
 20
7.5249999999999995
 30
0.0
 11
29.3
 21
8.274999999999999
 31
0.0
  0
MTEXT
  5
300
330
2F6
100
AcDbEntity
  8
F-COTA
 62
7
100
AcDbMText
 10
29.0825
 20
7.8999999999999995
 30
0.0
 40
0.165
 71
5
  1
0.60
  7
ARIAL
 50
90.0
  0
POINT
  5
301
330
2F6
100
AcDbEntity
  8
Defpoints
100
AcDbPoint
 10
29.3
 20
7.6
 30
0.0
  0
POINT
  5
302
330
2F6
100
AcDbEntity
  8
Defpoints
100
AcDbPoint
 10
30.0
 20
7.6
 30
0.0
  0
POINT
  5
303
330
2F6
100
AcDbEntity
  8
Defpoints
100
AcDbPoint
 10
30.0
 20
8.2
 30
0.0
  0
ENDBLK
  5
2F8
330
2F6
100
AcDbEntity
  8
0
100
AcDbBlockEnd
  0
BLOCK
  5
306
330
305
100
AcDbEntity
  8
0
100
AcDbBlockBegin
  2
*D30
 70
1
 10
0.0
 20
0.0
 30
0.0
  3
*D30
  1

  0
LINE
  5
308
330
305
100
AcDbEntity
  8
0
 62
7
370
13
100
AcDbLine
 10
29.925
 20
8.2
 30
0.0
 11
29.225
 21
8.2
 31
0.0
  0
LINE
  5
309
330
305
100
AcDbEntity
  8
0
 62
7
370
13
100
AcDbLine
 10
29.925
 20
9.0
 30
0.0
 11
29.225
 21
9.0
 31
0.0
  0
INSERT
  5
30A
330
305
100
AcDbEntity
  8
F-COTA
 62
7
100
AcDbBlockReference
  2
_OBLIQUE
 10
29.3
 20
8.2
 30
0.0
 41
0.18
 42
0.18
 50
90.0
  0
INSERT
  5
30C
330
305
100
AcDbEntity
  8
F-COTA
 62
7
100
AcDbBlockReference
  2
_OBLIQUE
 10
29.3
 20
9.0
 30
0.0
 41
0.18
 42
0.18
 50
90.0
  0
LINE
  5
30E
330
305
100
AcDbEntity
  8
0
 62
7
370
18
100
AcDbLine
 10
29.3
 20
8.125
 30
0.0
 11
29.3
 21
9.075
 31
0.0
  0
MTEXT
  5
30F
330
305
100
AcDbEntity
  8
F-COTA
 62
7
100
AcDbMText
 10
29.157500000000002
 20
8.6
 30
0.0
 40
0.165
 71
5
  1
0.80
  7
ARIAL
 50
90.0
  0
POINT
  5
310
330
305
100
AcDbEntity
  8
Defpoints
100
AcDbPoint
 10
29.3
 20
8.2
 30
0.0
  0
POINT
  5
311
330
305
100
AcDbEntity
  8
Defpoints
100
AcDbPoint
 10
30.0
 20
8.2
 30
0.0
  0
POINT
  5
312
330
305
100
AcDbEntity
  8
Defpoints
100
AcDbPoint
 10
30.0
 20
9.0
 30
0.0
  0
ENDBLK
  5
307
330
305
100
AcDbEntity
  8
0
100
AcDbBlockEnd
  0
BLOCK
  5
315
330
314
100
AcDbEntity
  8
0
100
AcDbBlockBegin
  2
*D31
 70
1
 10
0.0
 20
0.0
 30
0.0
  3
*D31
  1

  0
LINE
  5
317
330
314
100
AcDbEntity
  8
0
 62
7
370
13
100
AcDbLine
 10
29.925
 20
9.0
 30
0.0
 11
29.225
 21
9.0
 31
0.0
  0
LINE
  5
318
330
314
100
AcDbEntity
  8
0
 62
7
370
13
100
AcDbLine
 10
29.925
 20
9.6
 30
0.0
 11
29.225
 21
9.6
 31
0.0
  0
INSERT
  5
319
330
314
100
AcDbEntity
  8
F-COTA
 62
7
100
AcDbBlockReference
  2
_OBLIQUE
 10
29.3
 20
9.0
 30
0.0
 41
0.18
 42
0.18
 50
90.0
  0
INSERT
  5
31B
330
314
100
AcDbEntity
  8
F-COTA
 62
7
100
AcDbBlockReference
  2
_OBLIQUE
 10
29.3
 20
9.6
 30
0.0
 41
0.18
 42
0.18
 50
90.0
  0
LINE
  5
31D
330
314
100
AcDbEntity
  8
0
 62
7
370
18
100
AcDbLine
 10
29.3
 20
8.925
 30
0.0
 11
29.3
 21
9.674999999999999
 31
0.0
  0
MTEXT
  5
31E
330
314
100
AcDbEntity
  8
F-COTA
 62
7
100
AcDbMText
 10
29.0825
 20
9.3
 30
0.0
 40
0.165
 71
5
  1
0.60
  7
ARIAL
 50
90.0
  0
POINT
  5
31F
330
314
100
AcDbEntity
  8
Defpoints
100
AcDbPoint
 10
29.3
 20
9.0
 30
0.0
  0
POINT
  5
320
330
314
100
AcDbEntity
  8
Defpoints
100
AcDbPoint
 10
30.0
 20
9.0
 30
0.0
  0
POINT
  5
321
330
314
100
AcDbEntity
  8
Defpoints
100
AcDbPoint
 10
30.0
 20
9.6
 30
0.0
  0
ENDBLK
  5
316
330
314
100
AcDbEntity
  8
0
100
AcDbBlockEnd
  0
BLOCK
  5
347
330
346
100
AcDbEntity
  8
0
100
AcDbBlockBegin
  2
*D32
 70
1
 10
0.0
 20
0.0
 30
0.0
  3
*D32
  1

  0
LINE
  5
349
330
346
100
AcDbEntity
  8
0
 62
7
370
13
100
AcDbLine
 10
86.45197818459596
 20
10.5
 30
0.0
 11
86.45197818459596
 21
10.5
 31
0.0
  0
LINE
  5
34A
330
346
100
AcDbEntity
  8
0
 62
7
370
13
100
AcDbLine
 10
88.51197818459596
 20
10.5
 30
0.0
 11
88.51197818459596
 21
10.5
 31
0.0
  0
INSERT
  5
34B
330
346
100
AcDbEntity
  8
F-COTA
 62
7
100
AcDbBlockReference
  2
_OBLIQUE
 10
86.45197818459596
 20
10.4
 30
0.0
 41
0.24
 42
0.24
  0
INSERT
  5
34D
330
346
100
AcDbEntity
  8
F-COTA
 62
7
100
AcDbBlockReference
  2
_OBLIQUE
 10
88.51197818459596
 20
10.4
 30
0.0
 41
0.24
 42
0.24
  0
LINE
  5
34F
330
346
100
AcDbEntity
  8
0
 62
7
370
18
100
AcDbLine
 10
86.35197818459596
 20
10.4
 30
0.0
 11
88.61197818459596
 21
10.4
 31
0.0
  0
MTEXT
  5
350
330
346
100
AcDbEntity
  8
F-COTA
 62
7
100
AcDbMText
 10
87.48197818459596
 20
10.59
 30
0.0
 40
0.22000000000000003
 71
5
  1
2.06
  7
ARIAL
  0
POINT
  5
351
330
346
100
AcDbEntity
  8
Defpoints
100
AcDbPoint
 10
86.45197818459596
 20
10.4
 30
0.0
  0
POINT
  5
352
330
346
100
AcDbEntity
  8
Defpoints
100
AcDbPoint
 10
86.45197818459596
 20
10.4
 30
0.0
  0
POINT
  5
353
330
346
100
AcDbEntity
  8
Defpoints
100
AcDbPoint
 10
88.51197818459596
 20
10.4
 30
0.0
  0
ENDBLK
  5
348
330
346
100
AcDbEntity
  8
0
100
AcDbBlockEnd
  0
BLOCK
  5
356
330
355
100
AcDbEntity
  8
0
100
AcDbBlockBegin
  2
*D33
 70
1
 10
0.0
 20
0.0
 30
0.0
  3
*D33
  1

  0
LINE
  5
358
330
355
100
AcDbEntity
  8
0
 62
7
370
13
100
AcDbLine
 10
63.33197818459597
 20
10.5
 30
0.0
 11
63.33197818459597
 21
10.5
 31
0.0
  0
LINE
  5
359
330
355
100
AcDbEntity
  8
0
 62
7
370
13
100
AcDbLine
 10
86.45197818459596
 20
10.5
 30
0.0
 11
86.45197818459596
 21
10.5
 31
0.0
  0
INSERT
  5
35A
330
355
100
AcDbEntity
  8
F-COTA
 62
7
100
AcDbBlockReference
  2
_OBLIQUE
 10
63.33197818459597
 20
10.4
 30
0.0
 41
0.24
 42
0.24
  0
INSERT
  5
35C
330
355
100
AcDbEntity
  8
F-COTA
 62
7
100
AcDbBlockReference
  2
_OBLIQUE
 10
86.45197818459596
 20
10.4
 30
0.0
 41
0.24
 42
0.24
  0
LINE
  5
35E
330
355
100
AcDbEntity
  8
0
 62
7
370
18
100
AcDbLine
 10
63.23197818459597
 20
10.4
 30
0.0
 11
86.55197818459595
 21
10.4
 31
0.0
  0
MTEXT
  5
35F
330
355
100
AcDbEntity
  8
F-COTA
 62
7
100
AcDbMText
 10
74.89197818459596
 20
10.59
 30
0.0
 40
0.22000000000000003
 71
5
  1
23.12
  7
ARIAL
  0
POINT
  5
360
330
355
100
AcDbEntity
  8
Defpoints
100
AcDbPoint
 10
63.33197818459597
 20
10.4
 30
0.0
  0
POINT
  5
361
330
355
100
AcDbEntity
  8
Defpoints
100
AcDbPoint
 10
63.33197818459597
 20
10.4
 30
0.0
  0
POINT
  5
362
330
355
100
AcDbEntity
  8
Defpoints
100
AcDbPoint
 10
86.45197818459596
 20
10.4
 30
0.0
  0
ENDBLK
  5
357
330
355
100
AcDbEntity
  8
0
100
AcDbBlockEnd
  0
BLOCK
  5
365
330
364
100
AcDbEntity
  8
0
100
AcDbBlockBegin
  2
*D34
 70
1
 10
0.0
 20
0.0
 30
0.0
  3
*D34
  1

  0
LINE
  5
367
330
364
100
AcDbEntity
  8
0
 62
7
370
13
100
AcDbLine
 10
60.0
 20
10.5
 30
0.0
 11
60.0
 21
10.5
 31
0.0
  0
LINE
  5
368
330
364
100
AcDbEntity
  8
0
 62
7
370
13
100
AcDbLine
 10
63.33197818459597
 20
10.5
 30
0.0
 11
63.33197818459597
 21
10.5
 31
0.0
  0
INSERT
  5
369
330
364
100
AcDbEntity
  8
F-COTA
 62
7
100
AcDbBlockReference
  2
_OBLIQUE
 10
60.0
 20
10.4
 30
0.0
 41
0.24
 42
0.24
  0
INSERT
  5
36B
330
364
100
AcDbEntity
  8
F-COTA
 62
7
100
AcDbBlockReference
  2
_OBLIQUE
 10
63.33197818459597
 20
10.4
 30
0.0
 41
0.24
 42
0.24
  0
LINE
  5
36D
330
364
100
AcDbEntity
  8
0
 62
7
370
18
100
AcDbLine
 10
59.9
 20
10.4
 30
0.0
 11
63.43197818459597
 21
10.4
 31
0.0
  0
MTEXT
  5
36E
330
364
100
AcDbEntity
  8
F-COTA
 62
7
100
AcDbMText
 10
61.665989092297984
 20
10.59
 30
0.0
 40
0.22000000000000003
 71
5
  1
3.33
  7
ARIAL
  0
POINT
  5
36F
330
364
100
AcDbEntity
  8
Defpoints
100
AcDbPoint
 10
60.0
 20
10.4
 30
0.0
  0
POINT
  5
370
330
364
100
AcDbEntity
  8
Defpoints
100
AcDbPoint
 10
60.0
 20
10.4
 30
0.0
  0
POINT
  5
371
330
364
100
AcDbEntity
  8
Defpoints
100
AcDbPoint
 10
63.33197818459597
 20
10.4
 30
0.0
  0
ENDBLK
  5
366
330
364
100
AcDbEntity
  8
0
100
AcDbBlockEnd
  0
BLOCK
  5
39D
330
39C
100
AcDbEntity
  8
0
100
AcDbBlockBegin
  2
*D35
 70
1
 10
0.0
 20
0.0
 30
0.0
  3
*D35
  1

  0
LINE
  5
39F
330
39C
100
AcDbEntity
  8
0
 62
7
370
13
100
AcDbLine
 10
100.0
 20
10.5
 30
0.0
 11
100.0
 21
10.5
 31
0.0
  0
LINE
  5
3A0
330
39C
100
AcDbEntity
  8
0
 62
7
370
13
100
AcDbLine
 10
102.06
 20
10.5
 30
0.0
 11
102.06
 21
10.5
 31
0.0
  0
INSERT
  5
3A1
330
39C
100
AcDbEntity
  8
F-COTA
 62
7
100
AcDbBlockReference
  2
_OBLIQUE
 10
100.0
 20
10.4
 30
0.0
 41
0.24
 42
0.24
  0
INSERT
  5
3A3
330
39C
100
AcDbEntity
  8
F-COTA
 62
7
100
AcDbBlockReference
  2
_OBLIQUE
 10
102.06
 20
10.4
 30
0.0
 41
0.24
 42
0.24
  0
LINE
  5
3A5
330
39C
100
AcDbEntity
  8
0
 62
7
370
18
100
AcDbLine
 10
99.9
 20
10.4
 30
0.0
 11
102.16
 21
10.4
 31
0.0
  0
MTEXT
  5
3A6
330
39C
100
AcDbEntity
  8
F-COTA
 62
7
100
AcDbMText
 10
101.03
 20
10.59
 30
0.0
 40
0.22000000000000003
 71
5
  1
2.06
  7
ARIAL
  0
POINT
  5
3A7
330
39C
100
AcDbEntity
  8
Defpoints
100
AcDbPoint
 10
100.0
 20
10.4
 30
0.0
  0
POINT
  5
3A8
330
39C
100
AcDbEntity
  8
Defpoints
100
AcDbPoint
 10
100.0
 20
10.4
 30
0.0
  0
POINT
  5
3A9
330
39C
100
AcDbEntity
  8
Defpoints
100
AcDbPoint
 10
102.06
 20
10.4
 30
0.0
  0
ENDBLK
  5
39E
330
39C
100
AcDbEntity
  8
0
100
AcDbBlockEnd
  0
BLOCK
  5
3AC
330
3AB
100
AcDbEntity
  8
0
100
AcDbBlockBegin
  2
*D36
 70
1
 10
0.0
 20
0.0
 30
0.0
  3
*D36
  1

  0
LINE
  5
3AE
330
3AB
100
AcDbEntity
  8
0
 62
7
370
13
100
AcDbLine
 10
102.06
 20
10.5
 30
0.0
 11
102.06
 21
10.5
 31
0.0
  0
LINE
  5
3AF
330
3AB
100
AcDbEntity
  8
0
 62
7
370
13
100
AcDbLine
 10
125.18
 20
10.5
 30
0.0
 11
125.18
 21
10.5
 31
0.0
  0
INSERT
  5
3B0
330
3AB
100
AcDbEntity
  8
F-COTA
 62
7
100
AcDbBlockReference
  2
_OBLIQUE
 10
102.06
 20
10.4
 30
0.0
 41
0.24
 42
0.24
  0
INSERT
  5
3B2
330
3AB
100
AcDbEntity
  8
F-COTA
 62
7
100
AcDbBlockReference
  2
_OBLIQUE
 10
125.18
 20
10.4
 30
0.0
 41
0.24
 42
0.24
  0
LINE
  5
3B4
330
3AB
100
AcDbEntity
  8
0
 62
7
370
18
100
AcDbLine
 10
101.96000000000001
 20
10.4
 30
0.0
 11
125.28
 21
10.4
 31
0.0
  0
MTEXT
  5
3B5
330
3AB
100
AcDbEntity
  8
F-COTA
 62
7
100
AcDbMText
 10
113.62
 20
10.59
 30
0.0
 40
0.22000000000000003
 71
5
  1
23.12
  7
ARIAL
  0
POINT
  5
3B6
330
3AB
100
AcDbEntity
  8
Defpoints
100
AcDbPoint
 10
102.06
 20
10.4
 30
0.0
  0
POINT
  5
3B7
330
3AB
100
AcDbEntity
  8
Defpoints
100
AcDbPoint
 10
102.06
 20
10.4
 30
0.0
  0
POINT
  5
3B8
330
3AB
100
AcDbEntity
  8
Defpoints
100
AcDbPoint
 10
125.18
 20
10.4
 30
0.0
  0
ENDBLK
  5
3AD
330
3AB
100
AcDbEntity
  8
0
100
AcDbBlockEnd
  0
BLOCK
  5
3BB
330
3BA
100
AcDbEntity
  8
0
100
AcDbBlockBegin
  2
*D37
 70
1
 10
0.0
 20
0.0
 30
0.0
  3
*D37
  1

  0
LINE
  5
3BD
330
3BA
100
AcDbEntity
  8
0
 62
7
370
13
100
AcDbLine
 10
125.18
 20
10.5
 30
0.0
 11
125.18
 21
10.5
 31
0.0
  0
LINE
  5
3BE
330
3BA
100
AcDbEntity
  8
0
 62
7
370
13
100
AcDbLine
 10
128.51197818459596
 20
10.5
 30
0.0
 11
128.51197818459596
 21
10.5
 31
0.0
  0
INSERT
  5
3BF
330
3BA
100
AcDbEntity
  8
F-COTA
 62
7
100
AcDbBlockReference
  2
_OBLIQUE
 10
125.18
 20
10.4
 30
0.0
 41
0.24
 42
0.24
  0
INSERT
  5
3C1
330
3BA
100
AcDbEntity
  8
F-COTA
 62
7
100
AcDbBlockReference
  2
_OBLIQUE
 10
128.51197818459596
 20
10.4
 30
0.0
 41
0.24
 42
0.24
  0
LINE
  5
3C3
330
3BA
100
AcDbEntity
  8
0
 62
7
370
18
100
AcDbLine
 10
125.08000000000001
 20
10.4
 30
0.0
 11
128.61197818459596
 21
10.4
 31
0.0
  0
MTEXT
  5
3C4
330
3BA
100
AcDbEntity
  8
F-COTA
 62
7
100
AcDbMText
 10
126.84598909229798
 20
10.59
 30
0.0
 40
0.22000000000000003
 71
5
  1
3.33
  7
ARIAL
  0
POINT
  5
3C5
330
3BA
100
AcDbEntity
  8
Defpoints
100
AcDbPoint
 10
125.18
 20
10.4
 30
0.0
  0
POINT
  5
3C6
330
3BA
100
AcDbEntity
  8
Defpoints
100
AcDbPoint
 10
125.18
 20
10.4
 30
0.0
  0
POINT
  5
3C7
330
3BA
100
AcDbEntity
  8
Defpoints
100
AcDbPoint
 10
128.51197818459596
 20
10.4
 30
0.0
  0
ENDBLK
  5
3BC
330
3BA
100
AcDbEntity
  8
0
100
AcDbBlockEnd
  0
BLOCK
  5
3DB
330
3DA
100
AcDbEntity
  8
0
100
AcDbBlockBegin
  2
*Paper_Space
 70
0
 10
0.0
 20
0.0
 30
0.0
  3
*Paper_Space
  1

  0
ENDBLK
  5
3DC
330
3DA
100
AcDbEntity
  8
0
100
AcDbBlockEnd
  0
BLOCK
  5
1C
330
1B
100
AcDbEntity
  8
0
100
AcDbBlockBegin
  2
*Paper_Space0
 70
0
 10
0.0
 20
0.0
 30
0.0
  3
*Paper_Space0
  1

  0
ENDBLK
  5
1D
330
1B
100
AcDbEntity
  8
0
100
AcDbBlockEnd
  0
BLOCK
  5
43A
330
439
100
AcDbEntity
  8
0
100
AcDbBlockBegin
  2
CAJETIN_A1
 70
2
 10
0.0
 20
0.0
 30
0.0
  3
CAJETIN_A1
  1

  0
LWPOLYLINE
  5
43C
330
439
100
AcDbEntity
  8
0
100
AcDbPolyline
 90
4
 70
1
 10
0.0
 20
0.0
 10
120.0
 20
0.0
 10
120.0
 20
574.0
 10
0.0
 20
574.0
  0
TEXT
  5
43D
330
439
100
AcDbEntity
  8
0
100
AcDbText
 10
3.0
 20
571.0
 30
0.0
 40
2.0
  1
ESPACIO PARA SELLOS Y TIMBRES
  7
ARIAL
 11
3.0
 21
571.0
 31
0.0
100
AcDbText
 73
3
  0
LINE
  5
43E
330
439
100
AcDbEntity
  8
0
100
AcDbLine
 10
0.0
 20
255.6
 30
0.0
 11
120.0
 21
255.6
 31
0.0
  0
ATTDEF
  5
43F
330
439
100
AcDbEntity
  8
0
100
AcDbText
 10
60.0
 20
251.6
 30
0.0
 40
3.2
  1

  7
ARIAL
 72
1
 11
60.0
 21
251.6
 31
0.0
100
AcDbAttributeDefinition
  3

  2
EMPRESA
 70
0
 74
3
 71
1
 72
0
 11
60.0
 21
251.6
 31
0.0
  0
ATTDEF
  5
440
330
439
100
AcDbEntity
  8
0
100
AcDbText
 10
60.0
 20
245.6
 30
0.0
 40
2.5
  1

  7
ARIAL
 72
1
 11
60.0
 21
245.6
 31
0.0
100
AcDbAttributeDefinition
  3

  2
EMPRESA_CED
 70
0
 74
3
 71
1
 72
0
 11
60.0
 21
245.6
 31
0.0
  0
LINE
  5
441
330
439
100
AcDbEntity
  8
0
100
AcDbLine
 10
0.0
 20
237.6
 30
0.0
 11
120.0
 21
237.6
 31
0.0
  0
TEXT
  5
442
330
439
100
AcDbEntity
  8
0
100
AcDbText
 10
3.0
 20
235.1
 30
0.0
 40
2.2
  1
PROFESIONAL RESPONSABLE:
  7
ARIAL
 11
3.0
 21
235.1
 31
0.0
100
AcDbText
 73
3
  0
ATTDEF
  5
443
330
439
100
AcDbEntity
  8
0
100
AcDbText
 10
3.0
 20
230.1
 30
0.0
 40
2.6
  1

  7
ARIAL
 11
3.0
 21
230.1
 31
0.0
100
AcDbAttributeDefinition
  3

  2
PROF_1
 70
0
 74
3
 71
1
 72
0
 11
3.0
 21
230.1
 31
0.0
  0
ATTDEF
  5
444
330
439
100
AcDbEntity
  8
0
100
AcDbText
 10
3.0
 20
225.6
 30
0.0
 40
2.6
  1

  7
ARIAL
 11
3.0
 21
225.6
 31
0.0
100
AcDbAttributeDefinition
  3

  2
PROF_2
 70
0
 74
3
 71
1
 72
0
 11
3.0
 21
225.6
 31
0.0
  0
ATTDEF
  5
445
330
439
100
AcDbEntity
  8
0
100
AcDbText
 10
3.0
 20
221.1
 30
0.0
 40
2.6
  1

  7
ARIAL
 11
3.0
 21
221.1
 31
0.0
100
AcDbAttributeDefinition
  3

  2
PROF_3
 70
0
 74
3
 71
1
 72
0
 11
3.0
 21
221.1
 31
0.0
  0
LINE
  5
446
330
439
100
AcDbEntity
  8
0
100
AcDbLine
 10
0.0
 20
215.6
 30
0.0
 11
120.0
 21
215.6
 31
0.0
  0
TEXT
  5
447
330
439
100
AcDbEntity
  8
0
100
AcDbText
 10
3.0
 20
213.1
 30
0.0
 40
2.2
  1
PROYECTO:
  7
ARIAL
 11
3.0
 21
213.1
 31
0.0
100
AcDbText
 73
3
  0
ATTDEF
  5
448
330
439
100
AcDbEntity
  8
0
100
AcDbText
 10
3.0
 20
208.1
 30
0.0
 40
4.2
  1

  7
ARIAL
 11
3.0
 21
208.1
 31
0.0
100
AcDbAttributeDefinition
  3

  2
PROYECTO
 70
0
 74
3
 71
1
 72
0
 11
3.0
 21
208.1
 31
0.0
  0
ATTDEF
  5
449
330
439
100
AcDbEntity
  8
0
100
AcDbText
 10
3.0
 20
201.1
 30
0.0
 40
2.5
  1

  7
ARIAL
 11
3.0
 21
201.1
 31
0.0
100
AcDbAttributeDefinition
  3

  2
UBIC_1
 70
0
 74
3
 71
1
 72
0
 11
3.0
 21
201.1
 31
0.0
  0
ATTDEF
  5
44A
330
439
100
AcDbEntity
  8
0
100
AcDbText
 10
3.0
 20
196.6
 30
0.0
 40
2.5
  1

  7
ARIAL
 11
3.0
 21
196.6
 31
0.0
100
AcDbAttributeDefinition
  3

  2
UBIC_2
 70
0
 74
3
 71
1
 72
0
 11
3.0
 21
196.6
 31
0.0
  0
ATTDEF
  5
44B
330
439
100
AcDbEntity
  8
0
100
AcDbText
 10
3.0
 20
192.1
 30
0.0
 40
2.5
  1

  7
ARIAL
 11
3.0
 21
192.1
 31
0.0
100
AcDbAttributeDefinition
  3

  2
UBIC_3
 70
0
 74
3
 71
1
 72
0
 11
3.0
 21
192.1
 31
0.0
  0
LINE
  5
44C
330
439
100
AcDbEntity
  8
0
100
AcDbLine
 10
0.0
 20
186.6
 30
0.0
 11
120.0
 21
186.6
 31
0.0
  0
TEXT
  5
44D
330
439
100
AcDbEntity
  8
0
100
AcDbText
 10
3.0
 20
184.1
 30
0.0
 40
2.2
  1
INFORMACIÓN REGISTRO PÚBLICO:
  7
ARIAL
 11
3.0
 21
184.1
 31
0.0
100
AcDbText
 73
3
  0
ATTDEF
  5
44E
330
439
100
AcDbEntity
  8
0
100
AcDbText
 10
3.0
 20
179.1
 30
0.0
 40
2.5
  1

  7
ARIAL
 11
3.0
 21
179.1
 31
0.0
100
AcDbAttributeDefinition
  3

  2
REG_1
 70
0
 74
3
 71
1
 72
0
 11
3.0
 21
179.1
 31
0.0
  0
ATTDEF
  5
44F
330
439
100
AcDbEntity
  8
0
100
AcDbText
 10
3.0
 20
174.6
 30
0.0
 40
2.5
  1

  7
ARIAL
 11
3.0
 21
174.6
 31
0.0
100
AcDbAttributeDefinition
  3

  2
REG_2
 70
0
 74
3
 71
1
 72
0
 11
3.0
 21
174.6
 31
0.0
  0
ATTDEF
  5
450
330
439
100
AcDbEntity
  8
0
100
AcDbText
 10
3.0
 20
170.1
 30
0.0
 40
2.5
  1

  7
ARIAL
 11
3.0
 21
170.1
 31
0.0
100
AcDbAttributeDefinition
  3

  2
REG_3
 70
0
 74
3
 71
1
 72
0
 11
3.0
 21
170.1
 31
0.0
  0
LINE
  5
451
330
439
100
AcDbEntity
  8
0
100
AcDbLine
 10
0.0
 20
164.6
 30
0.0
 11
120.0
 21
164.6
 31
0.0
  0
TEXT
  5
452
330
439
100
AcDbEntity
  8
0
100
AcDbText
 10
3.0
 20
162.1
 30
0.0
 40
2.2
  1
CONTENIDO:
  7
ARIAL
 11
3.0
 21
162.1
 31
0.0
100
AcDbText
 73
3
  0
ATTDEF
  5
453
330
439
100
AcDbEntity
  8
0
100
AcDbText
 10
3.0
 20
157.1
 30
0.0
 40
5.0
  1

  7
ARIAL
 11
3.0
 21
157.1
 31
0.0
100
AcDbAttributeDefinition
  3

  2
CONT_TIT
 70
0
 74
3
 71
1
 72
0
 11
3.0
 21
157.1
 31
0.0
  0
ATTDEF
  5
454
330
439
100
AcDbEntity
  8
0
100
AcDbText
 10
3.0
 20
149.6
 30
0.0
 40
3.0
  1

  7
ARIAL
 11
3.0
 21
149.6
 31
0.0
100
AcDbAttributeDefinition
  3

  2
CONT_1
 70
0
 74
3
 71
1
 72
0
 11
3.0
 21
149.6
 31
0.0
  0
ATTDEF
  5
455
330
439
100
AcDbEntity
  8
0
100
AcDbText
 10
3.0
 20
144.1
 30
0.0
 40
3.0
  1

  7
ARIAL
 11
3.0
 21
144.1
 31
0.0
100
AcDbAttributeDefinition
  3

  2
CONT_2
 70
0
 74
3
 71
1
 72
0
 11
3.0
 21
144.1
 31
0.0
  0
ATTDEF
  5
456
330
439
100
AcDbEntity
  8
0
100
AcDbText
 10
3.0
 20
138.6
 30
0.0
 40
3.0
  1

  7
ARIAL
 11
3.0
 21
138.6
 31
0.0
100
AcDbAttributeDefinition
  3

  2
CONT_3
 70
0
 74
3
 71
1
 72
0
 11
3.0
 21
138.6
 31
0.0
  0
ATTDEF
  5
457
330
439
100
AcDbEntity
  8
0
100
AcDbText
 10
3.0
 20
133.1
 30
0.0
 40
3.0
  1

  7
ARIAL
 11
3.0
 21
133.1
 31
0.0
100
AcDbAttributeDefinition
  3

  2
CONT_4
 70
0
 74
3
 71
1
 72
0
 11
3.0
 21
133.1
 31
0.0
  0
ATTDEF
  5
458
330
439
100
AcDbEntity
  8
0
100
AcDbText
 10
3.0
 20
127.6
 30
0.0
 40
3.0
  1

  7
ARIAL
 11
3.0
 21
127.6
 31
0.0
100
AcDbAttributeDefinition
  3

  2
CONT_5
 70
0
 74
3
 71
1
 72
0
 11
3.0
 21
127.6
 31
0.0
  0
ATTDEF
  5
459
330
439
100
AcDbEntity
  8
0
100
AcDbText
 10
3.0
 20
122.1
 30
0.0
 40
3.0
  1

  7
ARIAL
 11
3.0
 21
122.1
 31
0.0
100
AcDbAttributeDefinition
  3

  2
CONT_6
 70
0
 74
3
 71
1
 72
0
 11
3.0
 21
122.1
 31
0.0
  0
LINE
  5
45A
330
439
100
AcDbEntity
  8
0
100
AcDbLine
 10
0.0
 20
114.6
 30
0.0
 11
120.0
 21
114.6
 31
0.0
  0
TEXT
  5
45B
330
439
100
AcDbEntity
  8
0
100
AcDbText
 10
3.0
 20
112.1
 30
0.0
 40
2.2
  1
ESCALAS:
  7
ARIAL
 11
3.0
 21
112.1
 31
0.0
100
AcDbText
 73
3
  0
ATTDEF
  5
45C
330
439
100
AcDbEntity
  8
0
100
AcDbText
 10
25.0
 20
112.1
 30
0.0
 40
2.2
  1

  7
ARIAL
 11
25.0
 21
112.1
 31
0.0
100
AcDbAttributeDefinition
  3

  2
ESCALAS
 70
0
 74
3
 71
1
 72
0
 11
25.0
 21
112.1
 31
0.0
  0
LINE
  5
45D
330
439
100
AcDbEntity
  8
0
100
AcDbLine
 10
0.0
 20
107.6
 30
0.0
 11
120.0
 21
107.6
 31
0.0
  0
TEXT
  5
45E
330
439
100
AcDbEntity
  8
0
100
AcDbText
 10
3.0
 20
105.6
 30
0.0
 40
2.2
  1
CONTROL DE REVISIONES
  7
ARIAL
 11
3.0
 21
105.6
 31
0.0
100
AcDbText
 73
3
  0
LINE
  5
45F
330
439
100
AcDbEntity
  8
0
100
AcDbLine
 10
0.0
 20
101.6
 30
0.0
 11
120.0
 21
101.6
 31
0.0
  0
TEXT
  5
460
330
439
100
AcDbEntity
  8
0
100
AcDbText
 10
6.0
 20
99.1
 30
0.0
 40
2.0
  1
REV.
  7
ARIAL
 72
1
 11
6.0
 21
99.1
 31
0.0
100
AcDbText
 73
2
  0
TEXT
  5
461
330
439
100
AcDbEntity
  8
0
100
AcDbText
 10
23.0
 20
99.1
 30
0.0
 40
2.0
  1
FECHA
  7
ARIAL
 72
1
 11
23.0
 21
99.1
 31
0.0
100
AcDbText
 73
2
  0
TEXT
  5
462
330
439
100
AcDbEntity
  8
0
100
AcDbText
 10
77.0
 20
99.1
 30
0.0
 40
2.0
  1
DESCRIPCIÓN
  7
ARIAL
 72
1
 11
77.0
 21
99.1
 31
0.0
100
AcDbText
 73
2
  0
LINE
  5
463
330
439
100
AcDbEntity
  8
0
100
AcDbLine
 10
0.0
 20
96.6
 30
0.0
 11
120.0
 21
96.6
 31
0.0
  0
ATTDEF
  5
464
330
439
100
AcDbEntity
  8
0
100
AcDbText
 10
6.0
 20
94.0
 30
0.0
 40
2.0
  1

  7
ARIAL
 72
1
 11
6.0
 21
94.0
 31
0.0
100
AcDbAttributeDefinition
  3

  2
REV0_N
 70
0
 74
2
 71
1
 72
0
 11
6.0
 21
94.0
 31
0.0
  0
ATTDEF
  5
465
330
439
100
AcDbEntity
  8
0
100
AcDbText
 10
23.0
 20
94.0
 30
0.0
 40
2.0
  1

  7
ARIAL
 72
1
 11
23.0
 21
94.0
 31
0.0
100
AcDbAttributeDefinition
  3

  2
REV0_F
 70
0
 74
2
 71
1
 72
0
 11
23.0
 21
94.0
 31
0.0
  0
ATTDEF
  5
466
330
439
100
AcDbEntity
  8
0
100
AcDbText
 10
35.5
 20
94.0
 30
0.0
 40
2.0
  1

  7
ARIAL
 11
35.5
 21
94.0
 31
0.0
100
AcDbAttributeDefinition
  3

  2
REV0_D
 70
0
 74
2
 71
1
 72
0
 11
35.5
 21
94.0
 31
0.0
  0
LINE
  5
467
330
439
100
AcDbEntity
  8
0
100
AcDbLine
 10
0.0
 20
91.39999999999999
 30
0.0
 11
120.0
 21
91.39999999999999
 31
0.0
  0
ATTDEF
  5
468
330
439
100
AcDbEntity
  8
0
100
AcDbText
 10
6.0
 20
88.8
 30
0.0
 40
2.0
  1

  7
ARIAL
 72
1
 11
6.0
 21
88.8
 31
0.0
100
AcDbAttributeDefinition
  3

  2
REV1_N
 70
0
 74
2
 71
1
 72
0
 11
6.0
 21
88.8
 31
0.0
  0
ATTDEF
  5
469
330
439
100
AcDbEntity
  8
0
100
AcDbText
 10
23.0
 20
88.8
 30
0.0
 40
2.0
  1

  7
ARIAL
 72
1
 11
23.0
 21
88.8
 31
0.0
100
AcDbAttributeDefinition
  3

  2
REV1_F
 70
0
 74
2
 71
1
 72
0
 11
23.0
 21
88.8
 31
0.0
  0
ATTDEF
  5
46A
330
439
100
AcDbEntity
  8
0
100
AcDbText
 10
35.5
 20
88.8
 30
0.0
 40
2.0
  1

  7
ARIAL
 11
35.5
 21
88.8
 31
0.0
100
AcDbAttributeDefinition
  3

  2
REV1_D
 70
0
 74
2
 71
1
 72
0
 11
35.5
 21
88.8
 31
0.0
  0
LINE
  5
46B
330
439
100
AcDbEntity
  8
0
100
AcDbLine
 10
0.0
 20
86.19999999999999
 30
0.0
 11
120.0
 21
86.19999999999999
 31
0.0
  0
ATTDEF
  5
46C
330
439
100
AcDbEntity
  8
0
100
AcDbText
 10
6.0
 20
83.6
 30
0.0
 40
2.0
  1

  7
ARIAL
 72
1
 11
6.0
 21
83.6
 31
0.0
100
AcDbAttributeDefinition
  3

  2
REV2_N
 70
0
 74
2
 71
1
 72
0
 11
6.0
 21
83.6
 31
0.0
  0
ATTDEF
  5
46D
330
439
100
AcDbEntity
  8
0
100
AcDbText
 10
23.0
 20
83.6
 30
0.0
 40
2.0
  1

  7
ARIAL
 72
1
 11
23.0
 21
83.6
 31
0.0
100
AcDbAttributeDefinition
  3

  2
REV2_F
 70
0
 74
2
 71
1
 72
0
 11
23.0
 21
83.6
 31
0.0
  0
ATTDEF
  5
46E
330
439
100
AcDbEntity
  8
0
100
AcDbText
 10
35.5
 20
83.6
 30
0.0
 40
2.0
  1

  7
ARIAL
 11
35.5
 21
83.6
 31
0.0
100
AcDbAttributeDefinition
  3

  2
REV2_D
 70
0
 74
2
 71
1
 72
0
 11
35.5
 21
83.6
 31
0.0
  0
LINE
  5
46F
330
439
100
AcDbEntity
  8
0
100
AcDbLine
 10
0.0
 20
80.99999999999999
 30
0.0
 11
120.0
 21
80.99999999999999
 31
0.0
  0
LINE
  5
470
330
439
100
AcDbEntity
  8
0
100
AcDbLine
 10
12.0
 20
101.6
 30
0.0
 11
12.0
 21
80.99999999999999
 31
0.0
  0
LINE
  5
471
330
439
100
AcDbEntity
  8
0
100
AcDbLine
 10
34.0
 20
101.6
 30
0.0
 11
34.0
 21
80.99999999999999
 31
0.0
  0
TEXT
  5
472
330
439
100
AcDbEntity
  8
0
100
AcDbText
 10
3.0
 20
78.49999999999999
 30
0.0
 40
2.2
  1
ESTADO:
  7
ARIAL
 11
3.0
 21
78.49999999999999
 31
0.0
100
AcDbText
 73
3
  0
ATTDEF
  5
473
330
439
100
AcDbEntity
  8
0
100
AcDbText
 10
60.0
 20
72.99999999999999
 30
0.0
 40
3.0
  1

  7
ARIAL
 72
1
 11
60.0
 21
72.99999999999999
 31
0.0
100
AcDbAttributeDefinition
  3

  2
ESTADO_1
 70
0
 74
3
 71
1
 72
0
 11
60.0
 21
72.99999999999999
 31
0.0
  0
ATTDEF
  5
474
330
439
100
AcDbEntity
  8
0
100
AcDbText
 10
60.0
 20
67.99999999999999
 30
0.0
 40
2.4
  1

  7
ARIAL
 72
1
 11
60.0
 21
67.99999999999999
 31
0.0
100
AcDbAttributeDefinition
  3

  2
ESTADO_2
 70
0
 74
3
 71
1
 72
0
 11
60.0
 21
67.99999999999999
 31
0.0
  0
LINE
  5
475
330
439
100
AcDbEntity
  8
0
100
AcDbLine
 10
0.0
 20
61.999999999999986
 30
0.0
 11
120.0
 21
61.999999999999986
 31
0.0
  0
LINE
  5
476
330
439
100
AcDbEntity
  8
0
100
AcDbLine
 10
0.0
 20
52.999999999999986
 30
0.0
 11
120.0
 21
52.999999999999986
 31
0.0
  0
LINE
  5
477
330
439
100
AcDbEntity
  8
0
100
AcDbLine
 10
0.0
 20
26.999999999999986
 30
0.0
 11
120.0
 21
26.999999999999986
 31
0.0
  0
LINE
  5
478
330
439
100
AcDbEntity
  8
0
100
AcDbLine
 10
66.0
 20
61.999999999999986
 30
0.0
 11
66.0
 21
0.0
 31
0.0
  0
TEXT
  5
479
330
439
100
AcDbEntity
  8
0
100
AcDbText
 10
33.0
 20
57.499999999999986
 30
0.0
 40
3.0
  1
LUGAR
  7
ARIAL
 72
1
 11
33.0
 21
57.499999999999986
 31
0.0
100
AcDbText
 73
2
  0
TEXT
  5
47A
330
439
100
AcDbEntity
  8
0
100
AcDbText
 10
93.0
 20
57.499999999999986
 30
0.0
 40
3.0
  1
LÁMINA
  7
ARIAL
 72
1
 11
93.0
 21
57.499999999999986
 31
0.0
100
AcDbText
 73
2
  0
ATTDEF
  5
47B
330
439
100
AcDbEntity
  8
0
100
AcDbText
 10
33.0
 20
39.999999999999986
 30
0.0
 40
5.0
  1

  7
ARIAL
 72
1
 11
33.0
 21
39.999999999999986
 31
0.0
100
AcDbAttributeDefinition
  3

  2
LUGAR
 70
0
 74
2
 71
1
 72
0
 11
33.0
 21
39.999999999999986
 31
0.0
  0
ATTDEF
  5
47C
330
439
100
AcDbEntity
  8
0
100
AcDbText
 10
93.0
 20
39.999999999999986
 30
0.0
 40
14.0
  1

  7
ARIAL
 72
1
 11
93.0
 21
39.999999999999986
 31
0.0
100
AcDbAttributeDefinition
  3

  2
LAMINA
 70
0
 74
2
 71
1
 72
0
 11
93.0
 21
39.999999999999986
 31
0.0
  0
ATTDEF
  5
47D
330
439
100
AcDbEntity
  8
0
100
AcDbText
 10
33.0
 20
13.499999999999993
 30
0.0
 40
6.0
  1

  7
ARIAL
 72
1
 11
33.0
 21
13.499999999999993
 31
0.0
100
AcDbAttributeDefinition
  3

  2
FECHA
 70
0
 74
2
 71
1
 72
0
 11
33.0
 21
13.499999999999993
 31
0.0
  0
TEXT
  5
47E
330
439
100
AcDbEntity
  8
0
100
AcDbText
 10
70.0
 20
13.499999999999993
 30
0.0
 40
3.0
  1
TOTAL
  7
ARIAL
 11
70.0
 21
13.499999999999993
 31
0.0
100
AcDbText
 73
2
  0
ATTDEF
  5
47F
330
439
100
AcDbEntity
  8
0
100
AcDbText
 10
104.0
 20
13.499999999999993
 30
0.0
 40
9.0
  1

  7
ARIAL
 72
1
 11
104.0
 21
13.499999999999993
 31
0.0
100
AcDbAttributeDefinition
  3

  2
TOTAL
 70
0
 74
2
 71
1
 72
0
 11
104.0
 21
13.499999999999993
 31
0.0
  0
ENDBLK
  5
43B
330
439
100
AcDbEntity
  8
0
100
AcDbBlockEnd
  0
ENDSEC
  0
SECTION
  2
ENTITIES
  0
LINE
  5
C2
330
17
100
AcDbEntity
  8
F-TERRENO
100
AcDbLine
 10
-1.5
 20
0.0
 30
0.0
 11
10.5
 21
0.0
 31
0.0
  0
LWPOLYLINE
  5
C3
330
17
100
AcDbEntity
  8
F-CONTORNO
100
AcDbPolyline
 90
4
 70
1
 10
0.0
 20
0.0
 10
9.0
 20
0.0
 10
9.0
 20
9.6
 10
0.0
 20
9.6
  0
LINE
  5
C4
330
17
100
AcDbEntity
  8
F-OCULTO
 48
0.08
100
AcDbLine
 10
0.0
 20
9.0
 30
0.0
 11
9.0
 21
9.0
 31
0.0
  0
LINE
  5
C5
330
17
100
AcDbEntity
  8
F-OCULTO
 48
0.08
100
AcDbLine
 10
0.0
 20
3.0
 30
0.0
 11
9.0
 21
3.0
 31
0.0
  0
LINE
  5
C6
330
17
100
AcDbEntity
  8
F-OCULTO
 48
0.08
100
AcDbLine
 10
0.0
 20
6.0
 30
0.0
 11
9.0
 21
6.0
 31
0.0
  0
LINE
  5
C7
330
17
100
AcDbEntity
  8
F-LINEAS
100
AcDbLine
 10
9.0
 20
0.0
 30
0.0
 11
9.0
 21
9.6
 31
0.0
  0
LINE
  5
C8
330
17
100
AcDbEntity
  8
F-LINEAS
100
AcDbLine
 10
8.85
 20
0.0
 30
0.0
 11
8.85
 21
9.6
 31
0.0
  0
LINE
  5
C9
330
17
100
AcDbEntity
  8
F-LINEAS
100
AcDbLine
 10
0.15000000000000036
 20
0.0
 30
0.0
 11
0.15000000000000036
 21
9.6
 31
0.0
  0
LINE
  5
CA
330
17
100
AcDbEntity
  8
F-LINEAS
100
AcDbLine
 10
0.0
 20
0.0
 30
0.0
 11
0.0
 21
9.6
 31
0.0
  0
LWPOLYLINE
  5
CB
330
17
100
AcDbEntity
  8
F-VANOS
100
AcDbPolyline
 90
4
 70
1
 10
0.15000000000000036
 20
0.0
 10
7.4399999999999995
 20
0.0
 10
7.4399999999999995
 20
2.4
 10
0.15000000000000036
 20
2.4
  0
LINE
  5
CC
330
17
100
AcDbEntity
  8
F-VANOS
100
AcDbLine
 10
1.9725000000000001
 20
0.0
 30
0.0
 11
1.9725000000000001
 21
2.4
 31
0.0
  0
LINE
  5
CD
330
17
100
AcDbEntity
  8
F-VANOS
100
AcDbLine
 10
3.795
 20
0.0
 30
0.0
 11
3.795
 21
2.4
 31
0.0
  0
LINE
  5
CE
330
17
100
AcDbEntity
  8
F-VANOS
100
AcDbLine
 10
5.6175
 20
0.0
 30
0.0
 11
5.6175
 21
2.4
 31
0.0
  0
LINE
  5
CF
330
17
100
AcDbEntity
  8
F-VIDRIO
100
AcDbLine
 10
0.20000000000000034
 20
0.19999999999999998
 30
0.0
 11
7.39
 21
0.19999999999999998
 31
0.0
  0
LINE
  5
D0
330
17
100
AcDbEntity
  8
F-VIDRIO
100
AcDbLine
 10
0.20000000000000034
 20
0.39999999999999997
 30
0.0
 11
7.39
 21
0.39999999999999997
 31
0.0
  0
LINE
  5
D1
330
17
100
AcDbEntity
  8
F-VIDRIO
100
AcDbLine
 10
0.20000000000000034
 20
0.6
 30
0.0
 11
7.39
 21
0.6
 31
0.0
  0
LINE
  5
D2
330
17
100
AcDbEntity
  8
F-VIDRIO
100
AcDbLine
 10
0.20000000000000034
 20
0.7999999999999999
 30
0.0
 11
7.39
 21
0.7999999999999999
 31
0.0
  0
LINE
  5
D3
330
17
100
AcDbEntity
  8
F-VIDRIO
100
AcDbLine
 10
0.20000000000000034
 20
1.0
 30
0.0
 11
7.39
 21
1.0
 31
0.0
  0
LINE
  5
D4
330
17
100
AcDbEntity
  8
F-VIDRIO
100
AcDbLine
 10
0.20000000000000034
 20
1.2
 30
0.0
 11
7.39
 21
1.2
 31
0.0
  0
LINE
  5
D5
330
17
100
AcDbEntity
  8
F-VIDRIO
100
AcDbLine
 10
0.20000000000000034
 20
1.4000000000000001
 30
0.0
 11
7.39
 21
1.4000000000000001
 31
0.0
  0
LINE
  5
D6
330
17
100
AcDbEntity
  8
F-VIDRIO
100
AcDbLine
 10
0.20000000000000034
 20
1.5999999999999999
 30
0.0
 11
7.39
 21
1.5999999999999999
 31
0.0
  0
LINE
  5
D7
330
17
100
AcDbEntity
  8
F-VIDRIO
100
AcDbLine
 10
0.20000000000000034
 20
1.7999999999999998
 30
0.0
 11
7.39
 21
1.7999999999999998
 31
0.0
  0
LINE
  5
D8
330
17
100
AcDbEntity
  8
F-VIDRIO
100
AcDbLine
 10
0.20000000000000034
 20
2.0
 30
0.0
 11
7.39
 21
2.0
 31
0.0
  0
LINE
  5
D9
330
17
100
AcDbEntity
  8
F-VIDRIO
100
AcDbLine
 10
0.20000000000000034
 20
2.1999999999999997
 30
0.0
 11
7.39
 21
2.1999999999999997
 31
0.0
  0
LWPOLYLINE
  5
DA
330
17
100
AcDbEntity
  8
F-VANOS
100
AcDbPolyline
 90
4
 70
1
 10
7.79
 20
0.0
 10
8.79
 20
0.0
 10
8.79
 20
2.4
 10
7.79
 20
2.4
  0
LINE
  5
DB
330
17
100
AcDbEntity
  8
F-VANOS
100
AcDbLine
 10
8.59
 20
1.05
 30
0.0
 11
8.59
 21
1.25
 31
0.0
  0
LINE
  5
DC
330
17
100
AcDbEntity
  8
F-LINEAS
100
AcDbLine
 10
0.15000000000000036
 20
2.4
 30
0.0
 11
8.85
 21
2.4
 31
0.0
  0
MTEXT
  5
DD
330
17
100
AcDbEntity
  8
F-TXT
100
AcDbMText
 10
3.795
 20
1.2
 30
0.0
 40
0.11000000000000001
 41
2.25
 71
5
  1
PORTÓN ABATIBLE\P4 HOJAS (PLEGABLES)
  7
ARIAL
  0
MTEXT
  5
DE
330
17
100
AcDbEntity
  8
F-TXT
100
AcDbMText
 10
8.295
 20
1.8
 30
0.0
 40
0.09000000000000001
 41
0.9
 71
5
  1
ACCESO\PPEATONAL
  7
ARIAL
  0
MTEXT
  5
DF
330
17
100
AcDbEntity
  8
F-TXT
100
AcDbMText
 10
3.8
 20
2.7
 30
0.0
 40
0.09000000000000001
 41
2.5
 71
5
  1
VIGA / FASCIA\P(PERALTE SEGÚN ESTRUCTURAL)
  7
ARIAL
  0
LWPOLYLINE
  5
E0
330
17
100
AcDbEntity
  8
F-VANOS
100
AcDbPolyline
 90
4
 70
1
 10
6.1
 20
3.0
 10
8.3
 20
3.0
 10
8.3
 20
5.2
 10
6.1
 20
5.2
  0
LWPOLYLINE
  5
E1
330
17
100
AcDbEntity
  8
F-VIDRIO
100
AcDbPolyline
 90
4
 70
1
 10
6.1499999999999995
 20
3.05
 10
8.25
 20
3.05
 10
8.25
 20
5.15
 10
6.1499999999999995
 20
5.15
  0
LINE
  5
E2
330
17
100
AcDbEntity
  8
F-VANOS
100
AcDbLine
 10
7.2
 20
3.0
 30
0.0
 11
7.2
 21
5.2
 31
0.0
  0
LINE
  5
E3
330
17
100
AcDbEntity
  8
F-VANOS
100
AcDbLine
 10
6.1
 20
3.9
 30
0.0
 11
8.3
 21
3.9
 31
0.0
  0
LINE
  5
E4
330
17
100
AcDbEntity
  8
F-VIDRIO
100
AcDbLine
 10
7.046
 20
3.946
 30
0.0
 11
7.3100000000000005
 21
4.21
 31
0.0
  0
LINE
  5
E5
330
17
100
AcDbEntity
  8
F-VIDRIO
100
AcDbLine
 10
7.376
 20
4.276
 30
0.0
 11
7.640000000000001
 21
4.54
 31
0.0
  0
LWPOLYLINE
  5
E6
330
17
100
AcDbEntity
  8
F-VANOS
100
AcDbPolyline
 90
4
 70
1
 10
4.05
 20
3.0
 10
5.05
 20
3.0
 10
5.05
 20
5.2
 10
4.05
 20
5.2
  0
LWPOLYLINE
  5
E7
330
17
100
AcDbEntity
  8
F-VIDRIO
100
AcDbPolyline
 90
4
 70
1
 10
4.1
 20
3.05
 10
5.0
 20
3.05
 10
5.0
 20
5.15
 10
4.1
 20
5.15
  0
HATCH
  5
E8
330
17
100
AcDbEntity
  8
F-TRAMA
 62
7
100
AcDbHatch
 10
0.0
 20
0.0
 30
0.0
210
0.0
220
0.0
230
1.0
  2
DOTS
 70
0
 71
0
 91
1
 92
3
 72
0
 73
1
 93
4
 10
4.1
 20
3.05
 10
5.0
 20
3.05
 10
5.0
 20
5.15
 10
4.1
 20
5.15
 97
0
 75
1
 76
1
 52
0.0
 41
0.0475
 77
0
 78
1
 53
0.0
 43
0.0
 44
0.0
 45
0.037703125
 46
0.07540625
 79
2
 49
0.0
 49
-0.07540625
 98
0
  0
LWPOLYLINE
  5
E9
330
17
100
AcDbEntity
  8
F-VANOS
100
AcDbPolyline
 90
4
 70
1
 10
0.8000000000000007
 20
3.0
 10
2.5999999999999996
 20
3.0
 10
2.5999999999999996
 20
5.2
 10
0.8000000000000007
 20
5.2
  0
LWPOLYLINE
  5
EA
330
17
100
AcDbEntity
  8
F-VIDRIO
100
AcDbPolyline
 90
4
 70
1
 10
0.8500000000000008
 20
3.05
 10
2.55
 20
3.05
 10
2.55
 20
5.15
 10
0.8500000000000008
 20
5.15
  0
LINE
  5
EB
330
17
100
AcDbEntity
  8
F-VANOS
100
AcDbLine
 10
1.7000000000000002
 20
3.0
 30
0.0
 11
1.7000000000000002
 21
5.2
 31
0.0
  0
LINE
  5
EC
330
17
100
AcDbEntity
  8
F-VANOS
100
AcDbLine
 10
0.8000000000000007
 20
3.9
 30
0.0
 11
2.5999999999999996
 21
3.9
 31
0.0
  0
LINE
  5
ED
330
17
100
AcDbEntity
  8
F-VIDRIO
100
AcDbLine
 10
1.5740000000000003
 20
3.946
 30
0.0
 11
1.7900000000000003
 21
4.21
 31
0.0
  0
LINE
  5
EE
330
17
100
AcDbEntity
  8
F-VIDRIO
100
AcDbLine
 10
1.844
 20
4.276
 30
0.0
 11
2.0599999999999996
 21
4.54
 31
0.0
  0
LINE
  5
EF
330
17
100
AcDbEntity
  8
F-LINEAS
100
AcDbLine
 10
0.15
 20
5.2
 30
0.0
 11
8.85
 21
5.2
 31
0.0
  0
LWPOLYLINE
  5
F0
330
17
100
AcDbEntity
  8
F-VANOS
100
AcDbPolyline
 90
4
 70
1
 10
6.1
 20
6.0
 10
8.3
 20
6.0
 10
8.3
 20
8.2
 10
6.1
 20
8.2
  0
LWPOLYLINE
  5
F1
330
17
100
AcDbEntity
  8
F-VIDRIO
100
AcDbPolyline
 90
4
 70
1
 10
6.1499999999999995
 20
6.05
 10
8.25
 20
6.05
 10
8.25
 20
8.149999999999999
 10
6.1499999999999995
 20
8.149999999999999
  0
LINE
  5
F2
330
17
100
AcDbEntity
  8
F-VANOS
100
AcDbLine
 10
7.2
 20
6.0
 30
0.0
 11
7.2
 21
8.2
 31
0.0
  0
LINE
  5
F3
330
17
100
AcDbEntity
  8
F-VANOS
100
AcDbLine
 10
6.1
 20
6.9
 30
0.0
 11
8.3
 21
6.9
 31
0.0
  0
LINE
  5
F4
330
17
100
AcDbEntity
  8
F-VIDRIO
100
AcDbLine
 10
7.046
 20
6.946
 30
0.0
 11
7.3100000000000005
 21
7.21
 31
0.0
  0
LINE
  5
F5
330
17
100
AcDbEntity
  8
F-VIDRIO
100
AcDbLine
 10
7.376
 20
7.276
 30
0.0
 11
7.640000000000001
 21
7.539999999999999
 31
0.0
  0
LWPOLYLINE
  5
F6
330
17
100
AcDbEntity
  8
F-VANOS
100
AcDbPolyline
 90
4
 70
1
 10
4.05
 20
6.0
 10
5.05
 20
6.0
 10
5.05
 20
8.2
 10
4.05
 20
8.2
  0
LWPOLYLINE
  5
F7
330
17
100
AcDbEntity
  8
F-VIDRIO
100
AcDbPolyline
 90
4
 70
1
 10
4.1
 20
6.05
 10
5.0
 20
6.05
 10
5.0
 20
8.149999999999999
 10
4.1
 20
8.149999999999999
  0
HATCH
  5
F8
330
17
100
AcDbEntity
  8
F-TRAMA
 62
7
100
AcDbHatch
 10
0.0
 20
0.0
 30
0.0
210
0.0
220
0.0
230
1.0
  2
DOTS
 70
0
 71
0
 91
1
 92
3
 72
0
 73
1
 93
4
 10
4.1
 20
6.05
 10
5.0
 20
6.05
 10
5.0
 20
8.149999999999999
 10
4.1
 20
8.149999999999999
 97
0
 75
1
 76
1
 52
0.0
 41
0.0475
 77
0
 78
1
 53
0.0
 43
0.0
 44
0.0
 45
0.037703125
 46
0.07540625
 79
2
 49
0.0
 49
-0.07540625
 98
0
  0
LWPOLYLINE
  5
F9
330
17
100
AcDbEntity
  8
F-VANOS
100
AcDbPolyline
 90
4
 70
1
 10
0.8000000000000007
 20
6.0
 10
2.5999999999999996
 20
6.0
 10
2.5999999999999996
 20
8.2
 10
0.8000000000000007
 20
8.2
  0
LWPOLYLINE
  5
FA
330
17
100
AcDbEntity
  8
F-VIDRIO
100
AcDbPolyline
 90
4
 70
1
 10
0.8500000000000008
 20
6.05
 10
2.55
 20
6.05
 10
2.55
 20
8.149999999999999
 10
0.8500000000000008
 20
8.149999999999999
  0
LINE
  5
FB
330
17
100
AcDbEntity
  8
F-VANOS
100
AcDbLine
 10
1.7000000000000002
 20
6.0
 30
0.0
 11
1.7000000000000002
 21
8.2
 31
0.0
  0
LINE
  5
FC
330
17
100
AcDbEntity
  8
F-VANOS
100
AcDbLine
 10
0.8000000000000007
 20
6.9
 30
0.0
 11
2.5999999999999996
 21
6.9
 31
0.0
  0
LINE
  5
FD
330
17
100
AcDbEntity
  8
F-VIDRIO
100
AcDbLine
 10
1.5740000000000003
 20
6.946
 30
0.0
 11
1.7900000000000003
 21
7.21
 31
0.0
  0
LINE
  5
FE
330
17
100
AcDbEntity
  8
F-VIDRIO
100
AcDbLine
 10
1.844
 20
7.276
 30
0.0
 11
2.0599999999999996
 21
7.539999999999999
 31
0.0
  0
LINE
  5
FF
330
17
100
AcDbEntity
  8
F-LINEAS
100
AcDbLine
 10
0.15
 20
8.2
 30
0.0
 11
8.85
 21
8.2
 31
0.0
  0
TEXT
  5
100
330
17
100
AcDbEntity
  8
F-TXT
100
AcDbText
 10
4.55
 20
4.1
 30
0.0
 40
0.09000000000000001
  1
VIDRIO ARENADO
 50
90.0
  7
ARIAL
 72
1
 11
4.55
 21
4.1
 31
0.0
100
AcDbText
 73
2
  0
TEXT
  5
101
330
17
100
AcDbEntity
  8
F-TXT
100
AcDbText
 10
4.55
 20
7.1
 30
0.0
 40
0.09000000000000001
  1
VIDRIO ARENADO
 50
90.0
  7
ARIAL
 72
1
 11
4.55
 21
7.1
 31
0.0
100
AcDbText
 73
2
  0
MTEXT
  5
102
330
17
100
AcDbEntity
  8
F-TXT
100
AcDbMText
 10
4.5
 20
8.6
 30
0.0
 40
0.09000000000000001
 41
3.0
 71
5
  1
FRANJA OPACA (VIGA Y LOSA)
  7
ARIAL
  0
MTEXT
  5
103
330
17
100
AcDbEntity
  8
F-TXT
100
AcDbMText
 10
4.5
 20
9.3
 30
0.0
 40
0.09000000000000001
 41
3.0
 71
5
  1
PRETIL (ALTURA POR DEFINIR)
  7
ARIAL
  0
LWPOLYLINE
  5
104
330
17
100
AcDbEntity
  8
F-NIVEL
100
AcDbPolyline
 90
3
 70
1
 10
9.52
 20
0.08000000000000002
 10
9.68
 20
0.08000000000000002
 10
9.6
 20
0.0
  0
LINE
  5
105
330
17
100
AcDbEntity
  8
F-NIVEL
100
AcDbLine
 10
9.52
 20
0.08000000000000002
 30
0.0
 11
10.5
 21
0.08000000000000002
 31
0.0
  0
TEXT
  5
106
330
17
100
AcDbEntity
  8
F-NIVEL
100
AcDbText
 10
9.725
 20
0.11000000000000001
 30
0.0
 40
0.095
  1
NPT ±0.00 (ACERA)
  7
ARIAL
 11
9.725
 21
0.11000000000000001
 31
0.0
100
AcDbText
 73
1
  0
LWPOLYLINE
  5
107
330
17
100
AcDbEntity
  8
F-NIVEL
100
AcDbPolyline
 90
3
 70
1
 10
9.52
 20
3.08
 10
9.68
 20
3.08
 10
9.6
 20
3.0
  0
LINE
  5
108
330
17
100
AcDbEntity
  8
F-NIVEL
100
AcDbLine
 10
9.52
 20
3.08
 30
0.0
 11
10.5
 21
3.08
 31
0.0
  0
TEXT
  5
109
330
17
100
AcDbEntity
  8
F-NIVEL
100
AcDbText
 10
9.725
 20
3.11
 30
0.0
 40
0.095
  1
NPT +3.00
  7
ARIAL
 11
9.725
 21
3.11
 31
0.0
100
AcDbText
 73
1
  0
LWPOLYLINE
  5
10A
330
17
100
AcDbEntity
  8
F-NIVEL
100
AcDbPolyline
 90
3
 70
1
 10
9.52
 20
6.08
 10
9.68
 20
6.08
 10
9.6
 20
6.0
  0
LINE
  5
10B
330
17
100
AcDbEntity
  8
F-NIVEL
100
AcDbLine
 10
9.52
 20
6.08
 30
0.0
 11
10.5
 21
6.08
 31
0.0
  0
TEXT
  5
10C
330
17
100
AcDbEntity
  8
F-NIVEL
100
AcDbText
 10
9.725
 20
6.11
 30
0.0
 40
0.095
  1
NPT +6.00
  7
ARIAL
 11
9.725
 21
6.11
 31
0.0
100
AcDbText
 73
1
  0
LWPOLYLINE
  5
10D
330
17
100
AcDbEntity
  8
F-NIVEL
100
AcDbPolyline
 90
3
 70
1
 10
9.52
 20
9.08
 10
9.68
 20
9.08
 10
9.6
 20
9.0
  0
LINE
  5
10E
330
17
100
AcDbEntity
  8
F-NIVEL
100
AcDbLine
 10
9.52
 20
9.08
 30
0.0
 11
10.5
 21
9.08
 31
0.0
  0
TEXT
  5
10F
330
17
100
AcDbEntity
  8
F-NIVEL
100
AcDbText
 10
9.725
 20
9.11
 30
0.0
 40
0.095
  1
CUBIERTA +9.00 (PD)
  7
ARIAL
 11
9.725
 21
9.11
 31
0.0
100
AcDbText
 73
1
  0
LWPOLYLINE
  5
110
330
17
100
AcDbEntity
  8
F-NIVEL
100
AcDbPolyline
 90
3
 70
1
 10
9.52
 20
9.68
 10
9.68
 20
9.68
 10
9.6
 20
9.6
  0
LINE
  5
111
330
17
100
AcDbEntity
  8
F-NIVEL
100
AcDbLine
 10
9.52
 20
9.68
 30
0.0
 11
10.5
 21
9.68
 31
0.0
  0
TEXT
  5
112
330
17
100
AcDbEntity
  8
F-NIVEL
100
AcDbText
 10
9.725
 20
9.709999999999999
 30
0.0
 40
0.095
  1
PRETIL +9.60 (PD)
  7
ARIAL
 11
9.725
 21
9.709999999999999
 31
0.0
100
AcDbText
 73
1
  0
DIMENSION
  5
113
330
17
100
AcDbEntity
  8
F-COTA
100
AcDbDimension
280
0
  2
*D1
  3
COTA-50
 10
-0.7
 20
0.0
 30
0.0
 11
-0.7949999999999999
 21
1.2
 31
0.0
 70
32
 71
5
  1
<>
100
AcDbAlignedDimension
 13
0.0
 23
0.0
 33
0.0
 14
0.0
 24
2.4
 34
0.0
 50
90.0
100
AcDbRotatedDimension
  0
DIMENSION
  5
126
330
17
100
AcDbEntity
  8
F-COTA
100
AcDbDimension
280
0
  2
*D2
  3
COTA-50
 10
-0.7
 20
2.4
 30
0.0
 11
-0.7949999999999999
 21
2.7
 31
0.0
 70
32
 71
5
  1
<>
100
AcDbAlignedDimension
 13
0.0
 23
2.4
 33
0.0
 14
0.0
 24
3.0
 34
0.0
 50
90.0
100
AcDbRotatedDimension
  0
DIMENSION
  5
135
330
17
100
AcDbEntity
  8
F-COTA
100
AcDbDimension
280
0
  2
*D3
  3
COTA-50
 10
-0.7
 20
3.0
 30
0.0
 11
-0.7949999999999999
 21
4.1
 31
0.0
 70
32
 71
5
  1
<>
100
AcDbAlignedDimension
 13
0.0
 23
3.0
 33
0.0
 14
0.0
 24
5.2
 34
0.0
 50
90.0
100
AcDbRotatedDimension
  0
DIMENSION
  5
144
330
17
100
AcDbEntity
  8
F-COTA
100
AcDbDimension
280
0
  2
*D4
  3
COTA-50
 10
-0.7
 20
5.2
 30
0.0
 11
-0.7949999999999999
 21
5.6
 31
0.0
 70
32
 71
5
  1
<>
100
AcDbAlignedDimension
 13
0.0
 23
5.2
 33
0.0
 14
0.0
 24
6.0
 34
0.0
 50
90.0
100
AcDbRotatedDimension
  0
DIMENSION
  5
153
330
17
100
AcDbEntity
  8
F-COTA
100
AcDbDimension
280
0
  2
*D5
  3
COTA-50
 10
-0.7
 20
6.0
 30
0.0
 11
-0.7949999999999999
 21
7.1
 31
0.0
 70
32
 71
5
  1
<>
100
AcDbAlignedDimension
 13
0.0
 23
6.0
 33
0.0
 14
0.0
 24
8.2
 34
0.0
 50
90.0
100
AcDbRotatedDimension
  0
DIMENSION
  5
162
330
17
100
AcDbEntity
  8
F-COTA
100
AcDbDimension
280
0
  2
*D6
  3
COTA-50
 10
-0.7
 20
8.2
 30
0.0
 11
-0.7949999999999999
 21
8.6
 31
0.0
 70
32
 71
5
  1
<>
100
AcDbAlignedDimension
 13
0.0
 23
8.2
 33
0.0
 14
0.0
 24
9.0
 34
0.0
 50
90.0
100
AcDbRotatedDimension
  0
DIMENSION
  5
171
330
17
100
AcDbEntity
  8
F-COTA
100
AcDbDimension
280
0
  2
*D7
  3
COTA-50
 10
-0.7
 20
9.0
 30
0.0
 11
-0.7949999999999999
 21
9.3
 31
0.0
 70
32
 71
5
  1
<>
100
AcDbAlignedDimension
 13
0.0
 23
9.0
 33
0.0
 14
0.0
 24
9.6
 34
0.0
 50
90.0
100
AcDbRotatedDimension
  0
DIMENSION
  5
180
330
17
100
AcDbEntity
  8
F-COTA
100
AcDbDimension
280
0
  2
*D8
  3
COTA-50
 10
-1.4
 20
0.0
 30
0.0
 11
-1.4949999999999999
 21
4.8
 31
0.0
 70
32
 71
5
  1
<>
100
AcDbAlignedDimension
 13
0.0
 23
0.0
 33
0.0
 14
0.0
 24
9.6
 34
0.0
 50
90.0
100
AcDbRotatedDimension
  0
DIMENSION
  5
18F
330
17
100
AcDbEntity
  8
F-COTA
100
AcDbDimension
280
0
  2
*D9
  3
COTA-50
 10
0.0
 20
10.15
 30
0.0
 11
0.40000000000000036
 21
10.245000000000001
 31
0.0
 70
32
 71
5
  1
<>
100
AcDbAlignedDimension
 13
0.0
 23
10.15
 33
0.0
 14
0.8000000000000007
 24
10.15
 34
0.0
 50
0.0
100
AcDbRotatedDimension
  0
DIMENSION
  5
19E
330
17
100
AcDbEntity
  8
F-COTA
100
AcDbDimension
280
0
  2
*D10
  3
COTA-50
 10
0.8000000000000007
 20
10.15
 30
0.0
 11
1.7000000000000002
 21
10.245000000000001
 31
0.0
 70
32
 71
5
  1
<>
100
AcDbAlignedDimension
 13
0.8000000000000007
 23
10.15
 33
0.0
 14
2.5999999999999996
 24
10.15
 34
0.0
 50
0.0
100
AcDbRotatedDimension
  0
DIMENSION
  5
1AD
330
17
100
AcDbEntity
  8
F-COTA
100
AcDbDimension
280
0
  2
*D11
  3
COTA-50
 10
2.5999999999999996
 20
10.15
 30
0.0
 11
3.3249999999999997
 21
10.245000000000001
 31
0.0
 70
32
 71
5
  1
<>
100
AcDbAlignedDimension
 13
2.5999999999999996
 23
10.15
 33
0.0
 14
4.05
 24
10.15
 34
0.0
 50
0.0
100
AcDbRotatedDimension
  0
DIMENSION
  5
1BC
330
17
100
AcDbEntity
  8
F-COTA
100
AcDbDimension
280
0
  2
*D12
  3
COTA-50
 10
4.05
 20
10.15
 30
0.0
 11
4.55
 21
10.245000000000001
 31
0.0
 70
32
 71
5
  1
<>
100
AcDbAlignedDimension
 13
4.05
 23
10.15
 33
0.0
 14
5.05
 24
10.15
 34
0.0
 50
0.0
100
AcDbRotatedDimension
  0
DIMENSION
  5
1CB
330
17
100
AcDbEntity
  8
F-COTA
100
AcDbDimension
280
0
  2
*D13
  3
COTA-50
 10
5.05
 20
10.15
 30
0.0
 11
5.574999999999999
 21
10.245000000000001
 31
0.0
 70
32
 71
5
  1
<>
100
AcDbAlignedDimension
 13
5.05
 23
10.15
 33
0.0
 14
6.1
 24
10.15
 34
0.0
 50
0.0
100
AcDbRotatedDimension
  0
DIMENSION
  5
1DA
330
17
100
AcDbEntity
  8
F-COTA
100
AcDbDimension
280
0
  2
*D14
  3
COTA-50
 10
6.1
 20
10.15
 30
0.0
 11
7.2
 21
10.245000000000001
 31
0.0
 70
32
 71
5
  1
<>
100
AcDbAlignedDimension
 13
6.1
 23
10.15
 33
0.0
 14
8.3
 24
10.15
 34
0.0
 50
0.0
100
AcDbRotatedDimension
  0
DIMENSION
  5
1E9
330
17
100
AcDbEntity
  8
F-COTA
100
AcDbDimension
280
0
  2
*D15
  3
COTA-50
 10
8.3
 20
10.15
 30
0.0
 11
8.65
 21
10.245000000000001
 31
0.0
 70
32
 71
5
  1
<>
100
AcDbAlignedDimension
 13
8.3
 23
10.15
 33
0.0
 14
9.0
 24
10.15
 34
0.0
 50
0.0
100
AcDbRotatedDimension
  0
DIMENSION
  5
1F8
330
17
100
AcDbEntity
  8
F-COTA
100
AcDbDimension
280
0
  2
*D16
  3
COTA-50
 10
0.0
 20
10.75
 30
0.0
 11
4.5
 21
10.845
 31
0.0
 70
32
 71
5
  1
<>
100
AcDbAlignedDimension
 13
0.0
 23
10.75
 33
0.0
 14
9.0
 24
10.75
 34
0.0
 50
0.0
100
AcDbRotatedDimension
  0
DIMENSION
  5
207
330
17
100
AcDbEntity
  8
F-COTA
100
AcDbDimension
280
0
  2
*D17
  3
COTA-50
 10
0.0
 20
-0.55
 30
0.0
 11
0.075
 21
-0.405
 31
0.0
 70
32
 71
5
  1
<>
100
AcDbAlignedDimension
 13
0.0
 23
-0.55
 33
0.0
 14
0.15
 24
-0.55
 34
0.0
 50
0.0
100
AcDbRotatedDimension
  0
DIMENSION
  5
216
330
17
100
AcDbEntity
  8
F-COTA
100
AcDbDimension
280
0
  2
*D18
  3
COTA-50
 10
0.15
 20
-0.55
 30
0.0
 11
3.795
 21
-0.455
 31
0.0
 70
32
 71
5
  1
<>
100
AcDbAlignedDimension
 13
0.15
 23
-0.55
 33
0.0
 14
7.44
 24
-0.55
 34
0.0
 50
0.0
100
AcDbRotatedDimension
  0
DIMENSION
  5
225
330
17
100
AcDbEntity
  8
F-COTA
100
AcDbDimension
280
0
  2
*D19
  3
COTA-50
 10
7.44
 20
-0.55
 30
0.0
 11
7.59
 21
-0.405
 31
0.0
 70
32
 71
5
  1
<>
100
AcDbAlignedDimension
 13
7.44
 23
-0.55
 33
0.0
 14
7.74
 24
-0.55
 34
0.0
 50
0.0
100
AcDbRotatedDimension
  0
DIMENSION
  5
234
330
17
100
AcDbEntity
  8
F-COTA
100
AcDbDimension
280
0
  2
*D20
  3
COTA-50
 10
7.74
 20
-0.55
 30
0.0
 11
8.295
 21
-0.455
 31
0.0
 70
32
 71
5
  1
<>
100
AcDbAlignedDimension
 13
7.74
 23
-0.55
 33
0.0
 14
8.85
 24
-0.55
 34
0.0
 50
0.0
100
AcDbRotatedDimension
  0
DIMENSION
  5
243
330
17
100
AcDbEntity
  8
F-COTA
100
AcDbDimension
280
0
  2
*D21
  3
COTA-50
 10
8.85
 20
-0.55
 30
0.0
 11
8.925
 21
-0.405
 31
0.0
 70
32
 71
5
  1
<>
100
AcDbAlignedDimension
 13
8.85
 23
-0.55
 33
0.0
 14
9.0
 24
-0.55
 34
0.0
 50
0.0
100
AcDbRotatedDimension
  0
LINE
  5
252
330
17
100
AcDbEntity
  8
A-EJES
 48
0.05000000000000001
100
AcDbLine
 10
8.925
 20
-0.9
 30
0.0
 11
8.925
 21
-1.0
 31
0.0
  0
CIRCLE
  5
253
330
17
100
AcDbEntity
  8
A-EJES-TXT
100
AcDbCircle
 10
8.925
 20
-1.175
 30
0.0
 40
0.17500000000000002
  0
TEXT
  5
254
330
17
100
AcDbEntity
  8
A-EJES-TXT
100
AcDbText
 10
8.925
 20
-1.175
 30
0.0
 40
0.15000000000000002
  1
A
  7
ARIAL
 72
1
 11
8.925
 21
-1.175
 31
0.0
100
AcDbText
 73
2
  0
LINE
  5
255
330
17
100
AcDbEntity
  8
A-EJES
 48
0.05000000000000001
100
AcDbLine
 10
7.59
 20
-0.9
 30
0.0
 11
7.59
 21
-1.0
 31
0.0
  0
CIRCLE
  5
256
330
17
100
AcDbEntity
  8
A-EJES-TXT
100
AcDbCircle
 10
7.59
 20
-1.175
 30
0.0
 40
0.17500000000000002
  0
TEXT
  5
257
330
17
100
AcDbEntity
  8
A-EJES-TXT
100
AcDbText
 10
7.59
 20
-1.175
 30
0.0
 40
0.15000000000000002
  1
B
  7
ARIAL
 72
1
 11
7.59
 21
-1.175
 31
0.0
100
AcDbText
 73
2
  0
LINE
  5
258
330
17
100
AcDbEntity
  8
A-EJES
 48
0.05000000000000001
100
AcDbLine
 10
4.16
 20
-0.9
 30
0.0
 11
4.16
 21
-1.0
 31
0.0
  0
CIRCLE
  5
259
330
17
100
AcDbEntity
  8
A-EJES-TXT
100
AcDbCircle
 10
4.16
 20
-1.175
 30
0.0
 40
0.17500000000000002
  0
TEXT
  5
25A
330
17
100
AcDbEntity
  8
A-EJES-TXT
100
AcDbText
 10
4.16
 20
-1.175
 30
0.0
 40
0.15000000000000002
  1
C
  7
ARIAL
 72
1
 11
4.16
 21
-1.175
 31
0.0
100
AcDbText
 73
2
  0
LINE
  5
25B
330
17
100
AcDbEntity
  8
A-EJES
 48
0.05000000000000001
100
AcDbLine
 10
0.07499999999999929
 20
-0.9
 30
0.0
 11
0.07499999999999929
 21
-1.0
 31
0.0
  0
CIRCLE
  5
25C
330
17
100
AcDbEntity
  8
A-EJES-TXT
100
AcDbCircle
 10
0.07499999999999929
 20
-1.175
 30
0.0
 40
0.17500000000000002
  0
TEXT
  5
25D
330
17
100
AcDbEntity
  8
A-EJES-TXT
100
AcDbText
 10
0.07499999999999929
 20
-1.175
 30
0.0
 40
0.15000000000000002
  1
D
  7
ARIAL
 72
1
 11
0.07499999999999929
 21
-1.175
 31
0.0
100
AcDbText
 73
2
  0
LINE
  5
25E
330
17
100
AcDbEntity
  8
F-TERRENO
100
AcDbLine
 10
28.5
 20
0.0
 30
0.0
 11
40.5
 21
0.0
 31
0.0
  0
LWPOLYLINE
  5
25F
330
17
100
AcDbEntity
  8
F-CONTORNO
100
AcDbPolyline
 90
4
 70
1
 10
30.0
 20
2.6
 10
39.0
 20
2.6
 10
39.0
 20
9.6
 10
30.0
 20
9.6
  0
LWPOLYLINE
  5
260
330
17
100
AcDbEntity
  8
F-CONTORNO
100
AcDbPolyline
 90
4
 70
1
 10
30.0
 20
0.0
 10
30.15
 20
0.0
 10
30.15
 20
2.6
 10
30.0
 20
2.6
  0
LWPOLYLINE
  5
261
330
17
100
AcDbEntity
  8
F-CONTORNO
100
AcDbPolyline
 90
4
 70
1
 10
38.85
 20
0.0
 10
39.0
 20
0.0
 10
39.0
 20
2.6
 10
38.85
 20
2.6
  0
LWPOLYLINE
  5
262
330
17
100
AcDbEntity
  8
F-CONTORNO
100
AcDbPolyline
 90
4
 70
1
 10
34.69
 20
0.0
 10
34.99
 20
0.0
 10
34.99
 20
2.6
 10
34.69
 20
2.6
  0
MTEXT
  5
263
330
17
100
AcDbEntity
  8
F-TXT
100
AcDbMText
 10
32.4
 20
1.3
 30
0.0
 40
0.15
 41
3.0
 71
5
  1
NIVEL 1 ABIERTO\P(JARDÍN SECO)
  7
ARIAL
  0
LINE
  5
264
330
17
100
AcDbEntity
  8
F-OCULTO
 48
0.08
100
AcDbLine
 10
30.0
 20
9.0
 30
0.0
 11
39.0
 21
9.0
 31
0.0
  0
LINE
  5
265
330
17
100
AcDbEntity
  8
F-OCULTO
 48
0.08
100
AcDbLine
 10
30.0
 20
6.0
 30
0.0
 11
39.0
 21
6.0
 31
0.0
  0
LWPOLYLINE
  5
266
330
17
100
AcDbEntity
  8
F-VANOS
100
AcDbPolyline
 90
4
 70
1
 10
30.9
 20
3.9
 10
33.9
 20
3.9
 10
33.9
 20
5.2
 10
30.9
 20
5.2
  0
LWPOLYLINE
  5
267
330
17
100
AcDbEntity
  8
F-VIDRIO
100
AcDbPolyline
 90
4
 70
1
 10
30.95
 20
3.9499999999999997
 10
33.85
 20
3.9499999999999997
 10
33.85
 20
5.15
 10
30.95
 20
5.15
  0
LINE
  5
268
330
17
100
AcDbEntity
  8
F-VANOS
100
AcDbLine
 10
32.4
 20
3.9
 30
0.0
 11
32.4
 21
5.2
 31
0.0
  0
LINE
  5
269
330
17
100
AcDbEntity
  8
F-VIDRIO
100
AcDbLine
 10
32.19
 20
4.459
 30
0.0
 11
32.55
 21
4.615
 31
0.0
  0
LINE
  5
26A
330
17
100
AcDbEntity
  8
F-VIDRIO
100
AcDbLine
 10
32.64
 20
4.654
 30
0.0
 11
33.0
 21
4.8100000000000005
 31
0.0
  0
LWPOLYLINE
  5
26B
330
17
100
AcDbEntity
  8
F-VANOS
100
AcDbPolyline
 90
4
 70
1
 10
35.0
 20
3.9
 10
38.0
 20
3.9
 10
38.0
 20
5.2
 10
35.0
 20
5.2
  0
LWPOLYLINE
  5
26C
330
17
100
AcDbEntity
  8
F-VIDRIO
100
AcDbPolyline
 90
4
 70
1
 10
35.05
 20
3.9499999999999997
 10
37.95
 20
3.9499999999999997
 10
37.95
 20
5.15
 10
35.05
 20
5.15
  0
LINE
  5
26D
330
17
100
AcDbEntity
  8
F-VANOS
100
AcDbLine
 10
36.5
 20
3.9
 30
0.0
 11
36.5
 21
5.2
 31
0.0
  0
LINE
  5
26E
330
17
100
AcDbEntity
  8
F-VIDRIO
100
AcDbLine
 10
36.29
 20
4.459
 30
0.0
 11
36.65
 21
4.615
 31
0.0
  0
LINE
  5
26F
330
17
100
AcDbEntity
  8
F-VIDRIO
100
AcDbLine
 10
36.74
 20
4.654
 30
0.0
 11
37.1
 21
4.8100000000000005
 31
0.0
  0
LWPOLYLINE
  5
270
330
17
100
AcDbEntity
  8
F-VANOS
100
AcDbPolyline
 90
4
 70
1
 10
30.7
 20
6.9
 10
32.9
 20
6.9
 10
32.9
 20
8.2
 10
30.7
 20
8.2
  0
LWPOLYLINE
  5
271
330
17
100
AcDbEntity
  8
F-VIDRIO
100
AcDbPolyline
 90
4
 70
1
 10
30.75
 20
6.95
 10
32.85
 20
6.95
 10
32.85
 20
8.149999999999999
 10
30.75
 20
8.149999999999999
  0
LINE
  5
272
330
17
100
AcDbEntity
  8
F-VANOS
100
AcDbLine
 10
31.8
 20
6.9
 30
0.0
 11
31.8
 21
8.2
 31
0.0
  0
LINE
  5
273
330
17
100
AcDbEntity
  8
F-VIDRIO
100
AcDbLine
 10
31.646
 20
7.459
 30
0.0
 11
31.91
 21
7.615
 31
0.0
  0
LINE
  5
274
330
17
100
AcDbEntity
  8
F-VIDRIO
100
AcDbLine
 10
31.976
 20
7.654
 30
0.0
 11
32.24
 21
7.81
 31
0.0
  0
LWPOLYLINE
  5
275
330
17
100
AcDbEntity
  8
F-VANOS
100
AcDbPolyline
 90
4
 70
1
 10
33.95
 20
7.6
 10
34.95
 20
7.6
 10
34.95
 20
8.2
 10
33.95
 20
8.2
  0
LWPOLYLINE
  5
276
330
17
100
AcDbEntity
  8
F-VIDRIO
100
AcDbPolyline
 90
4
 70
1
 10
34.0
 20
7.6499999999999995
 10
34.9
 20
7.6499999999999995
 10
34.9
 20
8.149999999999999
 10
34.0
 20
8.149999999999999
  0
HATCH
  5
277
330
17
100
AcDbEntity
  8
F-TRAMA
 62
7
100
AcDbHatch
 10
0.0
 20
0.0
 30
0.0
210
0.0
220
0.0
230
1.0
  2
DOTS
 70
0
 71
0
 91
1
 92
3
 72
0
 73
1
 93
4
 10
34.0
 20
7.6499999999999995
 10
34.9
 20
7.6499999999999995
 10
34.9
 20
8.149999999999999
 10
34.0
 20
8.149999999999999
 97
0
 75
1
 76
1
 52
0.0
 41
0.07125
 77
0
 78
1
 53
0.0
 43
0.0
 44
0.0
 45
0.0565546875
 46
0.113109375
 79
2
 49
0.0
 49
-0.113109375
 98
0
  0
LWPOLYLINE
  5
278
330
17
100
AcDbEntity
  8
F-VANOS
100
AcDbPolyline
 90
4
 70
1
 10
36.4
 20
7.6
 10
38.2
 20
7.6
 10
38.2
 20
8.2
 10
36.4
 20
8.2
  0
LWPOLYLINE
  5
279
330
17
100
AcDbEntity
  8
F-VIDRIO
100
AcDbPolyline
 90
4
 70
1
 10
36.45
 20
7.6499999999999995
 10
38.15
 20
7.6499999999999995
 10
38.15
 20
8.149999999999999
 10
36.45
 20
8.149999999999999
  0
LINE
  5
27A
330
17
100
AcDbEntity
  8
F-VANOS
100
AcDbLine
 10
37.3
 20
7.6
 30
0.0
 11
37.3
 21
8.2
 31
0.0
  0
LINE
  5
27B
330
17
100
AcDbEntity
  8
F-VIDRIO
100
AcDbLine
 10
37.174
 20
7.858
 30
0.0
 11
37.39
 21
7.93
 31
0.0
  0
LINE
  5
27C
330
17
100
AcDbEntity
  8
F-VIDRIO
100
AcDbLine
 10
37.444
 20
7.9479999999999995
 30
0.0
 11
37.66
 21
8.02
 31
0.0
  0
LWPOLYLINE
  5
27D
330
17
100
AcDbEntity
  8
F-NIVEL
100
AcDbPolyline
 90
3
 70
1
 10
39.480000000000004
 20
0.12
 10
39.72
 20
0.12
 10
39.6
 20
0.0
  0
LINE
  5
27E
330
17
100
AcDbEntity
  8
F-NIVEL
100
AcDbLine
 10
39.480000000000004
 20
0.12
 30
0.0
 11
40.95
 21
0.12
 31
0.0
  0
TEXT
  5
27F
330
17
100
AcDbEntity
  8
F-NIVEL
100
AcDbText
 10
39.7875
 20
0.16499999999999998
 30
0.0
 40
0.1425
  1
±0.00
  7
ARIAL
 11
39.7875
 21
0.16499999999999998
 31
0.0
100
AcDbText
 73
1
  0
LWPOLYLINE
  5
280
330
17
100
AcDbEntity
  8
F-NIVEL
100
AcDbPolyline
 90
3
 70
1
 10
39.480000000000004
 20
3.12
 10
39.72
 20
3.12
 10
39.6
 20
3.0
  0
LINE
  5
281
330
17
100
AcDbEntity
  8
F-NIVEL
100
AcDbLine
 10
39.480000000000004
 20
3.12
 30
0.0
 11
40.95
 21
3.12
 31
0.0
  0
TEXT
  5
282
330
17
100
AcDbEntity
  8
F-NIVEL
100
AcDbText
 10
39.7875
 20
3.165
 30
0.0
 40
0.1425
  1
+3.00
  7
ARIAL
 11
39.7875
 21
3.165
 31
0.0
100
AcDbText
 73
1
  0
LWPOLYLINE
  5
283
330
17
100
AcDbEntity
  8
F-NIVEL
100
AcDbPolyline
 90
3
 70
1
 10
39.480000000000004
 20
6.12
 10
39.72
 20
6.12
 10
39.6
 20
6.0
  0
LINE
  5
284
330
17
100
AcDbEntity
  8
F-NIVEL
100
AcDbLine
 10
39.480000000000004
 20
6.12
 30
0.0
 11
40.95
 21
6.12
 31
0.0
  0
TEXT
  5
285
330
17
100
AcDbEntity
  8
F-NIVEL
100
AcDbText
 10
39.7875
 20
6.165
 30
0.0
 40
0.1425
  1
+6.00
  7
ARIAL
 11
39.7875
 21
6.165
 31
0.0
100
AcDbText
 73
1
  0
LWPOLYLINE
  5
286
330
17
100
AcDbEntity
  8
F-NIVEL
100
AcDbPolyline
 90
3
 70
1
 10
39.480000000000004
 20
9.12
 10
39.72
 20
9.12
 10
39.6
 20
9.0
  0
LINE
  5
287
330
17
100
AcDbEntity
  8
F-NIVEL
100
AcDbLine
 10
39.480000000000004
 20
9.12
 30
0.0
 11
40.95
 21
9.12
 31
0.0
  0
TEXT
  5
288
330
17
100
AcDbEntity
  8
F-NIVEL
100
AcDbText
 10
39.7875
 20
9.165
 30
0.0
 40
0.1425
  1
+9.00 (PD)
  7
ARIAL
 11
39.7875
 21
9.165
 31
0.0
100
AcDbText
 73
1
  0
LWPOLYLINE
  5
289
330
17
100
AcDbEntity
  8
F-NIVEL
100
AcDbPolyline
 90
3
 70
1
 10
39.480000000000004
 20
9.719999999999999
 10
39.72
 20
9.719999999999999
 10
39.6
 20
9.6
  0
LINE
  5
28A
330
17
100
AcDbEntity
  8
F-NIVEL
100
AcDbLine
 10
39.480000000000004
 20
9.719999999999999
 30
0.0
 11
40.95
 21
9.719999999999999
 31
0.0
  0
TEXT
  5
28B
330
17
100
AcDbEntity
  8
F-NIVEL
100
AcDbText
 10
39.7875
 20
9.764999999999999
 30
0.0
 40
0.1425
  1
+9.60 (PD)
  7
ARIAL
 11
39.7875
 21
9.764999999999999
 31
0.0
100
AcDbText
 73
1
  0
DIMENSION
  5
28C
330
17
100
AcDbEntity
  8
F-COTA
100
AcDbDimension
280
0
  2
*D22
  3
COTA-75
 10
29.3
 20
0.0
 30
0.0
 11
29.157500000000002
 21
1.3
 31
0.0
 70
32
 71
5
  1
<>
100
AcDbAlignedDimension
 13
30.0
 23
0.0
 33
0.0
 14
30.0
 24
2.6
 34
0.0
 50
90.0
100
AcDbRotatedDimension
  0
DIMENSION
  5
29B
330
17
100
AcDbEntity
  8
F-COTA
100
AcDbDimension
280
0
  2
*D23
  3
COTA-75
 10
29.3
 20
2.6
 30
0.0
 11
29.0825
 21
2.8
 31
0.0
 70
32
 71
5
  1
<>
100
AcDbAlignedDimension
 13
30.0
 23
2.6
 33
0.0
 14
30.0
 24
3.0
 34
0.0
 50
90.0
100
AcDbRotatedDimension
  0
DIMENSION
  5
2AA
330
17
100
AcDbEntity
  8
F-COTA
100
AcDbDimension
280
0
  2
*D24
  3
COTA-75
 10
29.3
 20
3.0
 30
0.0
 11
29.157500000000002
 21
3.45
 31
0.0
 70
32
 71
5
  1
<>
100
AcDbAlignedDimension
 13
30.0
 23
3.0
 33
0.0
 14
30.0
 24
3.9
 34
0.0
 50
90.0
100
AcDbRotatedDimension
  0
DIMENSION
  5
2B9
330
17
100
AcDbEntity
  8
F-COTA
100
AcDbDimension
280
0
  2
*D25
  3
COTA-75
 10
29.3
 20
3.9
 30
0.0
 11
29.157500000000002
 21
4.55
 31
0.0
 70
32
 71
5
  1
<>
100
AcDbAlignedDimension
 13
30.0
 23
3.9
 33
0.0
 14
30.0
 24
5.2
 34
0.0
 50
90.0
100
AcDbRotatedDimension
  0
DIMENSION
  5
2C8
330
17
100
AcDbEntity
  8
F-COTA
100
AcDbDimension
280
0
  2
*D26
  3
COTA-75
 10
29.3
 20
5.2
 30
0.0
 11
29.157500000000002
 21
5.6
 31
0.0
 70
32
 71
5
  1
<>
100
AcDbAlignedDimension
 13
30.0
 23
5.2
 33
0.0
 14
30.0
 24
6.0
 34
0.0
 50
90.0
100
AcDbRotatedDimension
  0
DIMENSION
  5
2D7
330
17
100
AcDbEntity
  8
F-COTA
100
AcDbDimension
280
0
  2
*D27
  3
COTA-75
 10
29.3
 20
6.0
 30
0.0
 11
29.157500000000002
 21
6.45
 31
0.0
 70
32
 71
5
  1
<>
100
AcDbAlignedDimension
 13
30.0
 23
6.0
 33
0.0
 14
30.0
 24
6.9
 34
0.0
 50
90.0
100
AcDbRotatedDimension
  0
DIMENSION
  5
2E6
330
17
100
AcDbEntity
  8
F-COTA
100
AcDbDimension
280
0
  2
*D28
  3
COTA-75
 10
29.3
 20
6.9
 30
0.0
 11
29.157500000000002
 21
7.25
 31
0.0
 70
32
 71
5
  1
<>
100
AcDbAlignedDimension
 13
30.0
 23
6.9
 33
0.0
 14
30.0
 24
7.6
 34
0.0
 50
90.0
100
AcDbRotatedDimension
  0
DIMENSION
  5
2F5
330
17
100
AcDbEntity
  8
F-COTA
100
AcDbDimension
280
0
  2
*D29
  3
COTA-75
 10
29.3
 20
7.6
 30
0.0
 11
29.0825
 21
7.8999999999999995
 31
0.0
 70
32
 71
5
  1
<>
100
AcDbAlignedDimension
 13
30.0
 23
7.6
 33
0.0
 14
30.0
 24
8.2
 34
0.0
 50
90.0
100
AcDbRotatedDimension
  0
DIMENSION
  5
304
330
17
100
AcDbEntity
  8
F-COTA
100
AcDbDimension
280
0
  2
*D30
  3
COTA-75
 10
29.3
 20
8.2
 30
0.0
 11
29.157500000000002
 21
8.6
 31
0.0
 70
32
 71
5
  1
<>
100
AcDbAlignedDimension
 13
30.0
 23
8.2
 33
0.0
 14
30.0
 24
9.0
 34
0.0
 50
90.0
100
AcDbRotatedDimension
  0
DIMENSION
  5
313
330
17
100
AcDbEntity
  8
F-COTA
100
AcDbDimension
280
0
  2
*D31
  3
COTA-75
 10
29.3
 20
9.0
 30
0.0
 11
29.0825
 21
9.3
 31
0.0
 70
32
 71
5
  1
<>
100
AcDbAlignedDimension
 13
30.0
 23
9.0
 33
0.0
 14
30.0
 24
9.6
 34
0.0
 50
90.0
100
AcDbRotatedDimension
  0
LINE
  5
322
330
17
100
AcDbEntity
  8
A-EJES
 48
0.075
100
AcDbLine
 10
30.075
 20
-0.9
 30
0.0
 11
30.075
 21
-1.0
 31
0.0
  0
CIRCLE
  5
323
330
17
100
AcDbEntity
  8
A-EJES-TXT
100
AcDbCircle
 10
30.075
 20
-1.2625
 30
0.0
 40
0.2625
  0
TEXT
  5
324
330
17
100
AcDbEntity
  8
A-EJES-TXT
100
AcDbText
 10
30.075
 20
-1.2625
 30
0.0
 40
0.22499999999999998
  1
A
  7
ARIAL
 72
1
 11
30.075
 21
-1.2625
 31
0.0
100
AcDbText
 73
2
  0
LINE
  5
325
330
17
100
AcDbEntity
  8
A-EJES
 48
0.075
100
AcDbLine
 10
31.41
 20
-0.9
 30
0.0
 11
31.41
 21
-1.0
 31
0.0
  0
CIRCLE
  5
326
330
17
100
AcDbEntity
  8
A-EJES-TXT
100
AcDbCircle
 10
31.41
 20
-1.2625
 30
0.0
 40
0.2625
  0
TEXT
  5
327
330
17
100
AcDbEntity
  8
A-EJES-TXT
100
AcDbText
 10
31.41
 20
-1.2625
 30
0.0
 40
0.22499999999999998
  1
B
  7
ARIAL
 72
1
 11
31.41
 21
-1.2625
 31
0.0
100
AcDbText
 73
2
  0
LINE
  5
328
330
17
100
AcDbEntity
  8
A-EJES
 48
0.075
100
AcDbLine
 10
34.84
 20
-0.9
 30
0.0
 11
34.84
 21
-1.0
 31
0.0
  0
CIRCLE
  5
329
330
17
100
AcDbEntity
  8
A-EJES-TXT
100
AcDbCircle
 10
34.84
 20
-1.2625
 30
0.0
 40
0.2625
  0
TEXT
  5
32A
330
17
100
AcDbEntity
  8
A-EJES-TXT
100
AcDbText
 10
34.84
 20
-1.2625
 30
0.0
 40
0.22499999999999998
  1
C
  7
ARIAL
 72
1
 11
34.84
 21
-1.2625
 31
0.0
100
AcDbText
 73
2
  0
LINE
  5
32B
330
17
100
AcDbEntity
  8
A-EJES
 48
0.075
100
AcDbLine
 10
38.925
 20
-0.9
 30
0.0
 11
38.925
 21
-1.0
 31
0.0
  0
CIRCLE
  5
32C
330
17
100
AcDbEntity
  8
A-EJES-TXT
100
AcDbCircle
 10
38.925
 20
-1.2625
 30
0.0
 40
0.2625
  0
TEXT
  5
32D
330
17
100
AcDbEntity
  8
A-EJES-TXT
100
AcDbText
 10
38.925
 20
-1.2625
 30
0.0
 40
0.22499999999999998
  1
D
  7
ARIAL
 72
1
 11
38.925
 21
-1.2625
 31
0.0
100
AcDbText
 73
2
  0
LINE
  5
32E
330
17
100
AcDbEntity
  8
F-TERRENO
100
AcDbLine
 10
88.51197818459596
 20
0.0
 30
0.0
 11
60.0
 21
0.0
 31
0.0
  0
LWPOLYLINE
  5
32F
330
17
100
AcDbEntity
  8
F-CONTORNO
100
AcDbPolyline
 90
4
 70
1
 10
63.33197818459597
 20
0.0
 10
86.45197818459596
 20
0.0
 10
86.45197818459596
 20
9.6
 10
63.33197818459597
 20
9.6
  0
LINE
  5
330
330
17
100
AcDbEntity
  8
F-OCULTO
 48
0.15
100
AcDbLine
 10
63.33197818459597
 20
3.0
 30
0.0
 11
86.45197818459596
 21
3.0
 31
0.0
  0
LINE
  5
331
330
17
100
AcDbEntity
  8
F-OCULTO
 48
0.15
100
AcDbLine
 10
63.33197818459597
 20
6.0
 30
0.0
 11
86.45197818459596
 21
6.0
 31
0.0
  0
LINE
  5
332
330
17
100
AcDbEntity
  8
F-OCULTO
 48
0.15
100
AcDbLine
 10
63.33197818459597
 20
9.0
 30
0.0
 11
86.45197818459596
 21
9.0
 31
0.0
  0
MTEXT
  5
333
330
17
100
AcDbEntity
  8
F-TXT
100
AcDbMText
 10
74.89197818459597
 20
4.5
 30
0.0
 40
0.24
 41
8.0
 71
5
  1
MURO DE COLINDANCIA CIEGO\P(SIN VENTANAS NI VANOS)
  7
ARIAL
  0
LINE
  5
334
330
17
100
AcDbEntity
  8
F-OCULTO
 48
0.15
100
AcDbLine
 10
86.45197818459596
 20
2.4
 30
0.0
 11
88.51197818459596
 21
2.4
 31
0.0
  0
LINE
  5
335
330
17
100
AcDbEntity
  8
F-OCULTO
 48
0.15
100
AcDbLine
 10
60.0
 20
2.4
 30
0.0
 11
63.33197818459597
 21
2.4
 31
0.0
  0
MTEXT
  5
336
330
17
100
AcDbEntity
  8
F-TXT
100
AcDbMText
 10
61.665989092297984
 20
3.1
 30
0.0
 40
0.18000000000000002
 41
3.0
 71
5
  1
TAPIA\P(H POR CONFIRMAR)
  7
ARIAL
  0
TEXT
  5
337
330
17
100
AcDbEntity
  8
F-TXT
100
AcDbText
 10
88.51197818459596
 20
-0.6
 30
0.0
 40
0.22000000000000003
  1
FRENTE
  7
ARIAL
 72
1
 11
88.51197818459596
 21
-0.6
 31
0.0
100
AcDbText
 73
2
  0
TEXT
  5
338
330
17
100
AcDbEntity
  8
F-TXT
100
AcDbText
 10
60.0
 20
-0.6
 30
0.0
 40
0.22000000000000003
  1
FONDO
  7
ARIAL
 72
1
 11
60.0
 21
-0.6
 31
0.0
100
AcDbText
 73
2
  0
LWPOLYLINE
  5
339
330
17
100
AcDbEntity
  8
F-NIVEL
100
AcDbPolyline
 90
3
 70
1
 10
88.95197818459597
 20
0.16000000000000003
 10
89.27197818459597
 20
0.16000000000000003
 10
89.11197818459597
 20
0.0
  0
LINE
  5
33A
330
17
100
AcDbEntity
  8
F-NIVEL
100
AcDbLine
 10
88.95197818459597
 20
0.16000000000000003
 30
0.0
 11
90.91197818459597
 21
0.16000000000000003
 31
0.0
  0
TEXT
  5
33B
330
17
100
AcDbEntity
  8
F-NIVEL
100
AcDbText
 10
89.36197818459597
 20
0.22000000000000003
 30
0.0
 40
0.19
  1
±0.00
  7
ARIAL
 11
89.36197818459597
 21
0.22000000000000003
 31
0.0
100
AcDbText
 73
1
  0
LWPOLYLINE
  5
33C
330
17
100
AcDbEntity
  8
F-NIVEL
100
AcDbPolyline
 90
3
 70
1
 10
88.95197818459597
 20
3.16
 10
89.27197818459597
 20
3.16
 10
89.11197818459597
 20
3.0
  0
LINE
  5
33D
330
17
100
AcDbEntity
  8
F-NIVEL
100
AcDbLine
 10
88.95197818459597
 20
3.16
 30
0.0
 11
90.91197818459597
 21
3.16
 31
0.0
  0
TEXT
  5
33E
330
17
100
AcDbEntity
  8
F-NIVEL
100
AcDbText
 10
89.36197818459597
 20
3.22
 30
0.0
 40
0.19
  1
+3.00
  7
ARIAL
 11
89.36197818459597
 21
3.22
 31
0.0
100
AcDbText
 73
1
  0
LWPOLYLINE
  5
33F
330
17
100
AcDbEntity
  8
F-NIVEL
100
AcDbPolyline
 90
3
 70
1
 10
88.95197818459597
 20
6.16
 10
89.27197818459597
 20
6.16
 10
89.11197818459597
 20
6.0
  0
LINE
  5
340
330
17
100
AcDbEntity
  8
F-NIVEL
100
AcDbLine
 10
88.95197818459597
 20
6.16
 30
0.0
 11
90.91197818459597
 21
6.16
 31
0.0
  0
TEXT
  5
341
330
17
100
AcDbEntity
  8
F-NIVEL
100
AcDbText
 10
89.36197818459597
 20
6.22
 30
0.0
 40
0.19
  1
+6.00
  7
ARIAL
 11
89.36197818459597
 21
6.22
 31
0.0
100
AcDbText
 73
1
  0
LWPOLYLINE
  5
342
330
17
100
AcDbEntity
  8
F-NIVEL
100
AcDbPolyline
 90
3
 70
1
 10
88.95197818459597
 20
9.76
 10
89.27197818459597
 20
9.76
 10
89.11197818459597
 20
9.6
  0
LINE
  5
343
330
17
100
AcDbEntity
  8
F-NIVEL
100
AcDbLine
 10
88.95197818459597
 20
9.76
 30
0.0
 11
90.91197818459597
 21
9.76
 31
0.0
  0
TEXT
  5
344
330
17
100
AcDbEntity
  8
F-NIVEL
100
AcDbText
 10
89.36197818459597
 20
9.82
 30
0.0
 40
0.19
  1
+9.60 (PD)
  7
ARIAL
 11
89.36197818459597
 21
9.82
 31
0.0
100
AcDbText
 73
1
  0
DIMENSION
  5
345
330
17
100
AcDbEntity
  8
F-COTA
100
AcDbDimension
280
0
  2
*D32
  3
COTA-100
 10
86.45197818459596
 20
10.4
 30
0.0
 11
87.48197818459596
 21
10.59
 31
0.0
 70
32
 71
5
  1
<>
100
AcDbAlignedDimension
 13
86.45197818459596
 23
10.4
 33
0.0
 14
88.51197818459596
 24
10.4
 34
0.0
 50
0.0
100
AcDbRotatedDimension
  0
DIMENSION
  5
354
330
17
100
AcDbEntity
  8
F-COTA
100
AcDbDimension
280
0
  2
*D33
  3
COTA-100
 10
63.33197818459597
 20
10.4
 30
0.0
 11
74.89197818459596
 21
10.59
 31
0.0
 70
32
 71
5
  1
<>
100
AcDbAlignedDimension
 13
63.33197818459597
 23
10.4
 33
0.0
 14
86.45197818459596
 24
10.4
 34
0.0
 50
0.0
100
AcDbRotatedDimension
  0
DIMENSION
  5
363
330
17
100
AcDbEntity
  8
F-COTA
100
AcDbDimension
280
0
  2
*D34
  3
COTA-100
 10
60.0
 20
10.4
 30
0.0
 11
61.665989092297984
 21
10.59
 31
0.0
 70
32
 71
5
  1
<>
100
AcDbAlignedDimension
 13
60.0
 23
10.4
 33
0.0
 14
63.33197818459597
 24
10.4
 34
0.0
 50
0.0
100
AcDbRotatedDimension
  0
LINE
  5
372
330
17
100
AcDbEntity
  8
A-EJES
 48
0.10000000000000002
100
AcDbLine
 10
86.37697818459597
 20
-1.0
 30
0.0
 11
86.37697818459597
 21
-1.1
 31
0.0
  0
CIRCLE
  5
373
330
17
100
AcDbEntity
  8
A-EJES-TXT
100
AcDbCircle
 10
86.37697818459597
 20
-1.4500000000000002
 30
0.0
 40
0.35000000000000003
  0
TEXT
  5
374
330
17
100
AcDbEntity
  8
A-EJES-TXT
100
AcDbText
 10
86.37697818459597
 20
-1.4500000000000002
 30
0.0
 40
0.30000000000000004
  1
1
  7
ARIAL
 72
1
 11
86.37697818459597
 21
-1.4500000000000002
 31
0.0
100
AcDbText
 73
2
  0
LINE
  5
375
330
17
100
AcDbEntity
  8
A-EJES
 48
0.10000000000000002
100
AcDbLine
 10
80.82697818459596
 20
-1.0
 30
0.0
 11
80.82697818459596
 21
-1.1
 31
0.0
  0
CIRCLE
  5
376
330
17
100
AcDbEntity
  8
A-EJES-TXT
100
AcDbCircle
 10
80.82697818459596
 20
-1.4500000000000002
 30
0.0
 40
0.35000000000000003
  0
TEXT
  5
377
330
17
100
AcDbEntity
  8
A-EJES-TXT
100
AcDbText
 10
80.82697818459596
 20
-1.4500000000000002
 30
0.0
 40
0.30000000000000004
  1
2
  7
ARIAL
 72
1
 11
80.82697818459596
 21
-1.4500000000000002
 31
0.0
100
AcDbText
 73
2
  0
LINE
  5
378
330
17
100
AcDbEntity
  8
A-EJES
 48
0.10000000000000002
100
AcDbLine
 10
78.17697818459597
 20
-1.0
 30
0.0
 11
78.17697818459597
 21
-1.1
 31
0.0
  0
CIRCLE
  5
379
330
17
100
AcDbEntity
  8
A-EJES-TXT
100
AcDbCircle
 10
78.17697818459597
 20
-1.4500000000000002
 30
0.0
 40
0.35000000000000003
  0
TEXT
  5
37A
330
17
100
AcDbEntity
  8
A-EJES-TXT
100
AcDbText
 10
78.17697818459597
 20
-1.4500000000000002
 30
0.0
 40
0.30000000000000004
  1
3
  7
ARIAL
 72
1
 11
78.17697818459597
 21
-1.4500000000000002
 31
0.0
100
AcDbText
 73
2
  0
LINE
  5
37B
330
17
100
AcDbEntity
  8
A-EJES
 48
0.10000000000000002
100
AcDbLine
 10
71.60697818459596
 20
-1.0
 30
0.0
 11
71.60697818459596
 21
-1.1
 31
0.0
  0
CIRCLE
  5
37C
330
17
100
AcDbEntity
  8
A-EJES-TXT
100
AcDbCircle
 10
71.60697818459596
 20
-1.4500000000000002
 30
0.0
 40
0.35000000000000003
  0
TEXT
  5
37D
330
17
100
AcDbEntity
  8
A-EJES-TXT
100
AcDbText
 10
71.60697818459596
 20
-1.4500000000000002
 30
0.0
 40
0.30000000000000004
  1
4
  7
ARIAL
 72
1
 11
71.60697818459596
 21
-1.4500000000000002
 31
0.0
100
AcDbText
 73
2
  0
LINE
  5
37E
330
17
100
AcDbEntity
  8
A-EJES
 48
0.10000000000000002
100
AcDbLine
 10
68.95697818459597
 20
-1.0
 30
0.0
 11
68.95697818459597
 21
-1.1
 31
0.0
  0
CIRCLE
  5
37F
330
17
100
AcDbEntity
  8
A-EJES-TXT
100
AcDbCircle
 10
68.95697818459597
 20
-1.4500000000000002
 30
0.0
 40
0.35000000000000003
  0
TEXT
  5
380
330
17
100
AcDbEntity
  8
A-EJES-TXT
100
AcDbText
 10
68.95697818459597
 20
-1.4500000000000002
 30
0.0
 40
0.30000000000000004
  1
5
  7
ARIAL
 72
1
 11
68.95697818459597
 21
-1.4500000000000002
 31
0.0
100
AcDbText
 73
2
  0
LINE
  5
381
330
17
100
AcDbEntity
  8
A-EJES
 48
0.10000000000000002
100
AcDbLine
 10
63.406978184595964
 20
-1.0
 30
0.0
 11
63.406978184595964
 21
-1.1
 31
0.0
  0
CIRCLE
  5
382
330
17
100
AcDbEntity
  8
A-EJES-TXT
100
AcDbCircle
 10
63.406978184595964
 20
-1.4500000000000002
 30
0.0
 40
0.35000000000000003
  0
TEXT
  5
383
330
17
100
AcDbEntity
  8
A-EJES-TXT
100
AcDbText
 10
63.406978184595964
 20
-1.4500000000000002
 30
0.0
 40
0.30000000000000004
  1
6
  7
ARIAL
 72
1
 11
63.406978184595964
 21
-1.4500000000000002
 31
0.0
100
AcDbText
 73
2
  0
LINE
  5
384
330
17
100
AcDbEntity
  8
F-TERRENO
100
AcDbLine
 10
100.0
 20
0.0
 30
0.0
 11
128.51197818459596
 21
0.0
 31
0.0
  0
LWPOLYLINE
  5
385
330
17
100
AcDbEntity
  8
F-CONTORNO
100
AcDbPolyline
 90
4
 70
1
 10
102.06
 20
0.0
 10
125.18
 20
0.0
 10
125.18
 20
9.6
 10
102.06
 20
9.6
  0
LINE
  5
386
330
17
100
AcDbEntity
  8
F-OCULTO
 48
0.15
100
AcDbLine
 10
102.06
 20
3.0
 30
0.0
 11
125.18
 21
3.0
 31
0.0
  0
LINE
  5
387
330
17
100
AcDbEntity
  8
F-OCULTO
 48
0.15
100
AcDbLine
 10
102.06
 20
6.0
 30
0.0
 11
125.18
 21
6.0
 31
0.0
  0
LINE
  5
388
330
17
100
AcDbEntity
  8
F-OCULTO
 48
0.15
100
AcDbLine
 10
102.06
 20
9.0
 30
0.0
 11
125.18
 21
9.0
 31
0.0
  0
MTEXT
  5
389
330
17
100
AcDbEntity
  8
F-TXT
100
AcDbMText
 10
113.62
 20
4.5
 30
0.0
 40
0.24
 41
8.0
 71
5
  1
MURO DE COLINDANCIA CIEGO\P(SIN VENTANAS NI VANOS)
  7
ARIAL
  0
LINE
  5
38A
330
17
100
AcDbEntity
  8
F-OCULTO
 48
0.15
100
AcDbLine
 10
100.0
 20
2.4
 30
0.0
 11
102.06
 21
2.4
 31
0.0
  0
LINE
  5
38B
330
17
100
AcDbEntity
  8
F-OCULTO
 48
0.15
100
AcDbLine
 10
125.18
 20
2.4
 30
0.0
 11
128.51197818459596
 21
2.4
 31
0.0
  0
MTEXT
  5
38C
330
17
100
AcDbEntity
  8
F-TXT
100
AcDbMText
 10
126.84598909229798
 20
3.1
 30
0.0
 40
0.18000000000000002
 41
3.0
 71
5
  1
TAPIA\P(H POR CONFIRMAR)
  7
ARIAL
  0
TEXT
  5
38D
330
17
100
AcDbEntity
  8
F-TXT
100
AcDbText
 10
100.0
 20
-0.6
 30
0.0
 40
0.22000000000000003
  1
FRENTE
  7
ARIAL
 72
1
 11
100.0
 21
-0.6
 31
0.0
100
AcDbText
 73
2
  0
TEXT
  5
38E
330
17
100
AcDbEntity
  8
F-TXT
100
AcDbText
 10
128.51197818459596
 20
-0.6
 30
0.0
 40
0.22000000000000003
  1
FONDO
  7
ARIAL
 72
1
 11
128.51197818459596
 21
-0.6
 31
0.0
100
AcDbText
 73
2
  0
LWPOLYLINE
  5
38F
330
17
100
AcDbEntity
  8
F-NIVEL
100
AcDbPolyline
 90
3
 70
1
 10
128.95197818459596
 20
0.16000000000000003
 10
129.27197818459595
 20
0.16000000000000003
 10
129.11197818459596
 20
0.0
  0
LINE
  5
390
330
17
100
AcDbEntity
  8
F-NIVEL
100
AcDbLine
 10
128.95197818459596
 20
0.16000000000000003
 30
0.0
 11
130.91197818459597
 21
0.16000000000000003
 31
0.0
  0
TEXT
  5
391
330
17
100
AcDbEntity
  8
F-NIVEL
100
AcDbText
 10
129.36197818459596
 20
0.22000000000000003
 30
0.0
 40
0.19
  1
±0.00
  7
ARIAL
 11
129.36197818459596
 21
0.22000000000000003
 31
0.0
100
AcDbText
 73
1
  0
LWPOLYLINE
  5
392
330
17
100
AcDbEntity
  8
F-NIVEL
100
AcDbPolyline
 90
3
 70
1
 10
128.95197818459596
 20
3.16
 10
129.27197818459595
 20
3.16
 10
129.11197818459596
 20
3.0
  0
LINE
  5
393
330
17
100
AcDbEntity
  8
F-NIVEL
100
AcDbLine
 10
128.95197818459596
 20
3.16
 30
0.0
 11
130.91197818459597
 21
3.16
 31
0.0
  0
TEXT
  5
394
330
17
100
AcDbEntity
  8
F-NIVEL
100
AcDbText
 10
129.36197818459596
 20
3.22
 30
0.0
 40
0.19
  1
+3.00
  7
ARIAL
 11
129.36197818459596
 21
3.22
 31
0.0
100
AcDbText
 73
1
  0
LWPOLYLINE
  5
395
330
17
100
AcDbEntity
  8
F-NIVEL
100
AcDbPolyline
 90
3
 70
1
 10
128.95197818459596
 20
6.16
 10
129.27197818459595
 20
6.16
 10
129.11197818459596
 20
6.0
  0
LINE
  5
396
330
17
100
AcDbEntity
  8
F-NIVEL
100
AcDbLine
 10
128.95197818459596
 20
6.16
 30
0.0
 11
130.91197818459597
 21
6.16
 31
0.0
  0
TEXT
  5
397
330
17
100
AcDbEntity
  8
F-NIVEL
100
AcDbText
 10
129.36197818459596
 20
6.22
 30
0.0
 40
0.19
  1
+6.00
  7
ARIAL
 11
129.36197818459596
 21
6.22
 31
0.0
100
AcDbText
 73
1
  0
LWPOLYLINE
  5
398
330
17
100
AcDbEntity
  8
F-NIVEL
100
AcDbPolyline
 90
3
 70
1
 10
128.95197818459596
 20
9.76
 10
129.27197818459595
 20
9.76
 10
129.11197818459596
 20
9.6
  0
LINE
  5
399
330
17
100
AcDbEntity
  8
F-NIVEL
100
AcDbLine
 10
128.95197818459596
 20
9.76
 30
0.0
 11
130.91197818459597
 21
9.76
 31
0.0
  0
TEXT
  5
39A
330
17
100
AcDbEntity
  8
F-NIVEL
100
AcDbText
 10
129.36197818459596
 20
9.82
 30
0.0
 40
0.19
  1
+9.60 (PD)
  7
ARIAL
 11
129.36197818459596
 21
9.82
 31
0.0
100
AcDbText
 73
1
  0
DIMENSION
  5
39B
330
17
100
AcDbEntity
  8
F-COTA
100
AcDbDimension
280
0
  2
*D35
  3
COTA-100
 10
100.0
 20
10.4
 30
0.0
 11
101.03
 21
10.59
 31
0.0
 70
32
 71
5
  1
<>
100
AcDbAlignedDimension
 13
100.0
 23
10.4
 33
0.0
 14
102.06
 24
10.4
 34
0.0
 50
0.0
100
AcDbRotatedDimension
  0
DIMENSION
  5
3AA
330
17
100
AcDbEntity
  8
F-COTA
100
AcDbDimension
280
0
  2
*D36
  3
COTA-100
 10
102.06
 20
10.4
 30
0.0
 11
113.62
 21
10.59
 31
0.0
 70
32
 71
5
  1
<>
100
AcDbAlignedDimension
 13
102.06
 23
10.4
 33
0.0
 14
125.18
 24
10.4
 34
0.0
 50
0.0
100
AcDbRotatedDimension
  0
DIMENSION
  5
3B9
330
17
100
AcDbEntity
  8
F-COTA
100
AcDbDimension
280
0
  2
*D37
  3
COTA-100
 10
125.18
 20
10.4
 30
0.0
 11
126.84598909229798
 21
10.59
 31
0.0
 70
32
 71
5
  1
<>
100
AcDbAlignedDimension
 13
125.18
 23
10.4
 33
0.0
 14
128.51197818459596
 24
10.4
 34
0.0
 50
0.0
100
AcDbRotatedDimension
  0
LINE
  5
3C8
330
17
100
AcDbEntity
  8
A-EJES
 48
0.10000000000000002
100
AcDbLine
 10
102.135
 20
-1.0
 30
0.0
 11
102.135
 21
-1.1
 31
0.0
  0
CIRCLE
  5
3C9
330
17
100
AcDbEntity
  8
A-EJES-TXT
100
AcDbCircle
 10
102.135
 20
-1.4500000000000002
 30
0.0
 40
0.35000000000000003
  0
TEXT
  5
3CA
330
17
100
AcDbEntity
  8
A-EJES-TXT
100
AcDbText
 10
102.135
 20
-1.4500000000000002
 30
0.0
 40
0.30000000000000004
  1
1
  7
ARIAL
 72
1
 11
102.135
 21
-1.4500000000000002
 31
0.0
100
AcDbText
 73
2
  0
LINE
  5
3CB
330
17
100
AcDbEntity
  8
A-EJES
 48
0.10000000000000002
100
AcDbLine
 10
107.685
 20
-1.0
 30
0.0
 11
107.685
 21
-1.1
 31
0.0
  0
CIRCLE
  5
3CC
330
17
100
AcDbEntity
  8
A-EJES-TXT
100
AcDbCircle
 10
107.685
 20
-1.4500000000000002
 30
0.0
 40
0.35000000000000003
  0
TEXT
  5
3CD
330
17
100
AcDbEntity
  8
A-EJES-TXT
100
AcDbText
 10
107.685
 20
-1.4500000000000002
 30
0.0
 40
0.30000000000000004
  1
2
  7
ARIAL
 72
1
 11
107.685
 21
-1.4500000000000002
 31
0.0
100
AcDbText
 73
2
  0
LINE
  5
3CE
330
17
100
AcDbEntity
  8
A-EJES
 48
0.10000000000000002
100
AcDbLine
 10
110.33500000000001
 20
-1.0
 30
0.0
 11
110.33500000000001
 21
-1.1
 31
0.0
  0
CIRCLE
  5
3CF
330
17
100
AcDbEntity
  8
A-EJES-TXT
100
AcDbCircle
 10
110.33500000000001
 20
-1.4500000000000002
 30
0.0
 40
0.35000000000000003
  0
TEXT
  5
3D0
330
17
100
AcDbEntity
  8
A-EJES-TXT
100
AcDbText
 10
110.33500000000001
 20
-1.4500000000000002
 30
0.0
 40
0.30000000000000004
  1
3
  7
ARIAL
 72
1
 11
110.33500000000001
 21
-1.4500000000000002
 31
0.0
100
AcDbText
 73
2
  0
LINE
  5
3D1
330
17
100
AcDbEntity
  8
A-EJES
 48
0.10000000000000002
100
AcDbLine
 10
116.905
 20
-1.0
 30
0.0
 11
116.905
 21
-1.1
 31
0.0
  0
CIRCLE
  5
3D2
330
17
100
AcDbEntity
  8
A-EJES-TXT
100
AcDbCircle
 10
116.905
 20
-1.4500000000000002
 30
0.0
 40
0.35000000000000003
  0
TEXT
  5
3D3
330
17
100
AcDbEntity
  8
A-EJES-TXT
100
AcDbText
 10
116.905
 20
-1.4500000000000002
 30
0.0
 40
0.30000000000000004
  1
4
  7
ARIAL
 72
1
 11
116.905
 21
-1.4500000000000002
 31
0.0
100
AcDbText
 73
2
  0
LINE
  5
3D4
330
17
100
AcDbEntity
  8
A-EJES
 48
0.10000000000000002
100
AcDbLine
 10
119.555
 20
-1.0
 30
0.0
 11
119.555
 21
-1.1
 31
0.0
  0
CIRCLE
  5
3D5
330
17
100
AcDbEntity
  8
A-EJES-TXT
100
AcDbCircle
 10
119.555
 20
-1.4500000000000002
 30
0.0
 40
0.35000000000000003
  0
TEXT
  5
3D6
330
17
100
AcDbEntity
  8
A-EJES-TXT
100
AcDbText
 10
119.555
 20
-1.4500000000000002
 30
0.0
 40
0.30000000000000004
  1
5
  7
ARIAL
 72
1
 11
119.555
 21
-1.4500000000000002
 31
0.0
100
AcDbText
 73
2
  0
LINE
  5
3D7
330
17
100
AcDbEntity
  8
A-EJES
 48
0.10000000000000002
100
AcDbLine
 10
125.105
 20
-1.0
 30
0.0
 11
125.105
 21
-1.1
 31
0.0
  0
CIRCLE
  5
3D8
330
17
100
AcDbEntity
  8
A-EJES-TXT
100
AcDbCircle
 10
125.105
 20
-1.4500000000000002
 30
0.0
 40
0.35000000000000003
  0
TEXT
  5
3D9
330
17
100
AcDbEntity
  8
A-EJES-TXT
100
AcDbText
 10
125.105
 20
-1.4500000000000002
 30
0.0
 40
0.30000000000000004
  1
6
  7
ARIAL
 72
1
 11
125.105
 21
-1.4500000000000002
 31
0.0
100
AcDbText
 73
2
  0
VIEWPORT
  5
3DE
330
3DA
100
AcDbEntity
 67
1
  8
VIEWPORTS
100
AcDbViewport
 10
420.5
 20
297.0
 30
0.0
 40
925.1
 41
653.4000000000001
 68
1
 69
1
 12
420.5
 22
297.0
 13
0.0
 23
0.0
 14
10.0
 24
10.0
 15
10.0
 25
10.0
 16
0.0
 26
0.0
 36
1.0
 17
0.0
 27
0.0
 37
0.0
 42
50.0
 43
0.0
 44
0.0
 45
653.4000000000001
 50
0.0
 51
0.0
 72
100
 90
557088
  1

281
0
 71
0
 74
0
110
0.0
120
0.0
130
0.0
111
1.0
121
0.0
131
0.0
112
0.0
122
1.0
132
0.0
 79
0
146
0.0
282
0
  0
LWPOLYLINE
  5
3DF
330
3DA
100
AcDbEntity
 67
1
  8
A-VIEWPORT
100
AcDbPolyline
 90
4
 70
1
 10
0.0
 20
0.0
 10
841.0
 20
0.0
 10
841.0
 20
594.0
 10
0.0
 20
594.0
  0
LWPOLYLINE
  5
3E0
330
3DA
100
AcDbEntity
 67
1
  8
A-MARCO
100
AcDbPolyline
 90
4
 70
1
 10
25.0
 20
10.0
 10
831.0
 20
10.0
 10
831.0
 20
584.0
 10
25.0
 20
584.0
  0
TEXT
  5
3E1
330
3DA
100
AcDbEntity
 67
1
  8
A-TEXTO
100
AcDbText
 10
25.0
 20
4.0
 30
0.0
 40
1.8
  1
FORMATO A1  841 mm x 594 mm
  7
ARIAL
 11
25.0
 21
4.0
 31
0.0
100
AcDbText
  0
VIEWPORT
  5
3E2
330
3DA
100
AcDbEntity
 67
1
  8
A-VIEWPORT
100
AcDbViewport
 10
165.0
 20
420.0
 30
0.0
 40
260.0
 41
290.0
 68
2
 69
3
 12
4.75
 22
4.6
 13
0.0
 23
0.0
 14
10.0
 24
10.0
 15
10.0
 25
10.0
 16
0.0
 26
0.0
 36
1.0
 17
0.0
 27
0.0
 37
0.0
 42
50.0
 43
0.0
 44
0.0
 45
14.5
 50
0.0
 51
0.0
 72
100
 90
16384
  1

281
0
 71
0
 74
0
110
0.0
120
0.0
130
0.0
111
1.0
121
0.0
131
0.0
112
0.0
122
1.0
132
0.0
 79
0
146
0.0
282
0
  0
TEXT
  5
3E3
330
3DA
100
AcDbEntity
 67
1
  8
A-TITULOS
100
AcDbText
 10
40.0
 20
262.0
 30
0.0
 40
6.0
  1
FACHADA PRINCIPAL (NORTE)
  7
ARIAL
 11
40.0
 21
262.0
 31
0.0
100
AcDbText
 73
1
  0
LINE
  5
3E4
330
3DA
100
AcDbEntity
 67
1
  8
A-TITULOS
100
AcDbLine
 10
40.0
 20
260.5
 30
0.0
 11
170.0
 21
260.5
 31
0.0
  0
TEXT
  5
3E5
330
3DA
100
AcDbEntity
 67
1
  8
A-TEXTO
100
AcDbText
 10
40.0
 20
254.5
 30
0.0
 40
3.5
  1
VISTA DESDE LA CALLE
  7
ARIAL
 11
40.0
 21
254.5
 31
0.0
100
AcDbText
 73
1
  0
TEXT
  5
3E6
330
3DA
100
AcDbEntity
 67
1
  8
A-TEXTO
100
AcDbText
 10
40.0
 20
249.0
 30
0.0
 40
3.0
  1
Esc. 1:50
  7
ARIAL
 11
40.0
 21
249.0
 31
0.0
100
AcDbText
 73
1
  0
VIEWPORT
  5
3E7
330
3DA
100
AcDbEntity
 67
1
  8
A-VIEWPORT
100
AcDbViewport
 10
385.0
 20
420.0
 30
0.0
 40
170.0
 41
290.0
 68
2
 69
4
 12
34.75
 22
4.6
 13
0.0
 23
0.0
 14
10.0
 24
10.0
 15
10.0
 25
10.0
 16
0.0
 26
0.0
 36
1.0
 17
0.0
 27
0.0
 37
0.0
 42
50.0
 43
0.0
 44
0.0
 45
21.75
 50
0.0
 51
0.0
 72
100
 90
16384
  1

281
0
 71
0
 74
0
110
0.0
120
0.0
130
0.0
111
1.0
121
0.0
131
0.0
112
0.0
122
1.0
132
0.0
 79
0
146
0.0
282
0
  0
TEXT
  5
3E8
330
3DA
100
AcDbEntity
 67
1
  8
A-TITULOS
100
AcDbText
 10
305.0
 20
262.0
 30
0.0
 40
6.0
  1
FACHADA POSTERIOR (SUR)
  7
ARIAL
 11
305.0
 21
262.0
 31
0.0
100
AcDbText
 73
1
  0
LINE
  5
3E9
330
3DA
100
AcDbEntity
 67
1
  8
A-TITULOS
100
AcDbLine
 10
305.0
 20
260.5
 30
0.0
 11
435.0
 21
260.5
 31
0.0
  0
TEXT
  5
3EA
330
3DA
100
AcDbEntity
 67
1
  8
A-TEXTO
100
AcDbText
 10
305.0
 20
254.5
 30
0.0
 40
3.5
  1
VISTA DESDE EL PATIO POSTERIOR
  7
ARIAL
 11
305.0
 21
254.5
 31
0.0
100
AcDbText
 73
1
  0
TEXT
  5
3EB
330
3DA
100
AcDbEntity
 67
1
  8
A-TEXTO
100
AcDbText
 10
305.0
 20
249.0
 30
0.0
 40
3.0
  1
Esc. 1:75
  7
ARIAL
 11
305.0
 21
249.0
 31
0.0
100
AcDbText
 73
1
  0
VIEWPORT
  5
3EC
330
3DA
100
AcDbEntity
 67
1
  8
A-VIEWPORT
100
AcDbViewport
 10
198.0
 20
150.0
 30
0.0
 40
330.0
 41
150.0
 68
2
 69
5
 12
74.3
 22
4.4
 13
0.0
 23
0.0
 14
10.0
 24
10.0
 15
10.0
 25
10.0
 16
0.0
 26
0.0
 36
1.0
 17
0.0
 27
0.0
 37
0.0
 42
50.0
 43
0.0
 44
0.0
 45
15.0
 50
0.0
 51
0.0
 72
100
 90
16384
  1

281
0
 71
0
 74
0
110
0.0
120
0.0
130
0.0
111
1.0
121
0.0
131
0.0
112
0.0
122
1.0
132
0.0
 79
0
146
0.0
282
0
  0
TEXT
  5
3ED
330
3DA
100
AcDbEntity
 67
1
  8
A-TITULOS
100
AcDbText
 10
40.0
 20
70.0
 30
0.0
 40
6.0
  1
FACHADA LATERAL ESTE
  7
ARIAL
 11
40.0
 21
70.0
 31
0.0
100
AcDbText
 73
1
  0
LINE
  5
3EE
330
3DA
100
AcDbEntity
 67
1
  8
A-TITULOS
100
AcDbLine
 10
40.0
 20
68.5
 30
0.0
 11
150.0
 21
68.5
 31
0.0
  0
TEXT
  5
3EF
330
3DA
100
AcDbEntity
 67
1
  8
A-TEXTO
100
AcDbText
 10
40.0
 20
62.5
 30
0.0
 40
3.5
  1
MURO DE COLINDANCIA
  7
ARIAL
 11
40.0
 21
62.5
 31
0.0
100
AcDbText
 73
1
  0
TEXT
  5
3F0
330
3DA
100
AcDbEntity
 67
1
  8
A-TEXTO
100
AcDbText
 10
40.0
 20
57.0
 30
0.0
 40
3.0
  1
Esc. 1:100
  7
ARIAL
 11
40.0
 21
57.0
 31
0.0
100
AcDbText
 73
1
  0
VIEWPORT
  5
3F1
330
3DA
100
AcDbEntity
 67
1
  8
A-VIEWPORT
100
AcDbViewport
 10
530.0
 20
150.0
 30
0.0
 40
330.0
 41
150.0
 68
2
 69
6
 12
114.3
 22
4.4
 13
0.0
 23
0.0
 14
10.0
 24
10.0
 15
10.0
 25
10.0
 16
0.0
 26
0.0
 36
1.0
 17
0.0
 27
0.0
 37
0.0
 42
50.0
 43
0.0
 44
0.0
 45
15.0
 50
0.0
 51
0.0
 72
100
 90
16384
  1

281
0
 71
0
 74
0
110
0.0
120
0.0
130
0.0
111
1.0
121
0.0
131
0.0
112
0.0
122
1.0
132
0.0
 79
0
146
0.0
282
0
  0
TEXT
  5
3F2
330
3DA
100
AcDbEntity
 67
1
  8
A-TITULOS
100
AcDbText
 10
372.0
 20
70.0
 30
0.0
 40
6.0
  1
FACHADA LATERAL OESTE
  7
ARIAL
 11
372.0
 21
70.0
 31
0.0
100
AcDbText
 73
1
  0
LINE
  5
3F3
330
3DA
100
AcDbEntity
 67
1
  8
A-TITULOS
100
AcDbLine
 10
372.0
 20
68.5
 30
0.0
 11
482.0
 21
68.5
 31
0.0
  0
TEXT
  5
3F4
330
3DA
100
AcDbEntity
 67
1
  8
A-TEXTO
100
AcDbText
 10
372.0
 20
62.5
 30
0.0
 40
3.5
  1
MURO DE COLINDANCIA
  7
ARIAL
 11
372.0
 21
62.5
 31
0.0
100
AcDbText
 73
1
  0
TEXT
  5
3F5
330
3DA
100
AcDbEntity
 67
1
  8
A-TEXTO
100
AcDbText
 10
372.0
 20
57.0
 30
0.0
 40
3.0
  1
Esc. 1:100
  7
ARIAL
 11
372.0
 21
57.0
 31
0.0
100
AcDbText
 73
1
  0
LWPOLYLINE
  5
3F6
330
3DA
100
AcDbEntity
 67
1
  8
A-ESCALA-GRAF
100
AcDbPolyline
 90
4
 70
1
 10
40.0
 20
236.0
 10
60.0
 20
236.0
 10
60.0
 20
237.6
 10
40.0
 20
237.6
  0
HATCH
  5
3F7
330
3DA
100
AcDbEntity
 67
1
  8
A-ESCALA-GRAF
 62
7
100
AcDbHatch
 10
0.0
 20
0.0
 30
0.0
210
0.0
220
0.0
230
1.0
  2
SOLID
 70
1
 71
0
 91
1
 92
3
 72
0
 73
1
 93
4
 10
40.0
 20
236.0
 10
60.0
 20
236.0
 10
60.0
 20
237.6
 10
40.0
 20
237.6
 97
0
 75
0
 76
1
 98
0
  0
LWPOLYLINE
  5
3F8
330
3DA
100
AcDbEntity
 67
1
  8
A-ESCALA-GRAF
100
AcDbPolyline
 90
4
 70
1
 10
60.0
 20
236.0
 10
80.0
 20
236.0
 10
80.0
 20
237.6
 10
60.0
 20
237.6
  0
LWPOLYLINE
  5
3F9
330
3DA
100
AcDbEntity
 67
1
  8
A-ESCALA-GRAF
100
AcDbPolyline
 90
4
 70
1
 10
80.0
 20
236.0
 10
100.0
 20
236.0
 10
100.0
 20
237.6
 10
80.0
 20
237.6
  0
HATCH
  5
3FA
330
3DA
100
AcDbEntity
 67
1
  8
A-ESCALA-GRAF
 62
7
100
AcDbHatch
 10
0.0
 20
0.0
 30
0.0
210
0.0
220
0.0
230
1.0
  2
SOLID
 70
1
 71
0
 91
1
 92
3
 72
0
 73
1
 93
4
 10
80.0
 20
236.0
 10
100.0
 20
236.0
 10
100.0
 20
237.6
 10
80.0
 20
237.6
 97
0
 75
0
 76
1
 98
0
  0
LWPOLYLINE
  5
3FB
330
3DA
100
AcDbEntity
 67
1
  8
A-ESCALA-GRAF
100
AcDbPolyline
 90
4
 70
1
 10
100.0
 20
236.0
 10
120.0
 20
236.0
 10
120.0
 20
237.6
 10
100.0
 20
237.6
  0
LWPOLYLINE
  5
3FC
330
3DA
100
AcDbEntity
 67
1
  8
A-ESCALA-GRAF
100
AcDbPolyline
 90
4
 70
1
 10
120.0
 20
236.0
 10
140.0
 20
236.0
 10
140.0
 20
237.6
 10
120.0
 20
237.6
  0
HATCH
  5
3FD
330
3DA
100
AcDbEntity
 67
1
  8
A-ESCALA-GRAF
 62
7
100
AcDbHatch
 10
0.0
 20
0.0
 30
0.0
210
0.0
220
0.0
230
1.0
  2
SOLID
 70
1
 71
0
 91
1
 92
3
 72
0
 73
1
 93
4
 10
120.0
 20
236.0
 10
140.0
 20
236.0
 10
140.0
 20
237.6
 10
120.0
 20
237.6
 97
0
 75
0
 76
1
 98
0
  0
TEXT
  5
3FE
330
3DA
100
AcDbEntity
 67
1
  8
A-ESCALA-GRAF
100
AcDbText
 10
40.0
 20
234.8
 30
0.0
 40
1.87
  1
0
  7
ARIAL
 72
1
 11
40.0
 21
234.8
 31
0.0
100
AcDbText
 73
3
  0
TEXT
  5
3FF
330
3DA
100
AcDbEntity
 67
1
  8
A-ESCALA-GRAF
100
AcDbText
 10
60.0
 20
234.8
 30
0.0
 40
1.87
  1
1
  7
ARIAL
 72
1
 11
60.0
 21
234.8
 31
0.0
100
AcDbText
 73
3
  0
TEXT
  5
400
330
3DA
100
AcDbEntity
 67
1
  8
A-ESCALA-GRAF
100
AcDbText
 10
80.0
 20
234.8
 30
0.0
 40
1.87
  1
2
  7
ARIAL
 72
1
 11
80.0
 21
234.8
 31
0.0
100
AcDbText
 73
3
  0
TEXT
  5
401
330
3DA
100
AcDbEntity
 67
1
  8
A-ESCALA-GRAF
100
AcDbText
 10
100.0
 20
234.8
 30
0.0
 40
1.87
  1
3
  7
ARIAL
 72
1
 11
100.0
 21
234.8
 31
0.0
100
AcDbText
 73
3
  0
TEXT
  5
402
330
3DA
100
AcDbEntity
 67
1
  8
A-ESCALA-GRAF
100
AcDbText
 10
120.0
 20
234.8
 30
0.0
 40
1.87
  1
4
  7
ARIAL
 72
1
 11
120.0
 21
234.8
 31
0.0
100
AcDbText
 73
3
  0
TEXT
  5
403
330
3DA
100
AcDbEntity
 67
1
  8
A-ESCALA-GRAF
100
AcDbText
 10
140.0
 20
234.8
 30
0.0
 40
1.87
  1
5
  7
ARIAL
 72
1
 11
140.0
 21
234.8
 31
0.0
100
AcDbText
 73
3
  0
TEXT
  5
404
330
3DA
100
AcDbEntity
 67
1
  8
A-ESCALA-GRAF
100
AcDbText
 10
143.0
 20
236.8
 30
0.0
 40
1.87
  1
m
  7
ARIAL
 11
143.0
 21
236.8
 31
0.0
100
AcDbText
 73
2
  0
LWPOLYLINE
  5
405
330
3DA
100
AcDbEntity
 67
1
  8
A-ESCALA-GRAF
100
AcDbPolyline
 90
4
 70
1
 10
305.0
 20
236.0
 10
318.3333333333333
 20
236.0
 10
318.3333333333333
 20
237.6
 10
305.0
 20
237.6
  0
HATCH
  5
406
330
3DA
100
AcDbEntity
 67
1
  8
A-ESCALA-GRAF
 62
7
100
AcDbHatch
 10
0.0
 20
0.0
 30
0.0
210
0.0
220
0.0
230
1.0
  2
SOLID
 70
1
 71
0
 91
1
 92
3
 72
0
 73
1
 93
4
 10
305.0
 20
236.0
 10
318.3333333333333
 20
236.0
 10
318.3333333333333
 20
237.6
 10
305.0
 20
237.6
 97
0
 75
0
 76
1
 98
0
  0
LWPOLYLINE
  5
407
330
3DA
100
AcDbEntity
 67
1
  8
A-ESCALA-GRAF
100
AcDbPolyline
 90
4
 70
1
 10
318.3333333333333
 20
236.0
 10
331.66666666666663
 20
236.0
 10
331.66666666666663
 20
237.6
 10
318.3333333333333
 20
237.6
  0
LWPOLYLINE
  5
408
330
3DA
100
AcDbEntity
 67
1
  8
A-ESCALA-GRAF
100
AcDbPolyline
 90
4
 70
1
 10
331.6666666666667
 20
236.0
 10
345.0
 20
236.0
 10
345.0
 20
237.6
 10
331.6666666666667
 20
237.6
  0
HATCH
  5
409
330
3DA
100
AcDbEntity
 67
1
  8
A-ESCALA-GRAF
 62
7
100
AcDbHatch
 10
0.0
 20
0.0
 30
0.0
210
0.0
220
0.0
230
1.0
  2
SOLID
 70
1
 71
0
 91
1
 92
3
 72
0
 73
1
 93
4
 10
331.6666666666667
 20
236.0
 10
345.0
 20
236.0
 10
345.0
 20
237.6
 10
331.6666666666667
 20
237.6
 97
0
 75
0
 76
1
 98
0
  0
LWPOLYLINE
  5
40A
330
3DA
100
AcDbEntity
 67
1
  8
A-ESCALA-GRAF
100
AcDbPolyline
 90
4
 70
1
 10
345.0
 20
236.0
 10
358.3333333333333
 20
236.0
 10
358.3333333333333
 20
237.6
 10
345.0
 20
237.6
  0
LWPOLYLINE
  5
40B
330
3DA
100
AcDbEntity
 67
1
  8
A-ESCALA-GRAF
100
AcDbPolyline
 90
4
 70
1
 10
358.3333333333333
 20
236.0
 10
371.66666666666663
 20
236.0
 10
371.66666666666663
 20
237.6
 10
358.3333333333333
 20
237.6
  0
HATCH
  5
40C
330
3DA
100
AcDbEntity
 67
1
  8
A-ESCALA-GRAF
 62
7
100
AcDbHatch
 10
0.0
 20
0.0
 30
0.0
210
0.0
220
0.0
230
1.0
  2
SOLID
 70
1
 71
0
 91
1
 92
3
 72
0
 73
1
 93
4
 10
358.3333333333333
 20
236.0
 10
371.66666666666663
 20
236.0
 10
371.66666666666663
 20
237.6
 10
358.3333333333333
 20
237.6
 97
0
 75
0
 76
1
 98
0
  0
TEXT
  5
40D
330
3DA
100
AcDbEntity
 67
1
  8
A-ESCALA-GRAF
100
AcDbText
 10
305.0
 20
234.8
 30
0.0
 40
1.87
  1
0
  7
ARIAL
 72
1
 11
305.0
 21
234.8
 31
0.0
100
AcDbText
 73
3
  0
TEXT
  5
40E
330
3DA
100
AcDbEntity
 67
1
  8
A-ESCALA-GRAF
100
AcDbText
 10
318.3333333333333
 20
234.8
 30
0.0
 40
1.87
  1
1
  7
ARIAL
 72
1
 11
318.3333333333333
 21
234.8
 31
0.0
100
AcDbText
 73
3
  0
TEXT
  5
40F
330
3DA
100
AcDbEntity
 67
1
  8
A-ESCALA-GRAF
100
AcDbText
 10
331.6666666666667
 20
234.8
 30
0.0
 40
1.87
  1
2
  7
ARIAL
 72
1
 11
331.6666666666667
 21
234.8
 31
0.0
100
AcDbText
 73
3
  0
TEXT
  5
410
330
3DA
100
AcDbEntity
 67
1
  8
A-ESCALA-GRAF
100
AcDbText
 10
345.0
 20
234.8
 30
0.0
 40
1.87
  1
3
  7
ARIAL
 72
1
 11
345.0
 21
234.8
 31
0.0
100
AcDbText
 73
3
  0
TEXT
  5
411
330
3DA
100
AcDbEntity
 67
1
  8
A-ESCALA-GRAF
100
AcDbText
 10
358.3333333333333
 20
234.8
 30
0.0
 40
1.87
  1
4
  7
ARIAL
 72
1
 11
358.3333333333333
 21
234.8
 31
0.0
100
AcDbText
 73
3
  0
TEXT
  5
412
330
3DA
100
AcDbEntity
 67
1
  8
A-ESCALA-GRAF
100
AcDbText
 10
371.6666666666667
 20
234.8
 30
0.0
 40
1.87
  1
5
  7
ARIAL
 72
1
 11
371.6666666666667
 21
234.8
 31
0.0
100
AcDbText
 73
3
  0
TEXT
  5
413
330
3DA
100
AcDbEntity
 67
1
  8
A-ESCALA-GRAF
100
AcDbText
 10
374.6666666666667
 20
236.8
 30
0.0
 40
1.87
  1
m
  7
ARIAL
 11
374.6666666666667
 21
236.8
 31
0.0
100
AcDbText
 73
2
  0
LWPOLYLINE
  5
414
330
3DA
100
AcDbEntity
 67
1
  8
A-ESCALA-GRAF
100
AcDbPolyline
 90
4
 70
1
 10
230.0
 20
52.0
 10
250.0
 20
52.0
 10
250.0
 20
53.6
 10
230.0
 20
53.6
  0
HATCH
  5
415
330
3DA
100
AcDbEntity
 67
1
  8
A-ESCALA-GRAF
 62
7
100
AcDbHatch
 10
0.0
 20
0.0
 30
0.0
210
0.0
220
0.0
230
1.0
  2
SOLID
 70
1
 71
0
 91
1
 92
3
 72
0
 73
1
 93
4
 10
230.0
 20
52.0
 10
250.0
 20
52.0
 10
250.0
 20
53.6
 10
230.0
 20
53.6
 97
0
 75
0
 76
1
 98
0
  0
LWPOLYLINE
  5
416
330
3DA
100
AcDbEntity
 67
1
  8
A-ESCALA-GRAF
100
AcDbPolyline
 90
4
 70
1
 10
250.0
 20
52.0
 10
270.0
 20
52.0
 10
270.0
 20
53.6
 10
250.0
 20
53.6
  0
LWPOLYLINE
  5
417
330
3DA
100
AcDbEntity
 67
1
  8
A-ESCALA-GRAF
100
AcDbPolyline
 90
4
 70
1
 10
270.0
 20
52.0
 10
290.0
 20
52.0
 10
290.0
 20
53.6
 10
270.0
 20
53.6
  0
HATCH
  5
418
330
3DA
100
AcDbEntity
 67
1
  8
A-ESCALA-GRAF
 62
7
100
AcDbHatch
 10
0.0
 20
0.0
 30
0.0
210
0.0
220
0.0
230
1.0
  2
SOLID
 70
1
 71
0
 91
1
 92
3
 72
0
 73
1
 93
4
 10
270.0
 20
52.0
 10
290.0
 20
52.0
 10
290.0
 20
53.6
 10
270.0
 20
53.6
 97
0
 75
0
 76
1
 98
0
  0
LWPOLYLINE
  5
419
330
3DA
100
AcDbEntity
 67
1
  8
A-ESCALA-GRAF
100
AcDbPolyline
 90
4
 70
1
 10
290.0
 20
52.0
 10
310.0
 20
52.0
 10
310.0
 20
53.6
 10
290.0
 20
53.6
  0
LWPOLYLINE
  5
41A
330
3DA
100
AcDbEntity
 67
1
  8
A-ESCALA-GRAF
100
AcDbPolyline
 90
4
 70
1
 10
310.0
 20
52.0
 10
330.0
 20
52.0
 10
330.0
 20
53.6
 10
310.0
 20
53.6
  0
HATCH
  5
41B
330
3DA
100
AcDbEntity
 67
1
  8
A-ESCALA-GRAF
 62
7
100
AcDbHatch
 10
0.0
 20
0.0
 30
0.0
210
0.0
220
0.0
230
1.0
  2
SOLID
 70
1
 71
0
 91
1
 92
3
 72
0
 73
1
 93
4
 10
310.0
 20
52.0
 10
330.0
 20
52.0
 10
330.0
 20
53.6
 10
310.0
 20
53.6
 97
0
 75
0
 76
1
 98
0
  0
TEXT
  5
41C
330
3DA
100
AcDbEntity
 67
1
  8
A-ESCALA-GRAF
100
AcDbText
 10
230.0
 20
50.8
 30
0.0
 40
1.87
  1
0
  7
ARIAL
 72
1
 11
230.0
 21
50.8
 31
0.0
100
AcDbText
 73
3
  0
TEXT
  5
41D
330
3DA
100
AcDbEntity
 67
1
  8
A-ESCALA-GRAF
100
AcDbText
 10
250.0
 20
50.8
 30
0.0
 40
1.87
  1
2
  7
ARIAL
 72
1
 11
250.0
 21
50.8
 31
0.0
100
AcDbText
 73
3
  0
TEXT
  5
41E
330
3DA
100
AcDbEntity
 67
1
  8
A-ESCALA-GRAF
100
AcDbText
 10
270.0
 20
50.8
 30
0.0
 40
1.87
  1
4
  7
ARIAL
 72
1
 11
270.0
 21
50.8
 31
0.0
100
AcDbText
 73
3
  0
TEXT
  5
41F
330
3DA
100
AcDbEntity
 67
1
  8
A-ESCALA-GRAF
100
AcDbText
 10
290.0
 20
50.8
 30
0.0
 40
1.87
  1
6
  7
ARIAL
 72
1
 11
290.0
 21
50.8
 31
0.0
100
AcDbText
 73
3
  0
TEXT
  5
420
330
3DA
100
AcDbEntity
 67
1
  8
A-ESCALA-GRAF
100
AcDbText
 10
310.0
 20
50.8
 30
0.0
 40
1.87
  1
8
  7
ARIAL
 72
1
 11
310.0
 21
50.8
 31
0.0
100
AcDbText
 73
3
  0
TEXT
  5
421
330
3DA
100
AcDbEntity
 67
1
  8
A-ESCALA-GRAF
100
AcDbText
 10
330.0
 20
50.8
 30
0.0
 40
1.87
  1
10
  7
ARIAL
 72
1
 11
330.0
 21
50.8
 31
0.0
100
AcDbText
 73
3
  0
TEXT
  5
422
330
3DA
100
AcDbEntity
 67
1
  8
A-ESCALA-GRAF
100
AcDbText
 10
333.0
 20
52.8
 30
0.0
 40
1.87
  1
m
  7
ARIAL
 11
333.0
 21
52.8
 31
0.0
100
AcDbText
 73
2
  0
TEXT
  5
423
330
3DA
100
AcDbEntity
 67
1
  8
A-TITULOS
100
AcDbText
 10
485.0
 20
572.0
 30
0.0
 40
3.5
  1
NOTAS:
  7
ARIAL
 11
485.0
 21
572.0
 31
0.0
100
AcDbText
 73
3
  0
MTEXT
  5
424
330
3DA
100
AcDbEntity
 67
1
  8
A-NOTAS
100
AcDbMText
 10
485.0
 20
566.0
 30
0.0
 40
2.1
 41
218.0
 71
1
  1
1.- TODAS LAS MEDIDAS ESTÁN DADAS EN METROS, SALVO INDICACIÓN CONTRARIA. [PR]
  7
ARIAL
  0
MTEXT
  5
425
330
3DA
100
AcDbEntity
 67
1
  8
A-NOTAS
100
AcDbMText
 10
485.0
 20
561.8
 30
0.0
 40
2.1
 41
218.0
 71
1
  1
2.- LA TAPIA COLINDANTE DE MAMPOSTERÍA DEBERÁ PROLONGARSE HASTA EL NIVEL DE LA VIGA CORONA DEL ÚLTIMO NIVEL, GARANTIZANDO EL APANTALLAMIENTO VISUAL PERMANENTE HACIA LA PROPIEDAD COLINDANTE.
  7
ARIAL
  0
MTEXT
  5
426
330
3DA
100
AcDbEntity
 67
1
  8
A-NOTAS
100
AcDbMText
 10
485.0
 20
554.555
 30
0.0
 40
2.1
 41
218.0
 71
1
  1
3.- LOS BAÑOS CONTARÁN CON EXTRACTOR MECÁNICO DE AIRE.
  7
ARIAL
  0
MTEXT
  5
427
330
3DA
100
AcDbEntity
 67
1
  8
A-NOTAS
100
AcDbMText
 10
485.0
 20
550.3549999999999
 30
0.0
 40
2.1
 41
218.0
 71
1
  1
4.- NIVELES: NPT N1 ±0.00 (ACERA), N2 +3.00, N3 +6.00. CUBIERTA +9.00 Y PRETIL +9.60 SON PRELIMINARES (PD = POR DEFINIR CON EL DISEÑO DE TECHOS Y LA ALTURA MÁXIMA MUNICIPAL).
  7
ARIAL
  0
MTEXT
  5
428
330
3DA
100
AcDbEntity
 67
1
  8
A-NOTAS
100
AcDbMText
 10
485.0
 20
543.1099999999999
 30
0.0
 40
2.1
 41
218.0
 71
1
  1
5.- FACHADA PRINCIPAL: VENTANAS DE PISO A 2.20 m SOBRE NPT, ALINEADAS ENTRE NIVELES, CON FRANJA OPACA HASTA LA LOSA SUPERIOR (VIGAS). COMPOSICIÓN BASE PARA EL DISEÑO MODERNO.
  7
ARIAL
  0
MTEXT
  5
429
330
3DA
100
AcDbEntity
 67
1
  8
A-NOTAS
100
AcDbMText
 10
485.0
 20
535.8649999999999
 30
0.0
 40
2.1
 41
218.0
 71
1
  1
6.- VENTANAS DESDE EL PISO EN NIVELES 2 Y 3: VIDRIO DE SEGURIDAD (TEMPLADO O LAMINADO) Y PROTECCIÓN CONTRA CAÍDAS EN LA PARTE INFERIOR (PAÑO FIJO LAMINADO HASTA 0.90 m O BARANDA INTERIOR). VERIFICAR CON LA NORMATIVA VIGENTE.
  7
ARIAL
  0
MTEXT
  5
42A
330
3DA
100
AcDbEntity
 67
1
  8
A-NOTAS
100
AcDbMText
 10
485.0
 20
528.6199999999999
 30
0.0
 40
2.1
 41
218.0
 71
1
  1
7.- BAÑOS: VIDRIO ARENADO (SANDBLAST) TEMPLADO. EN LA ZONA DE DUCHA EL VIDRIO DEBE QUEDAR SELLADO Y CON ANTEPECHO IMPERMEABLE O PANEL OPACO INTERIOR (POR DEFINIR).
  7
ARIAL
  0
MTEXT
  5
42B
330
3DA
100
AcDbEntity
 67
1
  8
A-NOTAS
100
AcDbMText
 10
485.0
 20
521.3749999999999
 30
0.0
 40
2.1
 41
218.0
 71
1
  1
8.- FACHADA POSTERIOR: ANTEPECHO 0.90 m EN SALA Y DORMITORIO; 1.60 m EN BAÑO Y WALK-IN.
  7
ARIAL
  0
MTEXT
  5
42C
330
3DA
100
AcDbEntity
 67
1
  8
A-NOTAS
100
AcDbMText
 10
485.0
 20
517.1749999999998
 30
0.0
 40
2.1
 41
218.0
 71
1
  1
9.- FACHADAS LATERALES SOBRE COLINDANCIA: MUROS CIEGOS.
  7
ARIAL
  0
MTEXT
  5
42D
330
3DA
100
AcDbEntity
 67
1
  8
A-NOTAS
100
AcDbMText
 10
485.0
 20
512.9749999999998
 30
0.0
 40
2.1
 41
218.0
 71
1
  1
10.- PORTÓN Y PUERTA PEATONAL CON ALTURA PRELIMINAR DE 2.40 m. TIPOS DE VENTANAS Y PUERTAS EN LÁMINAS A7 A A9; ACABADOS DE FACHADA EN LÁMINA A10.
  7
ARIAL
  0
MTEXT
  5
42E
330
3DA
100
AcDbEntity
 67
1
  8
A-NOTAS
100
AcDbMText
 10
485.0
 20
505.7299999999998
 30
0.0
 40
2.1
 41
218.0
 71
1
  1
[PR] = NOTA TOMADA DEL PROYECTO DE REFERENCIA, PENDIENTE DE REVISIÓN.
  7
ARIAL
  0
TEXT
  5
42F
330
3DA
100
AcDbEntity
 67
1
  8
A-TITULOS
100
AcDbText
 10
485.0
 20
497.5299999999998
 30
0.0
 40
3.5
  1
SIMBOLOGÍA:
  7
ARIAL
 11
485.0
 21
497.5299999999998
 31
0.0
100
AcDbText
 73
3
  0
LWPOLYLINE
  5
430
330
3DA
100
AcDbEntity
 67
1
  8
F-VANOS
100
AcDbPolyline
 90
4
 70
1
 10
485.0
 20
484.5299999999998
 10
499.0
 20
484.5299999999998
 10
499.0
 20
490.5299999999998
 10
485.0
 20
490.5299999999998
  0
LINE
  5
431
330
3DA
100
AcDbEntity
 67
1
  8
F-VIDRIO
100
AcDbLine
 10
490.0
 20
486.0299999999998
 30
0.0
 11
493.0
 21
489.0299999999998
 31
0.0
  0
LINE
  5
432
330
3DA
100
AcDbEntity
 67
1
  8
F-VIDRIO
100
AcDbLine
 10
492.0
 20
486.0299999999998
 30
0.0
 11
495.0
 21
489.0299999999998
 31
0.0
  0
TEXT
  5
433
330
3DA
100
AcDbEntity
 67
1
  8
A-TEXTO
100
AcDbText
 10
503.0
 20
487.5299999999998
 30
0.0
 40
2.3
  1
VIDRIO CLARO
  7
ARIAL
 11
503.0
 21
487.5299999999998
 31
0.0
100
AcDbText
 73
2
  0
LWPOLYLINE
  5
434
330
3DA
100
AcDbEntity
 67
1
  8
F-VANOS
100
AcDbPolyline
 90
4
 70
1
 10
485.0
 20
475.5299999999998
 10
499.0
 20
475.5299999999998
 10
499.0
 20
481.5299999999998
 10
485.0
 20
481.5299999999998
  0
HATCH
  5
435
330
3DA
100
AcDbEntity
 67
1
  8
F-TRAMA
 62
7
100
AcDbHatch
 10
0.0
 20
0.0
 30
0.0
210
0.0
220
0.0
230
1.0
  2
DOTS
 70
0
 71
0
 91
1
 92
3
 72
0
 73
1
 93
4
 10
485.0
 20
475.5299999999998
 10
499.0
 20
475.5299999999998
 10
499.0
 20
481.5299999999998
 10
485.0
 20
481.5299999999998
 97
0
 75
1
 76
1
 52
0.0
 41
0.95
 77
0
 78
1
 53
0.0
 43
0.0
 44
0.0
 45
0.7540625
 46
1.508125
 79
2
 49
0.0
 49
-1.508125
 98
0
  0
TEXT
  5
436
330
3DA
100
AcDbEntity
 67
1
  8
A-TEXTO
100
AcDbText
 10
503.0
 20
478.5299999999998
 30
0.0
 40
2.3
  1
VIDRIO ARENADO (SANDBLAST)
  7
ARIAL
 11
503.0
 21
478.5299999999998
 31
0.0
100
AcDbText
 73
2
  0
LINE
  5
437
330
3DA
100
AcDbEntity
 67
1
  8
F-OCULTO
 48
1.5
100
AcDbLine
 10
485.0
 20
469.5299999999998
 30
0.0
 11
499.0
 21
469.5299999999998
 31
0.0
  0
TEXT
  5
438
330
3DA
100
AcDbEntity
 67
1
  8
A-TEXTO
100
AcDbText
 10
503.0
 20
469.5299999999998
 30
0.0
 40
2.3
  1
LÍNEA OCULTA (LOSA / NIVEL)
  7
ARIAL
 11
503.0
 21
469.5299999999998
 31
0.0
100
AcDbText
 73
2
  0
INSERT
  5
480
330
3DA
100
AcDbEntity
 67
1
  8
A-CAJETIN
100
AcDbBlockReference
 66
1
  2
CAJETIN_A1
 10
711.0
 20
10.0
 30
0.0
  0
ATTRIB
  5
482
330
3DA
100
AcDbEntity
 67
1
  8
A-CAJETIN-TXT
100
AcDbText
 10
771.0
 20
261.6
 30
0.0
 40
3.2
  1
CivilCon Diseño y Construcción SRLTDA
  7
ARIAL
 72
1
 11
771.0
 21
261.6
 31
0.0
100
AcDbAttribute
  2
EMPRESA
 70
0
 74
3
 71
1
 72
0
 11
771.0
 21
261.6
 31
0.0
  0
ATTRIB
  5
483
330
3DA
100
AcDbEntity
 67
1
  8
A-CAJETIN-TXT
100
AcDbText
 10
771.0
 20
255.6
 30
0.0
 40
2.5
  1
Céd. Jurídica: 3-102-762712
  7
ARIAL
 72
1
 11
771.0
 21
255.6
 31
0.0
100
AcDbAttribute
  2
EMPRESA_CED
 70
0
 74
3
 71
1
 72
0
 11
771.0
 21
255.6
 31
0.0
  0
ATTRIB
  5
484
330
3DA
100
AcDbEntity
 67
1
  8
A-CAJETIN-TXT
100
AcDbText
 10
714.0
 20
240.1
 30
0.0
 40
2.6
  1
DIRECTOR TÉCNICO:
  7
ARIAL
 11
714.0
 21
240.1
 31
0.0
100
AcDbAttribute
  2
PROF_1
 70
0
 74
3
 71
1
 72
0
 11
714.0
 21
240.1
 31
0.0
  0
ATTRIB
  5
485
330
3DA
100
AcDbEntity
 67
1
  8
A-CAJETIN-TXT
100
AcDbText
 10
714.0
 20
235.6
 30
0.0
 40
2.6
  1
Steven Viales (Civil) IC-40759
  7
ARIAL
 11
714.0
 21
235.6
 31
0.0
100
AcDbAttribute
  2
PROF_2
 70
0
 74
3
 71
1
 72
0
 11
714.0
 21
235.6
 31
0.0
  0
ATTRIB
  5
486
330
3DA
100
AcDbEntity
 67
1
  8
A-CAJETIN-TXT
100
AcDbText
 10
714.0
 20
231.1
 30
0.0
 40
2.6
  1
David Barrantes (Electricidad) IE-27499
  7
ARIAL
 11
714.0
 21
231.1
 31
0.0
100
AcDbAttribute
  2
PROF_3
 70
0
 74
3
 71
1
 72
0
 11
714.0
 21
231.1
 31
0.0
  0
ATTRIB
  5
487
330
3DA
100
AcDbEntity
 67
1
  8
A-CAJETIN-TXT
100
AcDbText
 10
714.0
 20
218.1
 30
0.0
 40
4.2
  1
VIVIENDA UNIFAMILIAR
  7
ARIAL
 11
714.0
 21
218.1
 31
0.0
100
AcDbAttribute
  2
PROYECTO
 70
0
 74
3
 71
1
 72
0
 11
714.0
 21
218.1
 31
0.0
  0
ATTRIB
  5
488
330
3DA
100
AcDbEntity
 67
1
  8
A-CAJETIN-TXT
100
AcDbText
 10
714.0
 20
211.1
 30
0.0
 40
2.5
  1
DISTRITO 03 SANTIAGO, CANTÓN 05 SAN RAFAEL,
  7
ARIAL
 11
714.0
 21
211.1
 31
0.0
100
AcDbAttribute
  2
UBIC_1
 70
0
 74
3
 71
1
 72
0
 11
714.0
 21
211.1
 31
0.0
  0
ATTRIB
  5
489
330
3DA
100
AcDbEntity
 67
1
  8
A-CAJETIN-TXT
100
AcDbText
 10
714.0
 20
206.6
 30
0.0
 40
2.5
  1
PROVINCIA 04 HEREDIA, COSTA RICA.
  7
ARIAL
 11
714.0
 21
206.6
 31
0.0
100
AcDbAttribute
  2
UBIC_2
 70
0
 74
3
 71
1
 72
0
 11
714.0
 21
206.6
 31
0.0
  0
ATTRIB
  5
48A
330
3DA
100
AcDbEntity
 67
1
  8
A-CAJETIN-TXT
100
AcDbText
 10
714.0
 20
202.1
 30
0.0
 40
2.5
  1

  7
ARIAL
 11
714.0
 21
202.1
 31
0.0
100
AcDbAttribute
  2
UBIC_3
 70
0
 74
3
 71
1
 72
0
 11
714.0
 21
202.1
 31
0.0
  0
ATTRIB
  5
48B
330
3DA
100
AcDbEntity
 67
1
  8
A-CAJETIN-TXT
100
AcDbText
 10
714.0
 20
189.1
 30
0.0
 40
2.5
  1
FOLIO REAL: 4-041200-000
  7
ARIAL
 11
714.0
 21
189.1
 31
0.0
100
AcDbAttribute
  2
REG_1
 70
0
 74
3
 71
1
 72
0
 11
714.0
 21
189.1
 31
0.0
  0
ATTRIB
  5
48C
330
3DA
100
AcDbEntity
 67
1
  8
A-CAJETIN-TXT
100
AcDbText
 10
714.0
 20
184.6
 30
0.0
 40
2.5
  1
PLANO CATASTRADO: 4-57389-2023
  7
ARIAL
 11
714.0
 21
184.6
 31
0.0
100
AcDbAttribute
  2
REG_2
 70
0
 74
3
 71
1
 72
0
 11
714.0
 21
184.6
 31
0.0
  0
ATTRIB
  5
48D
330
3DA
100
AcDbEntity
 67
1
  8
A-CAJETIN-TXT
100
AcDbText
 10
714.0
 20
180.1
 30
0.0
 40
2.5
  1
ÁREA SEGÚN CATASTRO: 256 m²
  7
ARIAL
 11
714.0
 21
180.1
 31
0.0
100
AcDbAttribute
  2
REG_3
 70
0
 74
3
 71
1
 72
0
 11
714.0
 21
180.1
 31
0.0
  0
ATTRIB
  5
48E
330
3DA
100
AcDbEntity
 67
1
  8
A-CAJETIN-TXT
100
AcDbText
 10
714.0
 20
167.1
 30
0.0
 40
5.0
  1
FACHADAS
  7
ARIAL
 11
714.0
 21
167.1
 31
0.0
100
AcDbAttribute
  2
CONT_TIT
 70
0
 74
3
 71
1
 72
0
 11
714.0
 21
167.1
 31
0.0
  0
ATTRIB
  5
48F
330
3DA
100
AcDbEntity
 67
1
  8
A-CAJETIN-TXT
100
AcDbText
 10
714.0
 20
159.6
 30
0.0
 40
3.0
  1
FACHADA PRINCIPAL (NORTE).
  7
ARIAL
 11
714.0
 21
159.6
 31
0.0
100
AcDbAttribute
  2
CONT_1
 70
0
 74
3
 71
1
 72
0
 11
714.0
 21
159.6
 31
0.0
  0
ATTRIB
  5
490
330
3DA
100
AcDbEntity
 67
1
  8
A-CAJETIN-TXT
100
AcDbText
 10
714.0
 20
154.1
 30
0.0
 40
3.0
  1
FACHADA POSTERIOR (SUR).
  7
ARIAL
 11
714.0
 21
154.1
 31
0.0
100
AcDbAttribute
  2
CONT_2
 70
0
 74
3
 71
1
 72
0
 11
714.0
 21
154.1
 31
0.0
  0
ATTRIB
  5
491
330
3DA
100
AcDbEntity
 67
1
  8
A-CAJETIN-TXT
100
AcDbText
 10
714.0
 20
148.6
 30
0.0
 40
3.0
  1
FACHADA LATERAL ESTE.
  7
ARIAL
 11
714.0
 21
148.6
 31
0.0
100
AcDbAttribute
  2
CONT_3
 70
0
 74
3
 71
1
 72
0
 11
714.0
 21
148.6
 31
0.0
  0
ATTRIB
  5
492
330
3DA
100
AcDbEntity
 67
1
  8
A-CAJETIN-TXT
100
AcDbText
 10
714.0
 20
143.1
 30
0.0
 40
3.0
  1
FACHADA LATERAL OESTE.
  7
ARIAL
 11
714.0
 21
143.1
 31
0.0
100
AcDbAttribute
  2
CONT_4
 70
0
 74
3
 71
1
 72
0
 11
714.0
 21
143.1
 31
0.0
  0
ATTRIB
  5
493
330
3DA
100
AcDbEntity
 67
1
  8
A-CAJETIN-TXT
100
AcDbText
 10
714.0
 20
137.6
 30
0.0
 40
3.0
  1
NOTAS.
  7
ARIAL
 11
714.0
 21
137.6
 31
0.0
100
AcDbAttribute
  2
CONT_5
 70
0
 74
3
 71
1
 72
0
 11
714.0
 21
137.6
 31
0.0
  0
ATTRIB
  5
494
330
3DA
100
AcDbEntity
 67
1
  8
A-CAJETIN-TXT
100
AcDbText
 10
714.0
 20
132.1
 30
0.0
 40
3.0
  1

  7
ARIAL
 11
714.0
 21
132.1
 31
0.0
100
AcDbAttribute
  2
CONT_6
 70
0
 74
3
 71
1
 72
0
 11
714.0
 21
132.1
 31
0.0
  0
ATTRIB
  5
495
330
3DA
100
AcDbEntity
 67
1
  8
A-CAJETIN-TXT
100
AcDbText
 10
736.0
 20
122.1
 30
0.0
 40
2.2
  1
1:50 / INDICADAS
  7
ARIAL
 11
736.0
 21
122.1
 31
0.0
100
AcDbAttribute
  2
ESCALAS
 70
0
 74
3
 71
1
 72
0
 11
736.0
 21
122.1
 31
0.0
  0
ATTRIB
  5
496
330
3DA
100
AcDbEntity
 67
1
  8
A-CAJETIN-TXT
100
AcDbText
 10
717.0
 20
104.0
 30
0.0
 40
2.0
  1
0
  7
ARIAL
 72
1
 11
717.0
 21
104.0
 31
0.0
100
AcDbAttribute
  2
REV0_N
 70
0
 74
2
 71
1
 72
0
 11
717.0
 21
104.0
 31
0.0
  0
ATTRIB
  5
497
330
3DA
100
AcDbEntity
 67
1
  8
A-CAJETIN-TXT
100
AcDbText
 10
734.0
 20
104.0
 30
0.0
 40
2.0
  1
06-10-2026
  7
ARIAL
 72
1
 11
734.0
 21
104.0
 31
0.0
100
AcDbAttribute
  2
REV0_F
 70
0
 74
2
 71
1
 72
0
 11
734.0
 21
104.0
 31
0.0
  0
ATTRIB
  5
498
330
3DA
100
AcDbEntity
 67
1
  8
A-CAJETIN-TXT
100
AcDbText
 10
746.5
 20
104.0
 30
0.0
 40
2.0
  1
VERSIÓN DE TRABAJO PARA REVISIÓN
  7
ARIAL
 11
746.5
 21
104.0
 31
0.0
100
AcDbAttribute
  2
REV0_D
 70
0
 74
2
 71
1
 72
0
 11
746.5
 21
104.0
 31
0.0
  0
ATTRIB
  5
499
330
3DA
100
AcDbEntity
 67
1
  8
A-CAJETIN-TXT
100
AcDbText
 10
717.0
 20
98.8
 30
0.0
 40
2.0
  1

  7
ARIAL
 72
1
 11
717.0
 21
98.8
 31
0.0
100
AcDbAttribute
  2
REV1_N
 70
0
 74
2
 71
1
 72
0
 11
717.0
 21
98.8
 31
0.0
  0
ATTRIB
  5
49A
330
3DA
100
AcDbEntity
 67
1
  8
A-CAJETIN-TXT
100
AcDbText
 10
734.0
 20
98.8
 30
0.0
 40
2.0
  1

  7
ARIAL
 72
1
 11
734.0
 21
98.8
 31
0.0
100
AcDbAttribute
  2
REV1_F
 70
0
 74
2
 71
1
 72
0
 11
734.0
 21
98.8
 31
0.0
  0
ATTRIB
  5
49B
330
3DA
100
AcDbEntity
 67
1
  8
A-CAJETIN-TXT
100
AcDbText
 10
746.5
 20
98.8
 30
0.0
 40
2.0
  1

  7
ARIAL
 11
746.5
 21
98.8
 31
0.0
100
AcDbAttribute
  2
REV1_D
 70
0
 74
2
 71
1
 72
0
 11
746.5
 21
98.8
 31
0.0
  0
ATTRIB
  5
49C
330
3DA
100
AcDbEntity
 67
1
  8
A-CAJETIN-TXT
100
AcDbText
 10
717.0
 20
93.6
 30
0.0
 40
2.0
  1

  7
ARIAL
 72
1
 11
717.0
 21
93.6
 31
0.0
100
AcDbAttribute
  2
REV2_N
 70
0
 74
2
 71
1
 72
0
 11
717.0
 21
93.6
 31
0.0
  0
ATTRIB
  5
49D
330
3DA
100
AcDbEntity
 67
1
  8
A-CAJETIN-TXT
100
AcDbText
 10
734.0
 20
93.6
 30
0.0
 40
2.0
  1

  7
ARIAL
 72
1
 11
734.0
 21
93.6
 31
0.0
100
AcDbAttribute
  2
REV2_F
 70
0
 74
2
 71
1
 72
0
 11
734.0
 21
93.6
 31
0.0
  0
ATTRIB
  5
49E
330
3DA
100
AcDbEntity
 67
1
  8
A-CAJETIN-TXT
100
AcDbText
 10
746.5
 20
93.6
 30
0.0
 40
2.0
  1

  7
ARIAL
 11
746.5
 21
93.6
 31
0.0
100
AcDbAttribute
  2
REV2_D
 70
0
 74
2
 71
1
 72
0
 11
746.5
 21
93.6
 31
0.0
  0
ATTRIB
  5
49F
330
3DA
100
AcDbEntity
 67
1
  8
A-CAJETIN-TXT
100
AcDbText
 10
771.0
 20
82.99999999999999
 30
0.0
 40
3.0
  1
VERSIÓN DE TRABAJO
  7
ARIAL
 72
1
 11
771.0
 21
82.99999999999999
 31
0.0
100
AcDbAttribute
  2
ESTADO_1
 70
0
 74
3
 71
1
 72
0
 11
771.0
 21
82.99999999999999
 31
0.0
  0
ATTRIB
  5
4A0
330
3DA
100
AcDbEntity
 67
1
  8
A-CAJETIN-TXT
100
AcDbText
 10
771.0
 20
77.99999999999999
 30
0.0
 40
2.4
  1
NO APTA PARA CONSTRUCCIÓN NI TRÁMITE
  7
ARIAL
 72
1
 11
771.0
 21
77.99999999999999
 31
0.0
100
AcDbAttribute
  2
ESTADO_2
 70
0
 74
3
 71
1
 72
0
 11
771.0
 21
77.99999999999999
 31
0.0
  0
ATTRIB
  5
4A1
330
3DA
100
AcDbEntity
 67
1
  8
A-CAJETIN-TXT
100
AcDbText
 10
744.0
 20
49.999999999999986
 30
0.0
 40
5.0
  1
COSTA RICA
  7
ARIAL
 72
1
 11
744.0
 21
49.999999999999986
 31
0.0
100
AcDbAttribute
  2
LUGAR
 70
0
 74
2
 71
1
 72
0
 11
744.0
 21
49.999999999999986
 31
0.0
  0
ATTRIB
  5
4A2
330
3DA
100
AcDbEntity
 67
1
  8
A-CAJETIN-TXT
100
AcDbText
 10
804.0
 20
49.999999999999986
 30
0.0
 40
14.0
  1
A5
  7
ARIAL
 72
1
 11
804.0
 21
49.999999999999986
 31
0.0
100
AcDbAttribute
  2
LAMINA
 70
0
 74
2
 71
1
 72
0
 11
804.0
 21
49.999999999999986
 31
0.0
  0
ATTRIB
  5
4A3
330
3DA
100
AcDbEntity
 67
1
  8
A-CAJETIN-TXT
100
AcDbText
 10
744.0
 20
23.499999999999993
 30
0.0
 40
6.0
  1
OCT 2026
  7
ARIAL
 72
1
 11
744.0
 21
23.499999999999993
 31
0.0
100
AcDbAttribute
  2
FECHA
 70
0
 74
2
 71
1
 72
0
 11
744.0
 21
23.499999999999993
 31
0.0
  0
ATTRIB
  5
4A4
330
3DA
100
AcDbEntity
 67
1
  8
A-CAJETIN-TXT
100
AcDbText
 10
815.0
 20
23.499999999999993
 30
0.0
 40
9.0
  1
--
  7
ARIAL
 72
1
 11
815.0
 21
23.499999999999993
 31
0.0
100
AcDbAttribute
  2
TOTAL
 70
0
 74
2
 71
1
 72
0
 11
815.0
 21
23.499999999999993
 31
0.0
  0
SEQEND
  5
481
330
480
100
AcDbEntity
 67
1
  8
A-CAJETIN
  0
ENDSEC
  0
SECTION
  2
OBJECTS
  0
DICTIONARY
  5
A
330
0
100
AcDbDictionary
281
1
  3
ACAD_COLOR
350
B
  3
ACAD_GROUP
350
C
  3
ACAD_LAYOUT
350
D
  3
ACAD_MATERIAL
350
E
  3
ACAD_MLEADERSTYLE
350
F
  3
ACAD_MLINESTYLE
350
10
  3
ACAD_PLOTSETTINGS
350
11
  3
ACAD_PLOTSTYLENAME
350
12
  3
ACAD_SCALELIST
350
14
  3
ACAD_TABLESTYLE
350
15
  3
ACAD_VISUALSTYLE
350
16
  3
EZDXF_META
350
2D
  0
DICTIONARY
  5
B
330
A
100
AcDbDictionary
281
1
  0
DICTIONARY
  5
C
330
A
100
AcDbDictionary
281
1
  0
DICTIONARY
  5
D
330
A
100
AcDbDictionary
281
1
  3
Model
350
1A
  3
Layout1
350
1E
  3
A5-FACHADAS
350
3DD
  0
DICTIONARY
  5
E
330
A
100
AcDbDictionary
281
1
  3
ByBlock
350
1F
  3
ByLayer
350
20
  3
Global
350
21
  0
DICTIONARY
  5
F
330
A
100
AcDbDictionary
281
1
  3
Standard
350
2C
  0
DICTIONARY
  5
10
330
A
100
AcDbDictionary
281
1
  3
Standard
350
22
  0
DICTIONARY
  5
11
330
A
100
AcDbDictionary
281
1
  0
ACDBDICTIONARYWDFLT
  5
12
330
A
100
AcDbDictionary
281
1
  3
Normal
350
13
100
AcDbDictionaryWithDefault
340
13
  0
ACDBPLACEHOLDER
  5
13
330
12
  0
DICTIONARY
  5
14
330
A
100
AcDbDictionary
281
1
  0
DICTIONARY
  5
15
330
A
100
AcDbDictionary
281
1
  0
DICTIONARY
  5
16
330
A
100
AcDbDictionary
281
1
  3
2dWireframe
350
5A
  3
Basic
350
5B
  3
Brighten
350
5C
  3
ColorChange
350
5D
  3
Conceptual
350
5E
  3
Dim
350
5F
  3
EdgeColorOff
350
60
  3
Facepattern
350
61
  3
Flat
350
62
  3
FlatWithEdges
350
63
  3
Gouraud
350
64
  3
GouraudWithEdges
350
65
  3
Hidden
350
66
  3
JitterOff
350
67
  3
Linepattern
350
68
  3
Modeling
350
69
  3
OverhangOff
350
6A
  3
Realistic
350
6B
  3
Shaded
350
6C
  3
Shaded with edges
350
6D
  3
Shades of Gray
350
6E
  3
Sketchy
350
6F
  3
Thicken
350
70
  3
Wireframe
350
71
  3
X-Ray
350
72
  0
LAYOUT
  5
1A
330
D
100
AcDbPlotSettings
  1

  4
A3
  6

 40
7.5
 41
20.0
 42
7.5
 43
20.0
 44
420.0
 45
297.0
 46
0.0
 47
0.0
 48
0.0
 49
0.0
140
0.0
141
0.0
142
1.0
143
1.0
 70
1024
 72
1
 73
0
 74
5
  7

 75
16
 76
0
 77
2
 78
300
147
1.0
148
0.0
149
0.0
100
AcDbLayout
  1
Model
 70
1
 71
0
 10
0.0
 20
0.0
 11
420.0
 21
297.0
 12
0.0
 22
0.0
 32
0.0
 14
1e+20
 24
1e+20
 34
1e+20
 15
-1e+20
 25
-1e+20
 35
-1e+20
146
0.0
 13
0.0
 23
0.0
 33
0.0
 16
1.0
 26
0.0
 36
0.0
 17
0.0
 27
1.0
 37
0.0
 76
1
330
17
  0
LAYOUT
  5
1E
330
D
100
AcDbPlotSettings
  1

  4
A3
  6

 40
7.5
 41
20.0
 42
7.5
 43
20.0
 44
420.0
 45
297.0
 46
0.0
 47
0.0
 48
0.0
 49
0.0
140
0.0
141
0.0
142
1.0
143
1.0
 70
0
 72
1
 73
0
 74
5
  7

 75
16
 76
0
 77
2
 78
300
147
1.0
148
0.0
149
0.0
100
AcDbLayout
  1
Layout1
 70
1
 71
1
 10
0.0
 20
0.0
 11
420.0
 21
297.0
 12
0.0
 22
0.0
 32
0.0
 14
1e+20
 24
1e+20
 34
1e+20
 15
-1e+20
 25
-1e+20
 35
-1e+20
146
0.0
 13
0.0
 23
0.0
 33
0.0
 16
1.0
 26
0.0
 36
0.0
 17
0.0
 27
1.0
 37
0.0
 76
1
330
1B
  0
MATERIAL
  5
1F
102
{ACAD_REACTORS
330
E
102
}
330
E
100
AcDbMaterial
  1
ByBlock
  2

 70
0
 40
1.0
 71
1
 41
1.0
 91
-1023410177
 42
1.0
 72
1
  3

 73
1
 74
1
 75
1
 44
0.5
 73
0
 45
1.0
 46
1.0
 77
1
  4

 78
1
 79
1
170
1
 48
1.0
171
1
  6

172
1
173
1
174
1
140
1.0
141
1.0
175
1
  7

176
1
177
1
178
1
143
1.0
179
1
  8

270
1
271
1
272
1
145
1.0
146
1.0
273
1
  9

274
1
275
1
276
1
 42
1.0
 72
1
  3

 73
1
 74
1
 75
1
 94
63
  0
MATERIAL
  5
20
102
{ACAD_REACTORS
330
E
102
}
330
E
100
AcDbMaterial
  1
ByLayer
  2

 70
0
 40
1.0
 71
1
 41
1.0
 91
-1023410177
 42
1.0
 72
1
  3

 73
1
 74
1
 75
1
 44
0.5
 73
0
 45
1.0
 46
1.0
 77
1
  4

 78
1
 79
1
170
1
 48
1.0
171
1
  6

172
1
173
1
174
1
140
1.0
141
1.0
175
1
  7

176
1
177
1
178
1
143
1.0
179
1
  8

270
1
271
1
272
1
145
1.0
146
1.0
273
1
  9

274
1
275
1
276
1
 42
1.0
 72
1
  3

 73
1
 74
1
 75
1
 94
63
  0
MATERIAL
  5
21
102
{ACAD_REACTORS
330
E
102
}
330
E
100
AcDbMaterial
  1
Global
  2

 70
0
 40
1.0
 71
1
 41
1.0
 91
-1023410177
 42
1.0
 72
1
  3

 73
1
 74
1
 75
1
 44
0.5
 73
0
 45
1.0
 46
1.0
 77
1
  4

 78
1
 79
1
170
1
 48
1.0
171
1
  6

172
1
173
1
174
1
140
1.0
141
1.0
175
1
  7

176
1
177
1
178
1
143
1.0
179
1
  8

270
1
271
1
272
1
145
1.0
146
1.0
273
1
  9

274
1
275
1
276
1
 42
1.0
 72
1
  3

 73
1
 74
1
 75
1
 94
63
  0
MLINESTYLE
  5
22
102
{ACAD_REACTORS
330
10
102
}
330
10
100
AcDbMlineStyle
  2
Standard
 70
0
  3

 62
256
 51
90.0
 52
90.0
 71
2
 49
0.5
 62
256
  6
BYLAYER
 49
-0.5
 62
256
  6
BYLAYER
  0
MLEADERSTYLE
  5
2C
102
{ACAD_REACTORS
330
F
102
}
330
F
100
AcDbMLeaderStyle
179
2
170
2
171
1
172
0
 90
2
 40
0.0
 41
0.0
173
1
 91
-1056964608
 92
-2
290
1
 42
2.0
291
1
 43
8.0
  3
Standard
 44
4.0
300

342
29
174
1
175
1
176
0
178
1
 93
-1056964608
 45
4.0
292
0
297
0
 46
4.0
 94
-1056964608
 47
1.0
 49
1.0
140
1.0
294
1
141
0.0
177
0
142
1.0
295
0
296
0
143
3.75
271
0
272
9
273
9
  0
DICTIONARY
  5
2D
330
A
100
AcDbDictionary
280
1
281
1
  3
CREATED_BY_EZDXF
350
2E
  3
WRITTEN_BY_EZDXF
350
4A7
  0
DICTIONARYVAR
  5
2E
330
2D
100
DictionaryVariables
280
0
  1
1.4.4 @ 2026-10-06T05:03:47.184804+00:00
  0
VISUALSTYLE
  5
5A
102
{ACAD_REACTORS
330
16
102
}
330
16
100
AcDbVisualStyle
  2
2dWireframe
 70
4
177
3
291
0
 70
58
 90
2
176
1
 90
2
176
1
 90
0
176
1
 90
0
176
1
 40
0.6
176
1
 40
30.0
176
1
 62
7
420
16777215
176
1
 90
1
176
1
 90
4
176
1
 62
7
176
1
 62
257
176
1
 90
1
176
1
 90
1
176
1
 40
1.0
176
1
 90
8
176
1
 62
7
176
1
 40
1.0
176
1
 90
1
176
1
 90
6
176
1
 90
2
176
1
 62
7
176
1
 90
5
176
1
 90
0
176
1
 90
0
176
1
290
0
176
1
 90
1
176
1
 40
0.0
176
1
 90
0
176
1
290
1
176
1
290
1
176
1
290
0
176
1
290
0
176
1
290
0
176
1
290
0
176
1
290
0
176
1
290
0
176
1
290
0
176
1
 90
50
176
1
 40
0.0
176
1
 40
1.0
176
1
 90
0
176
1
 62
18
420
0
176
1
 90
50
176
1
 90
3
176
1
 62
5
420
255
176
1
290
0
176
1
 90
50
176
1
 90
50
176
1
 90
50
176
1
290
0
176
1
 90
50
176
1
 62
256
176
0
 40
1.0
176
0
 90
2
176
1
  1
strokes_ogs.tif
176
1
290
0
176
1
 40
1.0
176
1
 40
1.0
176
1
  0
VISUALSTYLE
  5
5B
102
{ACAD_REACTORS
330
16
102
}
330
16
100
AcDbVisualStyle
  2
Basic
 70
7
177
3
291
1
 70
58
 90
2
176
1
 90
2
176
1
 90
0
176
1
 90
1
176
1
 40
0.6
176
1
 40
30.0
176
1
 62
7
420
16777215
176
1
 90
1
176
1
 90
4
176
1
 62
7
176
1
 62
257
176
1
 90
1
176
1
 90
1
176
1
 40
1.0
176
1
 90
8
176
1
 62
7
176
1
 40
1.0
176
1
 90
1
176
1
 90
6
176
1
 90
2
176
1
 62
7
176
1
 90
5
176
1
 90
0
176
1
 90
0
176
1
290
0
176
1
 90
1
176
1
 40
0.0
176
1
 90
0
176
1
290
0
176
1
290
1
176
1
290
1
176
1
290
0
176
1
290
0
176
1
290
0
176
1
290
0
176
1
290
0
176
1
290
0
176
1
 90
50
176
1
 40
0.0
176
1
 40
1.0
176
1
 90
0
176
1
 62
18
420
0
176
1
 90
50
176
1
 90
3
176
1
 62
5
420
255
176
1
290
0
176
1
 90
50
176
1
 90
50
176
1
 90
50
176
1
290
0
176
1
 90
50
176
1
 62
256
176
0
 40
1.0
176
0
 90
2
176
1
  1
strokes_ogs.tif
176
1
290
0
176
1
 40
1.0
176
1
 40
1.0
176
1
  0
VISUALSTYLE
  5
5C
102
{ACAD_REACTORS
330
16
102
}
330
16
100
AcDbVisualStyle
  2
Brighten
 70
12
177
3
291
1
 70
58
 90
2
176
1
 90
2
176
1
 90
0
176
1
 90
2
176
1
 40
0.6
176
1
 40
30.0
176
1
 62
7
420
16777215
176
1
 90
1
176
1
 90
4
176
1
 62
7
176
1
 62
257
176
1
 90
1
176
1
 90
1
176
1
 40
1.0
176
1
 90
8
176
1
 62
7
176
1
 40
1.0
176
1
 90
1
176
1
 90
6
176
1
 90
2
176
1
 62
7
176
1
 90
5
176
1
 90
0
176
1
 90
0
176
1
290
0
176
1
 90
1
176
1
 40
0.0
176
1
 90
0
176
1
290
0
176
1
290
1
176
1
290
1
176
1
290
0
176
1
290
0
176
1
290
0
176
1
290
0
176
1
290
0
176
1
290
0
176
1
 90
50
176
1
 40
0.0
176
1
 40
1.0
176
1
 90
0
176
1
 62
18
420
0
176
1
 90
50
176
1
 90
3
176
1
 62
5
420
255
176
1
290
0
176
1
 90
50
176
1
 90
50
176
1
 90
50
176
1
290
0
176
1
 90
50
176
1
 62
256
176
0
 40
1.0
176
0
 90
2
176
1
  1
strokes_ogs.tif
176
1
290
0
176
1
 40
1.0
176
1
 40
1.0
176
1
  0
VISUALSTYLE
  5
5D
102
{ACAD_REACTORS
330
16
102
}
330
16
100
AcDbVisualStyle
  2
ColorChange
 70
16
177
3
291
1
 70
58
 90
2
176
1
 90
2
176
1
 90
0
176
1
 90
2
176
1
 40
0.6
176
1
 40
30.0
176
1
 62
7
420
16777215
176
1
 90
1
176
1
 90
4
176
1
 62
7
176
1
 62
257
176
1
 90
1
176
1
 90
1
176
1
 40
1.0
176
1
 90
8
176
1
 62
7
176
1
 40
1.0
176
1
 90
1
176
1
 90
6
176
1
 90
2
176
1
 62
7
176
1
 90
5
176
1
 90
0
176
1
 90
0
176
1
290
0
176
1
 90
1
176
1
 40
0.0
176
1
 90
0
176
1
290
0
176
1
290
1
176
1
290
1
176
1
290
0
176
1
290
0
176
1
290
0
176
1
290
0
176
1
290
0
176
1
290
0
176
1
 90
50
176
1
 40
0.0
176
1
 40
1.0
176
1
 90
0
176
1
 62
18
420
0
176
1
 90
50
176
1
 90
3
176
1
 62
5
420
255
176
1
290
0
176
1
 90
50
176
1
 90
50
176
1
 90
50
176
1
290
0
176
1
 90
50
176
1
 62
256
176
0
 40
1.0
176
0
 90
2
176
1
  1
strokes_ogs.tif
176
1
290
0
176
1
 40
1.0
176
1
 40
1.0
176
1
  0
VISUALSTYLE
  5
5E
102
{ACAD_REACTORS
330
16
102
}
330
16
100
AcDbVisualStyle
  2
Conceptual
 70
9
177
3
291
0
 70
58
 90
2
176
1
 90
2
176
1
 90
0
176
1
 90
3
176
1
 40
0.6
176
1
 40
30.0
176
1
 62
7
420
16777215
176
1
 90
1
176
1
 90
4
176
1
 62
7
176
1
 62
257
176
1
 90
1
176
1
 90
1
176
1
 40
1.0
176
1
 90
8
176
1
 62
7
176
1
 40
1.0
176
1
 90
1
176
1
 90
6
176
1
 90
2
176
1
 62
7
176
1
 90
5
176
1
 90
0
176
1
 90
0
176
1
290
0
176
1
 90
1
176
1
 40
0.0
176
1
 90
0
176
1
290
0
176
1
290
1
176
1
290
1
176
1
290
0
176
1
290
0
176
1
290
0
176
1
290
0
176
1
290
0
176
1
290
0
176
1
 90
50
176
1
 40
0.0
176
1
 40
1.0
176
1
 90
0
176
1
 62
18
420
0
176
1
 90
50
176
1
 90
3
176
1
 62
5
420
255
176
1
290
0
176
1
 90
50
176
1
 90
50
176
1
 90
50
176
1
290
0
176
1
 90
50
176
1
 62
256
176
0
 40
1.0
176
0
 90
2
176
1
  1
strokes_ogs.tif
176
1
290
0
176
1
 40
1.0
176
1
 40
1.0
176
1
  0
VISUALSTYLE
  5
5F
102
{ACAD_REACTORS
330
16
102
}
330
16
100
AcDbVisualStyle
  2
Dim
 70
11
177
3
291
1
 70
58
 90
2
176
1
 90
2
176
1
 90
0
176
1
 90
2
176
1
 40
0.6
176
1
 40
30.0
176
1
 62
7
420
16777215
176
1
 90
1
176
1
 90
4
176
1
 62
7
176
1
 62
257
176
1
 90
1
176
1
 90
1
176
1
 40
1.0
176
1
 90
8
176
1
 62
7
176
1
 40
1.0
176
1
 90
1
176
1
 90
6
176
1
 90
2
176
1
 62
7
176
1
 90
5
176
1
 90
0
176
1
 90
0
176
1
290
0
176
1
 90
1
176
1
 40
0.0
176
1
 90
0
176
1
290
0
176
1
290
1
176
1
290
1
176
1
290
0
176
1
290
0
176
1
290
0
176
1
290
0
176
1
290
0
176
1
290
0
176
1
 90
50
176
1
 40
0.0
176
1
 40
1.0
176
1
 90
0
176
1
 62
18
420
0
176
1
 90
50
176
1
 90
3
176
1
 62
5
420
255
176
1
290
0
176
1
 90
50
176
1
 90
50
176
1
 90
50
176
1
290
0
176
1
 90
50
176
1
 62
256
176
0
 40
1.0
176
0
 90
2
176
1
  1
strokes_ogs.tif
176
1
290
0
176
1
 40
1.0
176
1
 40
1.0
176
1
  0
VISUALSTYLE
  5
60
102
{ACAD_REACTORS
330
16
102
}
330
16
100
AcDbVisualStyle
  2
EdgeColorOff
 70
22
177
3
291
1
 70
58
 90
2
176
1
 90
2
176
1
 90
0
176
1
 90
2
176
1
 40
0.6
176
1
 40
30.0
176
1
 62
7
420
16777215
176
1
 90
1
176
1
 90
4
176
1
 62
7
176
1
 62
257
176
1
 90
1
176
1
 90
1
176
1
 40
1.0
176
1
 90
8
176
1
 62
7
176
1
 40
1.0
176
1
 90
1
176
1
 90
6
176
1
 90
2
176
1
 62
7
176
1
 90
5
176
1
 90
0
176
1
 90
0
176
1
290
0
176
1
 90
1
176
1
 40
0.0
176
1
 90
0
176
1
290
0
176
1
290
1
176
1
290
1
176
1
290
0
176
1
290
0
176
1
290
0
176
1
290
0
176
1
290
0
176
1
290
0
176
1
 90
50
176
1
 40
0.0
176
1
 40
1.0
176
1
 90
0
176
1
 62
18
420
0
176
1
 90
50
176
1
 90
3
176
1
 62
5
420
255
176
1
290
0
176
1
 90
50
176
1
 90
50
176
1
 90
50
176
1
290
0
176
1
 90
50
176
1
 62
256
176
0
 40
1.0
176
0
 90
2
176
1
  1
strokes_ogs.tif
176
1
290
0
176
1
 40
1.0
176
1
 40
1.0
176
1
  0
VISUALSTYLE
  5
61
102
{ACAD_REACTORS
330
16
102
}
330
16
100
AcDbVisualStyle
  2
Facepattern
 70
15
177
3
291
1
 70
58
 90
2
176
1
 90
2
176
1
 90
0
176
1
 90
2
176
1
 40
0.6
176
1
 40
30.0
176
1
 62
7
420
16777215
176
1
 90
1
176
1
 90
4
176
1
 62
7
176
1
 62
257
176
1
 90
1
176
1
 90
1
176
1
 40
1.0
176
1
 90
8
176
1
 62
7
176
1
 40
1.0
176
1
 90
1
176
1
 90
6
176
1
 90
2
176
1
 62
7
176
1
 90
5
176
1
 90
0
176
1
 90
0
176
1
290
0
176
1
 90
1
176
1
 40
0.0
176
1
 90
0
176
1
290
0
176
1
290
1
176
1
290
1
176
1
290
0
176
1
290
0
176
1
290
0
176
1
290
0
176
1
290
0
176
1
290
0
176
1
 90
50
176
1
 40
0.0
176
1
 40
1.0
176
1
 90
0
176
1
 62
18
420
0
176
1
 90
50
176
1
 90
3
176
1
 62
5
420
255
176
1
290
0
176
1
 90
50
176
1
 90
50
176
1
 90
50
176
1
290
0
176
1
 90
50
176
1
 62
256
176
0
 40
1.0
176
0
 90
2
176
1
  1
strokes_ogs.tif
176
1
290
0
176
1
 40
1.0
176
1
 40
1.0
176
1
  0
VISUALSTYLE
  5
62
102
{ACAD_REACTORS
330
16
102
}
330
16
100
AcDbVisualStyle
  2
Flat
 70
0
177
3
291
1
 70
58
 90
2
176
1
 90
2
176
1
 90
0
176
1
 90
2
176
1
 40
0.6
176
1
 40
30.0
176
1
 62
7
420
16777215
176
1
 90
1
176
1
 90
4
176
1
 62
7
176
1
 62
257
176
1
 90
1
176
1
 90
1
176
1
 40
1.0
176
1
 90
8
176
1
 62
7
176
1
 40
1.0
176
1
 90
1
176
1
 90
6
176
1
 90
2
176
1
 62
7
176
1
 90
5
176
1
 90
0
176
1
 90
0
176
1
290
0
176
1
 90
1
176
1
 40
0.0
176
1
 90
0
176
1
290
0
176
1
290
1
176
1
290
1
176
1
290
0
176
1
290
0
176
1
290
0
176
1
290
0
176
1
290
0
176
1
290
0
176
1
 90
50
176
1
 40
0.0
176
1
 40
1.0
176
1
 90
0
176
1
 62
18
420
0
176
1
 90
50
176
1
 90
3
176
1
 62
5
420
255
176
1
290
0
176
1
 90
50
176
1
 90
50
176
1
 90
50
176
1
290
0
176
1
 90
50
176
1
 62
256
176
0
 40
1.0
176
0
 90
2
176
1
  1
strokes_ogs.tif
176
1
290
0
176
1
 40
1.0
176
1
 40
1.0
176
1
  0
VISUALSTYLE
  5
63
102
{ACAD_REACTORS
330
16
102
}
330
16
100
AcDbVisualStyle
  2
FlatWithEdges
 70
1
177
3
291
1
 70
58
 90
2
176
1
 90
2
176
1
 90
0
176
1
 90
2
176
1
 40
0.6
176
1
 40
30.0
176
1
 62
7
420
16777215
176
1
 90
1
176
1
 90
4
176
1
 62
7
176
1
 62
257
176
1
 90
1
176
1
 90
1
176
1
 40
1.0
176
1
 90
8
176
1
 62
7
176
1
 40
1.0
176
1
 90
1
176
1
 90
6
176
1
 90
2
176
1
 62
7
176
1
 90
5
176
1
 90
0
176
1
 90
0
176
1
290
0
176
1
 90
1
176
1
 40
0.0
176
1
 90
0
176
1
290
0
176
1
290
1
176
1
290
1
176
1
290
0
176
1
290
0
176
1
290
0
176
1
290
0
176
1
290
0
176
1
290
0
176
1
 90
50
176
1
 40
0.0
176
1
 40
1.0
176
1
 90
0
176
1
 62
18
420
0
176
1
 90
50
176
1
 90
3
176
1
 62
5
420
255
176
1
290
0
176
1
 90
50
176
1
 90
50
176
1
 90
50
176
1
290
0
176
1
 90
50
176
1
 62
256
176
0
 40
1.0
176
0
 90
2
176
1
  1
strokes_ogs.tif
176
1
290
0
176
1
 40
1.0
176
1
 40
1.0
176
1
  0
VISUALSTYLE
  5
64
102
{ACAD_REACTORS
330
16
102
}
330
16
100
AcDbVisualStyle
  2
Gouraud
 70
2
177
3
291
1
 70
58
 90
2
176
1
 90
2
176
1
 90
0
176
1
 90
2
176
1
 40
0.6
176
1
 40
30.0
176
1
 62
7
420
16777215
176
1
 90
1
176
1
 90
4
176
1
 62
7
176
1
 62
257
176
1
 90
1
176
1
 90
1
176
1
 40
1.0
176
1
 90
8
176
1
 62
7
176
1
 40
1.0
176
1
 90
1
176
1
 90
6
176
1
 90
2
176
1
 62
7
176
1
 90
5
176
1
 90
0
176
1
 90
0
176
1
290
0
176
1
 90
1
176
1
 40
0.0
176
1
 90
0
176
1
290
0
176
1
290
1
176
1
290
1
176
1
290
0
176
1
290
0
176
1
290
0
176
1
290
0
176
1
290
0
176
1
290
0
176
1
 90
50
176
1
 40
0.0
176
1
 40
1.0
176
1
 90
0
176
1
 62
18
420
0
176
1
 90
50
176
1
 90
3
176
1
 62
5
420
255
176
1
290
0
176
1
 90
50
176
1
 90
50
176
1
 90
50
176
1
290
0
176
1
 90
50
176
1
 62
256
176
0
 40
1.0
176
0
 90
2
176
1
  1
strokes_ogs.tif
176
1
290
0
176
1
 40
1.0
176
1
 40
1.0
176
1
  0
VISUALSTYLE
  5
65
102
{ACAD_REACTORS
330
16
102
}
330
16
100
AcDbVisualStyle
  2
GouraudWithEdges
 70
3
177
3
291
1
 70
58
 90
2
176
1
 90
2
176
1
 90
0
176
1
 90
2
176
1
 40
0.6
176
1
 40
30.0
176
1
 62
7
420
16777215
176
1
 90
1
176
1
 90
4
176
1
 62
7
176
1
 62
257
176
1
 90
1
176
1
 90
1
176
1
 40
1.0
176
1
 90
8
176
1
 62
7
176
1
 40
1.0
176
1
 90
1
176
1
 90
6
176
1
 90
2
176
1
 62
7
176
1
 90
5
176
1
 90
0
176
1
 90
0
176
1
290
0
176
1
 90
1
176
1
 40
0.0
176
1
 90
0
176
1
290
0
176
1
290
1
176
1
290
1
176
1
290
0
176
1
290
0
176
1
290
0
176
1
290
0
176
1
290
0
176
1
290
0
176
1
 90
50
176
1
 40
0.0
176
1
 40
1.0
176
1
 90
0
176
1
 62
18
420
0
176
1
 90
50
176
1
 90
3
176
1
 62
5
420
255
176
1
290
0
176
1
 90
50
176
1
 90
50
176
1
 90
50
176
1
290
0
176
1
 90
50
176
1
 62
256
176
0
 40
1.0
176
0
 90
2
176
1
  1
strokes_ogs.tif
176
1
290
0
176
1
 40
1.0
176
1
 40
1.0
176
1
  0
VISUALSTYLE
  5
66
102
{ACAD_REACTORS
330
16
102
}
330
16
100
AcDbVisualStyle
  2
Hidden
 70
6
177
3
291
0
 70
58
 90
2
176
1
 90
2
176
1
 90
0
176
1
 90
1
176
1
 40
0.6
176
1
 40
30.0
176
1
 62
7
420
16777215
176
1
 90
1
176
1
 90
4
176
1
 62
7
176
1
 62
257
176
1
 90
1
176
1
 90
1
176
1
 40
1.0
176
1
 90
8
176
1
 62
7
176
1
 40
1.0
176
1
 90
1
176
1
 90
6
176
1
 90
2
176
1
 62
7
176
1
 90
5
176
1
 90
0
176
1
 90
0
176
1
290
0
176
1
 90
1
176
1
 40
0.0
176
1
 90
0
176
1
290
0
176
1
290
1
176
1
290
1
176
1
290
0
176
1
290
0
176
1
290
0
176
1
290
0
176
1
290
0
176
1
290
0
176
1
 90
50
176
1
 40
0.0
176
1
 40
1.0
176
1
 90
0
176
1
 62
18
420
0
176
1
 90
50
176
1
 90
3
176
1
 62
5
420
255
176
1
290
0
176
1
 90
50
176
1
 90
50
176
1
 90
50
176
1
290
0
176
1
 90
50
176
1
 62
256
176
0
 40
1.0
176
0
 90
2
176
1
  1
strokes_ogs.tif
176
1
290
0
176
1
 40
1.0
176
1
 40
1.0
176
1
  0
VISUALSTYLE
  5
67
102
{ACAD_REACTORS
330
16
102
}
330
16
100
AcDbVisualStyle
  2
JitterOff
 70
20
177
3
291
1
 70
58
 90
2
176
1
 90
2
176
1
 90
0
176
1
 90
2
176
1
 40
0.6
176
1
 40
30.0
176
1
 62
7
420
16777215
176
1
 90
1
176
1
 90
4
176
1
 62
7
176
1
 62
257
176
1
 90
1
176
1
 90
1
176
1
 40
1.0
176
1
 90
8
176
1
 62
7
176
1
 40
1.0
176
1
 90
1
176
1
 90
6
176
1
 90
2
176
1
 62
7
176
1
 90
5
176
1
 90
0
176
1
 90
0
176
1
290
0
176
1
 90
1
176
1
 40
0.0
176
1
 90
0
176
1
290
0
176
1
290
1
176
1
290
1
176
1
290
0
176
1
290
0
176
1
290
0
176
1
290
0
176
1
290
0
176
1
290
0
176
1
 90
50
176
1
 40
0.0
176
1
 40
1.0
176
1
 90
0
176
1
 62
18
420
0
176
1
 90
50
176
1
 90
3
176
1
 62
5
420
255
176
1
290
0
176
1
 90
50
176
1
 90
50
176
1
 90
50
176
1
290
0
176
1
 90
50
176
1
 62
256
176
0
 40
1.0
176
0
 90
2
176
1
  1
strokes_ogs.tif
176
1
290
0
176
1
 40
1.0
176
1
 40
1.0
176
1
  0
VISUALSTYLE
  5
68
102
{ACAD_REACTORS
330
16
102
}
330
16
100
AcDbVisualStyle
  2
Linepattern
 70
14
177
3
291
1
 70
58
 90
2
176
1
 90
2
176
1
 90
0
176
1
 90
2
176
1
 40
0.6
176
1
 40
30.0
176
1
 62
7
420
16777215
176
1
 90
1
176
1
 90
4
176
1
 62
7
176
1
 62
257
176
1
 90
1
176
1
 90
1
176
1
 40
1.0
176
1
 90
8
176
1
 62
7
176
1
 40
1.0
176
1
 90
1
176
1
 90
6
176
1
 90
2
176
1
 62
7
176
1
 90
5
176
1
 90
0
176
1
 90
0
176
1
290
0
176
1
 90
1
176
1
 40
0.0
176
1
 90
0
176
1
290
0
176
1
290
1
176
1
290
1
176
1
290
0
176
1
290
0
176
1
290
0
176
1
290
0
176
1
290
0
176
1
290
0
176
1
 90
50
176
1
 40
0.0
176
1
 40
1.0
176
1
 90
0
176
1
 62
18
420
0
176
1
 90
50
176
1
 90
3
176
1
 62
5
420
255
176
1
290
0
176
1
 90
50
176
1
 90
50
176
1
 90
50
176
1
290
0
176
1
 90
50
176
1
 62
256
176
0
 40
1.0
176
0
 90
2
176
1
  1
strokes_ogs.tif
176
1
290
0
176
1
 40
1.0
176
1
 40
1.0
176
1
  0
VISUALSTYLE
  5
69
102
{ACAD_REACTORS
330
16
102
}
330
16
100
AcDbVisualStyle
  2
Modeling
 70
10
177
3
291
0
 70
58
 90
2
176
1
 90
2
176
1
 90
0
176
1
 90
2
176
1
 40
0.6
176
1
 40
30.0
176
1
 62
7
420
16777215
176
1
 90
1
176
1
 90
4
176
1
 62
7
176
1
 62
257
176
1
 90
1
176
1
 90
1
176
1
 40
1.0
176
1
 90
8
176
1
 62
7
176
1
 40
1.0
176
1
 90
1
176
1
 90
6
176
1
 90
2
176
1
 62
7
176
1
 90
5
176
1
 90
0
176
1
 90
0
176
1
290
0
176
1
 90
1
176
1
 40
0.0
176
1
 90
0
176
1
290
0
176
1
290
1
176
1
290
1
176
1
290
0
176
1
290
0
176
1
290
0
176
1
290
0
176
1
290
0
176
1
290
0
176
1
 90
50
176
1
 40
0.0
176
1
 40
1.0
176
1
 90
0
176
1
 62
18
420
0
176
1
 90
50
176
1
 90
3
176
1
 62
5
420
255
176
1
290
0
176
1
 90
50
176
1
 90
50
176
1
 90
50
176
1
290
0
176
1
 90
50
176
1
 62
256
176
0
 40
1.0
176
0
 90
2
176
1
  1
strokes_ogs.tif
176
1
290
0
176
1
 40
1.0
176
1
 40
1.0
176
1
  0
VISUALSTYLE
  5
6A
102
{ACAD_REACTORS
330
16
102
}
330
16
100
AcDbVisualStyle
  2
OverhangOff
 70
21
177
3
291
1
 70
58
 90
2
176
1
 90
2
176
1
 90
0
176
1
 90
2
176
1
 40
0.6
176
1
 40
30.0
176
1
 62
7
420
16777215
176
1
 90
1
176
1
 90
4
176
1
 62
7
176
1
 62
257
176
1
 90
1
176
1
 90
1
176
1
 40
1.0
176
1
 90
8
176
1
 62
7
176
1
 40
1.0
176
1
 90
1
176
1
 90
6
176
1
 90
2
176
1
 62
7
176
1
 90
5
176
1
 90
0
176
1
 90
0
176
1
290
0
176
1
 90
1
176
1
 40
0.0
176
1
 90
0
176
1
290
0
176
1
290
1
176
1
290
1
176
1
290
0
176
1
290
0
176
1
290
0
176
1
290
0
176
1
290
0
176
1
290
0
176
1
 90
50
176
1
 40
0.0
176
1
 40
1.0
176
1
 90
0
176
1
 62
18
420
0
176
1
 90
50
176
1
 90
3
176
1
 62
5
420
255
176
1
290
0
176
1
 90
50
176
1
 90
50
176
1
 90
50
176
1
290
0
176
1
 90
50
176
1
 62
256
176
0
 40
1.0
176
0
 90
2
176
1
  1
strokes_ogs.tif
176
1
290
0
176
1
 40
1.0
176
1
 40
1.0
176
1
  0
VISUALSTYLE
  5
6B
102
{ACAD_REACTORS
330
16
102
}
330
16
100
AcDbVisualStyle
  2
Realistic
 70
8
177
3
291
0
 70
58
 90
2
176
1
 90
2
176
1
 90
0
176
1
 90
2
176
1
 40
0.6
176
1
 40
30.0
176
1
 62
7
420
16777215
176
1
 90
1
176
1
 90
4
176
1
 62
7
176
1
 62
257
176
1
 90
1
176
1
 90
1
176
1
 40
1.0
176
1
 90
8
176
1
 62
7
176
1
 40
1.0
176
1
 90
1
176
1
 90
6
176
1
 90
2
176
1
 62
7
176
1
 90
5
176
1
 90
0
176
1
 90
0
176
1
290
0
176
1
 90
1
176
1
 40
0.0
176
1
 90
0
176
1
290
0
176
1
290
1
176
1
290
1
176
1
290
0
176
1
290
0
176
1
290
0
176
1
290
0
176
1
290
0
176
1
290
0
176
1
 90
50
176
1
 40
0.0
176
1
 40
1.0
176
1
 90
0
176
1
 62
18
420
0
176
1
 90
50
176
1
 90
3
176
1
 62
5
420
255
176
1
290
0
176
1
 90
50
176
1
 90
50
176
1
 90
50
176
1
290
0
176
1
 90
50
176
1
 62
256
176
0
 40
1.0
176
0
 90
2
176
1
  1
strokes_ogs.tif
176
1
290
0
176
1
 40
1.0
176
1
 40
1.0
176
1
  0
VISUALSTYLE
  5
6C
102
{ACAD_REACTORS
330
16
102
}
330
16
100
AcDbVisualStyle
  2
Shaded
 70
27
177
3
291
0
 70
58
 90
2
176
1
 90
2
176
1
 90
0
176
1
 90
2
176
1
 40
0.6
176
1
 40
30.0
176
1
 62
7
420
16777215
176
1
 90
1
176
1
 90
4
176
1
 62
7
176
1
 62
257
176
1
 90
1
176
1
 90
1
176
1
 40
1.0
176
1
 90
8
176
1
 62
7
176
1
 40
1.0
176
1
 90
1
176
1
 90
6
176
1
 90
2
176
1
 62
7
176
1
 90
5
176
1
 90
0
176
1
 90
0
176
1
290
0
176
1
 90
1
176
1
 40
0.0
176
1
 90
0
176
1
290
0
176
1
290
1
176
1
290
1
176
1
290
0
176
1
290
0
176
1
290
0
176
1
290
0
176
1
290
0
176
1
290
0
176
1
 90
50
176
1
 40
0.0
176
1
 40
1.0
176
1
 90
0
176
1
 62
18
420
0
176
1
 90
50
176
1
 90
3
176
1
 62
5
420
255
176
1
290
0
176
1
 90
50
176
1
 90
50
176
1
 90
50
176
1
290
0
176
1
 90
50
176
1
 62
256
176
0
 40
1.0
176
0
 90
2
176
1
  1
strokes_ogs.tif
176
1
290
0
176
1
 40
1.0
176
1
 40
1.0
176
1
  0
VISUALSTYLE
  5
6D
102
{ACAD_REACTORS
330
16
102
}
330
16
100
AcDbVisualStyle
  2
Shaded with edges
 70
26
177
3
291
0
 70
58
 90
2
176
1
 90
2
176
1
 90
0
176
1
 90
2
176
1
 40
0.6
176
1
 40
30.0
176
1
 62
7
420
16777215
176
1
 90
1
176
1
 90
4
176
1
 62
7
176
1
 62
257
176
1
 90
1
176
1
 90
1
176
1
 40
1.0
176
1
 90
8
176
1
 62
7
176
1
 40
1.0
176
1
 90
1
176
1
 90
6
176
1
 90
2
176
1
 62
7
176
1
 90
5
176
1
 90
0
176
1
 90
0
176
1
290
0
176
1
 90
1
176
1
 40
0.0
176
1
 90
0
176
1
290
0
176
1
290
1
176
1
290
1
176
1
290
0
176
1
290
0
176
1
290
0
176
1
290
0
176
1
290
0
176
1
290
0
176
1
 90
50
176
1
 40
0.0
176
1
 40
1.0
176
1
 90
0
176
1
 62
18
420
0
176
1
 90
50
176
1
 90
3
176
1
 62
5
420
255
176
1
290
0
176
1
 90
50
176
1
 90
50
176
1
 90
50
176
1
290
0
176
1
 90
50
176
1
 62
256
176
0
 40
1.0
176
0
 90
2
176
1
  1
strokes_ogs.tif
176
1
290
0
176
1
 40
1.0
176
1
 40
1.0
176
1
  0
VISUALSTYLE
  5
6E
102
{ACAD_REACTORS
330
16
102
}
330
16
100
AcDbVisualStyle
  2
Shades of Gray
 70
23
177
3
291
0
 70
58
 90
2
176
1
 90
2
176
1
 90
0
176
1
 90
2
176
1
 40
0.6
176
1
 40
30.0
176
1
 62
7
420
16777215
176
1
 90
1
176
1
 90
4
176
1
 62
7
176
1
 62
257
176
1
 90
1
176
1
 90
1
176
1
 40
1.0
176
1
 90
8
176
1
 62
7
176
1
 40
1.0
176
1
 90
1
176
1
 90
6
176
1
 90
2
176
1
 62
7
176
1
 90
5
176
1
 90
0
176
1
 90
0
176
1
290
0
176
1
 90
1
176
1
 40
0.0
176
1
 90
0
176
1
290
0
176
1
290
1
176
1
290
1
176
1
290
0
176
1
290
0
176
1
290
0
176
1
290
0
176
1
290
0
176
1
290
0
176
1
 90
50
176
1
 40
0.0
176
1
 40
1.0
176
1
 90
0
176
1
 62
18
420
0
176
1
 90
50
176
1
 90
3
176
1
 62
5
420
255
176
1
290
0
176
1
 90
50
176
1
 90
50
176
1
 90
50
176
1
290
0
176
1
 90
50
176
1
 62
256
176
0
 40
1.0
176
0
 90
2
176
1
  1
strokes_ogs.tif
176
1
290
0
176
1
 40
1.0
176
1
 40
1.0
176
1
  0
VISUALSTYLE
  5
6F
102
{ACAD_REACTORS
330
16
102
}
330
16
100
AcDbVisualStyle
  2
Sketchy
 70
24
177
3
291
0
 70
58
 90
2
176
1
 90
2
176
1
 90
0
176
1
 90
1
176
1
 40
0.6
176
1
 40
30.0
176
1
 62
7
420
16777215
176
1
 90
1
176
1
 90
4
176
1
 62
7
176
1
 62
257
176
1
 90
1
176
1
 90
1
176
1
 40
1.0
176
1
 90
8
176
1
 62
7
176
1
 40
1.0
176
1
 90
1
176
1
 90
6
176
1
 90
2
176
1
 62
7
176
1
 90
5
176
1
 90
0
176
1
 90
0
176
1
290
0
176
1
 90
1
176
1
 40
0.0
176
1
 90
0
176
1
290
0
176
1
290
1
176
1
290
1
176
1
290
0
176
1
290
0
176
1
290
0
176
1
290
0
176
1
290
0
176
1
290
0
176
1
 90
50
176
1
 40
0.0
176
1
 40
1.0
176
1
 90
0
176
1
 62
18
420
0
176
1
 90
50
176
1
 90
3
176
1
 62
5
420
255
176
1
290
0
176
1
 90
50
176
1
 90
50
176
1
 90
50
176
1
290
0
176
1
 90
50
176
1
 62
256
176
0
 40
1.0
176
0
 90
2
176
1
  1
strokes_ogs.tif
176
1
290
0
176
1
 40
1.0
176
1
 40
1.0
176
1
  0
VISUALSTYLE
  5
70
102
{ACAD_REACTORS
330
16
102
}
330
16
100
AcDbVisualStyle
  2
Thicken
 70
13
177
3
291
1
 70
58
 90
2
176
1
 90
2
176
1
 90
0
176
1
 90
2
176
1
 40
0.6
176
1
 40
30.0
176
1
 62
7
420
16777215
176
1
 90
1
176
1
 90
4
176
1
 62
7
176
1
 62
257
176
1
 90
1
176
1
 90
1
176
1
 40
1.0
176
1
 90
8
176
1
 62
7
176
1
 40
1.0
176
1
 90
1
176
1
 90
6
176
1
 90
2
176
1
 62
7
176
1
 90
5
176
1
 90
0
176
1
 90
0
176
1
290
0
176
1
 90
1
176
1
 40
0.0
176
1
 90
0
176
1
290
0
176
1
290
1
176
1
290
1
176
1
290
0
176
1
290
0
176
1
290
0
176
1
290
0
176
1
290
0
176
1
290
0
176
1
 90
50
176
1
 40
0.0
176
1
 40
1.0
176
1
 90
0
176
1
 62
18
420
0
176
1
 90
50
176
1
 90
3
176
1
 62
5
420
255
176
1
290
0
176
1
 90
50
176
1
 90
50
176
1
 90
50
176
1
290
0
176
1
 90
50
176
1
 62
256
176
0
 40
1.0
176
0
 90
2
176
1
  1
strokes_ogs.tif
176
1
290
0
176
1
 40
1.0
176
1
 40
1.0
176
1
  0
VISUALSTYLE
  5
71
102
{ACAD_REACTORS
330
16
102
}
330
16
100
AcDbVisualStyle
  2
Wireframe
 70
5
177
3
291
0
 70
58
 90
2
176
1
 90
2
176
1
 90
0
176
1
 90
0
176
1
 40
0.6
176
1
 40
30.0
176
1
 62
7
420
16777215
176
1
 90
1
176
1
 90
4
176
1
 62
7
176
1
 62
257
176
1
 90
1
176
1
 90
1
176
1
 40
1.0
176
1
 90
8
176
1
 62
7
176
1
 40
1.0
176
1
 90
1
176
1
 90
6
176
1
 90
2
176
1
 62
7
176
1
 90
5
176
1
 90
0
176
1
 90
0
176
1
290
0
176
1
 90
1
176
1
 40
0.0
176
1
 90
0
176
1
290
0
176
1
290
1
176
1
290
1
176
1
290
0
176
1
290
0
176
1
290
0
176
1
290
0
176
1
290
0
176
1
290
0
176
1
 90
50
176
1
 40
0.0
176
1
 40
1.0
176
1
 90
0
176
1
 62
18
420
0
176
1
 90
50
176
1
 90
3
176
1
 62
5
420
255
176
1
290
0
176
1
 90
50
176
1
 90
50
176
1
 90
50
176
1
290
0
176
1
 90
50
176
1
 62
256
176
0
 40
1.0
176
0
 90
2
176
1
  1
strokes_ogs.tif
176
1
290
0
176
1
 40
1.0
176
1
 40
1.0
176
1
  0
VISUALSTYLE
  5
72
102
{ACAD_REACTORS
330
16
102
}
330
16
100
AcDbVisualStyle
  2
X-Ray
 70
25
177
3
291
0
 70
58
 90
2
176
1
 90
2
176
1
 90
0
176
1
 90
2
176
1
 40
0.5
176
1
 40
30.0
176
1
 62
7
420
16777215
176
1
 90
1
176
1
 90
4
176
1
 62
7
176
1
 62
257
176
1
 90
1
176
1
 90
1
176
1
 40
1.0
176
1
 90
8
176
1
 62
7
176
1
 40
1.0
176
1
 90
1
176
1
 90
6
176
1
 90
2
176
1
 62
7
176
1
 90
5
176
1
 90
0
176
1
 90
0
176
1
290
0
176
1
 90
1
176
1
 40
0.0
176
1
 90
0
176
1
290
0
176
1
290
1
176
1
290
1
176
1
290
0
176
1
290
0
176
1
290
0
176
1
290
0
176
1
290
0
176
1
290
0
176
1
 90
50
176
1
 40
0.0
176
1
 40
1.0
176
1
 90
0
176
1
 62
18
420
0
176
1
 90
50
176
1
 90
3
176
1
 62
5
420
255
176
1
290
0
176
1
 90
50
176
1
 90
50
176
1
 90
50
176
1
290
0
176
1
 90
50
176
1
 62
256
176
0
 40
1.0
176
0
 90
2
176
1
  1
strokes_ogs.tif
176
1
290
0
176
1
 40
1.0
176
1
 40
1.0
176
1
  0
LAYOUT
  5
3DD
330
D
100
AcDbPlotSettings
  1

  2
DWG to PDF.pc3
  4
ezdxf_(841.00_x_594.00_MM)
  6

 40
0.0
 41
0.0
 42
0.0
 43
0.0
 44
841.0
 45
594.0
 46
0.0
 47
0.0
 48
0.0
 49
0.0
140
0.0
141
0.0
142
1.0
143
1.0
 70
672
 72
1
 73
0
 74
5
  7

 75
16
 76
0
 77
2
 78
300
147
1.0
148
0.0
149
0.0
100
AcDbLayout
  1
A5-FACHADAS
 70
1
 71
3
 10
-0.0
 20
-0.0
 11
841.0
 21
594.0
 12
0.0
 22
0.0
 32
0.0
 14
1e+20
 24
1e+20
 34
1e+20
 15
-1e+20
 25
-1e+20
 35
-1e+20
146
0.0
 13
0.0
 23
0.0
 33
0.0
 16
1.0
 26
0.0
 36
0.0
 17
0.0
 27
1.0
 37
0.0
 76
1
330
3DA
331
3DE
  0
DICTIONARYVAR
  5
4A7
330
2D
100
DictionaryVariables
280
0
  1
1.4.4 @ 2026-10-06T05:03:47.230941+00:00
  0
ENDSEC
  0
EOF
