  0
SECTION
  2
HEADER
  9
$ACADVER
  1
AC1032
  9
$ACADMAINTVER
 90
4
  9
$DWGCODEPAGE
  3
ANSI_1252
  9
$LASTSAVEDBY
  1
ezdxf
  9
$REQUIREDVERSIONS
160
0
  9
$INSBASE
 10
0.0
 20
0.0
 30
0.0
  9
$EXTMIN
 10
1e+20
 20
1e+20
 30
1e+20
  9
$EXTMAX
 10
-1e+20
 20
-1e+20
 30
-1e+20
  9
$LIMMIN
 10
0.0
 20
0.0
  9
$LIMMAX
 10
420.0
 20
297.0
  9
$ORTHOMODE
 70
0
  9
$REGENMODE
 70
1
  9
$FILLMODE
 70
1
  9
$QTEXTMODE
 70
0
  9
$MIRRTEXT
 70
1
  9
$LTSCALE
 40
1.0
  9
$ATTMODE
 70
1
  9
$TEXTSIZE
 40
2.5
  9
$TRACEWID
 40
1.0
  9
$TEXTSTYLE
  7
OpenSans
  9
$CLAYER
  8
0
  9
$CELTYPE
  6
ByLayer
  9
$CECOLOR
 62
256
  9
$CELTSCALE
 40
1.0
  9
$DISPSILH
 70
0
  9
$DIMSCALE
 40
1.0
  9
$DIMASZ
 40
0.175
  9
$DIMEXO
 40
0.125
  9
$DIMDLI
 40
3.75
  9
$DIMRND
 40
0.0
  9
$DIMDLE
 40
0.0
  9
$DIMEXE
 40
0.375
  9
$DIMTP
 40
0.0
  9
$DIMTM
 40
0.0
  9
$DIMTXT
 40
0.25
  9
$DIMCEN
 40
2.5
  9
$DIMTSZ
 40
0.0
  9
$DIMTOL
 70
0
  9
$DIMLIM
 70
0
  9
$DIMTIH
 70
0
  9
$DIMTOH
 70
0
  9
$DIMSE1
 70
0
  9
$DIMSE2
 70
0
  9
$DIMTAD
 70
1
  9
$DIMZIN
 70
12
  9
$DIMBLK
  1
ARCHTICK
  9
$DIMASO
 70
1
  9
$DIMSHO
 70
1
  9
$DIMPOST
  1

  9
$DIMAPOST
  1

  9
$DIMALT
 70
0
  9
$DIMALTD
 70
3
  9
$DIMALTF
 40
0.03937007874
  9
$DIMLFAC
 40
100.0
  9
$DIMTOFL
 70
1
  9
$DIMTVP
 40
0.0
  9
$DIMTIX
 70
0
  9
$DIMSOXD
 70
0
  9
$DIMSAH
 70
0
  9
$DIMBLK1
  1

  9
$DIMBLK2
  1

  9
$DIMSTYLE
  2
EZDXF
  9
$DIMCLRD
 70
0
  9
$DIMCLRE
 70
0
  9
$DIMCLRT
 70
0
  9
$DIMTFAC
 40
0.5
  9
$DIMGAP
 40
0.1
  9
$DIMJUST
 70
0
  9
$DIMSD1
 70
0
  9
$DIMSD2
 70
0
  9
$DIMTOLJ
 70
0
  9
$DIMTZIN
 70
8
  9
$DIMALTZ
 70
0
  9
$DIMALTTZ
 70
0
  9
$DIMUPT
 70
1
  9
$DIMDEC
 70
2
  9
$DIMTDEC
 70
2
  9
$DIMALTU
 70
2
  9
$DIMALTTD
 70
3
  9
$DIMTXSTY
  7
OpenSansCondensed-Light
  9
$DIMAUNIT
 70
0
  9
$DIMADEC
 70
2
  9
$DIMALTRND
 40
0.0
  9
$DIMAZIN
 70
3
  9
$DIMDSEP
 70
46
  9
$DIMATFIT
 70
3
  9
$DIMFRAC
 70
0
  9
$DIMLDRBLK
  1

  9
$DIMLUNIT
 70
2
  9
$DIMLWD
 70
-2
  9
$DIMLWE
 70
-2
  9
$DIMTMOVE
 70
2
  9
$DIMFXL
 40
1.0
  9
$DIMFXLON
 70
0
  9
$DIMJOGANG
 40
0.785398163397
  9
$DIMTFILL
 70
0
  9
$DIMTFILLCLR
 70
0
  9
$DIMARCSYM
 70
0
  9
$DIMLTYPE
  6

  9
$DIMLTEX1
  6

  9
$DIMLTEX2
  6

  9
$DIMTXTDIRECTION
 70
0
  9
$LUNITS
 70
2
  9
$LUPREC
 70
2
  9
$SKETCHINC
 40
1.0
  9
$FILLETRAD
 40
10.0
  9
$AUNITS
 70
1
  9
$AUPREC
 70
2
  9
$MENU
  1
.
  9
$ELEVATION
 40
0.0
  9
$PELEVATION
 40
0.0
  9
$THICKNESS
 40
0.0
  9
$LIMCHECK
 70
0
  9
$CHAMFERA
 40
0.0
  9
$CHAMFERB
 40
0.0
  9
$CHAMFERC
 40
0.0
  9
$CHAMFERD
 40
0.0
  9
$SKPOLY
 70
0
  9
$TDCREATE
 40
2461321.104814815
  9
$TDUCREATE
 40
2458532.153996898
  9
$TDUPDATE
 40
2461321.104814815
  9
$TDUUPDATE
 40
2458532.1544311
  9
$TDINDWG
 40
0.0
  9
$TDUSRTIMER
 40
0.0
  9
$USRTIMER
 70
1
  9
$ANGBASE
 50
0.0
  9
$ANGDIR
 70
0
  9
$PDMODE
 70
0
  9
$PDSIZE
 40
0.0
  9
$PLINEWID
 40
0.0
  9
$SPLFRAME
 70
0
  9
$SPLINETYPE
 70
6
  9
$SPLINESEGS
 70
8
  9
$HANDSEED
  5
50E
  9
$SURFTAB1
 70
6
  9
$SURFTAB2
 70
6
  9
$SURFTYPE
 70
6
  9
$SURFU
 70
6
  9
$SURFV
 70
6
  9
$UCSBASE
  2

  9
$UCSNAME
  2

  9
$UCSORG
 10
0.0
 20
0.0
 30
0.0
  9
$UCSXDIR
 10
1.0
 20
0.0
 30
0.0
  9
$UCSYDIR
 10
0.0
 20
1.0
 30
0.0
  9
$UCSORTHOREF
  2

  9
$UCSORTHOVIEW
 70
0
  9
$UCSORGTOP
 10
0.0
 20
0.0
 30
0.0
  9
$UCSORGBOTTOM
 10
0.0
 20
0.0
 30
0.0
  9
$UCSORGLEFT
 10
0.0
 20
0.0
 30
0.0
  9
$UCSORGRIGHT
 10
0.0
 20
0.0
 30
0.0
  9
$UCSORGFRONT
 10
0.0
 20
0.0
 30
0.0
  9
$UCSORGBACK
 10
0.0
 20
0.0
 30
0.0
  9
$PUCSBASE
  2

  9
$PUCSNAME
  2

  9
$PUCSORG
 10
0.0
 20
0.0
 30
0.0
  9
$PUCSXDIR
 10
1.0
 20
0.0
 30
0.0
  9
$PUCSYDIR
 10
0.0
 20
1.0
 30
0.0
  9
$PUCSORTHOREF
  2

  9
$PUCSORTHOVIEW
 70
0
  9
$PUCSORGTOP
 10
0.0
 20
0.0
 30
0.0
  9
$PUCSORGBOTTOM
 10
0.0
 20
0.0
 30
0.0
  9
$PUCSORGLEFT
 10
0.0
 20
0.0
 30
0.0
  9
$PUCSORGRIGHT
 10
0.0
 20
0.0
 30
0.0
  9
$PUCSORGFRONT
 10
0.0
 20
0.0
 30
0.0
  9
$PUCSORGBACK
 10
0.0
 20
0.0
 30
0.0
  9
$USERI1
 70
0
  9
$USERI2
 70
0
  9
$USERI3
 70
0
  9
$USERI4
 70
0
  9
$USERI5
 70
0
  9
$USERR1
 40
0.0
  9
$USERR2
 40
0.0
  9
$USERR3
 40
0.0
  9
$USERR4
 40
0.0
  9
$USERR5
 40
0.0
  9
$WORLDVIEW
 70
1
  9
$SHADEDGE
 70
3
  9
$SHADEDIF
 70
70
  9
$TILEMODE
 70
1
  9
$MAXACTVP
 70
64
  9
$PINSBASE
 10
0.0
 20
0.0
 30
0.0
  9
$PLIMCHECK
 70
0
  9
$PEXTMIN
 10
1e+20
 20
1e+20
 30
1e+20
  9
$PEXTMAX
 10
-1e+20
 20
-1e+20
 30
-1e+20
  9
$PLIMMIN
 10
-0.0
 20
-0.0
  9
$PLIMMAX
 10
841.0
 20
594.0
  9
$UNITMODE
 70
0
  9
$VISRETAIN
 70
1
  9
$PLINEGEN
 70
0
  9
$PSLTSCALE
 70
1
  9
$TREEDEPTH
 70
3020
  9
$CMLSTYLE
  2
Standard
  9
$CMLJUST
 70
0
  9
$CMLSCALE
 40
20.0
  9
$PROXYGRAPHICS
 70
1
  9
$MEASUREMENT
 70
1
  9
$CELWEIGHT
370
-1
  9
$ENDCAPS
280
0
  9
$JOINSTYLE
280
0
  9
$LWDISPLAY
290
1
  9
$INSUNITS
 70
6
  9
$HYPERLINKBASE
  1

  9
$STYLESHEET
  1

  9
$XEDIT
290
1
  9
$CEPSNTYPE
380
0
  9
$PSTYLEMODE
290
1
  9
$FINGERPRINTGUID
  2
{B29D63DB-147E-4CD6-A122-90852DC98090}
  9
$VERSIONGUID
  2
{BD0AC58D-3BC9-4D6E-8C5F-AC5D47A0B54F}
  9
$EXTNAMES
290
1
  9
$PSVPSCALE
 40
0.0
  9
$OLESTARTUP
290
0
  9
$SORTENTS
280
127
  9
$INDEXCTL
280
0
  9
$HIDETEXT
280
1
  9
$XCLIPFRAME
280
1
  9
$HALOGAP
280
0
  9
$OBSCOLOR
 70
257
  9
$OBSLTYPE
280
0
  9
$INTERSECTIONDISPLAY
280
0
  9
$INTERSECTIONCOLOR
 70
257
  9
$DIMASSOC
280
2
  9
$PROJECTNAME
  1

  9
$CAMERADISPLAY
290
0
  9
$LENSLENGTH
 40
50.0
  9
$CAMERAHEIGHT
 40
0.0
  9
$STEPSPERSEC
 40
24.0
  9
$STEPSIZE
 40
100.0
  9
$3DDWFPREC
 40
2.0
  9
$PSOLWIDTH
 40
0.005
  9
$PSOLHEIGHT
 40
0.08
  9
$LOFTANG1
 40
1.570796326795
  9
$LOFTANG2
 40
1.570796326795
  9
$LOFTMAG1
 40
0.0
  9
$LOFTMAG2
 40
0.0
  9
$LOFTPARAM
 70
7
  9
$LOFTNORMALS
280
1
  9
$LATITUDE
 40
37.795
  9
$LONGITUDE
 40
-122.394
  9
$NORTHDIRECTION
 40
0.0
  9
$TIMEZONE
 70
-8000
  9
$LIGHTGLYPHDISPLAY
280
1
  9
$TILEMODELIGHTSYNCH
280
1
  9
$CMATERIAL
347
20
  9
$SOLIDHIST
280
0
  9
$SHOWHIST
280
1
  9
$DWFFRAME
280
2
  9
$DGNFRAME
280
2
  9
$REALWORLDSCALE
290
1
  9
$INTERFERECOLOR
 62
256
  9
$CSHADOW
280
0
  9
$SHADOWPLANELOCATION
 40
0.0
  0
ENDSEC
  0
SECTION
  2
CLASSES
  0
CLASS
  1
ACDBDICTIONARYWDFLT
  2
AcDbDictionaryWithDefault
  3
ObjectDBX Classes
 90
0
 91
0
280
0
281
0
  0
CLASS
  1
SUN
  2
AcDbSun
  3
SCENEOE
 90
1153
 91
0
280
0
281
0
  0
CLASS
  1
VISUALSTYLE
  2
AcDbVisualStyle
  3
ObjectDBX Classes
 90
4095
 91
0
280
0
281
0
  0
CLASS
  1
MATERIAL
  2
AcDbMaterial
  3
ObjectDBX Classes
 90
1153
 91
0
280
0
281
0
  0
CLASS
  1
SCALE
  2
AcDbScale
  3
ObjectDBX Classes
 90
1153
 91
0
280
0
281
0
  0
CLASS
  1
TABLESTYLE
  2
AcDbTableStyle
  3
ObjectDBX Classes
 90
4095
 91
0
280
0
281
0
  0
CLASS
  1
MLEADERSTYLE
  2
AcDbMLeaderStyle
  3
ACDB_MLEADERSTYLE_CLASS
 90
4095
 91
0
280
0
281
0
  0
CLASS
  1
DICTIONARYVAR
  2
AcDbDictionaryVar
  3
ObjectDBX Classes
 90
0
 91
0
280
0
281
0
  0
CLASS
  1
CELLSTYLEMAP
  2
AcDbCellStyleMap
  3
ObjectDBX Classes
 90
1152
 91
0
280
0
281
0
  0
CLASS
  1
MENTALRAYRENDERSETTINGS
  2
AcDbMentalRayRenderSettings
  3
SCENEOE
 90
1024
 91
0
280
0
281
0
  0
CLASS
  1
ACDBDETAILVIEWSTYLE
  2
AcDbDetailViewStyle
  3
ObjectDBX Classes
 90
1025
 91
0
280
0
281
0
  0
CLASS
  1
ACDBSECTIONVIEWSTYLE
  2
AcDbSectionViewStyle
  3
ObjectDBX Classes
 90
1025
 91
0
280
0
281
0
  0
CLASS
  1
RASTERVARIABLES
  2
AcDbRasterVariables
  3
ISM
 90
0
 91
0
280
0
281
0
  0
CLASS
  1
ACDBPLACEHOLDER
  2
AcDbPlaceHolder
  3
ObjectDBX Classes
 90
0
 91
0
280
0
281
0
  0
CLASS
  1
LAYOUT
  2
AcDbLayout
  3
ObjectDBX Classes
 90
0
 91
0
280
0
281
0
  0
ENDSEC
  0
SECTION
  2
TABLES
  0
TABLE
  2
VPORT
  5
8
330
0
100
AcDbSymbolTable
 70
1
  0
VPORT
  5
23
330
8
100
AcDbSymbolTableRecord
100
AcDbViewportTableRecord
  2
*Active
 70
0
 10
0.0
 20
0.0
 11
1.0
 21
1.0
 12
0.0
 22
0.0
 13
0.0
 23
0.0
 14
0.5
 24
0.5
 15
0.5
 25
0.5
 16
0.0
 26
0.0
 36
1.0
 17
0.0
 27
0.0
 37
0.0
 40
1000.0
 41
1.34
 42
50.0
 43
0.0
 44
0.0
 50
0.0
 51
0.0
 71
0
 72
1000
 73
1
 74
3
 75
0
 76
0
 77
0
 78
0
281
0
 65
0
146
0.0
  0
ENDTAB
  0
TABLE
  2
LTYPE
  5
2
330
0
100
AcDbSymbolTable
 70
21
  0
LTYPE
  5
24
330
2
100
AcDbSymbolTableRecord
100
AcDbLinetypeTableRecord
  2
ByBlock
 70
0
  3

 72
65
 73
0
 40
0.0
  0
LTYPE
  5
25
330
2
100
AcDbSymbolTableRecord
100
AcDbLinetypeTableRecord
  2
ByLayer
 70
0
  3

 72
65
 73
0
 40
0.0
  0
LTYPE
  5
26
330
2
100
AcDbSymbolTableRecord
100
AcDbLinetypeTableRecord
  2
Continuous
 70
0
  3

 72
65
 73
0
 40
0.0
  0
LTYPE
  5
2F
330
2
100
AcDbSymbolTableRecord
100
AcDbLinetypeTableRecord
  2
CENTER
 70
0
  3
Center ____ _ ____ _ ____ _ ____ _ ____ _ ____
 72
65
 73
4
 40
5.08
 49
3.175
 74
0
 49
-0.635
 74
0
 49
0.635
 74
0
 49
-0.635
 74
0
  0
LTYPE
  5
30
330
2
100
AcDbSymbolTableRecord
100
AcDbLinetypeTableRecord
  2
CENTERX2
 70
0
  3
Center (2x) ________  __  ________  __  ________
 72
65
 73
4
 40
8.89
 49
6.35
 74
0
 49
-0.635
 74
0
 49
1.27
 74
0
 49
-0.635
 74
0
  0
LTYPE
  5
31
330
2
100
AcDbSymbolTableRecord
100
AcDbLinetypeTableRecord
  2
CENTER2
 70
0
  3
Center (.5x) ____ _ ____ _ ____ _ ____ _ ____
 72
65
 73
4
 40
2.54
 49
1.587
 74
0
 49
-0.318
 74
0
 49
0.318
 74
0
 49
-0.318
 74
0
  0
LTYPE
  5
32
330
2
100
AcDbSymbolTableRecord
100
AcDbLinetypeTableRecord
  2
DASHED
 70
0
  3
Dashed __ __ __ __ __ __ __ __ __ __ __ __ __ _
 72
65
 73
2
 40
1.524
 49
1.27
 74
0
 49
-0.254
 74
0
  0
LTYPE
  5
33
330
2
100
AcDbSymbolTableRecord
100
AcDbLinetypeTableRecord
  2
DASHEDX2
 70
0
  3
Dashed (2x) ____  ____  ____  ____  ____  ____
 72
65
 73
2
 40
3.048
 49
2.54
 74
0
 49
-0.508
 74
0
  0
LTYPE
  5
34
330
2
100
AcDbSymbolTableRecord
100
AcDbLinetypeTableRecord
  2
DASHED2
 70
0
  3
Dashed (.5x) _ _ _ _ _ _ _ _ _ _ _ _ _ _
 72
65
 73
2
 40
0.762
 49
0.635
 74
0
 49
-0.127
 74
0
  0
LTYPE
  5
35
330
2
100
AcDbSymbolTableRecord
100
AcDbLinetypeTableRecord
  2
PHANTOM
 70
0
  3
Phantom ______  __  __  ______  __  __  ______
 72
65
 73
6
 40
6.35
 49
3.175
 74
0
 49
-0.635
 74
0
 49
0.635
 74
0
 49
-0.635
 74
0
 49
0.635
 74
0
 49
-0.635
 74
0
  0
LTYPE
  5
36
330
2
100
AcDbSymbolTableRecord
100
AcDbLinetypeTableRecord
  2
PHANTOMX2
 70
0
  3
Phantom (2x)____________    ____    ____    ____________
 72
65
 73
6
 40
10.795
 49
6.35
 74
0
 49
-0.635
 74
0
 49
1.27
 74
0
 49
-0.635
 74
0
 49
1.27
 74
0
 49
-0.635
 74
0
  0
LTYPE
  5
37
330
2
100
AcDbSymbolTableRecord
100
AcDbLinetypeTableRecord
  2
PHANTOM2
 70
0
  3
Phantom (.5x) ___ _ _ ___ _ _ ___ _ _ ___ _ _ ___
 72
65
 73
6
 40
3.175
 49
1.587
 74
0
 49
-0.318
 74
0
 49
0.318
 74
0
 49
-0.318
 74
0
 49
0.318
 74
0
 49
-0.318
 74
0
  0
LTYPE
  5
38
330
2
100
AcDbSymbolTableRecord
100
AcDbLinetypeTableRecord
  2
DASHDOT
 70
0
  3
Dash dot __ . __ . __ . __ . __ . __ . __ . __
 72
65
 73
4
 40
3.556
 49
2.54
 74
0
 49
-0.508
 74
0
 49
0.0
 74
0
 49
-0.508
 74
0
  0
LTYPE
  5
39
330
2
100
AcDbSymbolTableRecord
100
AcDbLinetypeTableRecord
  2
DASHDOTX2
 70
0
  3
Dash dot (2x) ____  .  ____  .  ____  .  ____
 72
65
 73
4
 40
6.096
 49
5.08
 74
0
 49
-0.508
 74
0
 49
0.0
 74
0
 49
-0.508
 74
0
  0
LTYPE
  5
3A
330
2
100
AcDbSymbolTableRecord
100
AcDbLinetypeTableRecord
  2
DASHDOT2
 70
0
  3
Dash dot (.5x) _ . _ . _ . _ . _ . _ . _ . _
 72
65
 73
4
 40
1.778
 49
1.27
 74
0
 49
-0.254
 74
0
 49
0.0
 74
0
 49
-0.254
 74
0
  0
LTYPE
  5
3B
330
2
100
AcDbSymbolTableRecord
100
AcDbLinetypeTableRecord
  2
DOT
 70
0
  3
Dot .  .  .  .  .  .  .  .  .  .  .  .  .  .  .  .
 72
65
 73
2
 40
0.508
 49
0.0
 74
0
 49
-0.508
 74
0
  0
LTYPE
  5
3C
330
2
100
AcDbSymbolTableRecord
100
AcDbLinetypeTableRecord
  2
DOTX2
 70
0
  3
Dot (2x) .    .    .    .    .    .    .    . 
 72
65
 73
2
 40
1.016
 49
0.0
 74
0
 49
-1.016
 74
0
  0
LTYPE
  5
3D
330
2
100
AcDbSymbolTableRecord
100
AcDbLinetypeTableRecord
  2
DOT2
 70
0
  3
Dot (.5) . . . . . . . . . . . . . . . . . . . 
 72
65
 73
2
 40
0.254
 49
0.0
 74
0
 49
-0.254
 74
0
  0
LTYPE
  5
3E
330
2
100
AcDbSymbolTableRecord
100
AcDbLinetypeTableRecord
  2
DIVIDE
 70
0
  3
Divide __ . . __ . . __ . . __ . . __ . . __
 72
65
 73
6
 40
4.064
 49
2.54
 74
0
 49
-0.508
 74
0
 49
0.0
 74
0
 49
-0.508
 74
0
 49
0.0
 74
0
 49
-0.508
 74
0
  0
LTYPE
  5
3F
330
2
100
AcDbSymbolTableRecord
100
AcDbLinetypeTableRecord
  2
DIVIDEX2
 70
0
  3
Divide (2x) ____  . .  ____  . .  ____  . .  ____
 72
65
 73
6
 40
6.604
 49
5.08
 74
0
 49
-0.508
 74
0
 49
0.0
 74
0
 49
-0.508
 74
0
 49
0.0
 74
0
 49
-0.508
 74
0
  0
LTYPE
  5
40
330
2
100
AcDbSymbolTableRecord
100
AcDbLinetypeTableRecord
  2
DIVIDE2
 70
0
  3
Divide(.5x) _ . _ . _ . _ . _ . _ . _ . _
 72
65
 73
6
 40
2.032
 49
1.27
 74
0
 49
-0.254
 74
0
 49
0.0
 74
0
 49
-0.254
 74
0
 49
0.0
 74
0
 49
-0.254
 74
0
  0
ENDTAB
  0
TABLE
  2
LAYER
  5
1
330
0
100
AcDbSymbolTable
 70
50
  0
LAYER
  5
27
330
1
100
AcDbSymbolTableRecord
100
AcDbLayerTableRecord
  2
0
 70
0
 62
7
  6
Continuous
370
-3
390
13
347
21
  0
LAYER
  5
28
330
1
100
AcDbSymbolTableRecord
100
AcDbLayerTableRecord
  2
Defpoints
 70
0
 62
7
  6
Continuous
290
0
370
-3
390
13
347
21
  0
LAYER
  5
8B
330
1
100
AcDbSymbolTableRecord
100
AcDbLayerTableRecord
  2
A-MARCO
 70
0
 62
7
  6
Continuous
370
70
390
13
347
21
  0
LAYER
  5
8C
330
1
100
AcDbSymbolTableRecord
100
AcDbLayerTableRecord
  2
A-CAJETIN
 70
0
 62
7
  6
Continuous
370
35
390
13
347
21
  0
LAYER
  5
8D
330
1
100
AcDbSymbolTableRecord
100
AcDbLayerTableRecord
  2
A-CAJETIN-TXT
 70
0
 62
7
  6
Continuous
370
25
390
13
347
21
  0
LAYER
  5
8E
330
1
100
AcDbSymbolTableRecord
100
AcDbLayerTableRecord
  2
A-TITULOS
 70
0
 62
7
  6
Continuous
370
35
390
13
347
21
  0
LAYER
  5
8F
330
1
100
AcDbSymbolTableRecord
100
AcDbLayerTableRecord
  2
A-TEXTO
 70
0
 62
7
  6
Continuous
370
18
390
13
347
21
  0
LAYER
  5
90
330
1
100
AcDbSymbolTableRecord
100
AcDbLayerTableRecord
  2
A-TABLAS
 70
0
 62
7
  6
Continuous
370
25
390
13
347
21
  0
LAYER
  5
91
330
1
100
AcDbSymbolTableRecord
100
AcDbLayerTableRecord
  2
A-NOTAS
 70
0
 62
7
  6
Continuous
370
18
390
13
347
21
  0
LAYER
  5
92
330
1
100
AcDbSymbolTableRecord
100
AcDbLayerTableRecord
  2
A-ESCALA-GRAF
 70
0
 62
7
  6
Continuous
370
18
390
13
347
21
  0
LAYER
  5
93
330
1
100
AcDbSymbolTableRecord
100
AcDbLayerTableRecord
  2
A-NORTE
 70
0
 62
7
  6
Continuous
370
25
390
13
347
21
  0
LAYER
  5
94
330
1
100
AcDbSymbolTableRecord
100
AcDbLayerTableRecord
  2
A-IMAGEN-REF
 70
0
 62
7
  6
Continuous
370
13
390
13
347
21
  0
LAYER
  5
95
330
1
100
AcDbSymbolTableRecord
100
AcDbLayerTableRecord
  2
A-VIEWPORT
 70
0
 62
8
  6
Continuous
290
0
370
13
390
13
347
21
  0
LAYER
  5
96
330
1
100
AcDbSymbolTableRecord
100
AcDbLayerTableRecord
  2
A-PENDIENTE
 70
0
 62
1
  6
Continuous
370
25
390
13
347
21
  0
LAYER
  5
97
330
1
100
AcDbSymbolTableRecord
100
AcDbLayerTableRecord
  2
T-LINDERO
 70
0
 62
7
  6
Continuous
370
50
390
13
347
21
  0
LAYER
  5
98
330
1
100
AcDbSymbolTableRecord
100
AcDbLayerTableRecord
  2
T-VERTICE
 70
0
 62
7
  6
Continuous
370
25
390
13
347
21
  0
LAYER
  5
99
330
1
100
AcDbSymbolTableRecord
100
AcDbLayerTableRecord
  2
T-CALLE
 70
0
 62
8
  6
DASHED
370
18
390
13
347
21
  0
LAYER
  5
9A
330
1
100
AcDbSymbolTableRecord
100
AcDbLayerTableRecord
  2
T-TXT-200
 70
0
 62
7
  6
Continuous
370
18
390
13
347
21
  0
LAYER
  5
9B
330
1
100
AcDbSymbolTableRecord
100
AcDbLayerTableRecord
  2
T-COTA-200
 70
0
 62
7
  6
Continuous
370
18
390
13
347
21
  0
LAYER
  5
9C
330
1
100
AcDbSymbolTableRecord
100
AcDbLayerTableRecord
  2
T-TXT-100
 70
0
 62
7
  6
Continuous
370
18
390
13
347
21
  0
LAYER
  5
9D
330
1
100
AcDbSymbolTableRecord
100
AcDbLayerTableRecord
  2
T-COTA-100
 70
0
 62
7
  6
Continuous
370
18
390
13
347
21
  0
LAYER
  5
9E
330
1
100
AcDbSymbolTableRecord
100
AcDbLayerTableRecord
  2
A-HUELLA
 70
0
 62
7
  6
Continuous
370
35
390
13
347
21
  0
LAYER
  5
9F
330
1
100
AcDbSymbolTableRecord
100
AcDbLayerTableRecord
  2
A-HUELLA-TRAMA
 70
0
 62
8
  6
Continuous
370
9
390
13
347
21
  0
LAYER
  5
A0
330
1
100
AcDbSymbolTableRecord
100
AcDbLayerTableRecord
  2
A-PATIO
 70
0
 62
7
  6
Continuous
370
25
390
13
347
21
  0
LAYER
  5
A1
330
1
100
AcDbSymbolTableRecord
100
AcDbLayerTableRecord
  2
A-RETIRO
 70
0
 62
8
  6
DASHED2
370
18
390
13
347
21
  0
LAYER
  5
A2
330
1
100
AcDbSymbolTableRecord
100
AcDbLayerTableRecord
  2
A-MURO
 70
0
 62
7
  6
Continuous
370
50
390
13
347
21
  0
LAYER
  5
A3
330
1
100
AcDbSymbolTableRecord
100
AcDbLayerTableRecord
  2
A-MURO-TRAMA
 70
0
 62
8
  6
Continuous
370
9
390
13
347
21
  0
LAYER
  5
A4
330
1
100
AcDbSymbolTableRecord
100
AcDbLayerTableRecord
  2
A-PUERTA
 70
0
 62
7
  6
Continuous
370
25
390
13
347
21
  0
LAYER
  5
A5
330
1
100
AcDbSymbolTableRecord
100
AcDbLayerTableRecord
  2
A-VENTANA
 70
0
 62
7
  6
Continuous
370
25
390
13
347
21
  0
LAYER
  5
A6
330
1
100
AcDbSymbolTableRecord
100
AcDbLayerTableRecord
  2
A-ESCALERA
 70
0
 62
7
  6
Continuous
370
25
390
13
347
21
  0
LAYER
  5
A7
330
1
100
AcDbSymbolTableRecord
100
AcDbLayerTableRecord
  2
A-VEHICULO
 70
0
 62
8
  6
Continuous
370
18
390
13
347
21
  0
LAYER
  5
A8
330
1
100
AcDbSymbolTableRecord
100
AcDbLayerTableRecord
  2
A-MOBILIARIO
 70
0
 62
8
  6
Continuous
370
18
390
13
347
21
  0
LAYER
  5
A9
330
1
100
AcDbSymbolTableRecord
100
AcDbLayerTableRecord
  2
A-DEMARCACION
 70
0
 62
8
  6
DASHED
370
18
390
13
347
21
  0
LAYER
  5
AA
330
1
100
AcDbSymbolTableRecord
100
AcDbLayerTableRecord
  2
A-PROYECCION
 70
0
 62
8
  6
DASHED
370
18
390
13
347
21
  0
LAYER
  5
AB
330
1
100
AcDbSymbolTableRecord
100
AcDbLayerTableRecord
  2
A-EJES
 70
0
 62
8
  6
CENTER
370
13
390
13
347
21
  0
LAYER
  5
AC
330
1
100
AcDbSymbolTableRecord
100
AcDbLayerTableRecord
  2
A-EJES-TXT
 70
0
 62
7
  6
Continuous
370
25
390
13
347
21
  0
LAYER
  5
AD
330
1
100
AcDbSymbolTableRecord
100
AcDbLayerTableRecord
  2
A-COTA-50
 70
0
 62
7
  6
Continuous
370
18
390
13
347
21
  0
LAYER
  5
AE
330
1
100
AcDbSymbolTableRecord
100
AcDbLayerTableRecord
  2
A-TXT-50
 70
0
 62
7
  6
Continuous
370
18
390
13
347
21
  0
LAYER
  5
AF
330
1
100
AcDbSymbolTableRecord
100
AcDbLayerTableRecord
  2
A-ESPACIOS
 70
0
 62
7
  6
Continuous
370
25
390
13
347
21
  0
LAYER
  5
B0
330
1
100
AcDbSymbolTableRecord
100
AcDbLayerTableRecord
  2
A-NIVELES
 70
0
 62
7
  6
Continuous
370
18
390
13
347
21
  0
LAYER
  5
B1
330
1
100
AcDbSymbolTableRecord
100
AcDbLayerTableRecord
  2
A-CORTES
 70
0
 62
7
  6
Continuous
370
35
390
13
347
21
  0
LAYER
  5
B2
330
1
100
AcDbSymbolTableRecord
100
AcDbLayerTableRecord
  2
A-JARDIN
 70
0
 62
8
  6
Continuous
370
9
390
13
347
21
  0
LAYER
  5
B3
330
1
100
AcDbSymbolTableRecord
100
AcDbLayerTableRecord
  2
E-COLUMNA
 70
0
 62
7
  6
Continuous
370
35
390
13
347
21
  0
LAYER
  5
B7
330
1
100
AcDbSymbolTableRecord
100
AcDbLayerTableRecord
  2
E-LUM
 70
0
 62
7
  6
Continuous
370
25
390
13
347
21
  0
LAYER
  5
B8
330
1
100
AcDbSymbolTableRecord
100
AcDbLayerTableRecord
  2
E-TOMA
 70
0
 62
7
  6
Continuous
370
25
390
13
347
21
  0
LAYER
  5
B9
330
1
100
AcDbSymbolTableRecord
100
AcDbLayerTableRecord
  2
E-APAG
 70
0
 62
7
  6
Continuous
370
25
390
13
347
21
  0
LAYER
  5
BA
330
1
100
AcDbSymbolTableRecord
100
AcDbLayerTableRecord
  2
E-CIRC
 70
0
 62
7
  6
Continuous
370
13
390
13
347
21
  0
LAYER
  5
BB
330
1
100
AcDbSymbolTableRecord
100
AcDbLayerTableRecord
  2
E-TABLERO
 70
0
 62
7
  6
Continuous
370
35
390
13
347
21
  0
LAYER
  5
BC
330
1
100
AcDbSymbolTableRecord
100
AcDbLayerTableRecord
  2
E-VD
 70
0
 62
7
  6
Continuous
370
25
390
13
347
21
  0
LAYER
  5
BD
330
1
100
AcDbSymbolTableRecord
100
AcDbLayerTableRecord
  2
E-TXT-EL
 70
0
 62
7
  6
Continuous
370
18
390
13
347
21
  0
ENDTAB
  0
TABLE
  2
STYLE
  5
5
330
0
100
AcDbSymbolTable
 70
27
  0
STYLE
  5
29
330
5
100
AcDbSymbolTableRecord
100
AcDbTextStyleTableRecord
  2
Standard
 70
0
 40
0.0
 41
1.0
 50
0.0
 71
0
 42
2.5
  3
txt
  4

  0
STYLE
  5
41
330
5
100
AcDbSymbolTableRecord
100
AcDbTextStyleTableRecord
  2
OpenSans-Light
 70
0
 40
0.0
 41
1.0
 50
0.0
 71
0
 42
2.5
  3
OpenSans-Light.ttf
  4

  0
STYLE
  5
42
330
5
100
AcDbSymbolTableRecord
100
AcDbTextStyleTableRecord
  2
OpenSans-Light-Italic
 70
0
 40
0.0
 41
1.0
 50
0.0
 71
0
 42
2.5
  3
OpenSans-LightItalic.ttf
  4

  0
STYLE
  5
43
330
5
100
AcDbSymbolTableRecord
100
AcDbTextStyleTableRecord
  2
OpenSans
 70
0
 40
0.0
 41
1.0
 50
0.0
 71
0
 42
2.5
  3
OpenSans-Regular.ttf
  4

  0
STYLE
  5
44
330
5
100
AcDbSymbolTableRecord
100
AcDbTextStyleTableRecord
  2
OpenSans-Italic
 70
0
 40
0.0
 41
1.0
 50
0.0
 71
0
 42
2.5
  3
OpenSans-Italic.ttf
  4

  0
STYLE
  5
45
330
5
100
AcDbSymbolTableRecord
100
AcDbTextStyleTableRecord
  2
OpenSans-SemiBold
 70
0
 40
0.0
 41
1.0
 50
0.0
 71
0
 42
2.5
  3
OpenSans-SemiBold.ttf
  4

  0
STYLE
  5
46
330
5
100
AcDbSymbolTableRecord
100
AcDbTextStyleTableRecord
  2
OpenSans-SemiBoldItalic
 70
0
 40
0.0
 41
1.0
 50
0.0
 71
0
 42
2.5
  3
OpenSans-SemiBoldItalic.ttf
  4

  0
STYLE
  5
47
330
5
100
AcDbSymbolTableRecord
100
AcDbTextStyleTableRecord
  2
OpenSans-Bold
 70
0
 40
0.0
 41
1.0
 50
0.0
 71
0
 42
2.5
  3
OpenSans-Bold.ttf
  4

  0
STYLE
  5
48
330
5
100
AcDbSymbolTableRecord
100
AcDbTextStyleTableRecord
  2
OpenSans-BoldItalic
 70
0
 40
0.0
 41
1.0
 50
0.0
 71
0
 42
2.5
  3
OpenSans-BoldItalic.ttf
  4

  0
STYLE
  5
49
330
5
100
AcDbSymbolTableRecord
100
AcDbTextStyleTableRecord
  2
OpenSans-ExtraBold
 70
0
 40
0.0
 41
1.0
 50
0.0
 71
0
 42
2.5
  3
OpenSans-ExtraBold.ttf
  4

  0
STYLE
  5
4A
330
5
100
AcDbSymbolTableRecord
100
AcDbTextStyleTableRecord
  2
OpenSans-ExtraBoldItalic
 70
0
 40
0.0
 41
1.0
 50
0.0
 71
0
 42
2.5
  3
OpenSans-ExtraBoldItalic.ttf
  4

  0
STYLE
  5
4B
330
5
100
AcDbSymbolTableRecord
100
AcDbTextStyleTableRecord
  2
OpenSansCondensed-Bold
 70
0
 40
0.0
 41
1.0
 50
0.0
 71
0
 42
2.5
  3
OpenSansCondensed-Bold.ttf
  4

  0
STYLE
  5
4C
330
5
100
AcDbSymbolTableRecord
100
AcDbTextStyleTableRecord
  2
OpenSansCondensed-Light
 70
0
 40
0.0
 41
1.0
 50
0.0
 71
0
 42
2.5
  3
OpenSansCondensed-Light.ttf
  4

  0
STYLE
  5
4D
330
5
100
AcDbSymbolTableRecord
100
AcDbTextStyleTableRecord
  2
OpenSansCondensed-Italic
 70
0
 40
0.0
 41
1.0
 50
0.0
 71
0
 42
2.5
  3
OpenSansCondensed-LightItalic.ttf
  4

  0
STYLE
  5
4E
330
5
100
AcDbSymbolTableRecord
100
AcDbTextStyleTableRecord
  2
LiberationSans
 70
0
 40
0.0
 41
1.0
 50
0.0
 71
0
 42
2.5
  3
LiberationSans-Regular.ttf
  4

  0
STYLE
  5
4F
330
5
100
AcDbSymbolTableRecord
100
AcDbTextStyleTableRecord
  2
LiberationSans-Bold
 70
0
 40
0.0
 41
1.0
 50
0.0
 71
0
 42
2.5
  3
LiberationSans-Bold.ttf
  4

  0
STYLE
  5
50
330
5
100
AcDbSymbolTableRecord
100
AcDbTextStyleTableRecord
  2
LiberationSans-BoldItalic
 70
0
 40
0.0
 41
1.0
 50
0.0
 71
0
 42
2.5
  3
LiberationSans-BoldItalic.ttf
  4

  0
STYLE
  5
51
330
5
100
AcDbSymbolTableRecord
100
AcDbTextStyleTableRecord
  2
LiberationSans-Italic
 70
0
 40
0.0
 41
1.0
 50
0.0
 71
0
 42
2.5
  3
LiberationSans-Italic.ttf
  4

  0
STYLE
  5
52
330
5
100
AcDbSymbolTableRecord
100
AcDbTextStyleTableRecord
  2
LiberationSerif
 70
0
 40
0.0
 41
1.0
 50
0.0
 71
0
 42
2.5
  3
LiberationSerif-Regular.ttf
  4

  0
STYLE
  5
53
330
5
100
AcDbSymbolTableRecord
100
AcDbTextStyleTableRecord
  2
LiberationSerif-Bold
 70
0
 40
0.0
 41
1.0
 50
0.0
 71
0
 42
2.5
  3
LiberationSerif-Bold.ttf
  4

  0
STYLE
  5
54
330
5
100
AcDbSymbolTableRecord
100
AcDbTextStyleTableRecord
  2
LiberationSerif-BoldItalic
 70
0
 40
0.0
 41
1.0
 50
0.0
 71
0
 42
2.5
  3
LiberationSerif-BoldItalic.ttf
  4

  0
STYLE
  5
55
330
5
100
AcDbSymbolTableRecord
100
AcDbTextStyleTableRecord
  2
LiberationSerif-Italic
 70
0
 40
0.0
 41
1.0
 50
0.0
 71
0
 42
2.5
  3
LiberationSerif-Italic.ttf
  4

  0
STYLE
  5
56
330
5
100
AcDbSymbolTableRecord
100
AcDbTextStyleTableRecord
  2
LiberationMono
 70
0
 40
0.0
 41
1.0
 50
0.0
 71
0
 42
2.5
  3
LiberationMono-Regular.ttf
  4

  0
STYLE
  5
57
330
5
100
AcDbSymbolTableRecord
100
AcDbTextStyleTableRecord
  2
LiberationMono-Bold
 70
0
 40
0.0
 41
1.0
 50
0.0
 71
0
 42
2.5
  3
LiberationMono-Bold.ttf
  4

  0
STYLE
  5
58
330
5
100
AcDbSymbolTableRecord
100
AcDbTextStyleTableRecord
  2
LiberationMono-BoldItalic
 70
0
 40
0.0
 41
1.0
 50
0.0
 71
0
 42
2.5
  3
LiberationMono-BoldItalic.ttf
  4

  0
STYLE
  5
59
330
5
100
AcDbSymbolTableRecord
100
AcDbTextStyleTableRecord
  2
LiberationMono-Italic
 70
0
 40
0.0
 41
1.0
 50
0.0
 71
0
 42
2.5
  3
LiberationMono-Italic.ttf
  4

  0
STYLE
  5
8A
330
5
100
AcDbSymbolTableRecord
100
AcDbTextStyleTableRecord
  2
ARIAL
 70
0
 40
0.0
 41
1.0
 50
0.0
 71
0
 42
2.5
  3
arial.ttf
  4

  0
ENDTAB
  0
TABLE
  2
VIEW
  5
7
330
0
100
AcDbSymbolTable
 70
0
  0
ENDTAB
  0
TABLE
  2
UCS
  5
6
330
0
100
AcDbSymbolTable
 70
0
  0
ENDTAB
  0
TABLE
  2
APPID
  5
3
330
0
100
AcDbSymbolTable
 70
3
  0
APPID
  5
2A
330
3
100
AcDbSymbolTableRecord
100
AcDbRegAppTableRecord
  2
ACAD
 70
0
  0
APPID
  5
50B
330
3
100
AcDbSymbolTableRecord
100
AcDbRegAppTableRecord
  2
HATCHBACKGROUNDCOLOR
 70
0
  0
APPID
  5
50C
330
3
100
AcDbSymbolTableRecord
100
AcDbRegAppTableRecord
  2
EZDXF
 70
0
  0
ENDTAB
  0
TABLE
  2
DIMSTYLE
  5
4
330
0
100
AcDbSymbolTable
 70
15
100
AcDbDimStyleTable
  0
DIMSTYLE
105
2B
330
4
100
AcDbSymbolTableRecord
100
AcDbDimStyleTableRecord
  2
Standard
 70
0
 40
1.0
 41
2.5
 42
0.625
 43
3.75
 44
1.25
 45
0.0
 46
0.0
 47
0.0
 48
0.0
 49
2.5
140
2.5
141
2.5
142
0.0
143
0.03937007874
144
1.0
145
0.0
146
1.0
147
0.625
148
0.0
 69
0
 70
0
 71
0
 72
0
 73
0
 74
0
 75
0
 76
0
 77
1
 78
8
 79
3
170
0
171
3
172
1
173
0
174
0
175
0
176
0
177
0
178
0
179
2
271
2
272
2
273
2
274
3
275
0
276
0
277
2
278
44
279
0
280
0
281
0
282
0
283
0
284
8
285
0
286
0
288
0
289
3
290
0
371
-2
372
-2
  0
DIMSTYLE
105
73
330
4
100
AcDbSymbolTableRecord
100
AcDbDimStyleTableRecord
  2
EZDXF
 70
0
 40
1.0
 41
0.175
 42
0.125
 43
3.75
 44
0.375
 45
0.0
 46
0.0
 47
0.0
 48
0.0
 49
2.5
140
0.25
141
2.5
142
0.0
143
0.03937007874
144
100.0
145
0.0
146
0.5
147
0.1
148
0.0
 69
0
 70
0
 71
0
 72
0
 73
0
 74
0
 75
0
 76
0
 77
1
 78
12
 79
3
170
0
171
3
172
1
173
0
174
0
175
0
176
0
177
0
178
0
179
2
271
2
272
2
273
2
274
3
275
0
276
0
277
2
278
46
279
2
280
0
281
0
282
0
283
0
284
8
285
0
286
0
288
1
289
3
290
0
340
4C
342
74
371
-2
372
-2
  0
DIMSTYLE
105
7C
330
4
100
AcDbSymbolTableRecord
100
AcDbDimStyleTableRecord
  2
EZ_M_100_H25_CM
 70
0
 40
1.0
 41
0.25
 42
0.125
 43
3.75
 44
0.375
 45
0.0
 46
0.0
 47
0.0
 48
0.0
 49
2.5
140
0.25
141
2.5
142
0.125
143
0.03937007874
144
100.0
145
0.0
146
0.5
147
0.1
148
0.0
 69
0
 70
0
 71
0
 72
0
 73
0
 74
0
 75
0
 76
0
 77
1
 78
12
 79
3
170
0
171
3
172
1
173
0
174
0
175
0
176
0
177
0
178
0
179
2
271
2
272
2
273
2
274
3
275
0
276
0
277
2
278
46
279
2
280
0
281
0
282
0
283
0
284
8
285
0
286
0
288
1
289
3
290
0
340
4C
371
-2
372
-2
  0
DIMSTYLE
105
7D
330
4
100
AcDbSymbolTableRecord
100
AcDbDimStyleTableRecord
  2
EZ_M_50_H25_CM
 70
0
 40
1.0
 41
0.125
 42
0.0625
 43
3.75
 44
0.1875
 45
0.0
 46
0.0
 47
0.0
 48
0.0
 49
2.5
140
0.125
141
2.5
142
0.0625
143
0.03937007874
144
100.0
145
0.0
146
0.5
147
0.05
148
0.0
 69
0
 70
0
 71
0
 72
0
 73
0
 74
0
 75
0
 76
0
 77
1
 78
12
 79
3
170
0
171
3
172
1
173
0
174
0
175
0
176
0
177
0
178
0
179
2
271
2
272
2
273
2
274
3
275
0
276
0
277
2
278
46
279
2
280
0
281
0
282
0
283
0
284
8
285
0
286
0
288
1
289
3
290
0
340
4C
371
-2
372
-2
  0
DIMSTYLE
105
7E
330
4
100
AcDbSymbolTableRecord
100
AcDbDimStyleTableRecord
  2
EZ_M_25_H25_CM
 70
0
 40
1.0
 41
0.0625
 42
0.03125
 43
3.75
 44
0.09375
 45
0.0
 46
0.0
 47
0.0
 48
0.0
 49
2.5
140
0.0625
141
2.5
142
0.03125
143
0.03937007874
144
100.0
145
0.0
146
0.5
147
0.025
148
0.0
 69
0
 70
0
 71
0
 72
0
 73
0
 74
0
 75
0
 76
0
 77
1
 78
12
 79
3
170
0
171
3
172
1
173
0
174
0
175
0
176
0
177
0
178
0
179
2
271
2
272
2
273
2
274
3
275
0
276
0
277
2
278
46
279
2
280
0
281
0
282
0
283
0
284
8
285
0
286
0
288
1
289
3
290
0
340
4C
371
-2
372
-2
  0
DIMSTYLE
105
7F
330
4
100
AcDbSymbolTableRecord
100
AcDbDimStyleTableRecord
  2
EZ_M_20_H25_CM
 70
0
 40
1.0
 41
0.05
 42
0.025
 43
3.75
 44
0.07500000000000001
 45
0.0
 46
0.0
 47
0.0
 48
0.0
 49
2.5
140
0.05
141
2.5
142
0.025
143
0.03937007874
144
100.0
145
0.0
146
0.5
147
0.020000000000000004
148
0.0
 69
0
 70
0
 71
0
 72
0
 73
0
 74
0
 75
0
 76
0
 77
1
 78
12
 79
3
170
0
171
3
172
1
173
0
174
0
175
0
176
0
177
0
178
0
179
2
271
2
272
2
273
2
274
3
275
0
276
0
277
2
278
46
279
2
280
0
281
0
282
0
283
0
284
8
285
0
286
0
288
1
289
3
290
0
340
4C
371
-2
372
-2
  0
DIMSTYLE
105
80
330
4
100
AcDbSymbolTableRecord
100
AcDbDimStyleTableRecord
  2
EZ_M_10_H25_CM
 70
0
 40
1.0
 41
0.025
 42
0.0125
 43
3.75
 44
0.037500000000000006
 45
0.0
 46
0.0
 47
0.0
 48
0.0
 49
2.5
140
0.025
141
2.5
142
0.0125
143
0.03937007874
144
100.0
145
0.0
146
0.5
147
0.010000000000000002
148
0.0
 69
0
 70
0
 71
0
 72
0
 73
0
 74
0
 75
0
 76
0
 77
1
 78
12
 79
3
170
0
171
3
172
1
173
0
174
0
175
0
176
0
177
0
178
0
179
2
271
2
272
2
273
2
274
3
275
0
276
0
277
2
278
46
279
2
280
0
281
0
282
0
283
0
284
8
285
0
286
0
288
1
289
3
290
0
340
4C
371
-2
372
-2
  0
DIMSTYLE
105
81
330
4
100
AcDbSymbolTableRecord
100
AcDbDimStyleTableRecord
  2
EZ_M_5_H25_CM
 70
0
 40
1.0
 41
0.0125
 42
0.00625
 43
3.75
 44
0.018750000000000003
 45
0.0
 46
0.0
 47
0.0
 48
0.0
 49
2.5
140
0.0125
141
2.5
142
0.00625
143
0.03937007874
144
100.0
145
0.0
146
0.5
147
0.005000000000000001
148
0.0
 69
0
 70
0
 71
0
 72
0
 73
0
 74
0
 75
0
 76
0
 77
1
 78
12
 79
3
170
0
171
3
172
1
173
0
174
0
175
0
176
0
177
0
178
0
179
2
271
2
272
2
273
2
274
3
275
0
276
0
277
2
278
46
279
2
280
0
281
0
282
0
283
0
284
8
285
0
286
0
288
1
289
3
290
0
340
4C
371
-2
372
-2
  0
DIMSTYLE
105
82
330
4
100
AcDbSymbolTableRecord
100
AcDbDimStyleTableRecord
  2
EZ_M_1_H25_CM
 70
0
 40
1.0
 41
0.0025
 42
0.00125
 43
3.75
 44
0.00375
 45
0.0
 46
0.0
 47
0.0
 48
0.0
 49
2.5
140
0.0025
141
2.5
142
0.00125
143
0.03937007874
144
100.0
145
0.0
146
0.5
147
0.001
148
0.0
 69
0
 70
0
 71
0
 72
0
 73
0
 74
0
 75
0
 76
0
 77
1
 78
12
 79
3
170
0
171
3
172
1
173
0
174
0
175
0
176
0
177
0
178
0
179
2
271
2
272
2
273
2
274
3
275
0
276
0
277
2
278
46
279
2
280
0
281
0
282
0
283
0
284
8
285
0
286
0
288
1
289
3
290
0
340
4C
371
-2
372
-2
  0
DIMSTYLE
105
83
330
4
100
AcDbSymbolTableRecord
100
AcDbDimStyleTableRecord
  2
EZ_RADIUS
 70
0
 40
1.0
 41
0.25
 42
0.125
 43
3.75
 44
0.375
 45
0.0
 46
0.0
 47
0.0
 48
0.0
 49
2.5
140
0.25
141
0.0
142
0.0
143
0.03937007874
144
100.0
145
0.0
146
0.5
147
0.1
148
0.0
 69
0
 70
0
 71
0
 72
0
 73
0
 74
0
 75
0
 76
0
 77
1
 78
12
 79
3
170
0
171
3
172
0
173
0
174
0
175
0
176
0
177
0
178
0
179
2
271
2
272
2
273
2
274
3
275
0
276
0
277
2
278
46
279
1
280
0
281
0
282
0
283
0
284
8
285
0
286
0
288
1
289
3
290
0
340
4C
342
84
371
-2
372
-2
  0
DIMSTYLE
105
88
330
4
100
AcDbSymbolTableRecord
100
AcDbDimStyleTableRecord
  2
EZ_RADIUS_INSIDE
 70
0
 40
1.0
 41
0.25
 42
0.125
 43
3.75
 44
0.375
 45
0.0
 46
0.0
 47
0.0
 48
0.0
 49
2.5
140
0.25
141
0.0
142
0.0
143
0.03937007874
144
100.0
145
0.0
146
0.5
147
0.1
148
0.0
 69
0
 70
0
 71
0
 72
0
 73
0
 74
0
 75
0
 76
0
 77
0
 78
12
 79
3
170
0
171
3
172
0
173
0
174
1
175
0
176
0
177
0
178
0
179
2
271
2
272
2
273
2
274
3
275
0
276
0
277
2
278
46
279
0
280
0
281
0
282
0
283
0
284
8
285
0
286
0
288
1
289
0
290
0
340
4C
342
84
371
-2
372
-2
  0
DIMSTYLE
105
89
330
4
100
AcDbSymbolTableRecord
100
AcDbDimStyleTableRecord
  2
EZ_CURVED
 70
0
 40
1.0
 41
0.25
 42
0.125
 43
3.75
 44
0.375
 45
0.0
 46
0.0
 47
0.0
 48
0.0
 49
2.5
140
0.25
141
2.5
142
0.0
143
0.03937007874
144
100.0
145
0.0
146
0.5
147
0.1
148
0.0
 69
0
 70
0
 71
0
 72
0
 73
0
 74
0
 75
0
 76
0
 77
1
 78
12
 79
2
 90
2
170
0
171
3
172
1
173
0
174
0
175
0
176
0
177
0
178
0
179
2
271
2
272
2
273
2
274
3
275
0
276
0
277
2
278
46
279
2
280
0
281
0
282
0
283
0
284
8
285
0
286
0
288
1
289
3
290
0
340
4C
371
-2
372
-2
  0
DIMSTYLE
105
B4
330
4
100
AcDbSymbolTableRecord
100
AcDbDimStyleTableRecord
  2
COTA-50
 70
0
 40
1.0
 41
0.06
 42
0.05
 43
3.75
 44
0.05
 45
0.0
 46
0.05
 47
0.0
 48
0.0
 49
2.5
140
0.11000000000000001
141
2.5
142
0.06
143
0.03937007874
144
1.0
145
0.0
146
1.0
147
0.04000000000000001
148
0.0
 69
0
 70
0
 71
0
 72
0
 73
0
 74
0
 75
0
 76
0
 77
1
 78
0
 79
3
170
0
171
3
172
1
173
0
174
0
175
0
176
7
177
7
178
7
179
2
271
2
272
2
273
2
274
3
275
0
276
0
277
2
278
46
279
0
280
0
281
0
282
0
283
0
284
8
285
0
286
0
288
0
289
3
290
0
340
8A
371
18
372
13
  0
DIMSTYLE
105
B5
330
4
100
AcDbSymbolTableRecord
100
AcDbDimStyleTableRecord
  2
COTA-100
 70
0
 40
1.0
 41
0.12
 42
0.1
 43
3.75
 44
0.1
 45
0.0
 46
0.1
 47
0.0
 48
0.0
 49
2.5
140
0.22000000000000003
141
2.5
142
0.12
143
0.03937007874
144
1.0
145
0.0
146
1.0
147
0.08000000000000002
148
0.0
 69
0
 70
0
 71
0
 72
0
 73
0
 74
0
 75
0
 76
0
 77
1
 78
0
 79
3
170
0
171
3
172
1
173
0
174
0
175
0
176
7
177
7
178
7
179
2
271
2
272
2
273
2
274
3
275
0
276
0
277
2
278
46
279
0
280
0
281
0
282
0
283
0
284
8
285
0
286
0
288
0
289
3
290
0
340
8A
371
18
372
13
  0
DIMSTYLE
105
B6
330
4
100
AcDbSymbolTableRecord
100
AcDbDimStyleTableRecord
  2
COTA-200
 70
0
 40
1.0
 41
0.24
 42
0.2
 43
3.75
 44
0.2
 45
0.0
 46
0.2
 47
0.0
 48
0.0
 49
2.5
140
0.44000000000000006
141
2.5
142
0.24
143
0.03937007874
144
1.0
145
0.0
146
1.0
147
0.16000000000000003
148
0.0
 69
0
 70
0
 71
0
 72
0
 73
0
 74
0
 75
0
 76
0
 77
1
 78
0
 79
3
170
0
171
3
172
1
173
0
174
0
175
0
176
7
177
7
178
7
179
2
271
2
272
2
273
2
274
3
275
0
276
0
277
2
278
46
279
0
280
0
281
0
282
0
283
0
284
8
285
0
286
0
288
0
289
3
290
0
340
8A
371
18
372
13
  0
ENDTAB
  0
TABLE
  2
BLOCK_RECORD
  5
9
330
0
100
AcDbSymbolTable
 70
7
  0
BLOCK_RECORD
  5
17
330
9
100
AcDbSymbolTableRecord
100
AcDbBlockTableRecord
  2
*Model_Space
340
1A
 70
0
280
1
281
0
  0
BLOCK_RECORD
  5
74
330
9
100
AcDbSymbolTableRecord
100
AcDbBlockTableRecord
  2
_ARCHTICK
340
0
 70
0
280
1
281
0
  0
BLOCK_RECORD
  5
78
330
9
100
AcDbSymbolTableRecord
100
AcDbBlockTableRecord
  2
_CLOSEDFILLED
340
0
 70
0
280
1
281
0
  0
BLOCK_RECORD
  5
84
330
9
100
AcDbSymbolTableRecord
100
AcDbBlockTableRecord
  2
_CLOSEDBLANK
340
0
 70
0
280
1
281
0
  0
BLOCK_RECORD
  5
BE
330
9
100
AcDbSymbolTableRecord
100
AcDbBlockTableRecord
  2
*Paper_Space
340
C1
 70
0
280
1
281
0
  0
BLOCK_RECORD
  5
1B
330
9
100
AcDbSymbolTableRecord
100
AcDbBlockTableRecord
  2
*Paper_Space0
340
1E
 70
0
280
1
281
0
  0
BLOCK_RECORD
  5
49F
330
9
100
AcDbSymbolTableRecord
100
AcDbBlockTableRecord
  2
CAJETIN_A1
340
0
 70
0
280
1
281
0
  0
ENDTAB
  0
ENDSEC
  0
SECTION
  2
BLOCKS
  0
BLOCK
  5
18
330
17
100
AcDbEntity
  8
0
100
AcDbBlockBegin
  2
*Model_Space
 70
0
 10
0.0
 20
0.0
 30
0.0
  3
*Model_Space
  1

  0
ENDBLK
  5
19
330
17
100
AcDbEntity
  8
0
100
AcDbBlockEnd
  0
BLOCK
  5
75
330
74
100
AcDbEntity
  8
0
100
AcDbBlockBegin
  2
_ARCHTICK
 70
0
 10
0.0
 20
0.0
 30
0.0
  3
_ARCHTICK
  1

  0
LWPOLYLINE
  5
77
330
74
100
AcDbEntity
  8
0
  6
BYBLOCK
 62
0
100
AcDbPolyline
 90
2
 70
0
 43
0.15
 10
-0.5
 20
-0.5
 10
0.5
 20
0.5
  0
ENDBLK
  5
76
330
74
100
AcDbEntity
  8
0
100
AcDbBlockEnd
  0
BLOCK
  5
79
330
78
100
AcDbEntity
  8
0
100
AcDbBlockBegin
  2
_CLOSEDFILLED
 70
0
 10
0.0
 20
0.0
 30
0.0
  3
_CLOSEDFILLED
  1

  0
SOLID
  5
7B
330
78
100
AcDbEntity
  8
0
  6
BYBLOCK
 62
0
100
AcDbTrace
 10
-1.0
 20
0.16439898372402537
 30
0.0
 11
0.0
 21
0.0
 31
0.0
 12
-1.0
 22
-0.16439898372402537
 32
0.0
 13
-1.0
 23
-0.16439898372402537
 33
0.0
  0
ENDBLK
  5
7A
330
78
100
AcDbEntity
  8
0
100
AcDbBlockEnd
  0
BLOCK
  5
85
330
84
100
AcDbEntity
  8
0
100
AcDbBlockBegin
  2
_CLOSEDBLANK
 70
0
 10
0.0
 20
0.0
 30
0.0
  3
_CLOSEDBLANK
  1

  0
LWPOLYLINE
  5
87
330
84
100
AcDbEntity
  8
0
  6
BYBLOCK
 62
0
100
AcDbPolyline
 90
3
 70
1
 10
-1.0
 20
0.16439898372402537
 10
0.0
 20
0.0
 10
-1.0
 20
-0.16439898372402537
  0
ENDBLK
  5
86
330
84
100
AcDbEntity
  8
0
100
AcDbBlockEnd
  0
BLOCK
  5
BF
330
BE
100
AcDbEntity
  8
0
100
AcDbBlockBegin
  2
*Paper_Space
 70
0
 10
0.0
 20
0.0
 30
0.0
  3
*Paper_Space
  1

  0
ENDBLK
  5
C0
330
BE
100
AcDbEntity
  8
0
100
AcDbBlockEnd
  0
BLOCK
  5
1C
330
1B
100
AcDbEntity
  8
0
100
AcDbBlockBegin
  2
*Paper_Space0
 70
0
 10
0.0
 20
0.0
 30
0.0
  3
*Paper_Space0
  1

  0
ENDBLK
  5
1D
330
1B
100
AcDbEntity
  8
0
100
AcDbBlockEnd
  0
BLOCK
  5
4A0
330
49F
100
AcDbEntity
  8
0
100
AcDbBlockBegin
  2
CAJETIN_A1
 70
2
 10
0.0
 20
0.0
 30
0.0
  3
CAJETIN_A1
  1

  0
LWPOLYLINE
  5
4A2
330
49F
100
AcDbEntity
  8
0
100
AcDbPolyline
 90
4
 70
1
 10
0.0
 20
0.0
 10
120.0
 20
0.0
 10
120.0
 20
574.0
 10
0.0
 20
574.0
  0
TEXT
  5
4A3
330
49F
100
AcDbEntity
  8
0
100
AcDbText
 10
3.0
 20
571.0
 30
0.0
 40
2.0
  1
ESPACIO PARA SELLOS Y TIMBRES
  7
ARIAL
 11
3.0
 21
571.0
 31
0.0
100
AcDbText
 73
3
  0
LINE
  5
4A4
330
49F
100
AcDbEntity
  8
0
100
AcDbLine
 10
0.0
 20
255.6
 30
0.0
 11
120.0
 21
255.6
 31
0.0
  0
ATTDEF
  5
4A5
330
49F
100
AcDbEntity
  8
0
100
AcDbText
 10
60.0
 20
251.6
 30
0.0
 40
3.2
  1

  7
ARIAL
 72
1
 11
60.0
 21
251.6
 31
0.0
100
AcDbAttributeDefinition
  3

  2
EMPRESA
 70
0
 74
3
 71
1
 72
0
 11
60.0
 21
251.6
 31
0.0
  0
ATTDEF
  5
4A6
330
49F
100
AcDbEntity
  8
0
100
AcDbText
 10
60.0
 20
245.6
 30
0.0
 40
2.5
  1

  7
ARIAL
 72
1
 11
60.0
 21
245.6
 31
0.0
100
AcDbAttributeDefinition
  3

  2
EMPRESA_CED
 70
0
 74
3
 71
1
 72
0
 11
60.0
 21
245.6
 31
0.0
  0
LINE
  5
4A7
330
49F
100
AcDbEntity
  8
0
100
AcDbLine
 10
0.0
 20
237.6
 30
0.0
 11
120.0
 21
237.6
 31
0.0
  0
TEXT
  5
4A8
330
49F
100
AcDbEntity
  8
0
100
AcDbText
 10
3.0
 20
235.1
 30
0.0
 40
2.2
  1
PROFESIONAL RESPONSABLE:
  7
ARIAL
 11
3.0
 21
235.1
 31
0.0
100
AcDbText
 73
3
  0
ATTDEF
  5
4A9
330
49F
100
AcDbEntity
  8
0
100
AcDbText
 10
3.0
 20
230.1
 30
0.0
 40
2.6
  1

  7
ARIAL
 11
3.0
 21
230.1
 31
0.0
100
AcDbAttributeDefinition
  3

  2
PROF_1
 70
0
 74
3
 71
1
 72
0
 11
3.0
 21
230.1
 31
0.0
  0
ATTDEF
  5
4AA
330
49F
100
AcDbEntity
  8
0
100
AcDbText
 10
3.0
 20
225.6
 30
0.0
 40
2.6
  1

  7
ARIAL
 11
3.0
 21
225.6
 31
0.0
100
AcDbAttributeDefinition
  3

  2
PROF_2
 70
0
 74
3
 71
1
 72
0
 11
3.0
 21
225.6
 31
0.0
  0
ATTDEF
  5
4AB
330
49F
100
AcDbEntity
  8
0
100
AcDbText
 10
3.0
 20
221.1
 30
0.0
 40
2.6
  1

  7
ARIAL
 11
3.0
 21
221.1
 31
0.0
100
AcDbAttributeDefinition
  3

  2
PROF_3
 70
0
 74
3
 71
1
 72
0
 11
3.0
 21
221.1
 31
0.0
  0
LINE
  5
4AC
330
49F
100
AcDbEntity
  8
0
100
AcDbLine
 10
0.0
 20
215.6
 30
0.0
 11
120.0
 21
215.6
 31
0.0
  0
TEXT
  5
4AD
330
49F
100
AcDbEntity
  8
0
100
AcDbText
 10
3.0
 20
213.1
 30
0.0
 40
2.2
  1
PROYECTO:
  7
ARIAL
 11
3.0
 21
213.1
 31
0.0
100
AcDbText
 73
3
  0
ATTDEF
  5
4AE
330
49F
100
AcDbEntity
  8
0
100
AcDbText
 10
3.0
 20
208.1
 30
0.0
 40
4.2
  1

  7
ARIAL
 11
3.0
 21
208.1
 31
0.0
100
AcDbAttributeDefinition
  3

  2
PROYECTO
 70
0
 74
3
 71
1
 72
0
 11
3.0
 21
208.1
 31
0.0
  0
ATTDEF
  5
4AF
330
49F
100
AcDbEntity
  8
0
100
AcDbText
 10
3.0
 20
201.1
 30
0.0
 40
2.5
  1

  7
ARIAL
 11
3.0
 21
201.1
 31
0.0
100
AcDbAttributeDefinition
  3

  2
UBIC_1
 70
0
 74
3
 71
1
 72
0
 11
3.0
 21
201.1
 31
0.0
  0
ATTDEF
  5
4B0
330
49F
100
AcDbEntity
  8
0
100
AcDbText
 10
3.0
 20
196.6
 30
0.0
 40
2.5
  1

  7
ARIAL
 11
3.0
 21
196.6
 31
0.0
100
AcDbAttributeDefinition
  3

  2
UBIC_2
 70
0
 74
3
 71
1
 72
0
 11
3.0
 21
196.6
 31
0.0
  0
ATTDEF
  5
4B1
330
49F
100
AcDbEntity
  8
0
100
AcDbText
 10
3.0
 20
192.1
 30
0.0
 40
2.5
  1

  7
ARIAL
 11
3.0
 21
192.1
 31
0.0
100
AcDbAttributeDefinition
  3

  2
UBIC_3
 70
0
 74
3
 71
1
 72
0
 11
3.0
 21
192.1
 31
0.0
  0
LINE
  5
4B2
330
49F
100
AcDbEntity
  8
0
100
AcDbLine
 10
0.0
 20
186.6
 30
0.0
 11
120.0
 21
186.6
 31
0.0
  0
TEXT
  5
4B3
330
49F
100
AcDbEntity
  8
0
100
AcDbText
 10
3.0
 20
184.1
 30
0.0
 40
2.2
  1
INFORMACIÓN REGISTRO PÚBLICO:
  7
ARIAL
 11
3.0
 21
184.1
 31
0.0
100
AcDbText
 73
3
  0
ATTDEF
  5
4B4
330
49F
100
AcDbEntity
  8
0
100
AcDbText
 10
3.0
 20
179.1
 30
0.0
 40
2.5
  1

  7
ARIAL
 11
3.0
 21
179.1
 31
0.0
100
AcDbAttributeDefinition
  3

  2
REG_1
 70
0
 74
3
 71
1
 72
0
 11
3.0
 21
179.1
 31
0.0
  0
ATTDEF
  5
4B5
330
49F
100
AcDbEntity
  8
0
100
AcDbText
 10
3.0
 20
174.6
 30
0.0
 40
2.5
  1

  7
ARIAL
 11
3.0
 21
174.6
 31
0.0
100
AcDbAttributeDefinition
  3

  2
REG_2
 70
0
 74
3
 71
1
 72
0
 11
3.0
 21
174.6
 31
0.0
  0
ATTDEF
  5
4B6
330
49F
100
AcDbEntity
  8
0
100
AcDbText
 10
3.0
 20
170.1
 30
0.0
 40
2.5
  1

  7
ARIAL
 11
3.0
 21
170.1
 31
0.0
100
AcDbAttributeDefinition
  3

  2
REG_3
 70
0
 74
3
 71
1
 72
0
 11
3.0
 21
170.1
 31
0.0
  0
LINE
  5
4B7
330
49F
100
AcDbEntity
  8
0
100
AcDbLine
 10
0.0
 20
164.6
 30
0.0
 11
120.0
 21
164.6
 31
0.0
  0
TEXT
  5
4B8
330
49F
100
AcDbEntity
  8
0
100
AcDbText
 10
3.0
 20
162.1
 30
0.0
 40
2.2
  1
CONTENIDO:
  7
ARIAL
 11
3.0
 21
162.1
 31
0.0
100
AcDbText
 73
3
  0
ATTDEF
  5
4B9
330
49F
100
AcDbEntity
  8
0
100
AcDbText
 10
3.0
 20
157.1
 30
0.0
 40
5.0
  1

  7
ARIAL
 11
3.0
 21
157.1
 31
0.0
100
AcDbAttributeDefinition
  3

  2
CONT_TIT
 70
0
 74
3
 71
1
 72
0
 11
3.0
 21
157.1
 31
0.0
  0
ATTDEF
  5
4BA
330
49F
100
AcDbEntity
  8
0
100
AcDbText
 10
3.0
 20
149.6
 30
0.0
 40
3.0
  1

  7
ARIAL
 11
3.0
 21
149.6
 31
0.0
100
AcDbAttributeDefinition
  3

  2
CONT_1
 70
0
 74
3
 71
1
 72
0
 11
3.0
 21
149.6
 31
0.0
  0
ATTDEF
  5
4BB
330
49F
100
AcDbEntity
  8
0
100
AcDbText
 10
3.0
 20
144.1
 30
0.0
 40
3.0
  1

  7
ARIAL
 11
3.0
 21
144.1
 31
0.0
100
AcDbAttributeDefinition
  3

  2
CONT_2
 70
0
 74
3
 71
1
 72
0
 11
3.0
 21
144.1
 31
0.0
  0
ATTDEF
  5
4BC
330
49F
100
AcDbEntity
  8
0
100
AcDbText
 10
3.0
 20
138.6
 30
0.0
 40
3.0
  1

  7
ARIAL
 11
3.0
 21
138.6
 31
0.0
100
AcDbAttributeDefinition
  3

  2
CONT_3
 70
0
 74
3
 71
1
 72
0
 11
3.0
 21
138.6
 31
0.0
  0
ATTDEF
  5
4BD
330
49F
100
AcDbEntity
  8
0
100
AcDbText
 10
3.0
 20
133.1
 30
0.0
 40
3.0
  1

  7
ARIAL
 11
3.0
 21
133.1
 31
0.0
100
AcDbAttributeDefinition
  3

  2
CONT_4
 70
0
 74
3
 71
1
 72
0
 11
3.0
 21
133.1
 31
0.0
  0
ATTDEF
  5
4BE
330
49F
100
AcDbEntity
  8
0
100
AcDbText
 10
3.0
 20
127.6
 30
0.0
 40
3.0
  1

  7
ARIAL
 11
3.0
 21
127.6
 31
0.0
100
AcDbAttributeDefinition
  3

  2
CONT_5
 70
0
 74
3
 71
1
 72
0
 11
3.0
 21
127.6
 31
0.0
  0
ATTDEF
  5
4BF
330
49F
100
AcDbEntity
  8
0
100
AcDbText
 10
3.0
 20
122.1
 30
0.0
 40
3.0
  1

  7
ARIAL
 11
3.0
 21
122.1
 31
0.0
100
AcDbAttributeDefinition
  3

  2
CONT_6
 70
0
 74
3
 71
1
 72
0
 11
3.0
 21
122.1
 31
0.0
  0
LINE
  5
4C0
330
49F
100
AcDbEntity
  8
0
100
AcDbLine
 10
0.0
 20
114.6
 30
0.0
 11
120.0
 21
114.6
 31
0.0
  0
TEXT
  5
4C1
330
49F
100
AcDbEntity
  8
0
100
AcDbText
 10
3.0
 20
112.1
 30
0.0
 40
2.2
  1
ESCALAS:
  7
ARIAL
 11
3.0
 21
112.1
 31
0.0
100
AcDbText
 73
3
  0
ATTDEF
  5
4C2
330
49F
100
AcDbEntity
  8
0
100
AcDbText
 10
25.0
 20
112.1
 30
0.0
 40
2.2
  1

  7
ARIAL
 11
25.0
 21
112.1
 31
0.0
100
AcDbAttributeDefinition
  3

  2
ESCALAS
 70
0
 74
3
 71
1
 72
0
 11
25.0
 21
112.1
 31
0.0
  0
LINE
  5
4C3
330
49F
100
AcDbEntity
  8
0
100
AcDbLine
 10
0.0
 20
107.6
 30
0.0
 11
120.0
 21
107.6
 31
0.0
  0
TEXT
  5
4C4
330
49F
100
AcDbEntity
  8
0
100
AcDbText
 10
3.0
 20
105.6
 30
0.0
 40
2.2
  1
CONTROL DE REVISIONES
  7
ARIAL
 11
3.0
 21
105.6
 31
0.0
100
AcDbText
 73
3
  0
LINE
  5
4C5
330
49F
100
AcDbEntity
  8
0
100
AcDbLine
 10
0.0
 20
101.6
 30
0.0
 11
120.0
 21
101.6
 31
0.0
  0
TEXT
  5
4C6
330
49F
100
AcDbEntity
  8
0
100
AcDbText
 10
6.0
 20
99.1
 30
0.0
 40
2.0
  1
REV.
  7
ARIAL
 72
1
 11
6.0
 21
99.1
 31
0.0
100
AcDbText
 73
2
  0
TEXT
  5
4C7
330
49F
100
AcDbEntity
  8
0
100
AcDbText
 10
23.0
 20
99.1
 30
0.0
 40
2.0
  1
FECHA
  7
ARIAL
 72
1
 11
23.0
 21
99.1
 31
0.0
100
AcDbText
 73
2
  0
TEXT
  5
4C8
330
49F
100
AcDbEntity
  8
0
100
AcDbText
 10
77.0
 20
99.1
 30
0.0
 40
2.0
  1
DESCRIPCIÓN
  7
ARIAL
 72
1
 11
77.0
 21
99.1
 31
0.0
100
AcDbText
 73
2
  0
LINE
  5
4C9
330
49F
100
AcDbEntity
  8
0
100
AcDbLine
 10
0.0
 20
96.6
 30
0.0
 11
120.0
 21
96.6
 31
0.0
  0
ATTDEF
  5
4CA
330
49F
100
AcDbEntity
  8
0
100
AcDbText
 10
6.0
 20
94.0
 30
0.0
 40
2.0
  1

  7
ARIAL
 72
1
 11
6.0
 21
94.0
 31
0.0
100
AcDbAttributeDefinition
  3

  2
REV0_N
 70
0
 74
2
 71
1
 72
0
 11
6.0
 21
94.0
 31
0.0
  0
ATTDEF
  5
4CB
330
49F
100
AcDbEntity
  8
0
100
AcDbText
 10
23.0
 20
94.0
 30
0.0
 40
2.0
  1

  7
ARIAL
 72
1
 11
23.0
 21
94.0
 31
0.0
100
AcDbAttributeDefinition
  3

  2
REV0_F
 70
0
 74
2
 71
1
 72
0
 11
23.0
 21
94.0
 31
0.0
  0
ATTDEF
  5
4CC
330
49F
100
AcDbEntity
  8
0
100
AcDbText
 10
35.5
 20
94.0
 30
0.0
 40
2.0
  1

  7
ARIAL
 11
35.5
 21
94.0
 31
0.0
100
AcDbAttributeDefinition
  3

  2
REV0_D
 70
0
 74
2
 71
1
 72
0
 11
35.5
 21
94.0
 31
0.0
  0
LINE
  5
4CD
330
49F
100
AcDbEntity
  8
0
100
AcDbLine
 10
0.0
 20
91.39999999999999
 30
0.0
 11
120.0
 21
91.39999999999999
 31
0.0
  0
ATTDEF
  5
4CE
330
49F
100
AcDbEntity
  8
0
100
AcDbText
 10
6.0
 20
88.8
 30
0.0
 40
2.0
  1

  7
ARIAL
 72
1
 11
6.0
 21
88.8
 31
0.0
100
AcDbAttributeDefinition
  3

  2
REV1_N
 70
0
 74
2
 71
1
 72
0
 11
6.0
 21
88.8
 31
0.0
  0
ATTDEF
  5
4CF
330
49F
100
AcDbEntity
  8
0
100
AcDbText
 10
23.0
 20
88.8
 30
0.0
 40
2.0
  1

  7
ARIAL
 72
1
 11
23.0
 21
88.8
 31
0.0
100
AcDbAttributeDefinition
  3

  2
REV1_F
 70
0
 74
2
 71
1
 72
0
 11
23.0
 21
88.8
 31
0.0
  0
ATTDEF
  5
4D0
330
49F
100
AcDbEntity
  8
0
100
AcDbText
 10
35.5
 20
88.8
 30
0.0
 40
2.0
  1

  7
ARIAL
 11
35.5
 21
88.8
 31
0.0
100
AcDbAttributeDefinition
  3

  2
REV1_D
 70
0
 74
2
 71
1
 72
0
 11
35.5
 21
88.8
 31
0.0
  0
LINE
  5
4D1
330
49F
100
AcDbEntity
  8
0
100
AcDbLine
 10
0.0
 20
86.19999999999999
 30
0.0
 11
120.0
 21
86.19999999999999
 31
0.0
  0
ATTDEF
  5
4D2
330
49F
100
AcDbEntity
  8
0
100
AcDbText
 10
6.0
 20
83.6
 30
0.0
 40
2.0
  1

  7
ARIAL
 72
1
 11
6.0
 21
83.6
 31
0.0
100
AcDbAttributeDefinition
  3

  2
REV2_N
 70
0
 74
2
 71
1
 72
0
 11
6.0
 21
83.6
 31
0.0
  0
ATTDEF
  5
4D3
330
49F
100
AcDbEntity
  8
0
100
AcDbText
 10
23.0
 20
83.6
 30
0.0
 40
2.0
  1

  7
ARIAL
 72
1
 11
23.0
 21
83.6
 31
0.0
100
AcDbAttributeDefinition
  3

  2
REV2_F
 70
0
 74
2
 71
1
 72
0
 11
23.0
 21
83.6
 31
0.0
  0
ATTDEF
  5
4D4
330
49F
100
AcDbEntity
  8
0
100
AcDbText
 10
35.5
 20
83.6
 30
0.0
 40
2.0
  1

  7
ARIAL
 11
35.5
 21
83.6
 31
0.0
100
AcDbAttributeDefinition
  3

  2
REV2_D
 70
0
 74
2
 71
1
 72
0
 11
35.5
 21
83.6
 31
0.0
  0
LINE
  5
4D5
330
49F
100
AcDbEntity
  8
0
100
AcDbLine
 10
0.0
 20
80.99999999999999
 30
0.0
 11
120.0
 21
80.99999999999999
 31
0.0
  0
LINE
  5
4D6
330
49F
100
AcDbEntity
  8
0
100
AcDbLine
 10
12.0
 20
101.6
 30
0.0
 11
12.0
 21
80.99999999999999
 31
0.0
  0
LINE
  5
4D7
330
49F
100
AcDbEntity
  8
0
100
AcDbLine
 10
34.0
 20
101.6
 30
0.0
 11
34.0
 21
80.99999999999999
 31
0.0
  0
TEXT
  5
4D8
330
49F
100
AcDbEntity
  8
0
100
AcDbText
 10
3.0
 20
78.49999999999999
 30
0.0
 40
2.2
  1
ESTADO:
  7
ARIAL
 11
3.0
 21
78.49999999999999
 31
0.0
100
AcDbText
 73
3
  0
ATTDEF
  5
4D9
330
49F
100
AcDbEntity
  8
0
100
AcDbText
 10
60.0
 20
72.99999999999999
 30
0.0
 40
3.0
  1

  7
ARIAL
 72
1
 11
60.0
 21
72.99999999999999
 31
0.0
100
AcDbAttributeDefinition
  3

  2
ESTADO_1
 70
0
 74
3
 71
1
 72
0
 11
60.0
 21
72.99999999999999
 31
0.0
  0
ATTDEF
  5
4DA
330
49F
100
AcDbEntity
  8
0
100
AcDbText
 10
60.0
 20
67.99999999999999
 30
0.0
 40
2.4
  1

  7
ARIAL
 72
1
 11
60.0
 21
67.99999999999999
 31
0.0
100
AcDbAttributeDefinition
  3

  2
ESTADO_2
 70
0
 74
3
 71
1
 72
0
 11
60.0
 21
67.99999999999999
 31
0.0
  0
LINE
  5
4DB
330
49F
100
AcDbEntity
  8
0
100
AcDbLine
 10
0.0
 20
61.999999999999986
 30
0.0
 11
120.0
 21
61.999999999999986
 31
0.0
  0
LINE
  5
4DC
330
49F
100
AcDbEntity
  8
0
100
AcDbLine
 10
0.0
 20
52.999999999999986
 30
0.0
 11
120.0
 21
52.999999999999986
 31
0.0
  0
LINE
  5
4DD
330
49F
100
AcDbEntity
  8
0
100
AcDbLine
 10
0.0
 20
26.999999999999986
 30
0.0
 11
120.0
 21
26.999999999999986
 31
0.0
  0
LINE
  5
4DE
330
49F
100
AcDbEntity
  8
0
100
AcDbLine
 10
66.0
 20
61.999999999999986
 30
0.0
 11
66.0
 21
0.0
 31
0.0
  0
TEXT
  5
4DF
330
49F
100
AcDbEntity
  8
0
100
AcDbText
 10
33.0
 20
57.499999999999986
 30
0.0
 40
3.0
  1
LUGAR
  7
ARIAL
 72
1
 11
33.0
 21
57.499999999999986
 31
0.0
100
AcDbText
 73
2
  0
TEXT
  5
4E0
330
49F
100
AcDbEntity
  8
0
100
AcDbText
 10
93.0
 20
57.499999999999986
 30
0.0
 40
3.0
  1
LÁMINA
  7
ARIAL
 72
1
 11
93.0
 21
57.499999999999986
 31
0.0
100
AcDbText
 73
2
  0
ATTDEF
  5
4E1
330
49F
100
AcDbEntity
  8
0
100
AcDbText
 10
33.0
 20
39.999999999999986
 30
0.0
 40
5.0
  1

  7
ARIAL
 72
1
 11
33.0
 21
39.999999999999986
 31
0.0
100
AcDbAttributeDefinition
  3

  2
LUGAR
 70
0
 74
2
 71
1
 72
0
 11
33.0
 21
39.999999999999986
 31
0.0
  0
ATTDEF
  5
4E2
330
49F
100
AcDbEntity
  8
0
100
AcDbText
 10
93.0
 20
39.999999999999986
 30
0.0
 40
14.0
  1

  7
ARIAL
 72
1
 11
93.0
 21
39.999999999999986
 31
0.0
100
AcDbAttributeDefinition
  3

  2
LAMINA
 70
0
 74
2
 71
1
 72
0
 11
93.0
 21
39.999999999999986
 31
0.0
  0
ATTDEF
  5
4E3
330
49F
100
AcDbEntity
  8
0
100
AcDbText
 10
33.0
 20
13.499999999999993
 30
0.0
 40
6.0
  1

  7
ARIAL
 72
1
 11
33.0
 21
13.499999999999993
 31
0.0
100
AcDbAttributeDefinition
  3

  2
FECHA
 70
0
 74
2
 71
1
 72
0
 11
33.0
 21
13.499999999999993
 31
0.0
  0
TEXT
  5
4E4
330
49F
100
AcDbEntity
  8
0
100
AcDbText
 10
70.0
 20
13.499999999999993
 30
0.0
 40
3.0
  1
TOTAL
  7
ARIAL
 11
70.0
 21
13.499999999999993
 31
0.0
100
AcDbText
 73
2
  0
ATTDEF
  5
4E5
330
49F
100
AcDbEntity
  8
0
100
AcDbText
 10
104.0
 20
13.499999999999993
 30
0.0
 40
9.0
  1

  7
ARIAL
 72
1
 11
104.0
 21
13.499999999999993
 31
0.0
100
AcDbAttributeDefinition
  3

  2
TOTAL
 70
0
 74
2
 71
1
 72
0
 11
104.0
 21
13.499999999999993
 31
0.0
  0
ENDBLK
  5
4A1
330
49F
100
AcDbEntity
  8
0
100
AcDbBlockEnd
  0
ENDSEC
  0
SECTION
  2
ENTITIES
  0
VIEWPORT
  5
C2
330
BE
100
AcDbEntity
 67
1
  8
VIEWPORTS
100
AcDbViewport
 10
420.5
 20
297.0
 30
0.0
 40
925.1
 41
653.4000000000001
 68
1
 69
1
 12
420.5
 22
297.0
 13
0.0
 23
0.0
 14
10.0
 24
10.0
 15
10.0
 25
10.0
 16
0.0
 26
0.0
 36
1.0
 17
0.0
 27
0.0
 37
0.0
 42
50.0
 43
0.0
 44
0.0
 45
653.4000000000001
 50
0.0
 51
0.0
 72
100
 90
557088
  1

281
0
 71
0
 74
0
110
0.0
120
0.0
130
0.0
111
1.0
121
0.0
131
0.0
112
0.0
122
1.0
132
0.0
 79
0
146
0.0
282
0
  0
LWPOLYLINE
  5
C3
330
BE
100
AcDbEntity
 67
1
  8
A-VIEWPORT
100
AcDbPolyline
 90
4
 70
1
 10
0.0
 20
0.0
 10
841.0
 20
0.0
 10
841.0
 20
594.0
 10
0.0
 20
594.0
  0
LWPOLYLINE
  5
C4
330
BE
100
AcDbEntity
 67
1
  8
A-MARCO
100
AcDbPolyline
 90
4
 70
1
 10
25.0
 20
10.0
 10
831.0
 20
10.0
 10
831.0
 20
584.0
 10
25.0
 20
584.0
  0
TEXT
  5
C5
330
BE
100
AcDbEntity
 67
1
  8
A-TEXTO
100
AcDbText
 10
25.0
 20
4.0
 30
0.0
 40
1.8
  1
FORMATO A1  841 mm x 594 mm
  7
ARIAL
 11
25.0
 21
4.0
 31
0.0
100
AcDbText
  0
TEXT
  5
C6
330
BE
100
AcDbEntity
 67
1
  8
A-TITULOS
100
AcDbText
 10
35.0
 20
448.0
 30
0.0
 40
6.0
  1
DIAGRAMA UNIFILAR ELÉCTRICO
  7
ARIAL
 11
35.0
 21
448.0
 31
0.0
100
AcDbText
 73
1
  0
LINE
  5
C7
330
BE
100
AcDbEntity
 67
1
  8
A-TITULOS
100
AcDbLine
 10
35.0
 20
446.5
 30
0.0
 11
185.0
 21
446.5
 31
0.0
  0
TEXT
  5
C8
330
BE
100
AcDbEntity
 67
1
  8
A-TEXTO
100
AcDbText
 10
35.0
 20
440.5
 30
0.0
 40
3.5
  1
MONOFÁSICO 120/240 V
  7
ARIAL
 11
35.0
 21
440.5
 31
0.0
100
AcDbText
 73
1
  0
TEXT
  5
C9
330
BE
100
AcDbEntity
 67
1
  8
A-TEXTO
100
AcDbText
 10
35.0
 20
435.0
 30
0.0
 40
3.0
  1
Esc. S/E
  7
ARIAL
 11
35.0
 21
435.0
 31
0.0
100
AcDbText
 73
1
  0
LINE
  5
CA
330
BE
100
AcDbEntity
 67
1
  8
E-CIRC
100
AcDbLine
 10
95.0
 20
565.0
 30
0.0
 11
95.0
 21
540.0
 31
0.0
  0
LINE
  5
CB
330
BE
100
AcDbEntity
 67
1
  8
E-CIRC
100
AcDbLine
 10
91.0
 20
568.0
 30
0.0
 11
95.0
 21
565.0
 31
0.0
  0
LINE
  5
CC
330
BE
100
AcDbEntity
 67
1
  8
E-CIRC
100
AcDbLine
 10
99.0
 20
568.0
 30
0.0
 11
95.0
 21
565.0
 31
0.0
  0
MTEXT
  5
CD
330
BE
100
AcDbEntity
 67
1
  8
A-TEXTO
100
AcDbMText
 10
37.0
 20
569.0
 30
0.0
 40
1.9
 41
52.0
 71
1
  1
VIENE DE LA RED DE SUMINISTRO ELÉCTRICO (EMPRESA DISTRIBUIDORA)
  7
ARIAL
  0
MTEXT
  5
CE
330
BE
100
AcDbEntity
 67
1
  8
A-TEXTO
100
AcDbMText
 10
99.0
 20
552.0
 30
0.0
 40
1.9
 41
45.0
 71
1
  1
CU 3 #3/0 AWG THHN\PC: 2" IMC
  7
ARIAL
  0
LWPOLYLINE
  5
CF
330
BE
100
AcDbEntity
 67
1
  8
E-TABLERO
100
AcDbPolyline
 90
4
 70
1
 10
85.0
 20
500.0
 10
105.0
 20
500.0
 10
105.0
 20
540.0
 10
85.0
 20
540.0
  0
CIRCLE
  5
D0
330
BE
100
AcDbEntity
 67
1
  8
E-TABLERO
100
AcDbCircle
 10
95.0
 20
528.0
 30
0.0
 40
3.5999999999999996
  0
TEXT
  5
D1
330
BE
100
AcDbEntity
 67
1
  8
E-TABLERO
100
AcDbText
 10
95.0
 20
528.0
 30
0.0
 40
3.3000000000000003
  1
M
  7
ARIAL
 72
1
 11
95.0
 21
528.0
 31
0.0
100
AcDbText
 73
2
  0
ARC
  5
D2
330
BE
100
AcDbEntity
 67
1
  8
E-CIRC
100
AcDbCircle
 10
95.0
 20
510.0
 30
0.0
 40
3.0
100
AcDbArc
 50
270.0
 51
90.0
  0
LINE
  5
D3
330
BE
100
AcDbEntity
 67
1
  8
E-CIRC
100
AcDbLine
 10
95.0
 20
516.0
 30
0.0
 11
95.0
 21
513.0
 31
0.0
  0
LINE
  5
D4
330
BE
100
AcDbEntity
 67
1
  8
E-CIRC
100
AcDbLine
 10
95.0
 20
507.0
 30
0.0
 11
95.0
 21
503.0
 31
0.0
  0
MTEXT
  5
D5
330
BE
100
AcDbEntity
 67
1
  8
A-TEXTO
100
AcDbMText
 10
33.0
 20
534.0
 30
0.0
 40
1.9
 41
50.0
 71
1
  1
BASE PARA MEDIDOR Y MEDIDOR (SEGÚN EMPRESA DISTRIBUIDORA)
  7
ARIAL
  0
MTEXT
  5
D6
330
BE
100
AcDbEntity
 67
1
  8
A-TEXTO
100
AcDbMText
 10
108.0
 20
512.0
 30
0.0
 40
1.9
 41
48.0
 71
1
  1
INTERRUPTOR PRINCIPAL 200 A, CI 18 kA
  7
ARIAL
  0
LINE
  5
D7
330
BE
100
AcDbEntity
 67
1
  8
E-CIRC
100
AcDbLine
 10
89.0
 20
500.0
 30
0.0
 11
89.0
 21
470.0
 31
0.0
  0
LINE
  5
D8
330
BE
100
AcDbEntity
 67
1
  8
E-CIRC
100
AcDbLine
 10
85.0
 20
470.0
 30
0.0
 11
93.0
 21
470.0
 31
0.0
  0
LINE
  5
D9
330
BE
100
AcDbEntity
 67
1
  8
E-CIRC
100
AcDbLine
 10
86.25
 20
468.5
 30
0.0
 11
91.75
 21
468.5
 31
0.0
  0
LINE
  5
DA
330
BE
100
AcDbEntity
 67
1
  8
E-CIRC
100
AcDbLine
 10
87.5
 20
467.0
 30
0.0
 11
90.5
 21
467.0
 31
0.0
  0
MTEXT
  5
DB
330
BE
100
AcDbEntity
 67
1
  8
A-TEXTO
100
AcDbMText
 10
35.0
 20
492.0
 30
0.0
 40
1.7
 41
52.0
 71
1
  1
PUESTA A TIERRA: CU 1 #6 AWG THHN, C: 1/2" PVC. DOS ELECTRODOS DE PUESTA A TIERRA SEPARADOS 3 m ENTRE SÍ, INTERCONECTADOS CON CABLE #6 AWG DESNUDO, ENTERRADOS A UNA PROFUNDIDAD NO MENOR A 3,05 m EN POSICIÓN VERTICAL.
  7
ARIAL
  0
LINE
  5
DC
330
BE
100
AcDbEntity
 67
1
  8
E-CIRC
100
AcDbLine
 10
97.0
 20
500.0
 30
0.0
 11
97.0
 21
478.0
 31
0.0
  0
LWPOLYLINE
  5
DD
330
BE
100
AcDbEntity
 67
1
  8
E-CIRC
100
AcDbPolyline
 90
4
 70
1
 10
93.0
 20
474.0
 10
101.0
 20
474.0
 10
101.0
 20
478.0
 10
93.0
 20
478.0
  0
LINE
  5
DE
330
BE
100
AcDbEntity
 67
1
  8
E-CIRC
100
AcDbLine
 10
101.0
 20
476.0
 30
0.0
 11
205.0
 21
476.0
 31
0.0
  0
LINE
  5
DF
330
BE
100
AcDbEntity
 67
1
  8
E-CIRC
100
AcDbLine
 10
205.0
 20
476.0
 30
0.0
 11
205.0
 21
500.0
 31
0.0
  0
MTEXT
  5
E0
330
BE
100
AcDbEntity
 67
1
  8
A-TEXTO
100
AcDbMText
 10
103.0
 20
472.0
 30
0.0
 40
1.7
 41
40.0
 71
1
  1
TRANSICIÓN AERO-SUBTERRÁNEA
  7
ARIAL
  0
MTEXT
  5
E1
330
BE
100
AcDbEntity
 67
1
  8
A-TEXTO
100
AcDbMText
 10
135.0
 20
486.0
 30
0.0
 40
1.7
 41
62.0
 71
1
  1
CU 2 #3/0 (F) + 1 #3/0 (N) + 1 #6 (T) AWG THHN\PC: 2" PVC, TRAMO SUBTERRÁNEO A 45 cm MÍNIMO SOBRE CAMA DE LASTRE DE 5 cm
  7
ARIAL
  0
LWPOLYLINE
  5
E2
330
BE
100
AcDbEntity
 67
1
  8
E-TABLERO
100
AcDbPolyline
 90
4
 70
1
 10
199.72
 20
503.32
 10
210.28
 20
503.32
 10
210.28
 20
506.68
 10
199.72
 20
506.68
  0
HATCH
  5
E3
330
BE
100
AcDbEntity
 67
1
  8
E-TABLERO
 62
7
100
AcDbHatch
 10
0.0
 20
0.0
 30
0.0
210
0.0
220
0.0
230
1.0
  2
SOLID
 70
1
 71
0
 91
1
 92
3
 72
0
 73
1
 93
3
 10
199.72
 20
503.32
 10
210.28
 20
503.32
 10
210.28
 20
506.68
 97
0
 75
0
 76
1
 98
0
  0
TEXT
  5
E4
330
BE
100
AcDbEntity
 67
1
  8
A-TEXTO
100
AcDbText
 10
215.0
 20
505.0
 30
0.0
 40
2.2
  1
TP (NIVEL 1)
  7
ARIAL
 11
215.0
 21
505.0
 31
0.0
100
AcDbText
 73
2
  0
LINE
  5
E5
330
BE
100
AcDbEntity
 67
1
  8
E-CIRC
100
AcDbLine
 10
205.0
 20
508.0
 30
0.0
 11
205.0
 21
515.0
 31
0.0
  0
LINE
  5
E6
330
BE
100
AcDbEntity
 67
1
  8
E-CIRC
100
AcDbLine
 10
205.0
 20
515.0
 30
0.0
 11
255.0
 21
515.0
 31
0.0
  0
LINE
  5
E7
330
BE
100
AcDbEntity
 67
1
  8
E-CIRC
100
AcDbLine
 10
255.0
 20
515.0
 30
0.0
 11
255.0
 21
535.0
 31
0.0
  0
LWPOLYLINE
  5
E8
330
BE
100
AcDbEntity
 67
1
  8
E-TABLERO
100
AcDbPolyline
 90
4
 70
1
 10
249.72
 20
536.32
 10
260.28
 20
536.32
 10
260.28
 20
539.68
 10
249.72
 20
539.68
  0
HATCH
  5
E9
330
BE
100
AcDbEntity
 67
1
  8
E-TABLERO
 62
7
100
AcDbHatch
 10
0.0
 20
0.0
 30
0.0
210
0.0
220
0.0
230
1.0
  2
SOLID
 70
1
 71
0
 91
1
 92
3
 72
0
 73
1
 93
3
 10
249.72
 20
536.32
 10
260.28
 20
536.32
 10
260.28
 20
539.68
 97
0
 75
0
 76
1
 98
0
  0
TEXT
  5
EA
330
BE
100
AcDbEntity
 67
1
  8
A-TEXTO
100
AcDbText
 10
249.0
 20
543.0
 30
0.0
 40
2.0
  1
TN2 (NIVEL 2)
  7
ARIAL
 11
249.0
 21
543.0
 31
0.0
100
AcDbText
 73
2
  0
MTEXT
  5
EB
330
BE
100
AcDbEntity
 67
1
  8
A-TEXTO
100
AcDbMText
 10
257.0
 20
528.0
 30
0.0
 40
1.6
 41
42.0
 71
1
  1
CU 2 #2 (F) + 1 #2 (N) + 1 #6 (T)\PC: 1 1/4" PVC
  7
ARIAL
  0
LINE
  5
EC
330
BE
100
AcDbEntity
 67
1
  8
E-CIRC
100
AcDbLine
 10
205.0
 20
508.0
 30
0.0
 11
205.0
 21
520.0
 31
0.0
  0
LINE
  5
ED
330
BE
100
AcDbEntity
 67
1
  8
E-CIRC
100
AcDbLine
 10
205.0
 20
520.0
 30
0.0
 11
300.0
 21
520.0
 31
0.0
  0
LINE
  5
EE
330
BE
100
AcDbEntity
 67
1
  8
E-CIRC
100
AcDbLine
 10
300.0
 20
520.0
 30
0.0
 11
300.0
 21
550.0
 31
0.0
  0
LWPOLYLINE
  5
EF
330
BE
100
AcDbEntity
 67
1
  8
E-TABLERO
100
AcDbPolyline
 90
4
 70
1
 10
294.72
 20
551.32
 10
305.28
 20
551.32
 10
305.28
 20
554.68
 10
294.72
 20
554.68
  0
HATCH
  5
F0
330
BE
100
AcDbEntity
 67
1
  8
E-TABLERO
 62
7
100
AcDbHatch
 10
0.0
 20
0.0
 30
0.0
210
0.0
220
0.0
230
1.0
  2
SOLID
 70
1
 71
0
 91
1
 92
3
 72
0
 73
1
 93
3
 10
294.72
 20
551.32
 10
305.28
 20
551.32
 10
305.28
 20
554.68
 97
0
 75
0
 76
1
 98
0
  0
TEXT
  5
F1
330
BE
100
AcDbEntity
 67
1
  8
A-TEXTO
100
AcDbText
 10
294.0
 20
558.0
 30
0.0
 40
2.0
  1
TN3 (NIVEL 3)
  7
ARIAL
 11
294.0
 21
558.0
 31
0.0
100
AcDbText
 73
2
  0
MTEXT
  5
F2
330
BE
100
AcDbEntity
 67
1
  8
A-TEXTO
100
AcDbMText
 10
302.0
 20
545.0
 30
0.0
 40
1.6
 41
42.0
 71
1
  1
CU 2 #4 (F) + 1 #4 (N) + 1 #8 (T)\PC: 1 1/4" PVC
  7
ARIAL
  0
TEXT
  5
F3
330
BE
100
AcDbEntity
 67
1
  8
A-TITULOS
100
AcDbText
 10
360.0
 20
575.0
 30
0.0
 40
3.5
  1
DIAGRAMA DE VOZ Y DATOS
  7
ARIAL
 11
360.0
 21
575.0
 31
0.0
100
AcDbText
 73
3
  0
LINE
  5
F4
330
BE
100
AcDbEntity
 67
1
  8
E-CIRC
100
AcDbLine
 10
370.0
 20
560.0
 30
0.0
 11
370.0
 21
520.0
 31
0.0
  0
LINE
  5
F5
330
BE
100
AcDbEntity
 67
1
  8
E-CIRC
100
AcDbLine
 10
366.0
 20
563.0
 30
0.0
 11
370.0
 21
560.0
 31
0.0
  0
LINE
  5
F6
330
BE
100
AcDbEntity
 67
1
  8
E-CIRC
100
AcDbLine
 10
374.0
 20
563.0
 30
0.0
 11
370.0
 21
560.0
 31
0.0
  0
MTEXT
  5
F7
330
BE
100
AcDbEntity
 67
1
  8
A-TEXTO
100
AcDbMText
 10
376.0
 20
563.0
 30
0.0
 40
1.7
 41
50.0
 71
1
  1
VIENE DEL SERVICIO TELEFÓNICO Y DE TV
  7
ARIAL
  0
LWPOLYLINE
  5
F8
330
BE
100
AcDbEntity
 67
1
  8
E-CIRC
100
AcDbPolyline
 90
4
 70
1
 10
367.0
 20
516.0
 10
373.0
 20
516.0
 10
373.0
 20
520.0
 10
367.0
 20
520.0
  0
LINE
  5
F9
330
BE
100
AcDbEntity
 67
1
  8
E-CIRC
100
AcDbLine
 10
373.0
 20
518.0
 30
0.0
 11
430.0
 21
518.0
 31
0.0
  0
LINE
  5
FA
330
BE
100
AcDbEntity
 67
1
  8
E-CIRC
100
AcDbLine
 10
430.0
 20
518.0
 30
0.0
 11
430.0
 21
535.0
 31
0.0
  0
LWPOLYLINE
  5
FB
330
BE
100
AcDbEntity
 67
1
  8
E-TABLERO
100
AcDbPolyline
 90
4
 70
1
 10
424.72
 20
536.32
 10
435.28
 20
536.32
 10
435.28
 20
539.68
 10
424.72
 20
539.68
  0
HATCH
  5
FC
330
BE
100
AcDbEntity
 67
1
  8
E-TABLERO
 62
7
100
AcDbHatch
 10
0.0
 20
0.0
 30
0.0
210
0.0
220
0.0
230
1.0
  2
SOLID
 70
1
 71
0
 91
1
 92
3
 72
0
 73
1
 93
3
 10
424.72
 20
536.32
 10
430.0
 20
538.0
 10
424.72
 20
539.68
 97
0
 75
0
 76
1
 98
0
  0
HATCH
  5
FD
330
BE
100
AcDbEntity
 67
1
  8
E-TABLERO
 62
7
100
AcDbHatch
 10
0.0
 20
0.0
 30
0.0
210
0.0
220
0.0
230
1.0
  2
SOLID
 70
1
 71
0
 91
1
 92
3
 72
0
 73
1
 93
3
 10
435.28
 20
536.32
 10
430.0
 20
538.0
 10
435.28
 20
539.68
 97
0
 75
0
 76
1
 98
0
  0
TEXT
  5
FE
330
BE
100
AcDbEntity
 67
1
  8
A-TEXTO
100
AcDbText
 10
424.0
 20
543.0
 30
0.0
 40
2.0
  1
PVD (NIVEL 1)
  7
ARIAL
 11
424.0
 21
543.0
 31
0.0
100
AcDbText
 73
2
  0
MTEXT
  5
FF
330
BE
100
AcDbEntity
 67
1
  8
A-TEXTO
100
AcDbMText
 10
376.0
 20
512.0
 30
0.0
 40
1.7
 41
62.0
 71
1
  1
PREVISTA LÍNEA TELEFÓNICA, CATV / FIBRA ÓPTICA: 2 C 1" PVC
  7
ARIAL
  0
MTEXT
  5
100
330
BE
100
AcDbEntity
 67
1
  8
A-TEXTO
100
AcDbMText
 10
360.0
 20
500.0
 30
0.0
 40
1.7
 41
95.0
 71
1
  1
DEL PVD A LAS SALIDAS DE TV Y DATOS DE CADA NIVEL (E01-E03) EN TUBERÍA INDEPENDIENTE DE LA ELÉCTRICA.
  7
ARIAL
  0
TEXT
  5
101
330
BE
100
AcDbEntity
 67
1
  8
A-TITULOS
100
AcDbText
 10
500.0
 20
575.0
 30
0.0
 40
3.5
  1
TABLA RESUMEN DEL PROYECTO
  7
ARIAL
 11
500.0
 21
575.0
 31
0.0
100
AcDbText
 73
3
  0
LWPOLYLINE
  5
102
330
BE
100
AcDbEntity
 67
1
  8
A-TABLAS
100
AcDbPolyline
 90
4
 70
1
 10
500.0
 20
511.8
 10
678.0
 20
511.8
 10
678.0
 20
569.0
 10
500.0
 20
569.0
  0
LINE
  5
103
330
BE
100
AcDbEntity
 67
1
  8
A-TABLAS
100
AcDbLine
 10
552.0
 20
569.0
 30
0.0
 11
552.0
 21
563.8
 31
0.0
  0
TEXT
  5
104
330
BE
100
AcDbEntity
 67
1
  8
A-TEXTO
100
AcDbText
 10
573.0
 20
566.4
 30
0.0
 40
1.9
  1
TABLERO TP
  7
ARIAL
 72
1
 11
573.0
 21
566.4
 31
0.0
100
AcDbText
 73
2
  0
LINE
  5
105
330
BE
100
AcDbEntity
 67
1
  8
A-TABLAS
100
AcDbLine
 10
594.0
 20
569.0
 30
0.0
 11
594.0
 21
563.8
 31
0.0
  0
TEXT
  5
106
330
BE
100
AcDbEntity
 67
1
  8
A-TEXTO
100
AcDbText
 10
615.0
 20
566.4
 30
0.0
 40
1.9
  1
TABLERO TN2
  7
ARIAL
 72
1
 11
615.0
 21
566.4
 31
0.0
100
AcDbText
 73
2
  0
LINE
  5
107
330
BE
100
AcDbEntity
 67
1
  8
A-TABLAS
100
AcDbLine
 10
636.0
 20
569.0
 30
0.0
 11
636.0
 21
563.8
 31
0.0
  0
TEXT
  5
108
330
BE
100
AcDbEntity
 67
1
  8
A-TEXTO
100
AcDbText
 10
657.0
 20
566.4
 30
0.0
 40
1.9
  1
TABLERO TN3
  7
ARIAL
 72
1
 11
657.0
 21
566.4
 31
0.0
100
AcDbText
 73
2
  0
LINE
  5
109
330
BE
100
AcDbEntity
 67
1
  8
A-TABLAS
100
AcDbLine
 10
500.0
 20
563.8
 30
0.0
 11
678.0
 21
563.8
 31
0.0
  0
TEXT
  5
10A
330
BE
100
AcDbEntity
 67
1
  8
A-TEXTO
100
AcDbText
 10
501.5
 20
561.1999999999999
 30
0.0
 40
1.9
  1
kVA TOTALES
  7
ARIAL
 11
501.5
 21
561.1999999999999
 31
0.0
100
AcDbText
 73
2
  0
LINE
  5
10B
330
BE
100
AcDbEntity
 67
1
  8
A-TABLAS
100
AcDbLine
 10
552.0
 20
563.8
 30
0.0
 11
552.0
 21
558.5999999999999
 31
0.0
  0
TEXT
  5
10C
330
BE
100
AcDbEntity
 67
1
  8
A-TEXTO
100
AcDbText
 10
573.0
 20
561.1999999999999
 30
0.0
 40
1.9
  1
38,3
  7
ARIAL
 72
1
 11
573.0
 21
561.1999999999999
 31
0.0
100
AcDbText
 73
2
  0
LINE
  5
10D
330
BE
100
AcDbEntity
 67
1
  8
A-TABLAS
100
AcDbLine
 10
594.0
 20
563.8
 30
0.0
 11
594.0
 21
558.5999999999999
 31
0.0
  0
TEXT
  5
10E
330
BE
100
AcDbEntity
 67
1
  8
A-TEXTO
100
AcDbText
 10
615.0
 20
561.1999999999999
 30
0.0
 40
1.9
  1
18,5
  7
ARIAL
 72
1
 11
615.0
 21
561.1999999999999
 31
0.0
100
AcDbText
 73
2
  0
LINE
  5
10F
330
BE
100
AcDbEntity
 67
1
  8
A-TABLAS
100
AcDbLine
 10
636.0
 20
563.8
 30
0.0
 11
636.0
 21
558.5999999999999
 31
0.0
  0
TEXT
  5
110
330
BE
100
AcDbEntity
 67
1
  8
A-TEXTO
100
AcDbText
 10
657.0
 20
561.1999999999999
 30
0.0
 40
1.9
  1
20,0
  7
ARIAL
 72
1
 11
657.0
 21
561.1999999999999
 31
0.0
100
AcDbText
 73
2
  0
LINE
  5
111
330
BE
100
AcDbEntity
 67
1
  8
A-TABLAS
100
AcDbLine
 10
500.0
 20
558.6
 30
0.0
 11
678.0
 21
558.6
 31
0.0
  0
TEXT
  5
112
330
BE
100
AcDbEntity
 67
1
  8
A-TEXTO
100
AcDbText
 10
501.5
 20
556.0
 30
0.0
 40
1.9
  1
kVA DEMANDADOS
  7
ARIAL
 11
501.5
 21
556.0
 31
0.0
100
AcDbText
 73
2
  0
LINE
  5
113
330
BE
100
AcDbEntity
 67
1
  8
A-TABLAS
100
AcDbLine
 10
552.0
 20
558.6
 30
0.0
 11
552.0
 21
553.4
 31
0.0
  0
TEXT
  5
114
330
BE
100
AcDbEntity
 67
1
  8
A-TEXTO
100
AcDbText
 10
573.0
 20
556.0
 30
0.0
 40
1.9
  1
26,8
  7
ARIAL
 72
1
 11
573.0
 21
556.0
 31
0.0
100
AcDbText
 73
2
  0
LINE
  5
115
330
BE
100
AcDbEntity
 67
1
  8
A-TABLAS
100
AcDbLine
 10
594.0
 20
558.6
 30
0.0
 11
594.0
 21
553.4
 31
0.0
  0
TEXT
  5
116
330
BE
100
AcDbEntity
 67
1
  8
A-TEXTO
100
AcDbText
 10
615.0
 20
556.0
 30
0.0
 40
1.9
  1
14,8
  7
ARIAL
 72
1
 11
615.0
 21
556.0
 31
0.0
100
AcDbText
 73
2
  0
LINE
  5
117
330
BE
100
AcDbEntity
 67
1
  8
A-TABLAS
100
AcDbLine
 10
636.0
 20
558.6
 30
0.0
 11
636.0
 21
553.4
 31
0.0
  0
TEXT
  5
118
330
BE
100
AcDbEntity
 67
1
  8
A-TEXTO
100
AcDbText
 10
657.0
 20
556.0
 30
0.0
 40
1.9
  1
16,0
  7
ARIAL
 72
1
 11
657.0
 21
556.0
 31
0.0
100
AcDbText
 73
2
  0
LINE
  5
119
330
BE
100
AcDbEntity
 67
1
  8
A-TABLAS
100
AcDbLine
 10
500.0
 20
553.4
 30
0.0
 11
678.0
 21
553.4
 31
0.0
  0
TEXT
  5
11A
330
BE
100
AcDbEntity
 67
1
  8
A-TEXTO
100
AcDbText
 10
501.5
 20
550.8
 30
0.0
 40
1.9
  1
FACTOR DE DEMANDA
  7
ARIAL
 11
501.5
 21
550.8
 31
0.0
100
AcDbText
 73
2
  0
LINE
  5
11B
330
BE
100
AcDbEntity
 67
1
  8
A-TABLAS
100
AcDbLine
 10
552.0
 20
553.4
 30
0.0
 11
552.0
 21
548.1999999999999
 31
0.0
  0
TEXT
  5
11C
330
BE
100
AcDbEntity
 67
1
  8
A-TEXTO
100
AcDbText
 10
573.0
 20
550.8
 30
0.0
 40
1.9
  1
0,70
  7
ARIAL
 72
1
 11
573.0
 21
550.8
 31
0.0
100
AcDbText
 73
2
  0
LINE
  5
11D
330
BE
100
AcDbEntity
 67
1
  8
A-TABLAS
100
AcDbLine
 10
594.0
 20
553.4
 30
0.0
 11
594.0
 21
548.1999999999999
 31
0.0
  0
TEXT
  5
11E
330
BE
100
AcDbEntity
 67
1
  8
A-TEXTO
100
AcDbText
 10
615.0
 20
550.8
 30
0.0
 40
1.9
  1
0,80
  7
ARIAL
 72
1
 11
615.0
 21
550.8
 31
0.0
100
AcDbText
 73
2
  0
LINE
  5
11F
330
BE
100
AcDbEntity
 67
1
  8
A-TABLAS
100
AcDbLine
 10
636.0
 20
553.4
 30
0.0
 11
636.0
 21
548.1999999999999
 31
0.0
  0
TEXT
  5
120
330
BE
100
AcDbEntity
 67
1
  8
A-TEXTO
100
AcDbText
 10
657.0
 20
550.8
 30
0.0
 40
1.9
  1
0,80
  7
ARIAL
 72
1
 11
657.0
 21
550.8
 31
0.0
100
AcDbText
 73
2
  0
LINE
  5
121
330
BE
100
AcDbEntity
 67
1
  8
A-TABLAS
100
AcDbLine
 10
500.0
 20
548.2
 30
0.0
 11
678.0
 21
548.2
 31
0.0
  0
TEXT
  5
122
330
BE
100
AcDbEntity
 67
1
  8
A-TEXTO
100
AcDbText
 10
501.5
 20
545.6
 30
0.0
 40
1.9
  1
FACTOR DE POTENCIA
  7
ARIAL
 11
501.5
 21
545.6
 31
0.0
100
AcDbText
 73
2
  0
LINE
  5
123
330
BE
100
AcDbEntity
 67
1
  8
A-TABLAS
100
AcDbLine
 10
552.0
 20
548.2
 30
0.0
 11
552.0
 21
543.0
 31
0.0
  0
TEXT
  5
124
330
BE
100
AcDbEntity
 67
1
  8
A-TEXTO
100
AcDbText
 10
573.0
 20
545.6
 30
0.0
 40
1.9
  1
0,95
  7
ARIAL
 72
1
 11
573.0
 21
545.6
 31
0.0
100
AcDbText
 73
2
  0
LINE
  5
125
330
BE
100
AcDbEntity
 67
1
  8
A-TABLAS
100
AcDbLine
 10
594.0
 20
548.2
 30
0.0
 11
594.0
 21
543.0
 31
0.0
  0
TEXT
  5
126
330
BE
100
AcDbEntity
 67
1
  8
A-TEXTO
100
AcDbText
 10
615.0
 20
545.6
 30
0.0
 40
1.9
  1
0,95
  7
ARIAL
 72
1
 11
615.0
 21
545.6
 31
0.0
100
AcDbText
 73
2
  0
LINE
  5
127
330
BE
100
AcDbEntity
 67
1
  8
A-TABLAS
100
AcDbLine
 10
636.0
 20
548.2
 30
0.0
 11
636.0
 21
543.0
 31
0.0
  0
TEXT
  5
128
330
BE
100
AcDbEntity
 67
1
  8
A-TEXTO
100
AcDbText
 10
657.0
 20
545.6
 30
0.0
 40
1.9
  1
0,95
  7
ARIAL
 72
1
 11
657.0
 21
545.6
 31
0.0
100
AcDbText
 73
2
  0
LINE
  5
129
330
BE
100
AcDbEntity
 67
1
  8
A-TABLAS
100
AcDbLine
 10
500.0
 20
543.0
 30
0.0
 11
678.0
 21
543.0
 31
0.0
  0
TEXT
  5
12A
330
BE
100
AcDbEntity
 67
1
  8
A-TEXTO
100
AcDbText
 10
501.5
 20
540.4
 30
0.0
 40
1.9
  1
FASES
  7
ARIAL
 11
501.5
 21
540.4
 31
0.0
100
AcDbText
 73
2
  0
LINE
  5
12B
330
BE
100
AcDbEntity
 67
1
  8
A-TABLAS
100
AcDbLine
 10
552.0
 20
543.0
 30
0.0
 11
552.0
 21
537.8
 31
0.0
  0
TEXT
  5
12C
330
BE
100
AcDbEntity
 67
1
  8
A-TEXTO
100
AcDbText
 10
573.0
 20
540.4
 30
0.0
 40
1.9
  1
2 #3/0 AWG
  7
ARIAL
 72
1
 11
573.0
 21
540.4
 31
0.0
100
AcDbText
 73
2
  0
LINE
  5
12D
330
BE
100
AcDbEntity
 67
1
  8
A-TABLAS
100
AcDbLine
 10
594.0
 20
543.0
 30
0.0
 11
594.0
 21
537.8
 31
0.0
  0
TEXT
  5
12E
330
BE
100
AcDbEntity
 67
1
  8
A-TEXTO
100
AcDbText
 10
615.0
 20
540.4
 30
0.0
 40
1.9
  1
2 #2 AWG
  7
ARIAL
 72
1
 11
615.0
 21
540.4
 31
0.0
100
AcDbText
 73
2
  0
LINE
  5
12F
330
BE
100
AcDbEntity
 67
1
  8
A-TABLAS
100
AcDbLine
 10
636.0
 20
543.0
 30
0.0
 11
636.0
 21
537.8
 31
0.0
  0
TEXT
  5
130
330
BE
100
AcDbEntity
 67
1
  8
A-TEXTO
100
AcDbText
 10
657.0
 20
540.4
 30
0.0
 40
1.9
  1
2 #4 AWG
  7
ARIAL
 72
1
 11
657.0
 21
540.4
 31
0.0
100
AcDbText
 73
2
  0
LINE
  5
131
330
BE
100
AcDbEntity
 67
1
  8
A-TABLAS
100
AcDbLine
 10
500.0
 20
537.8
 30
0.0
 11
678.0
 21
537.8
 31
0.0
  0
TEXT
  5
132
330
BE
100
AcDbEntity
 67
1
  8
A-TEXTO
100
AcDbText
 10
501.5
 20
535.1999999999999
 30
0.0
 40
1.9
  1
NEUTRO
  7
ARIAL
 11
501.5
 21
535.1999999999999
 31
0.0
100
AcDbText
 73
2
  0
LINE
  5
133
330
BE
100
AcDbEntity
 67
1
  8
A-TABLAS
100
AcDbLine
 10
552.0
 20
537.8
 30
0.0
 11
552.0
 21
532.5999999999999
 31
0.0
  0
TEXT
  5
134
330
BE
100
AcDbEntity
 67
1
  8
A-TEXTO
100
AcDbText
 10
573.0
 20
535.1999999999999
 30
0.0
 40
1.9
  1
1 #3/0 AWG
  7
ARIAL
 72
1
 11
573.0
 21
535.1999999999999
 31
0.0
100
AcDbText
 73
2
  0
LINE
  5
135
330
BE
100
AcDbEntity
 67
1
  8
A-TABLAS
100
AcDbLine
 10
594.0
 20
537.8
 30
0.0
 11
594.0
 21
532.5999999999999
 31
0.0
  0
TEXT
  5
136
330
BE
100
AcDbEntity
 67
1
  8
A-TEXTO
100
AcDbText
 10
615.0
 20
535.1999999999999
 30
0.0
 40
1.9
  1
1 #2 AWG
  7
ARIAL
 72
1
 11
615.0
 21
535.1999999999999
 31
0.0
100
AcDbText
 73
2
  0
LINE
  5
137
330
BE
100
AcDbEntity
 67
1
  8
A-TABLAS
100
AcDbLine
 10
636.0
 20
537.8
 30
0.0
 11
636.0
 21
532.5999999999999
 31
0.0
  0
TEXT
  5
138
330
BE
100
AcDbEntity
 67
1
  8
A-TEXTO
100
AcDbText
 10
657.0
 20
535.1999999999999
 30
0.0
 40
1.9
  1
1 #4 AWG
  7
ARIAL
 72
1
 11
657.0
 21
535.1999999999999
 31
0.0
100
AcDbText
 73
2
  0
LINE
  5
139
330
BE
100
AcDbEntity
 67
1
  8
A-TABLAS
100
AcDbLine
 10
500.0
 20
532.6
 30
0.0
 11
678.0
 21
532.6
 31
0.0
  0
TEXT
  5
13A
330
BE
100
AcDbEntity
 67
1
  8
A-TEXTO
100
AcDbText
 10
501.5
 20
530.0
 30
0.0
 40
1.9
  1
TIERRA
  7
ARIAL
 11
501.5
 21
530.0
 31
0.0
100
AcDbText
 73
2
  0
LINE
  5
13B
330
BE
100
AcDbEntity
 67
1
  8
A-TABLAS
100
AcDbLine
 10
552.0
 20
532.6
 30
0.0
 11
552.0
 21
527.4
 31
0.0
  0
TEXT
  5
13C
330
BE
100
AcDbEntity
 67
1
  8
A-TEXTO
100
AcDbText
 10
573.0
 20
530.0
 30
0.0
 40
1.9
  1
1 #6 AWG
  7
ARIAL
 72
1
 11
573.0
 21
530.0
 31
0.0
100
AcDbText
 73
2
  0
LINE
  5
13D
330
BE
100
AcDbEntity
 67
1
  8
A-TABLAS
100
AcDbLine
 10
594.0
 20
532.6
 30
0.0
 11
594.0
 21
527.4
 31
0.0
  0
TEXT
  5
13E
330
BE
100
AcDbEntity
 67
1
  8
A-TEXTO
100
AcDbText
 10
615.0
 20
530.0
 30
0.0
 40
1.9
  1
1 #6 AWG
  7
ARIAL
 72
1
 11
615.0
 21
530.0
 31
0.0
100
AcDbText
 73
2
  0
LINE
  5
13F
330
BE
100
AcDbEntity
 67
1
  8
A-TABLAS
100
AcDbLine
 10
636.0
 20
532.6
 30
0.0
 11
636.0
 21
527.4
 31
0.0
  0
TEXT
  5
140
330
BE
100
AcDbEntity
 67
1
  8
A-TEXTO
100
AcDbText
 10
657.0
 20
530.0
 30
0.0
 40
1.9
  1
1 #8 AWG
  7
ARIAL
 72
1
 11
657.0
 21
530.0
 31
0.0
100
AcDbText
 73
2
  0
LINE
  5
141
330
BE
100
AcDbEntity
 67
1
  8
A-TABLAS
100
AcDbLine
 10
500.0
 20
527.4
 30
0.0
 11
678.0
 21
527.4
 31
0.0
  0
TEXT
  5
142
330
BE
100
AcDbEntity
 67
1
  8
A-TEXTO
100
AcDbText
 10
501.5
 20
524.8
 30
0.0
 40
1.9
  1
LONGITUD (m)
  7
ARIAL
 11
501.5
 21
524.8
 31
0.0
100
AcDbText
 73
2
  0
LINE
  5
143
330
BE
100
AcDbEntity
 67
1
  8
A-TABLAS
100
AcDbLine
 10
552.0
 20
527.4
 30
0.0
 11
552.0
 21
522.1999999999999
 31
0.0
  0
TEXT
  5
144
330
BE
100
AcDbEntity
 67
1
  8
A-TEXTO
100
AcDbText
 10
573.0
 20
524.8
 30
0.0
 40
1.9
  1
25
  7
ARIAL
 72
1
 11
573.0
 21
524.8
 31
0.0
100
AcDbText
 73
2
  0
LINE
  5
145
330
BE
100
AcDbEntity
 67
1
  8
A-TABLAS
100
AcDbLine
 10
594.0
 20
527.4
 30
0.0
 11
594.0
 21
522.1999999999999
 31
0.0
  0
TEXT
  5
146
330
BE
100
AcDbEntity
 67
1
  8
A-TEXTO
100
AcDbText
 10
615.0
 20
524.8
 30
0.0
 40
1.9
  1
15
  7
ARIAL
 72
1
 11
615.0
 21
524.8
 31
0.0
100
AcDbText
 73
2
  0
LINE
  5
147
330
BE
100
AcDbEntity
 67
1
  8
A-TABLAS
100
AcDbLine
 10
636.0
 20
527.4
 30
0.0
 11
636.0
 21
522.1999999999999
 31
0.0
  0
TEXT
  5
148
330
BE
100
AcDbEntity
 67
1
  8
A-TEXTO
100
AcDbText
 10
657.0
 20
524.8
 30
0.0
 40
1.9
  1
20
  7
ARIAL
 72
1
 11
657.0
 21
524.8
 31
0.0
100
AcDbText
 73
2
  0
LINE
  5
149
330
BE
100
AcDbEntity
 67
1
  8
A-TABLAS
100
AcDbLine
 10
500.0
 20
522.2
 30
0.0
 11
678.0
 21
522.2
 31
0.0
  0
TEXT
  5
14A
330
BE
100
AcDbEntity
 67
1
  8
A-TEXTO
100
AcDbText
 10
501.5
 20
519.6
 30
0.0
 40
1.9
  1
TENSIÓN NOMINAL (V)
  7
ARIAL
 11
501.5
 21
519.6
 31
0.0
100
AcDbText
 73
2
  0
LINE
  5
14B
330
BE
100
AcDbEntity
 67
1
  8
A-TABLAS
100
AcDbLine
 10
552.0
 20
522.2
 30
0.0
 11
552.0
 21
517.0
 31
0.0
  0
TEXT
  5
14C
330
BE
100
AcDbEntity
 67
1
  8
A-TEXTO
100
AcDbText
 10
573.0
 20
519.6
 30
0.0
 40
1.9
  1
120/240
  7
ARIAL
 72
1
 11
573.0
 21
519.6
 31
0.0
100
AcDbText
 73
2
  0
LINE
  5
14D
330
BE
100
AcDbEntity
 67
1
  8
A-TABLAS
100
AcDbLine
 10
594.0
 20
522.2
 30
0.0
 11
594.0
 21
517.0
 31
0.0
  0
TEXT
  5
14E
330
BE
100
AcDbEntity
 67
1
  8
A-TEXTO
100
AcDbText
 10
615.0
 20
519.6
 30
0.0
 40
1.9
  1
120/240
  7
ARIAL
 72
1
 11
615.0
 21
519.6
 31
0.0
100
AcDbText
 73
2
  0
LINE
  5
14F
330
BE
100
AcDbEntity
 67
1
  8
A-TABLAS
100
AcDbLine
 10
636.0
 20
522.2
 30
0.0
 11
636.0
 21
517.0
 31
0.0
  0
TEXT
  5
150
330
BE
100
AcDbEntity
 67
1
  8
A-TEXTO
100
AcDbText
 10
657.0
 20
519.6
 30
0.0
 40
1.9
  1
120/240
  7
ARIAL
 72
1
 11
657.0
 21
519.6
 31
0.0
100
AcDbText
 73
2
  0
LINE
  5
151
330
BE
100
AcDbEntity
 67
1
  8
A-TABLAS
100
AcDbLine
 10
500.0
 20
517.0
 30
0.0
 11
678.0
 21
517.0
 31
0.0
  0
TEXT
  5
152
330
BE
100
AcDbEntity
 67
1
  8
A-TEXTO
100
AcDbText
 10
501.5
 20
514.4
 30
0.0
 40
1.9
  1
% CAÍDA DE TENSIÓN
  7
ARIAL
 11
501.5
 21
514.4
 31
0.0
100
AcDbText
 73
2
  0
LINE
  5
153
330
BE
100
AcDbEntity
 67
1
  8
A-TABLAS
100
AcDbLine
 10
552.0
 20
517.0
 30
0.0
 11
552.0
 21
511.8
 31
0.0
  0
TEXT
  5
154
330
BE
100
AcDbEntity
 67
1
  8
A-TEXTO
100
AcDbText
 10
573.0
 20
514.4
 30
0.0
 40
1.9
  1
0,58 %
  7
ARIAL
 72
1
 11
573.0
 21
514.4
 31
0.0
100
AcDbText
 73
2
  0
LINE
  5
155
330
BE
100
AcDbEntity
 67
1
  8
A-TABLAS
100
AcDbLine
 10
594.0
 20
517.0
 30
0.0
 11
594.0
 21
511.8
 31
0.0
  0
TEXT
  5
156
330
BE
100
AcDbEntity
 67
1
  8
A-TEXTO
100
AcDbText
 10
615.0
 20
514.4
 30
0.0
 40
1.9
  1
0,46 %
  7
ARIAL
 72
1
 11
615.0
 21
514.4
 31
0.0
100
AcDbText
 73
2
  0
LINE
  5
157
330
BE
100
AcDbEntity
 67
1
  8
A-TABLAS
100
AcDbLine
 10
636.0
 20
517.0
 30
0.0
 11
636.0
 21
511.8
 31
0.0
  0
TEXT
  5
158
330
BE
100
AcDbEntity
 67
1
  8
A-TEXTO
100
AcDbText
 10
657.0
 20
514.4
 30
0.0
 40
1.9
  1
1,04 %
  7
ARIAL
 72
1
 11
657.0
 21
514.4
 31
0.0
100
AcDbText
 73
2
  0
TEXT
  5
159
330
BE
100
AcDbEntity
 67
1
  8
A-TITULOS
100
AcDbText
 10
35.0
 20
420.0
 30
0.0
 40
3.2
  1
TABLERO PRINCIPAL TP (NIVEL 1, VESTÍBULO)
  7
ARIAL
 11
35.0
 21
420.0
 31
0.0
100
AcDbText
 73
3
  0
MTEXT
  5
15A
330
BE
100
AcDbEntity
 67
1
  8
A-TEXTO
100
AcDbMText
 10
35.0
 20
415.0
 30
0.0
 40
1.7
 41
243.0
 71
1
  1
TABLERO MONOFÁSICO 120/240 V, BARRAS DE TIERRA, NEUTRO SÓLIDO AL 100 %, BARRAS PRINCIPALES DE COBRE. EMPOTRADO. BARRAS 225 A, 24 POLOS, INTERRUPTOR PRINCIPAL 200 A, CI 200 A. CARGA TOTAL 38,3 kVA; DEMANDADA 26,8 kVA.
  7
ARIAL
  0
LWPOLYLINE
  5
15B
330
BE
100
AcDbEntity
 67
1
  8
A-TABLAS
100
AcDbPolyline
 90
4
 70
1
 10
35.0
 20
369.7
 10
278.0
 20
369.7
 10
278.0
 20
406.5
 10
35.0
 20
406.5
  0
TEXT
  5
15C
330
BE
100
AcDbEntity
 67
1
  8
A-TEXTO
100
AcDbText
 10
42.0
 20
404.2
 30
0.0
 40
1.6
  1
N.
  7
ARIAL
 72
1
 11
42.0
 21
404.2
 31
0.0
100
AcDbText
 73
2
  0
LINE
  5
15D
330
BE
100
AcDbEntity
 67
1
  8
A-TABLAS
100
AcDbLine
 10
49.0
 20
406.5
 30
0.0
 11
49.0
 21
401.9
 31
0.0
  0
TEXT
  5
15E
330
BE
100
AcDbEntity
 67
1
  8
A-TEXTO
100
AcDbText
 10
50.5
 20
404.2
 30
0.0
 40
1.6
  1
DESCRIPCIÓN
  7
ARIAL
 11
50.5
 21
404.2
 31
0.0
100
AcDbText
 73
2
  0
LINE
  5
15F
330
BE
100
AcDbEntity
 67
1
  8
A-TABLAS
100
AcDbLine
 10
119.0
 20
406.5
 30
0.0
 11
119.0
 21
401.9
 31
0.0
  0
TEXT
  5
160
330
BE
100
AcDbEntity
 67
1
  8
A-TEXTO
100
AcDbText
 10
124.5
 20
404.2
 30
0.0
 40
1.6
  1
POL.
  7
ARIAL
 72
1
 11
124.5
 21
404.2
 31
0.0
100
AcDbText
 73
2
  0
LINE
  5
161
330
BE
100
AcDbEntity
 67
1
  8
A-TABLAS
100
AcDbLine
 10
130.0
 20
406.5
 30
0.0
 11
130.0
 21
401.9
 31
0.0
  0
TEXT
  5
162
330
BE
100
AcDbEntity
 67
1
  8
A-TEXTO
100
AcDbText
 10
135.5
 20
404.2
 30
0.0
 40
1.6
  1
AMP.
  7
ARIAL
 72
1
 11
135.5
 21
404.2
 31
0.0
100
AcDbText
 73
2
  0
LINE
  5
163
330
BE
100
AcDbEntity
 67
1
  8
A-TABLAS
100
AcDbLine
 10
141.0
 20
406.5
 30
0.0
 11
141.0
 21
401.9
 31
0.0
  0
TEXT
  5
164
330
BE
100
AcDbEntity
 67
1
  8
A-TEXTO
100
AcDbText
 10
147.0
 20
404.2
 30
0.0
 40
1.6
  1
FASE
  7
ARIAL
 72
1
 11
147.0
 21
404.2
 31
0.0
100
AcDbText
 73
2
  0
LINE
  5
165
330
BE
100
AcDbEntity
 67
1
  8
A-TABLAS
100
AcDbLine
 10
153.0
 20
406.5
 30
0.0
 11
153.0
 21
401.9
 31
0.0
  0
TEXT
  5
166
330
BE
100
AcDbEntity
 67
1
  8
A-TEXTO
100
AcDbText
 10
159.0
 20
404.2
 30
0.0
 40
1.6
  1
NEUT.
  7
ARIAL
 72
1
 11
159.0
 21
404.2
 31
0.0
100
AcDbText
 73
2
  0
LINE
  5
167
330
BE
100
AcDbEntity
 67
1
  8
A-TABLAS
100
AcDbLine
 10
165.0
 20
406.5
 30
0.0
 11
165.0
 21
401.9
 31
0.0
  0
TEXT
  5
168
330
BE
100
AcDbEntity
 67
1
  8
A-TEXTO
100
AcDbText
 10
171.0
 20
404.2
 30
0.0
 40
1.6
  1
TIERRA
  7
ARIAL
 72
1
 11
171.0
 21
404.2
 31
0.0
100
AcDbText
 73
2
  0
LINE
  5
169
330
BE
100
AcDbEntity
 67
1
  8
A-TABLAS
100
AcDbLine
 10
177.0
 20
406.5
 30
0.0
 11
177.0
 21
401.9
 31
0.0
  0
TEXT
  5
16A
330
BE
100
AcDbEntity
 67
1
  8
A-TEXTO
100
AcDbText
 10
182.5
 20
404.2
 30
0.0
 40
1.6
  1
DIST.
  7
ARIAL
 72
1
 11
182.5
 21
404.2
 31
0.0
100
AcDbText
 73
2
  0
LINE
  5
16B
330
BE
100
AcDbEntity
 67
1
  8
A-TABLAS
100
AcDbLine
 10
188.0
 20
406.5
 30
0.0
 11
188.0
 21
401.9
 31
0.0
  0
TEXT
  5
16C
330
BE
100
AcDbEntity
 67
1
  8
A-TEXTO
100
AcDbText
 10
194.0
 20
404.2
 30
0.0
 40
1.6
  1
V
  7
ARIAL
 72
1
 11
194.0
 21
404.2
 31
0.0
100
AcDbText
 73
2
  0
LINE
  5
16D
330
BE
100
AcDbEntity
 67
1
  8
A-TABLAS
100
AcDbLine
 10
200.0
 20
406.5
 30
0.0
 11
200.0
 21
401.9
 31
0.0
  0
TEXT
  5
16E
330
BE
100
AcDbEntity
 67
1
  8
A-TEXTO
100
AcDbText
 10
208.0
 20
404.2
 30
0.0
 40
1.6
  1
VA FASE A
  7
ARIAL
 72
1
 11
208.0
 21
404.2
 31
0.0
100
AcDbText
 73
2
  0
LINE
  5
16F
330
BE
100
AcDbEntity
 67
1
  8
A-TABLAS
100
AcDbLine
 10
216.0
 20
406.5
 30
0.0
 11
216.0
 21
401.9
 31
0.0
  0
TEXT
  5
170
330
BE
100
AcDbEntity
 67
1
  8
A-TEXTO
100
AcDbText
 10
224.0
 20
404.2
 30
0.0
 40
1.6
  1
VA FASE B
  7
ARIAL
 72
1
 11
224.0
 21
404.2
 31
0.0
100
AcDbText
 73
2
  0
LINE
  5
171
330
BE
100
AcDbEntity
 67
1
  8
A-TABLAS
100
AcDbLine
 10
232.0
 20
406.5
 30
0.0
 11
232.0
 21
401.9
 31
0.0
  0
TEXT
  5
172
330
BE
100
AcDbEntity
 67
1
  8
A-TEXTO
100
AcDbText
 10
239.5
 20
404.2
 30
0.0
 40
1.6
  1
% CT
  7
ARIAL
 72
1
 11
239.5
 21
404.2
 31
0.0
100
AcDbText
 73
2
  0
LINE
  5
173
330
BE
100
AcDbEntity
 67
1
  8
A-TABLAS
100
AcDbLine
 10
247.0
 20
406.5
 30
0.0
 11
247.0
 21
401.9
 31
0.0
  0
TEXT
  5
174
330
BE
100
AcDbEntity
 67
1
  8
A-TEXTO
100
AcDbText
 10
252.5
 20
404.2
 30
0.0
 40
1.6
  1
Ø mm
  7
ARIAL
 72
1
 11
252.5
 21
404.2
 31
0.0
100
AcDbText
 73
2
  0
LINE
  5
175
330
BE
100
AcDbEntity
 67
1
  8
A-TABLAS
100
AcDbLine
 10
258.0
 20
406.5
 30
0.0
 11
258.0
 21
401.9
 31
0.0
  0
TEXT
  5
176
330
BE
100
AcDbEntity
 67
1
  8
A-TEXTO
100
AcDbText
 10
268.0
 20
404.2
 30
0.0
 40
1.6
  1
PROTECCIÓN
  7
ARIAL
 72
1
 11
268.0
 21
404.2
 31
0.0
100
AcDbText
 73
2
  0
LINE
  5
177
330
BE
100
AcDbEntity
 67
1
  8
A-TABLAS
100
AcDbLine
 10
35.0
 20
401.9
 30
0.0
 11
278.0
 21
401.9
 31
0.0
  0
TEXT
  5
178
330
BE
100
AcDbEntity
 67
1
  8
A-TEXTO
100
AcDbText
 10
42.0
 20
399.59999999999997
 30
0.0
 40
1.6
  1
1
  7
ARIAL
 72
1
 11
42.0
 21
399.59999999999997
 31
0.0
100
AcDbText
 73
2
  0
LINE
  5
179
330
BE
100
AcDbEntity
 67
1
  8
A-TABLAS
100
AcDbLine
 10
49.0
 20
401.9
 30
0.0
 11
49.0
 21
397.29999999999995
 31
0.0
  0
TEXT
  5
17A
330
BE
100
AcDbEntity
 67
1
  8
A-TEXTO
100
AcDbText
 10
50.5
 20
399.59999999999997
 30
0.0
 40
1.6
  1
ILUMINACIÓN NIVEL 1
  7
ARIAL
 11
50.5
 21
399.59999999999997
 31
0.0
100
AcDbText
 73
2
  0
LINE
  5
17B
330
BE
100
AcDbEntity
 67
1
  8
A-TABLAS
100
AcDbLine
 10
119.0
 20
401.9
 30
0.0
 11
119.0
 21
397.29999999999995
 31
0.0
  0
TEXT
  5
17C
330
BE
100
AcDbEntity
 67
1
  8
A-TEXTO
100
AcDbText
 10
124.5
 20
399.59999999999997
 30
0.0
 40
1.6
  1
1
  7
ARIAL
 72
1
 11
124.5
 21
399.59999999999997
 31
0.0
100
AcDbText
 73
2
  0
LINE
  5
17D
330
BE
100
AcDbEntity
 67
1
  8
A-TABLAS
100
AcDbLine
 10
130.0
 20
401.9
 30
0.0
 11
130.0
 21
397.29999999999995
 31
0.0
  0
TEXT
  5
17E
330
BE
100
AcDbEntity
 67
1
  8
A-TEXTO
100
AcDbText
 10
135.5
 20
399.59999999999997
 30
0.0
 40
1.6
  1
20
  7
ARIAL
 72
1
 11
135.5
 21
399.59999999999997
 31
0.0
100
AcDbText
 73
2
  0
LINE
  5
17F
330
BE
100
AcDbEntity
 67
1
  8
A-TABLAS
100
AcDbLine
 10
141.0
 20
401.9
 30
0.0
 11
141.0
 21
397.29999999999995
 31
0.0
  0
TEXT
  5
180
330
BE
100
AcDbEntity
 67
1
  8
A-TEXTO
100
AcDbText
 10
147.0
 20
399.59999999999997
 30
0.0
 40
1.6
  1
12
  7
ARIAL
 72
1
 11
147.0
 21
399.59999999999997
 31
0.0
100
AcDbText
 73
2
  0
LINE
  5
181
330
BE
100
AcDbEntity
 67
1
  8
A-TABLAS
100
AcDbLine
 10
153.0
 20
401.9
 30
0.0
 11
153.0
 21
397.29999999999995
 31
0.0
  0
TEXT
  5
182
330
BE
100
AcDbEntity
 67
1
  8
A-TEXTO
100
AcDbText
 10
159.0
 20
399.59999999999997
 30
0.0
 40
1.6
  1
12
  7
ARIAL
 72
1
 11
159.0
 21
399.59999999999997
 31
0.0
100
AcDbText
 73
2
  0
LINE
  5
183
330
BE
100
AcDbEntity
 67
1
  8
A-TABLAS
100
AcDbLine
 10
165.0
 20
401.9
 30
0.0
 11
165.0
 21
397.29999999999995
 31
0.0
  0
TEXT
  5
184
330
BE
100
AcDbEntity
 67
1
  8
A-TEXTO
100
AcDbText
 10
171.0
 20
399.59999999999997
 30
0.0
 40
1.6
  1
12
  7
ARIAL
 72
1
 11
171.0
 21
399.59999999999997
 31
0.0
100
AcDbText
 73
2
  0
LINE
  5
185
330
BE
100
AcDbEntity
 67
1
  8
A-TABLAS
100
AcDbLine
 10
177.0
 20
401.9
 30
0.0
 11
177.0
 21
397.29999999999995
 31
0.0
  0
TEXT
  5
186
330
BE
100
AcDbEntity
 67
1
  8
A-TEXTO
100
AcDbText
 10
182.5
 20
399.59999999999997
 30
0.0
 40
1.6
  1
15
  7
ARIAL
 72
1
 11
182.5
 21
399.59999999999997
 31
0.0
100
AcDbText
 73
2
  0
LINE
  5
187
330
BE
100
AcDbEntity
 67
1
  8
A-TABLAS
100
AcDbLine
 10
188.0
 20
401.9
 30
0.0
 11
188.0
 21
397.29999999999995
 31
0.0
  0
TEXT
  5
188
330
BE
100
AcDbEntity
 67
1
  8
A-TEXTO
100
AcDbText
 10
194.0
 20
399.59999999999997
 30
0.0
 40
1.6
  1
120
  7
ARIAL
 72
1
 11
194.0
 21
399.59999999999997
 31
0.0
100
AcDbText
 73
2
  0
LINE
  5
189
330
BE
100
AcDbEntity
 67
1
  8
A-TABLAS
100
AcDbLine
 10
200.0
 20
401.9
 30
0.0
 11
200.0
 21
397.29999999999995
 31
0.0
  0
TEXT
  5
18A
330
BE
100
AcDbEntity
 67
1
  8
A-TEXTO
100
AcDbText
 10
208.0
 20
399.59999999999997
 30
0.0
 40
1.6
  1
500
  7
ARIAL
 72
1
 11
208.0
 21
399.59999999999997
 31
0.0
100
AcDbText
 73
2
  0
LINE
  5
18B
330
BE
100
AcDbEntity
 67
1
  8
A-TABLAS
100
AcDbLine
 10
216.0
 20
401.9
 30
0.0
 11
216.0
 21
397.29999999999995
 31
0.0
  0
TEXT
  5
18C
330
BE
100
AcDbEntity
 67
1
  8
A-TEXTO
100
AcDbText
 10
224.0
 20
399.59999999999997
 30
0.0
 40
1.6
  1
-
  7
ARIAL
 72
1
 11
224.0
 21
399.59999999999997
 31
0.0
100
AcDbText
 73
2
  0
LINE
  5
18D
330
BE
100
AcDbEntity
 67
1
  8
A-TABLAS
100
AcDbLine
 10
232.0
 20
401.9
 30
0.0
 11
232.0
 21
397.29999999999995
 31
0.0
  0
TEXT
  5
18E
330
BE
100
AcDbEntity
 67
1
  8
A-TEXTO
100
AcDbText
 10
239.5
 20
399.59999999999997
 30
0.0
 40
1.6
  1
0,65
  7
ARIAL
 72
1
 11
239.5
 21
399.59999999999997
 31
0.0
100
AcDbText
 73
2
  0
LINE
  5
18F
330
BE
100
AcDbEntity
 67
1
  8
A-TABLAS
100
AcDbLine
 10
247.0
 20
401.9
 30
0.0
 11
247.0
 21
397.29999999999995
 31
0.0
  0
TEXT
  5
190
330
BE
100
AcDbEntity
 67
1
  8
A-TEXTO
100
AcDbText
 10
252.5
 20
399.59999999999997
 30
0.0
 40
1.6
  1
13
  7
ARIAL
 72
1
 11
252.5
 21
399.59999999999997
 31
0.0
100
AcDbText
 73
2
  0
LINE
  5
191
330
BE
100
AcDbEntity
 67
1
  8
A-TABLAS
100
AcDbLine
 10
258.0
 20
401.9
 30
0.0
 11
258.0
 21
397.29999999999995
 31
0.0
  0
TEXT
  5
192
330
BE
100
AcDbEntity
 67
1
  8
A-TEXTO
100
AcDbText
 10
268.0
 20
399.59999999999997
 30
0.0
 40
1.6
  1
AFCI/GFCI
  7
ARIAL
 72
1
 11
268.0
 21
399.59999999999997
 31
0.0
100
AcDbText
 73
2
  0
LINE
  5
193
330
BE
100
AcDbEntity
 67
1
  8
A-TABLAS
100
AcDbLine
 10
35.0
 20
397.3
 30
0.0
 11
278.0
 21
397.3
 31
0.0
  0
TEXT
  5
194
330
BE
100
AcDbEntity
 67
1
  8
A-TEXTO
100
AcDbText
 10
42.0
 20
395.0
 30
0.0
 40
1.6
  1
3
  7
ARIAL
 72
1
 11
42.0
 21
395.0
 31
0.0
100
AcDbText
 73
2
  0
LINE
  5
195
330
BE
100
AcDbEntity
 67
1
  8
A-TABLAS
100
AcDbLine
 10
49.0
 20
397.3
 30
0.0
 11
49.0
 21
392.7
 31
0.0
  0
TEXT
  5
196
330
BE
100
AcDbEntity
 67
1
  8
A-TEXTO
100
AcDbText
 10
50.5
 20
395.0
 30
0.0
 40
1.6
  1
TOMACORRIENTES NIVEL 1 (GFCI)
  7
ARIAL
 11
50.5
 21
395.0
 31
0.0
100
AcDbText
 73
2
  0
LINE
  5
197
330
BE
100
AcDbEntity
 67
1
  8
A-TABLAS
100
AcDbLine
 10
119.0
 20
397.3
 30
0.0
 11
119.0
 21
392.7
 31
0.0
  0
TEXT
  5
198
330
BE
100
AcDbEntity
 67
1
  8
A-TEXTO
100
AcDbText
 10
124.5
 20
395.0
 30
0.0
 40
1.6
  1
1
  7
ARIAL
 72
1
 11
124.5
 21
395.0
 31
0.0
100
AcDbText
 73
2
  0
LINE
  5
199
330
BE
100
AcDbEntity
 67
1
  8
A-TABLAS
100
AcDbLine
 10
130.0
 20
397.3
 30
0.0
 11
130.0
 21
392.7
 31
0.0
  0
TEXT
  5
19A
330
BE
100
AcDbEntity
 67
1
  8
A-TEXTO
100
AcDbText
 10
135.5
 20
395.0
 30
0.0
 40
1.6
  1
20
  7
ARIAL
 72
1
 11
135.5
 21
395.0
 31
0.0
100
AcDbText
 73
2
  0
LINE
  5
19B
330
BE
100
AcDbEntity
 67
1
  8
A-TABLAS
100
AcDbLine
 10
141.0
 20
397.3
 30
0.0
 11
141.0
 21
392.7
 31
0.0
  0
TEXT
  5
19C
330
BE
100
AcDbEntity
 67
1
  8
A-TEXTO
100
AcDbText
 10
147.0
 20
395.0
 30
0.0
 40
1.6
  1
12
  7
ARIAL
 72
1
 11
147.0
 21
395.0
 31
0.0
100
AcDbText
 73
2
  0
LINE
  5
19D
330
BE
100
AcDbEntity
 67
1
  8
A-TABLAS
100
AcDbLine
 10
153.0
 20
397.3
 30
0.0
 11
153.0
 21
392.7
 31
0.0
  0
TEXT
  5
19E
330
BE
100
AcDbEntity
 67
1
  8
A-TEXTO
100
AcDbText
 10
159.0
 20
395.0
 30
0.0
 40
1.6
  1
12
  7
ARIAL
 72
1
 11
159.0
 21
395.0
 31
0.0
100
AcDbText
 73
2
  0
LINE
  5
19F
330
BE
100
AcDbEntity
 67
1
  8
A-TABLAS
100
AcDbLine
 10
165.0
 20
397.3
 30
0.0
 11
165.0
 21
392.7
 31
0.0
  0
TEXT
  5
1A0
330
BE
100
AcDbEntity
 67
1
  8
A-TEXTO
100
AcDbText
 10
171.0
 20
395.0
 30
0.0
 40
1.6
  1
12
  7
ARIAL
 72
1
 11
171.0
 21
395.0
 31
0.0
100
AcDbText
 73
2
  0
LINE
  5
1A1
330
BE
100
AcDbEntity
 67
1
  8
A-TABLAS
100
AcDbLine
 10
177.0
 20
397.3
 30
0.0
 11
177.0
 21
392.7
 31
0.0
  0
TEXT
  5
1A2
330
BE
100
AcDbEntity
 67
1
  8
A-TEXTO
100
AcDbText
 10
182.5
 20
395.0
 30
0.0
 40
1.6
  1
15
  7
ARIAL
 72
1
 11
182.5
 21
395.0
 31
0.0
100
AcDbText
 73
2
  0
LINE
  5
1A3
330
BE
100
AcDbEntity
 67
1
  8
A-TABLAS
100
AcDbLine
 10
188.0
 20
397.3
 30
0.0
 11
188.0
 21
392.7
 31
0.0
  0
TEXT
  5
1A4
330
BE
100
AcDbEntity
 67
1
  8
A-TEXTO
100
AcDbText
 10
194.0
 20
395.0
 30
0.0
 40
1.6
  1
120
  7
ARIAL
 72
1
 11
194.0
 21
395.0
 31
0.0
100
AcDbText
 73
2
  0
LINE
  5
1A5
330
BE
100
AcDbEntity
 67
1
  8
A-TABLAS
100
AcDbLine
 10
200.0
 20
397.3
 30
0.0
 11
200.0
 21
392.7
 31
0.0
  0
TEXT
  5
1A6
330
BE
100
AcDbEntity
 67
1
  8
A-TEXTO
100
AcDbText
 10
208.0
 20
395.0
 30
0.0
 40
1.6
  1
-
  7
ARIAL
 72
1
 11
208.0
 21
395.0
 31
0.0
100
AcDbText
 73
2
  0
LINE
  5
1A7
330
BE
100
AcDbEntity
 67
1
  8
A-TABLAS
100
AcDbLine
 10
216.0
 20
397.3
 30
0.0
 11
216.0
 21
392.7
 31
0.0
  0
TEXT
  5
1A8
330
BE
100
AcDbEntity
 67
1
  8
A-TEXTO
100
AcDbText
 10
224.0
 20
395.0
 30
0.0
 40
1.6
  1
1.000
  7
ARIAL
 72
1
 11
224.0
 21
395.0
 31
0.0
100
AcDbText
 73
2
  0
LINE
  5
1A9
330
BE
100
AcDbEntity
 67
1
  8
A-TABLAS
100
AcDbLine
 10
232.0
 20
397.3
 30
0.0
 11
232.0
 21
392.7
 31
0.0
  0
TEXT
  5
1AA
330
BE
100
AcDbEntity
 67
1
  8
A-TEXTO
100
AcDbText
 10
239.5
 20
395.0
 30
0.0
 40
1.6
  1
1,30
  7
ARIAL
 72
1
 11
239.5
 21
395.0
 31
0.0
100
AcDbText
 73
2
  0
LINE
  5
1AB
330
BE
100
AcDbEntity
 67
1
  8
A-TABLAS
100
AcDbLine
 10
247.0
 20
397.3
 30
0.0
 11
247.0
 21
392.7
 31
0.0
  0
TEXT
  5
1AC
330
BE
100
AcDbEntity
 67
1
  8
A-TEXTO
100
AcDbText
 10
252.5
 20
395.0
 30
0.0
 40
1.6
  1
13
  7
ARIAL
 72
1
 11
252.5
 21
395.0
 31
0.0
100
AcDbText
 73
2
  0
LINE
  5
1AD
330
BE
100
AcDbEntity
 67
1
  8
A-TABLAS
100
AcDbLine
 10
258.0
 20
397.3
 30
0.0
 11
258.0
 21
392.7
 31
0.0
  0
TEXT
  5
1AE
330
BE
100
AcDbEntity
 67
1
  8
A-TEXTO
100
AcDbText
 10
268.0
 20
395.0
 30
0.0
 40
1.6
  1
AFCI/GFCI
  7
ARIAL
 72
1
 11
268.0
 21
395.0
 31
0.0
100
AcDbText
 73
2
  0
LINE
  5
1AF
330
BE
100
AcDbEntity
 67
1
  8
A-TABLAS
100
AcDbLine
 10
35.0
 20
392.7
 30
0.0
 11
278.0
 21
392.7
 31
0.0
  0
TEXT
  5
1B0
330
BE
100
AcDbEntity
 67
1
  8
A-TEXTO
100
AcDbText
 10
42.0
 20
390.4
 30
0.0
 40
1.6
  1
5/7
  7
ARIAL
 72
1
 11
42.0
 21
390.4
 31
0.0
100
AcDbText
 73
2
  0
LINE
  5
1B1
330
BE
100
AcDbEntity
 67
1
  8
A-TABLAS
100
AcDbLine
 10
49.0
 20
392.7
 30
0.0
 11
49.0
 21
388.09999999999997
 31
0.0
  0
TEXT
  5
1B2
330
BE
100
AcDbEntity
 67
1
  8
A-TEXTO
100
AcDbText
 10
50.5
 20
390.4
 30
0.0
 40
1.6
  1
SECADORA
  7
ARIAL
 11
50.5
 21
390.4
 31
0.0
100
AcDbText
 73
2
  0
LINE
  5
1B3
330
BE
100
AcDbEntity
 67
1
  8
A-TABLAS
100
AcDbLine
 10
119.0
 20
392.7
 30
0.0
 11
119.0
 21
388.09999999999997
 31
0.0
  0
TEXT
  5
1B4
330
BE
100
AcDbEntity
 67
1
  8
A-TEXTO
100
AcDbText
 10
124.5
 20
390.4
 30
0.0
 40
1.6
  1
2
  7
ARIAL
 72
1
 11
124.5
 21
390.4
 31
0.0
100
AcDbText
 73
2
  0
LINE
  5
1B5
330
BE
100
AcDbEntity
 67
1
  8
A-TABLAS
100
AcDbLine
 10
130.0
 20
392.7
 30
0.0
 11
130.0
 21
388.09999999999997
 31
0.0
  0
TEXT
  5
1B6
330
BE
100
AcDbEntity
 67
1
  8
A-TEXTO
100
AcDbText
 10
135.5
 20
390.4
 30
0.0
 40
1.6
  1
40
  7
ARIAL
 72
1
 11
135.5
 21
390.4
 31
0.0
100
AcDbText
 73
2
  0
LINE
  5
1B7
330
BE
100
AcDbEntity
 67
1
  8
A-TABLAS
100
AcDbLine
 10
141.0
 20
392.7
 30
0.0
 11
141.0
 21
388.09999999999997
 31
0.0
  0
TEXT
  5
1B8
330
BE
100
AcDbEntity
 67
1
  8
A-TEXTO
100
AcDbText
 10
147.0
 20
390.4
 30
0.0
 40
1.6
  1
10
  7
ARIAL
 72
1
 11
147.0
 21
390.4
 31
0.0
100
AcDbText
 73
2
  0
LINE
  5
1B9
330
BE
100
AcDbEntity
 67
1
  8
A-TABLAS
100
AcDbLine
 10
153.0
 20
392.7
 30
0.0
 11
153.0
 21
388.09999999999997
 31
0.0
  0
TEXT
  5
1BA
330
BE
100
AcDbEntity
 67
1
  8
A-TEXTO
100
AcDbText
 10
159.0
 20
390.4
 30
0.0
 40
1.6
  1
-
  7
ARIAL
 72
1
 11
159.0
 21
390.4
 31
0.0
100
AcDbText
 73
2
  0
LINE
  5
1BB
330
BE
100
AcDbEntity
 67
1
  8
A-TABLAS
100
AcDbLine
 10
165.0
 20
392.7
 30
0.0
 11
165.0
 21
388.09999999999997
 31
0.0
  0
TEXT
  5
1BC
330
BE
100
AcDbEntity
 67
1
  8
A-TEXTO
100
AcDbText
 10
171.0
 20
390.4
 30
0.0
 40
1.6
  1
8
  7
ARIAL
 72
1
 11
171.0
 21
390.4
 31
0.0
100
AcDbText
 73
2
  0
LINE
  5
1BD
330
BE
100
AcDbEntity
 67
1
  8
A-TABLAS
100
AcDbLine
 10
177.0
 20
392.7
 30
0.0
 11
177.0
 21
388.09999999999997
 31
0.0
  0
TEXT
  5
1BE
330
BE
100
AcDbEntity
 67
1
  8
A-TEXTO
100
AcDbText
 10
182.5
 20
390.4
 30
0.0
 40
1.6
  1
15
  7
ARIAL
 72
1
 11
182.5
 21
390.4
 31
0.0
100
AcDbText
 73
2
  0
LINE
  5
1BF
330
BE
100
AcDbEntity
 67
1
  8
A-TABLAS
100
AcDbLine
 10
188.0
 20
392.7
 30
0.0
 11
188.0
 21
388.09999999999997
 31
0.0
  0
TEXT
  5
1C0
330
BE
100
AcDbEntity
 67
1
  8
A-TEXTO
100
AcDbText
 10
194.0
 20
390.4
 30
0.0
 40
1.6
  1
240
  7
ARIAL
 72
1
 11
194.0
 21
390.4
 31
0.0
100
AcDbText
 73
2
  0
LINE
  5
1C1
330
BE
100
AcDbEntity
 67
1
  8
A-TABLAS
100
AcDbLine
 10
200.0
 20
392.7
 30
0.0
 11
200.0
 21
388.09999999999997
 31
0.0
  0
TEXT
  5
1C2
330
BE
100
AcDbEntity
 67
1
  8
A-TEXTO
100
AcDbText
 10
208.0
 20
390.4
 30
0.0
 40
1.6
  1
3.000
  7
ARIAL
 72
1
 11
208.0
 21
390.4
 31
0.0
100
AcDbText
 73
2
  0
LINE
  5
1C3
330
BE
100
AcDbEntity
 67
1
  8
A-TABLAS
100
AcDbLine
 10
216.0
 20
392.7
 30
0.0
 11
216.0
 21
388.09999999999997
 31
0.0
  0
TEXT
  5
1C4
330
BE
100
AcDbEntity
 67
1
  8
A-TEXTO
100
AcDbText
 10
224.0
 20
390.4
 30
0.0
 40
1.6
  1
3.000
  7
ARIAL
 72
1
 11
224.0
 21
390.4
 31
0.0
100
AcDbText
 73
2
  0
LINE
  5
1C5
330
BE
100
AcDbEntity
 67
1
  8
A-TABLAS
100
AcDbLine
 10
232.0
 20
392.7
 30
0.0
 11
232.0
 21
388.09999999999997
 31
0.0
  0
TEXT
  5
1C6
330
BE
100
AcDbEntity
 67
1
  8
A-TEXTO
100
AcDbText
 10
239.5
 20
390.4
 30
0.0
 40
1.6
  1
1,19
  7
ARIAL
 72
1
 11
239.5
 21
390.4
 31
0.0
100
AcDbText
 73
2
  0
LINE
  5
1C7
330
BE
100
AcDbEntity
 67
1
  8
A-TABLAS
100
AcDbLine
 10
247.0
 20
392.7
 30
0.0
 11
247.0
 21
388.09999999999997
 31
0.0
  0
TEXT
  5
1C8
330
BE
100
AcDbEntity
 67
1
  8
A-TEXTO
100
AcDbText
 10
252.5
 20
390.4
 30
0.0
 40
1.6
  1
19
  7
ARIAL
 72
1
 11
252.5
 21
390.4
 31
0.0
100
AcDbText
 73
2
  0
LINE
  5
1C9
330
BE
100
AcDbEntity
 67
1
  8
A-TABLAS
100
AcDbLine
 10
258.0
 20
392.7
 30
0.0
 11
258.0
 21
388.09999999999997
 31
0.0
  0
TEXT
  5
1CA
330
BE
100
AcDbEntity
 67
1
  8
A-TEXTO
100
AcDbText
 10
268.0
 20
390.4
 30
0.0
 40
1.6
  1
CH
  7
ARIAL
 72
1
 11
268.0
 21
390.4
 31
0.0
100
AcDbText
 73
2
  0
LINE
  5
1CB
330
BE
100
AcDbEntity
 67
1
  8
A-TABLAS
100
AcDbLine
 10
35.0
 20
388.1
 30
0.0
 11
278.0
 21
388.1
 31
0.0
  0
TEXT
  5
1CC
330
BE
100
AcDbEntity
 67
1
  8
A-TEXTO
100
AcDbText
 10
42.0
 20
385.8
 30
0.0
 40
1.6
  1
9/11
  7
ARIAL
 72
1
 11
42.0
 21
385.8
 31
0.0
100
AcDbText
 73
2
  0
LINE
  5
1CD
330
BE
100
AcDbEntity
 67
1
  8
A-TABLAS
100
AcDbLine
 10
49.0
 20
388.1
 30
0.0
 11
49.0
 21
383.5
 31
0.0
  0
TEXT
  5
1CE
330
BE
100
AcDbEntity
 67
1
  8
A-TEXTO
100
AcDbText
 10
50.5
 20
385.8
 30
0.0
 40
1.6
  1
ALIMENTADOR SUBTABLERO TN2
  7
ARIAL
 11
50.5
 21
385.8
 31
0.0
100
AcDbText
 73
2
  0
LINE
  5
1CF
330
BE
100
AcDbEntity
 67
1
  8
A-TABLAS
100
AcDbLine
 10
119.0
 20
388.1
 30
0.0
 11
119.0
 21
383.5
 31
0.0
  0
TEXT
  5
1D0
330
BE
100
AcDbEntity
 67
1
  8
A-TEXTO
100
AcDbText
 10
124.5
 20
385.8
 30
0.0
 40
1.6
  1
2
  7
ARIAL
 72
1
 11
124.5
 21
385.8
 31
0.0
100
AcDbText
 73
2
  0
LINE
  5
1D1
330
BE
100
AcDbEntity
 67
1
  8
A-TABLAS
100
AcDbLine
 10
130.0
 20
388.1
 30
0.0
 11
130.0
 21
383.5
 31
0.0
  0
TEXT
  5
1D2
330
BE
100
AcDbEntity
 67
1
  8
A-TEXTO
100
AcDbText
 10
135.5
 20
385.8
 30
0.0
 40
1.6
  1
100
  7
ARIAL
 72
1
 11
135.5
 21
385.8
 31
0.0
100
AcDbText
 73
2
  0
LINE
  5
1D3
330
BE
100
AcDbEntity
 67
1
  8
A-TABLAS
100
AcDbLine
 10
141.0
 20
388.1
 30
0.0
 11
141.0
 21
383.5
 31
0.0
  0
TEXT
  5
1D4
330
BE
100
AcDbEntity
 67
1
  8
A-TEXTO
100
AcDbText
 10
147.0
 20
385.8
 30
0.0
 40
1.6
  1
2
  7
ARIAL
 72
1
 11
147.0
 21
385.8
 31
0.0
100
AcDbText
 73
2
  0
LINE
  5
1D5
330
BE
100
AcDbEntity
 67
1
  8
A-TABLAS
100
AcDbLine
 10
153.0
 20
388.1
 30
0.0
 11
153.0
 21
383.5
 31
0.0
  0
TEXT
  5
1D6
330
BE
100
AcDbEntity
 67
1
  8
A-TEXTO
100
AcDbText
 10
159.0
 20
385.8
 30
0.0
 40
1.6
  1
2
  7
ARIAL
 72
1
 11
159.0
 21
385.8
 31
0.0
100
AcDbText
 73
2
  0
LINE
  5
1D7
330
BE
100
AcDbEntity
 67
1
  8
A-TABLAS
100
AcDbLine
 10
165.0
 20
388.1
 30
0.0
 11
165.0
 21
383.5
 31
0.0
  0
TEXT
  5
1D8
330
BE
100
AcDbEntity
 67
1
  8
A-TEXTO
100
AcDbText
 10
171.0
 20
385.8
 30
0.0
 40
1.6
  1
6
  7
ARIAL
 72
1
 11
171.0
 21
385.8
 31
0.0
100
AcDbText
 73
2
  0
LINE
  5
1D9
330
BE
100
AcDbEntity
 67
1
  8
A-TABLAS
100
AcDbLine
 10
177.0
 20
388.1
 30
0.0
 11
177.0
 21
383.5
 31
0.0
  0
TEXT
  5
1DA
330
BE
100
AcDbEntity
 67
1
  8
A-TEXTO
100
AcDbText
 10
182.5
 20
385.8
 30
0.0
 40
1.6
  1
15
  7
ARIAL
 72
1
 11
182.5
 21
385.8
 31
0.0
100
AcDbText
 73
2
  0
LINE
  5
1DB
330
BE
100
AcDbEntity
 67
1
  8
A-TABLAS
100
AcDbLine
 10
188.0
 20
388.1
 30
0.0
 11
188.0
 21
383.5
 31
0.0
  0
TEXT
  5
1DC
330
BE
100
AcDbEntity
 67
1
  8
A-TEXTO
100
AcDbText
 10
194.0
 20
385.8
 30
0.0
 40
1.6
  1
240
  7
ARIAL
 72
1
 11
194.0
 21
385.8
 31
0.0
100
AcDbText
 73
2
  0
LINE
  5
1DD
330
BE
100
AcDbEntity
 67
1
  8
A-TABLAS
100
AcDbLine
 10
200.0
 20
388.1
 30
0.0
 11
200.0
 21
383.5
 31
0.0
  0
TEXT
  5
1DE
330
BE
100
AcDbEntity
 67
1
  8
A-TEXTO
100
AcDbText
 10
208.0
 20
385.8
 30
0.0
 40
1.6
  1
7.400
  7
ARIAL
 72
1
 11
208.0
 21
385.8
 31
0.0
100
AcDbText
 73
2
  0
LINE
  5
1DF
330
BE
100
AcDbEntity
 67
1
  8
A-TABLAS
100
AcDbLine
 10
216.0
 20
388.1
 30
0.0
 11
216.0
 21
383.5
 31
0.0
  0
TEXT
  5
1E0
330
BE
100
AcDbEntity
 67
1
  8
A-TEXTO
100
AcDbText
 10
224.0
 20
385.8
 30
0.0
 40
1.6
  1
7.400
  7
ARIAL
 72
1
 11
224.0
 21
385.8
 31
0.0
100
AcDbText
 73
2
  0
LINE
  5
1E1
330
BE
100
AcDbEntity
 67
1
  8
A-TABLAS
100
AcDbLine
 10
232.0
 20
388.1
 30
0.0
 11
232.0
 21
383.5
 31
0.0
  0
TEXT
  5
1E2
330
BE
100
AcDbEntity
 67
1
  8
A-TEXTO
100
AcDbText
 10
239.5
 20
385.8
 30
0.0
 40
1.6
  1
0,46
  7
ARIAL
 72
1
 11
239.5
 21
385.8
 31
0.0
100
AcDbText
 73
2
  0
LINE
  5
1E3
330
BE
100
AcDbEntity
 67
1
  8
A-TABLAS
100
AcDbLine
 10
247.0
 20
388.1
 30
0.0
 11
247.0
 21
383.5
 31
0.0
  0
TEXT
  5
1E4
330
BE
100
AcDbEntity
 67
1
  8
A-TEXTO
100
AcDbText
 10
252.5
 20
385.8
 30
0.0
 40
1.6
  1
32
  7
ARIAL
 72
1
 11
252.5
 21
385.8
 31
0.0
100
AcDbText
 73
2
  0
LINE
  5
1E5
330
BE
100
AcDbEntity
 67
1
  8
A-TABLAS
100
AcDbLine
 10
258.0
 20
388.1
 30
0.0
 11
258.0
 21
383.5
 31
0.0
  0
TEXT
  5
1E6
330
BE
100
AcDbEntity
 67
1
  8
A-TEXTO
100
AcDbText
 10
268.0
 20
385.8
 30
0.0
 40
1.6
  1
CH
  7
ARIAL
 72
1
 11
268.0
 21
385.8
 31
0.0
100
AcDbText
 73
2
  0
LINE
  5
1E7
330
BE
100
AcDbEntity
 67
1
  8
A-TABLAS
100
AcDbLine
 10
35.0
 20
383.5
 30
0.0
 11
278.0
 21
383.5
 31
0.0
  0
TEXT
  5
1E8
330
BE
100
AcDbEntity
 67
1
  8
A-TEXTO
100
AcDbText
 10
42.0
 20
381.2
 30
0.0
 40
1.6
  1
13/15
  7
ARIAL
 72
1
 11
42.0
 21
381.2
 31
0.0
100
AcDbText
 73
2
  0
LINE
  5
1E9
330
BE
100
AcDbEntity
 67
1
  8
A-TABLAS
100
AcDbLine
 10
49.0
 20
383.5
 30
0.0
 11
49.0
 21
378.9
 31
0.0
  0
TEXT
  5
1EA
330
BE
100
AcDbEntity
 67
1
  8
A-TEXTO
100
AcDbText
 10
50.5
 20
381.2
 30
0.0
 40
1.6
  1
ALIMENTADOR SUBTABLERO TN3
  7
ARIAL
 11
50.5
 21
381.2
 31
0.0
100
AcDbText
 73
2
  0
LINE
  5
1EB
330
BE
100
AcDbEntity
 67
1
  8
A-TABLAS
100
AcDbLine
 10
119.0
 20
383.5
 30
0.0
 11
119.0
 21
378.9
 31
0.0
  0
TEXT
  5
1EC
330
BE
100
AcDbEntity
 67
1
  8
A-TEXTO
100
AcDbText
 10
124.5
 20
381.2
 30
0.0
 40
1.6
  1
2
  7
ARIAL
 72
1
 11
124.5
 21
381.2
 31
0.0
100
AcDbText
 73
2
  0
LINE
  5
1ED
330
BE
100
AcDbEntity
 67
1
  8
A-TABLAS
100
AcDbLine
 10
130.0
 20
383.5
 30
0.0
 11
130.0
 21
378.9
 31
0.0
  0
TEXT
  5
1EE
330
BE
100
AcDbEntity
 67
1
  8
A-TEXTO
100
AcDbText
 10
135.5
 20
381.2
 30
0.0
 40
1.6
  1
100
  7
ARIAL
 72
1
 11
135.5
 21
381.2
 31
0.0
100
AcDbText
 73
2
  0
LINE
  5
1EF
330
BE
100
AcDbEntity
 67
1
  8
A-TABLAS
100
AcDbLine
 10
141.0
 20
383.5
 30
0.0
 11
141.0
 21
378.9
 31
0.0
  0
TEXT
  5
1F0
330
BE
100
AcDbEntity
 67
1
  8
A-TEXTO
100
AcDbText
 10
147.0
 20
381.2
 30
0.0
 40
1.6
  1
4
  7
ARIAL
 72
1
 11
147.0
 21
381.2
 31
0.0
100
AcDbText
 73
2
  0
LINE
  5
1F1
330
BE
100
AcDbEntity
 67
1
  8
A-TABLAS
100
AcDbLine
 10
153.0
 20
383.5
 30
0.0
 11
153.0
 21
378.9
 31
0.0
  0
TEXT
  5
1F2
330
BE
100
AcDbEntity
 67
1
  8
A-TEXTO
100
AcDbText
 10
159.0
 20
381.2
 30
0.0
 40
1.6
  1
4
  7
ARIAL
 72
1
 11
159.0
 21
381.2
 31
0.0
100
AcDbText
 73
2
  0
LINE
  5
1F3
330
BE
100
AcDbEntity
 67
1
  8
A-TABLAS
100
AcDbLine
 10
165.0
 20
383.5
 30
0.0
 11
165.0
 21
378.9
 31
0.0
  0
TEXT
  5
1F4
330
BE
100
AcDbEntity
 67
1
  8
A-TEXTO
100
AcDbText
 10
171.0
 20
381.2
 30
0.0
 40
1.6
  1
8
  7
ARIAL
 72
1
 11
171.0
 21
381.2
 31
0.0
100
AcDbText
 73
2
  0
LINE
  5
1F5
330
BE
100
AcDbEntity
 67
1
  8
A-TABLAS
100
AcDbLine
 10
177.0
 20
383.5
 30
0.0
 11
177.0
 21
378.9
 31
0.0
  0
TEXT
  5
1F6
330
BE
100
AcDbEntity
 67
1
  8
A-TEXTO
100
AcDbText
 10
182.5
 20
381.2
 30
0.0
 40
1.6
  1
20
  7
ARIAL
 72
1
 11
182.5
 21
381.2
 31
0.0
100
AcDbText
 73
2
  0
LINE
  5
1F7
330
BE
100
AcDbEntity
 67
1
  8
A-TABLAS
100
AcDbLine
 10
188.0
 20
383.5
 30
0.0
 11
188.0
 21
378.9
 31
0.0
  0
TEXT
  5
1F8
330
BE
100
AcDbEntity
 67
1
  8
A-TEXTO
100
AcDbText
 10
194.0
 20
381.2
 30
0.0
 40
1.6
  1
240
  7
ARIAL
 72
1
 11
194.0
 21
381.2
 31
0.0
100
AcDbText
 73
2
  0
LINE
  5
1F9
330
BE
100
AcDbEntity
 67
1
  8
A-TABLAS
100
AcDbLine
 10
200.0
 20
383.5
 30
0.0
 11
200.0
 21
378.9
 31
0.0
  0
TEXT
  5
1FA
330
BE
100
AcDbEntity
 67
1
  8
A-TEXTO
100
AcDbText
 10
208.0
 20
381.2
 30
0.0
 40
1.6
  1
8.000
  7
ARIAL
 72
1
 11
208.0
 21
381.2
 31
0.0
100
AcDbText
 73
2
  0
LINE
  5
1FB
330
BE
100
AcDbEntity
 67
1
  8
A-TABLAS
100
AcDbLine
 10
216.0
 20
383.5
 30
0.0
 11
216.0
 21
378.9
 31
0.0
  0
TEXT
  5
1FC
330
BE
100
AcDbEntity
 67
1
  8
A-TEXTO
100
AcDbText
 10
224.0
 20
381.2
 30
0.0
 40
1.6
  1
8.000
  7
ARIAL
 72
1
 11
224.0
 21
381.2
 31
0.0
100
AcDbText
 73
2
  0
LINE
  5
1FD
330
BE
100
AcDbEntity
 67
1
  8
A-TABLAS
100
AcDbLine
 10
232.0
 20
383.5
 30
0.0
 11
232.0
 21
378.9
 31
0.0
  0
TEXT
  5
1FE
330
BE
100
AcDbEntity
 67
1
  8
A-TEXTO
100
AcDbText
 10
239.5
 20
381.2
 30
0.0
 40
1.6
  1
1,04
  7
ARIAL
 72
1
 11
239.5
 21
381.2
 31
0.0
100
AcDbText
 73
2
  0
LINE
  5
1FF
330
BE
100
AcDbEntity
 67
1
  8
A-TABLAS
100
AcDbLine
 10
247.0
 20
383.5
 30
0.0
 11
247.0
 21
378.9
 31
0.0
  0
TEXT
  5
200
330
BE
100
AcDbEntity
 67
1
  8
A-TEXTO
100
AcDbText
 10
252.5
 20
381.2
 30
0.0
 40
1.6
  1
32
  7
ARIAL
 72
1
 11
252.5
 21
381.2
 31
0.0
100
AcDbText
 73
2
  0
LINE
  5
201
330
BE
100
AcDbEntity
 67
1
  8
A-TABLAS
100
AcDbLine
 10
258.0
 20
383.5
 30
0.0
 11
258.0
 21
378.9
 31
0.0
  0
TEXT
  5
202
330
BE
100
AcDbEntity
 67
1
  8
A-TEXTO
100
AcDbText
 10
268.0
 20
381.2
 30
0.0
 40
1.6
  1
CH
  7
ARIAL
 72
1
 11
268.0
 21
381.2
 31
0.0
100
AcDbText
 73
2
  0
LINE
  5
203
330
BE
100
AcDbEntity
 67
1
  8
A-TABLAS
100
AcDbLine
 10
35.0
 20
378.9
 30
0.0
 11
278.0
 21
378.9
 31
0.0
  0
TEXT
  5
204
330
BE
100
AcDbEntity
 67
1
  8
A-TEXTO
100
AcDbText
 10
42.0
 20
376.59999999999997
 30
0.0
 40
1.6
  1
17/19
  7
ARIAL
 72
1
 11
42.0
 21
376.59999999999997
 31
0.0
100
AcDbText
 73
2
  0
LINE
  5
205
330
BE
100
AcDbEntity
 67
1
  8
A-TABLAS
100
AcDbLine
 10
49.0
 20
378.9
 30
0.0
 11
49.0
 21
374.29999999999995
 31
0.0
  0
TEXT
  5
206
330
BE
100
AcDbEntity
 67
1
  8
A-TEXTO
100
AcDbText
 10
50.5
 20
376.59999999999997
 30
0.0
 40
1.6
  1
SPD
  7
ARIAL
 11
50.5
 21
376.59999999999997
 31
0.0
100
AcDbText
 73
2
  0
LINE
  5
207
330
BE
100
AcDbEntity
 67
1
  8
A-TABLAS
100
AcDbLine
 10
119.0
 20
378.9
 30
0.0
 11
119.0
 21
374.29999999999995
 31
0.0
  0
TEXT
  5
208
330
BE
100
AcDbEntity
 67
1
  8
A-TEXTO
100
AcDbText
 10
124.5
 20
376.59999999999997
 30
0.0
 40
1.6
  1
2
  7
ARIAL
 72
1
 11
124.5
 21
376.59999999999997
 31
0.0
100
AcDbText
 73
2
  0
LINE
  5
209
330
BE
100
AcDbEntity
 67
1
  8
A-TABLAS
100
AcDbLine
 10
130.0
 20
378.9
 30
0.0
 11
130.0
 21
374.29999999999995
 31
0.0
  0
TEXT
  5
20A
330
BE
100
AcDbEntity
 67
1
  8
A-TEXTO
100
AcDbText
 10
135.5
 20
376.59999999999997
 30
0.0
 40
1.6
  1
50
  7
ARIAL
 72
1
 11
135.5
 21
376.59999999999997
 31
0.0
100
AcDbText
 73
2
  0
LINE
  5
20B
330
BE
100
AcDbEntity
 67
1
  8
A-TABLAS
100
AcDbLine
 10
141.0
 20
378.9
 30
0.0
 11
141.0
 21
374.29999999999995
 31
0.0
  0
TEXT
  5
20C
330
BE
100
AcDbEntity
 67
1
  8
A-TEXTO
100
AcDbText
 10
147.0
 20
376.59999999999997
 30
0.0
 40
1.6
  1
8
  7
ARIAL
 72
1
 11
147.0
 21
376.59999999999997
 31
0.0
100
AcDbText
 73
2
  0
LINE
  5
20D
330
BE
100
AcDbEntity
 67
1
  8
A-TABLAS
100
AcDbLine
 10
153.0
 20
378.9
 30
0.0
 11
153.0
 21
374.29999999999995
 31
0.0
  0
TEXT
  5
20E
330
BE
100
AcDbEntity
 67
1
  8
A-TEXTO
100
AcDbText
 10
159.0
 20
376.59999999999997
 30
0.0
 40
1.6
  1
8
  7
ARIAL
 72
1
 11
159.0
 21
376.59999999999997
 31
0.0
100
AcDbText
 73
2
  0
LINE
  5
20F
330
BE
100
AcDbEntity
 67
1
  8
A-TABLAS
100
AcDbLine
 10
165.0
 20
378.9
 30
0.0
 11
165.0
 21
374.29999999999995
 31
0.0
  0
TEXT
  5
210
330
BE
100
AcDbEntity
 67
1
  8
A-TEXTO
100
AcDbText
 10
171.0
 20
376.59999999999997
 30
0.0
 40
1.6
  1
8
  7
ARIAL
 72
1
 11
171.0
 21
376.59999999999997
 31
0.0
100
AcDbText
 73
2
  0
LINE
  5
211
330
BE
100
AcDbEntity
 67
1
  8
A-TABLAS
100
AcDbLine
 10
177.0
 20
378.9
 30
0.0
 11
177.0
 21
374.29999999999995
 31
0.0
  0
TEXT
  5
212
330
BE
100
AcDbEntity
 67
1
  8
A-TEXTO
100
AcDbText
 10
182.5
 20
376.59999999999997
 30
0.0
 40
1.6
  1
0,5
  7
ARIAL
 72
1
 11
182.5
 21
376.59999999999997
 31
0.0
100
AcDbText
 73
2
  0
LINE
  5
213
330
BE
100
AcDbEntity
 67
1
  8
A-TABLAS
100
AcDbLine
 10
188.0
 20
378.9
 30
0.0
 11
188.0
 21
374.29999999999995
 31
0.0
  0
TEXT
  5
214
330
BE
100
AcDbEntity
 67
1
  8
A-TEXTO
100
AcDbText
 10
194.0
 20
376.59999999999997
 30
0.0
 40
1.6
  1
240
  7
ARIAL
 72
1
 11
194.0
 21
376.59999999999997
 31
0.0
100
AcDbText
 73
2
  0
LINE
  5
215
330
BE
100
AcDbEntity
 67
1
  8
A-TABLAS
100
AcDbLine
 10
200.0
 20
378.9
 30
0.0
 11
200.0
 21
374.29999999999995
 31
0.0
  0
TEXT
  5
216
330
BE
100
AcDbEntity
 67
1
  8
A-TEXTO
100
AcDbText
 10
208.0
 20
376.59999999999997
 30
0.0
 40
1.6
  1
-
  7
ARIAL
 72
1
 11
208.0
 21
376.59999999999997
 31
0.0
100
AcDbText
 73
2
  0
LINE
  5
217
330
BE
100
AcDbEntity
 67
1
  8
A-TABLAS
100
AcDbLine
 10
216.0
 20
378.9
 30
0.0
 11
216.0
 21
374.29999999999995
 31
0.0
  0
TEXT
  5
218
330
BE
100
AcDbEntity
 67
1
  8
A-TEXTO
100
AcDbText
 10
224.0
 20
376.59999999999997
 30
0.0
 40
1.6
  1
-
  7
ARIAL
 72
1
 11
224.0
 21
376.59999999999997
 31
0.0
100
AcDbText
 73
2
  0
LINE
  5
219
330
BE
100
AcDbEntity
 67
1
  8
A-TABLAS
100
AcDbLine
 10
232.0
 20
378.9
 30
0.0
 11
232.0
 21
374.29999999999995
 31
0.0
  0
TEXT
  5
21A
330
BE
100
AcDbEntity
 67
1
  8
A-TEXTO
100
AcDbText
 10
239.5
 20
376.59999999999997
 30
0.0
 40
1.6
  1
-
  7
ARIAL
 72
1
 11
239.5
 21
376.59999999999997
 31
0.0
100
AcDbText
 73
2
  0
LINE
  5
21B
330
BE
100
AcDbEntity
 67
1
  8
A-TABLAS
100
AcDbLine
 10
247.0
 20
378.9
 30
0.0
 11
247.0
 21
374.29999999999995
 31
0.0
  0
TEXT
  5
21C
330
BE
100
AcDbEntity
 67
1
  8
A-TEXTO
100
AcDbText
 10
252.5
 20
376.59999999999997
 30
0.0
 40
1.6
  1
19
  7
ARIAL
 72
1
 11
252.5
 21
376.59999999999997
 31
0.0
100
AcDbText
 73
2
  0
LINE
  5
21D
330
BE
100
AcDbEntity
 67
1
  8
A-TABLAS
100
AcDbLine
 10
258.0
 20
378.9
 30
0.0
 11
258.0
 21
374.29999999999995
 31
0.0
  0
TEXT
  5
21E
330
BE
100
AcDbEntity
 67
1
  8
A-TEXTO
100
AcDbText
 10
268.0
 20
376.59999999999997
 30
0.0
 40
1.6
  1
CH
  7
ARIAL
 72
1
 11
268.0
 21
376.59999999999997
 31
0.0
100
AcDbText
 73
2
  0
LINE
  5
21F
330
BE
100
AcDbEntity
 67
1
  8
A-TABLAS
100
AcDbLine
 10
35.0
 20
374.3
 30
0.0
 11
278.0
 21
374.3
 31
0.0
  0
LINE
  5
220
330
BE
100
AcDbEntity
 67
1
  8
A-TABLAS
100
AcDbLine
 10
49.0
 20
374.3
 30
0.0
 11
49.0
 21
369.7
 31
0.0
  0
TEXT
  5
221
330
BE
100
AcDbEntity
 67
1
  8
A-TEXTO
100
AcDbText
 10
50.5
 20
372.0
 30
0.0
 40
1.6
  1
TOTAL POR FASE (VA)
  7
ARIAL
 11
50.5
 21
372.0
 31
0.0
100
AcDbText
 73
2
  0
LINE
  5
222
330
BE
100
AcDbEntity
 67
1
  8
A-TABLAS
100
AcDbLine
 10
200.0
 20
374.3
 30
0.0
 11
200.0
 21
369.7
 31
0.0
  0
TEXT
  5
223
330
BE
100
AcDbEntity
 67
1
  8
A-TEXTO
100
AcDbText
 10
208.0
 20
372.0
 30
0.0
 40
1.6
  1
18.900
  7
ARIAL
 72
1
 11
208.0
 21
372.0
 31
0.0
100
AcDbText
 73
2
  0
LINE
  5
224
330
BE
100
AcDbEntity
 67
1
  8
A-TABLAS
100
AcDbLine
 10
216.0
 20
374.3
 30
0.0
 11
216.0
 21
369.7
 31
0.0
  0
TEXT
  5
225
330
BE
100
AcDbEntity
 67
1
  8
A-TEXTO
100
AcDbText
 10
224.0
 20
372.0
 30
0.0
 40
1.6
  1
19.400
  7
ARIAL
 72
1
 11
224.0
 21
372.0
 31
0.0
100
AcDbText
 73
2
  0
LINE
  5
226
330
BE
100
AcDbEntity
 67
1
  8
A-TABLAS
100
AcDbLine
 10
232.0
 20
374.3
 30
0.0
 11
232.0
 21
369.7
 31
0.0
  0
LINE
  5
227
330
BE
100
AcDbEntity
 67
1
  8
A-TABLAS
100
AcDbLine
 10
247.0
 20
374.3
 30
0.0
 11
247.0
 21
369.7
 31
0.0
  0
LINE
  5
228
330
BE
100
AcDbEntity
 67
1
  8
A-TABLAS
100
AcDbLine
 10
258.0
 20
374.3
 30
0.0
 11
258.0
 21
369.7
 31
0.0
  0
TEXT
  5
229
330
BE
100
AcDbEntity
 67
1
  8
A-TITULOS
100
AcDbText
 10
35.0
 20
363.7
 30
0.0
 40
3.2
  1
SUBTABLERO TN2 (NIVEL 2)
  7
ARIAL
 11
35.0
 21
363.7
 31
0.0
100
AcDbText
 73
3
  0
MTEXT
  5
22A
330
BE
100
AcDbEntity
 67
1
  8
A-TEXTO
100
AcDbMText
 10
35.0
 20
358.7
 30
0.0
 40
1.7
 41
243.0
 71
1
  1
TABLERO MONOFÁSICO 120/240 V, BARRAS DE TIERRA, NEUTRO SÓLIDO AL 100 %. EMPOTRADO. BARRAS 125 A, 18 POLOS, PRINCIPAL 100 A (SUBALIMENTADO). CARGA TOTAL 18,5 kVA; DEMANDADA 14,8 kVA.
  7
ARIAL
  0
LWPOLYLINE
  5
22B
330
BE
100
AcDbEntity
 67
1
  8
A-TABLAS
100
AcDbPolyline
 90
4
 70
1
 10
35.0
 20
304.2
 10
278.0
 20
304.2
 10
278.0
 20
350.2
 10
35.0
 20
350.2
  0
TEXT
  5
22C
330
BE
100
AcDbEntity
 67
1
  8
A-TEXTO
100
AcDbText
 10
42.0
 20
347.9
 30
0.0
 40
1.6
  1
N.
  7
ARIAL
 72
1
 11
42.0
 21
347.9
 31
0.0
100
AcDbText
 73
2
  0
LINE
  5
22D
330
BE
100
AcDbEntity
 67
1
  8
A-TABLAS
100
AcDbLine
 10
49.0
 20
350.2
 30
0.0
 11
49.0
 21
345.59999999999997
 31
0.0
  0
TEXT
  5
22E
330
BE
100
AcDbEntity
 67
1
  8
A-TEXTO
100
AcDbText
 10
50.5
 20
347.9
 30
0.0
 40
1.6
  1
DESCRIPCIÓN
  7
ARIAL
 11
50.5
 21
347.9
 31
0.0
100
AcDbText
 73
2
  0
LINE
  5
22F
330
BE
100
AcDbEntity
 67
1
  8
A-TABLAS
100
AcDbLine
 10
119.0
 20
350.2
 30
0.0
 11
119.0
 21
345.59999999999997
 31
0.0
  0
TEXT
  5
230
330
BE
100
AcDbEntity
 67
1
  8
A-TEXTO
100
AcDbText
 10
124.5
 20
347.9
 30
0.0
 40
1.6
  1
POL.
  7
ARIAL
 72
1
 11
124.5
 21
347.9
 31
0.0
100
AcDbText
 73
2
  0
LINE
  5
231
330
BE
100
AcDbEntity
 67
1
  8
A-TABLAS
100
AcDbLine
 10
130.0
 20
350.2
 30
0.0
 11
130.0
 21
345.59999999999997
 31
0.0
  0
TEXT
  5
232
330
BE
100
AcDbEntity
 67
1
  8
A-TEXTO
100
AcDbText
 10
135.5
 20
347.9
 30
0.0
 40
1.6
  1
AMP.
  7
ARIAL
 72
1
 11
135.5
 21
347.9
 31
0.0
100
AcDbText
 73
2
  0
LINE
  5
233
330
BE
100
AcDbEntity
 67
1
  8
A-TABLAS
100
AcDbLine
 10
141.0
 20
350.2
 30
0.0
 11
141.0
 21
345.59999999999997
 31
0.0
  0
TEXT
  5
234
330
BE
100
AcDbEntity
 67
1
  8
A-TEXTO
100
AcDbText
 10
147.0
 20
347.9
 30
0.0
 40
1.6
  1
FASE
  7
ARIAL
 72
1
 11
147.0
 21
347.9
 31
0.0
100
AcDbText
 73
2
  0
LINE
  5
235
330
BE
100
AcDbEntity
 67
1
  8
A-TABLAS
100
AcDbLine
 10
153.0
 20
350.2
 30
0.0
 11
153.0
 21
345.59999999999997
 31
0.0
  0
TEXT
  5
236
330
BE
100
AcDbEntity
 67
1
  8
A-TEXTO
100
AcDbText
 10
159.0
 20
347.9
 30
0.0
 40
1.6
  1
NEUT.
  7
ARIAL
 72
1
 11
159.0
 21
347.9
 31
0.0
100
AcDbText
 73
2
  0
LINE
  5
237
330
BE
100
AcDbEntity
 67
1
  8
A-TABLAS
100
AcDbLine
 10
165.0
 20
350.2
 30
0.0
 11
165.0
 21
345.59999999999997
 31
0.0
  0
TEXT
  5
238
330
BE
100
AcDbEntity
 67
1
  8
A-TEXTO
100
AcDbText
 10
171.0
 20
347.9
 30
0.0
 40
1.6
  1
TIERRA
  7
ARIAL
 72
1
 11
171.0
 21
347.9
 31
0.0
100
AcDbText
 73
2
  0
LINE
  5
239
330
BE
100
AcDbEntity
 67
1
  8
A-TABLAS
100
AcDbLine
 10
177.0
 20
350.2
 30
0.0
 11
177.0
 21
345.59999999999997
 31
0.0
  0
TEXT
  5
23A
330
BE
100
AcDbEntity
 67
1
  8
A-TEXTO
100
AcDbText
 10
182.5
 20
347.9
 30
0.0
 40
1.6
  1
DIST.
  7
ARIAL
 72
1
 11
182.5
 21
347.9
 31
0.0
100
AcDbText
 73
2
  0
LINE
  5
23B
330
BE
100
AcDbEntity
 67
1
  8
A-TABLAS
100
AcDbLine
 10
188.0
 20
350.2
 30
0.0
 11
188.0
 21
345.59999999999997
 31
0.0
  0
TEXT
  5
23C
330
BE
100
AcDbEntity
 67
1
  8
A-TEXTO
100
AcDbText
 10
194.0
 20
347.9
 30
0.0
 40
1.6
  1
V
  7
ARIAL
 72
1
 11
194.0
 21
347.9
 31
0.0
100
AcDbText
 73
2
  0
LINE
  5
23D
330
BE
100
AcDbEntity
 67
1
  8
A-TABLAS
100
AcDbLine
 10
200.0
 20
350.2
 30
0.0
 11
200.0
 21
345.59999999999997
 31
0.0
  0
TEXT
  5
23E
330
BE
100
AcDbEntity
 67
1
  8
A-TEXTO
100
AcDbText
 10
208.0
 20
347.9
 30
0.0
 40
1.6
  1
VA FASE A
  7
ARIAL
 72
1
 11
208.0
 21
347.9
 31
0.0
100
AcDbText
 73
2
  0
LINE
  5
23F
330
BE
100
AcDbEntity
 67
1
  8
A-TABLAS
100
AcDbLine
 10
216.0
 20
350.2
 30
0.0
 11
216.0
 21
345.59999999999997
 31
0.0
  0
TEXT
  5
240
330
BE
100
AcDbEntity
 67
1
  8
A-TEXTO
100
AcDbText
 10
224.0
 20
347.9
 30
0.0
 40
1.6
  1
VA FASE B
  7
ARIAL
 72
1
 11
224.0
 21
347.9
 31
0.0
100
AcDbText
 73
2
  0
LINE
  5
241
330
BE
100
AcDbEntity
 67
1
  8
A-TABLAS
100
AcDbLine
 10
232.0
 20
350.2
 30
0.0
 11
232.0
 21
345.59999999999997
 31
0.0
  0
TEXT
  5
242
330
BE
100
AcDbEntity
 67
1
  8
A-TEXTO
100
AcDbText
 10
239.5
 20
347.9
 30
0.0
 40
1.6
  1
% CT
  7
ARIAL
 72
1
 11
239.5
 21
347.9
 31
0.0
100
AcDbText
 73
2
  0
LINE
  5
243
330
BE
100
AcDbEntity
 67
1
  8
A-TABLAS
100
AcDbLine
 10
247.0
 20
350.2
 30
0.0
 11
247.0
 21
345.59999999999997
 31
0.0
  0
TEXT
  5
244
330
BE
100
AcDbEntity
 67
1
  8
A-TEXTO
100
AcDbText
 10
252.5
 20
347.9
 30
0.0
 40
1.6
  1
Ø mm
  7
ARIAL
 72
1
 11
252.5
 21
347.9
 31
0.0
100
AcDbText
 73
2
  0
LINE
  5
245
330
BE
100
AcDbEntity
 67
1
  8
A-TABLAS
100
AcDbLine
 10
258.0
 20
350.2
 30
0.0
 11
258.0
 21
345.59999999999997
 31
0.0
  0
TEXT
  5
246
330
BE
100
AcDbEntity
 67
1
  8
A-TEXTO
100
AcDbText
 10
268.0
 20
347.9
 30
0.0
 40
1.6
  1
PROTECCIÓN
  7
ARIAL
 72
1
 11
268.0
 21
347.9
 31
0.0
100
AcDbText
 73
2
  0
LINE
  5
247
330
BE
100
AcDbEntity
 67
1
  8
A-TABLAS
100
AcDbLine
 10
35.0
 20
345.59999999999997
 30
0.0
 11
278.0
 21
345.59999999999997
 31
0.0
  0
TEXT
  5
248
330
BE
100
AcDbEntity
 67
1
  8
A-TEXTO
100
AcDbText
 10
42.0
 20
343.29999999999995
 30
0.0
 40
1.6
  1
1
  7
ARIAL
 72
1
 11
42.0
 21
343.29999999999995
 31
0.0
100
AcDbText
 73
2
  0
LINE
  5
249
330
BE
100
AcDbEntity
 67
1
  8
A-TABLAS
100
AcDbLine
 10
49.0
 20
345.59999999999997
 30
0.0
 11
49.0
 21
340.99999999999994
 31
0.0
  0
TEXT
  5
24A
330
BE
100
AcDbEntity
 67
1
  8
A-TEXTO
100
AcDbText
 10
50.5
 20
343.29999999999995
 30
0.0
 40
1.6
  1
ILUMINACIÓN NIVEL 2
  7
ARIAL
 11
50.5
 21
343.29999999999995
 31
0.0
100
AcDbText
 73
2
  0
LINE
  5
24B
330
BE
100
AcDbEntity
 67
1
  8
A-TABLAS
100
AcDbLine
 10
119.0
 20
345.59999999999997
 30
0.0
 11
119.0
 21
340.99999999999994
 31
0.0
  0
TEXT
  5
24C
330
BE
100
AcDbEntity
 67
1
  8
A-TEXTO
100
AcDbText
 10
124.5
 20
343.29999999999995
 30
0.0
 40
1.6
  1
1
  7
ARIAL
 72
1
 11
124.5
 21
343.29999999999995
 31
0.0
100
AcDbText
 73
2
  0
LINE
  5
24D
330
BE
100
AcDbEntity
 67
1
  8
A-TABLAS
100
AcDbLine
 10
130.0
 20
345.59999999999997
 30
0.0
 11
130.0
 21
340.99999999999994
 31
0.0
  0
TEXT
  5
24E
330
BE
100
AcDbEntity
 67
1
  8
A-TEXTO
100
AcDbText
 10
135.5
 20
343.29999999999995
 30
0.0
 40
1.6
  1
20
  7
ARIAL
 72
1
 11
135.5
 21
343.29999999999995
 31
0.0
100
AcDbText
 73
2
  0
LINE
  5
24F
330
BE
100
AcDbEntity
 67
1
  8
A-TABLAS
100
AcDbLine
 10
141.0
 20
345.59999999999997
 30
0.0
 11
141.0
 21
340.99999999999994
 31
0.0
  0
TEXT
  5
250
330
BE
100
AcDbEntity
 67
1
  8
A-TEXTO
100
AcDbText
 10
147.0
 20
343.29999999999995
 30
0.0
 40
1.6
  1
12
  7
ARIAL
 72
1
 11
147.0
 21
343.29999999999995
 31
0.0
100
AcDbText
 73
2
  0
LINE
  5
251
330
BE
100
AcDbEntity
 67
1
  8
A-TABLAS
100
AcDbLine
 10
153.0
 20
345.59999999999997
 30
0.0
 11
153.0
 21
340.99999999999994
 31
0.0
  0
TEXT
  5
252
330
BE
100
AcDbEntity
 67
1
  8
A-TEXTO
100
AcDbText
 10
159.0
 20
343.29999999999995
 30
0.0
 40
1.6
  1
12
  7
ARIAL
 72
1
 11
159.0
 21
343.29999999999995
 31
0.0
100
AcDbText
 73
2
  0
LINE
  5
253
330
BE
100
AcDbEntity
 67
1
  8
A-TABLAS
100
AcDbLine
 10
165.0
 20
345.59999999999997
 30
0.0
 11
165.0
 21
340.99999999999994
 31
0.0
  0
TEXT
  5
254
330
BE
100
AcDbEntity
 67
1
  8
A-TEXTO
100
AcDbText
 10
171.0
 20
343.29999999999995
 30
0.0
 40
1.6
  1
12
  7
ARIAL
 72
1
 11
171.0
 21
343.29999999999995
 31
0.0
100
AcDbText
 73
2
  0
LINE
  5
255
330
BE
100
AcDbEntity
 67
1
  8
A-TABLAS
100
AcDbLine
 10
177.0
 20
345.59999999999997
 30
0.0
 11
177.0
 21
340.99999999999994
 31
0.0
  0
TEXT
  5
256
330
BE
100
AcDbEntity
 67
1
  8
A-TEXTO
100
AcDbText
 10
182.5
 20
343.29999999999995
 30
0.0
 40
1.6
  1
15
  7
ARIAL
 72
1
 11
182.5
 21
343.29999999999995
 31
0.0
100
AcDbText
 73
2
  0
LINE
  5
257
330
BE
100
AcDbEntity
 67
1
  8
A-TABLAS
100
AcDbLine
 10
188.0
 20
345.59999999999997
 30
0.0
 11
188.0
 21
340.99999999999994
 31
0.0
  0
TEXT
  5
258
330
BE
100
AcDbEntity
 67
1
  8
A-TEXTO
100
AcDbText
 10
194.0
 20
343.29999999999995
 30
0.0
 40
1.6
  1
120
  7
ARIAL
 72
1
 11
194.0
 21
343.29999999999995
 31
0.0
100
AcDbText
 73
2
  0
LINE
  5
259
330
BE
100
AcDbEntity
 67
1
  8
A-TABLAS
100
AcDbLine
 10
200.0
 20
345.59999999999997
 30
0.0
 11
200.0
 21
340.99999999999994
 31
0.0
  0
TEXT
  5
25A
330
BE
100
AcDbEntity
 67
1
  8
A-TEXTO
100
AcDbText
 10
208.0
 20
343.29999999999995
 30
0.0
 40
1.6
  1
500
  7
ARIAL
 72
1
 11
208.0
 21
343.29999999999995
 31
0.0
100
AcDbText
 73
2
  0
LINE
  5
25B
330
BE
100
AcDbEntity
 67
1
  8
A-TABLAS
100
AcDbLine
 10
216.0
 20
345.59999999999997
 30
0.0
 11
216.0
 21
340.99999999999994
 31
0.0
  0
TEXT
  5
25C
330
BE
100
AcDbEntity
 67
1
  8
A-TEXTO
100
AcDbText
 10
224.0
 20
343.29999999999995
 30
0.0
 40
1.6
  1
-
  7
ARIAL
 72
1
 11
224.0
 21
343.29999999999995
 31
0.0
100
AcDbText
 73
2
  0
LINE
  5
25D
330
BE
100
AcDbEntity
 67
1
  8
A-TABLAS
100
AcDbLine
 10
232.0
 20
345.59999999999997
 30
0.0
 11
232.0
 21
340.99999999999994
 31
0.0
  0
TEXT
  5
25E
330
BE
100
AcDbEntity
 67
1
  8
A-TEXTO
100
AcDbText
 10
239.5
 20
343.29999999999995
 30
0.0
 40
1.6
  1
0,65
  7
ARIAL
 72
1
 11
239.5
 21
343.29999999999995
 31
0.0
100
AcDbText
 73
2
  0
LINE
  5
25F
330
BE
100
AcDbEntity
 67
1
  8
A-TABLAS
100
AcDbLine
 10
247.0
 20
345.59999999999997
 30
0.0
 11
247.0
 21
340.99999999999994
 31
0.0
  0
TEXT
  5
260
330
BE
100
AcDbEntity
 67
1
  8
A-TEXTO
100
AcDbText
 10
252.5
 20
343.29999999999995
 30
0.0
 40
1.6
  1
13
  7
ARIAL
 72
1
 11
252.5
 21
343.29999999999995
 31
0.0
100
AcDbText
 73
2
  0
LINE
  5
261
330
BE
100
AcDbEntity
 67
1
  8
A-TABLAS
100
AcDbLine
 10
258.0
 20
345.59999999999997
 30
0.0
 11
258.0
 21
340.99999999999994
 31
0.0
  0
TEXT
  5
262
330
BE
100
AcDbEntity
 67
1
  8
A-TEXTO
100
AcDbText
 10
268.0
 20
343.29999999999995
 30
0.0
 40
1.6
  1
AFCI/GFCI
  7
ARIAL
 72
1
 11
268.0
 21
343.29999999999995
 31
0.0
100
AcDbText
 73
2
  0
LINE
  5
263
330
BE
100
AcDbEntity
 67
1
  8
A-TABLAS
100
AcDbLine
 10
35.0
 20
341.0
 30
0.0
 11
278.0
 21
341.0
 31
0.0
  0
TEXT
  5
264
330
BE
100
AcDbEntity
 67
1
  8
A-TEXTO
100
AcDbText
 10
42.0
 20
338.7
 30
0.0
 40
1.6
  1
3
  7
ARIAL
 72
1
 11
42.0
 21
338.7
 31
0.0
100
AcDbText
 73
2
  0
LINE
  5
265
330
BE
100
AcDbEntity
 67
1
  8
A-TABLAS
100
AcDbLine
 10
49.0
 20
341.0
 30
0.0
 11
49.0
 21
336.4
 31
0.0
  0
TEXT
  5
266
330
BE
100
AcDbEntity
 67
1
  8
A-TEXTO
100
AcDbText
 10
50.5
 20
338.7
 30
0.0
 40
1.6
  1
TOMAS GENERALES NIVEL 2
  7
ARIAL
 11
50.5
 21
338.7
 31
0.0
100
AcDbText
 73
2
  0
LINE
  5
267
330
BE
100
AcDbEntity
 67
1
  8
A-TABLAS
100
AcDbLine
 10
119.0
 20
341.0
 30
0.0
 11
119.0
 21
336.4
 31
0.0
  0
TEXT
  5
268
330
BE
100
AcDbEntity
 67
1
  8
A-TEXTO
100
AcDbText
 10
124.5
 20
338.7
 30
0.0
 40
1.6
  1
1
  7
ARIAL
 72
1
 11
124.5
 21
338.7
 31
0.0
100
AcDbText
 73
2
  0
LINE
  5
269
330
BE
100
AcDbEntity
 67
1
  8
A-TABLAS
100
AcDbLine
 10
130.0
 20
341.0
 30
0.0
 11
130.0
 21
336.4
 31
0.0
  0
TEXT
  5
26A
330
BE
100
AcDbEntity
 67
1
  8
A-TEXTO
100
AcDbText
 10
135.5
 20
338.7
 30
0.0
 40
1.6
  1
20
  7
ARIAL
 72
1
 11
135.5
 21
338.7
 31
0.0
100
AcDbText
 73
2
  0
LINE
  5
26B
330
BE
100
AcDbEntity
 67
1
  8
A-TABLAS
100
AcDbLine
 10
141.0
 20
341.0
 30
0.0
 11
141.0
 21
336.4
 31
0.0
  0
TEXT
  5
26C
330
BE
100
AcDbEntity
 67
1
  8
A-TEXTO
100
AcDbText
 10
147.0
 20
338.7
 30
0.0
 40
1.6
  1
12
  7
ARIAL
 72
1
 11
147.0
 21
338.7
 31
0.0
100
AcDbText
 73
2
  0
LINE
  5
26D
330
BE
100
AcDbEntity
 67
1
  8
A-TABLAS
100
AcDbLine
 10
153.0
 20
341.0
 30
0.0
 11
153.0
 21
336.4
 31
0.0
  0
TEXT
  5
26E
330
BE
100
AcDbEntity
 67
1
  8
A-TEXTO
100
AcDbText
 10
159.0
 20
338.7
 30
0.0
 40
1.6
  1
12
  7
ARIAL
 72
1
 11
159.0
 21
338.7
 31
0.0
100
AcDbText
 73
2
  0
LINE
  5
26F
330
BE
100
AcDbEntity
 67
1
  8
A-TABLAS
100
AcDbLine
 10
165.0
 20
341.0
 30
0.0
 11
165.0
 21
336.4
 31
0.0
  0
TEXT
  5
270
330
BE
100
AcDbEntity
 67
1
  8
A-TEXTO
100
AcDbText
 10
171.0
 20
338.7
 30
0.0
 40
1.6
  1
12
  7
ARIAL
 72
1
 11
171.0
 21
338.7
 31
0.0
100
AcDbText
 73
2
  0
LINE
  5
271
330
BE
100
AcDbEntity
 67
1
  8
A-TABLAS
100
AcDbLine
 10
177.0
 20
341.0
 30
0.0
 11
177.0
 21
336.4
 31
0.0
  0
TEXT
  5
272
330
BE
100
AcDbEntity
 67
1
  8
A-TEXTO
100
AcDbText
 10
182.5
 20
338.7
 30
0.0
 40
1.6
  1
15
  7
ARIAL
 72
1
 11
182.5
 21
338.7
 31
0.0
100
AcDbText
 73
2
  0
LINE
  5
273
330
BE
100
AcDbEntity
 67
1
  8
A-TABLAS
100
AcDbLine
 10
188.0
 20
341.0
 30
0.0
 11
188.0
 21
336.4
 31
0.0
  0
TEXT
  5
274
330
BE
100
AcDbEntity
 67
1
  8
A-TEXTO
100
AcDbText
 10
194.0
 20
338.7
 30
0.0
 40
1.6
  1
120
  7
ARIAL
 72
1
 11
194.0
 21
338.7
 31
0.0
100
AcDbText
 73
2
  0
LINE
  5
275
330
BE
100
AcDbEntity
 67
1
  8
A-TABLAS
100
AcDbLine
 10
200.0
 20
341.0
 30
0.0
 11
200.0
 21
336.4
 31
0.0
  0
TEXT
  5
276
330
BE
100
AcDbEntity
 67
1
  8
A-TEXTO
100
AcDbText
 10
208.0
 20
338.7
 30
0.0
 40
1.6
  1
-
  7
ARIAL
 72
1
 11
208.0
 21
338.7
 31
0.0
100
AcDbText
 73
2
  0
LINE
  5
277
330
BE
100
AcDbEntity
 67
1
  8
A-TABLAS
100
AcDbLine
 10
216.0
 20
341.0
 30
0.0
 11
216.0
 21
336.4
 31
0.0
  0
TEXT
  5
278
330
BE
100
AcDbEntity
 67
1
  8
A-TEXTO
100
AcDbText
 10
224.0
 20
338.7
 30
0.0
 40
1.6
  1
500
  7
ARIAL
 72
1
 11
224.0
 21
338.7
 31
0.0
100
AcDbText
 73
2
  0
LINE
  5
279
330
BE
100
AcDbEntity
 67
1
  8
A-TABLAS
100
AcDbLine
 10
232.0
 20
341.0
 30
0.0
 11
232.0
 21
336.4
 31
0.0
  0
TEXT
  5
27A
330
BE
100
AcDbEntity
 67
1
  8
A-TEXTO
100
AcDbText
 10
239.5
 20
338.7
 30
0.0
 40
1.6
  1
0,65
  7
ARIAL
 72
1
 11
239.5
 21
338.7
 31
0.0
100
AcDbText
 73
2
  0
LINE
  5
27B
330
BE
100
AcDbEntity
 67
1
  8
A-TABLAS
100
AcDbLine
 10
247.0
 20
341.0
 30
0.0
 11
247.0
 21
336.4
 31
0.0
  0
TEXT
  5
27C
330
BE
100
AcDbEntity
 67
1
  8
A-TEXTO
100
AcDbText
 10
252.5
 20
338.7
 30
0.0
 40
1.6
  1
13
  7
ARIAL
 72
1
 11
252.5
 21
338.7
 31
0.0
100
AcDbText
 73
2
  0
LINE
  5
27D
330
BE
100
AcDbEntity
 67
1
  8
A-TABLAS
100
AcDbLine
 10
258.0
 20
341.0
 30
0.0
 11
258.0
 21
336.4
 31
0.0
  0
TEXT
  5
27E
330
BE
100
AcDbEntity
 67
1
  8
A-TEXTO
100
AcDbText
 10
268.0
 20
338.7
 30
0.0
 40
1.6
  1
AFCI/GFCI
  7
ARIAL
 72
1
 11
268.0
 21
338.7
 31
0.0
100
AcDbText
 73
2
  0
LINE
  5
27F
330
BE
100
AcDbEntity
 67
1
  8
A-TABLAS
100
AcDbLine
 10
35.0
 20
336.4
 30
0.0
 11
278.0
 21
336.4
 31
0.0
  0
TEXT
  5
280
330
BE
100
AcDbEntity
 67
1
  8
A-TEXTO
100
AcDbText
 10
42.0
 20
334.09999999999997
 30
0.0
 40
1.6
  1
5
  7
ARIAL
 72
1
 11
42.0
 21
334.09999999999997
 31
0.0
100
AcDbText
 73
2
  0
LINE
  5
281
330
BE
100
AcDbEntity
 67
1
  8
A-TABLAS
100
AcDbLine
 10
49.0
 20
336.4
 30
0.0
 11
49.0
 21
331.79999999999995
 31
0.0
  0
TEXT
  5
282
330
BE
100
AcDbEntity
 67
1
  8
A-TEXTO
100
AcDbText
 10
50.5
 20
334.09999999999997
 30
0.0
 40
1.6
  1
TOMAS DE COCINA 1 (GFCI)
  7
ARIAL
 11
50.5
 21
334.09999999999997
 31
0.0
100
AcDbText
 73
2
  0
LINE
  5
283
330
BE
100
AcDbEntity
 67
1
  8
A-TABLAS
100
AcDbLine
 10
119.0
 20
336.4
 30
0.0
 11
119.0
 21
331.79999999999995
 31
0.0
  0
TEXT
  5
284
330
BE
100
AcDbEntity
 67
1
  8
A-TEXTO
100
AcDbText
 10
124.5
 20
334.09999999999997
 30
0.0
 40
1.6
  1
1
  7
ARIAL
 72
1
 11
124.5
 21
334.09999999999997
 31
0.0
100
AcDbText
 73
2
  0
LINE
  5
285
330
BE
100
AcDbEntity
 67
1
  8
A-TABLAS
100
AcDbLine
 10
130.0
 20
336.4
 30
0.0
 11
130.0
 21
331.79999999999995
 31
0.0
  0
TEXT
  5
286
330
BE
100
AcDbEntity
 67
1
  8
A-TEXTO
100
AcDbText
 10
135.5
 20
334.09999999999997
 30
0.0
 40
1.6
  1
20
  7
ARIAL
 72
1
 11
135.5
 21
334.09999999999997
 31
0.0
100
AcDbText
 73
2
  0
LINE
  5
287
330
BE
100
AcDbEntity
 67
1
  8
A-TABLAS
100
AcDbLine
 10
141.0
 20
336.4
 30
0.0
 11
141.0
 21
331.79999999999995
 31
0.0
  0
TEXT
  5
288
330
BE
100
AcDbEntity
 67
1
  8
A-TEXTO
100
AcDbText
 10
147.0
 20
334.09999999999997
 30
0.0
 40
1.6
  1
12
  7
ARIAL
 72
1
 11
147.0
 21
334.09999999999997
 31
0.0
100
AcDbText
 73
2
  0
LINE
  5
289
330
BE
100
AcDbEntity
 67
1
  8
A-TABLAS
100
AcDbLine
 10
153.0
 20
336.4
 30
0.0
 11
153.0
 21
331.79999999999995
 31
0.0
  0
TEXT
  5
28A
330
BE
100
AcDbEntity
 67
1
  8
A-TEXTO
100
AcDbText
 10
159.0
 20
334.09999999999997
 30
0.0
 40
1.6
  1
12
  7
ARIAL
 72
1
 11
159.0
 21
334.09999999999997
 31
0.0
100
AcDbText
 73
2
  0
LINE
  5
28B
330
BE
100
AcDbEntity
 67
1
  8
A-TABLAS
100
AcDbLine
 10
165.0
 20
336.4
 30
0.0
 11
165.0
 21
331.79999999999995
 31
0.0
  0
TEXT
  5
28C
330
BE
100
AcDbEntity
 67
1
  8
A-TEXTO
100
AcDbText
 10
171.0
 20
334.09999999999997
 30
0.0
 40
1.6
  1
12
  7
ARIAL
 72
1
 11
171.0
 21
334.09999999999997
 31
0.0
100
AcDbText
 73
2
  0
LINE
  5
28D
330
BE
100
AcDbEntity
 67
1
  8
A-TABLAS
100
AcDbLine
 10
177.0
 20
336.4
 30
0.0
 11
177.0
 21
331.79999999999995
 31
0.0
  0
TEXT
  5
28E
330
BE
100
AcDbEntity
 67
1
  8
A-TEXTO
100
AcDbText
 10
182.5
 20
334.09999999999997
 30
0.0
 40
1.6
  1
15
  7
ARIAL
 72
1
 11
182.5
 21
334.09999999999997
 31
0.0
100
AcDbText
 73
2
  0
LINE
  5
28F
330
BE
100
AcDbEntity
 67
1
  8
A-TABLAS
100
AcDbLine
 10
188.0
 20
336.4
 30
0.0
 11
188.0
 21
331.79999999999995
 31
0.0
  0
TEXT
  5
290
330
BE
100
AcDbEntity
 67
1
  8
A-TEXTO
100
AcDbText
 10
194.0
 20
334.09999999999997
 30
0.0
 40
1.6
  1
120
  7
ARIAL
 72
1
 11
194.0
 21
334.09999999999997
 31
0.0
100
AcDbText
 73
2
  0
LINE
  5
291
330
BE
100
AcDbEntity
 67
1
  8
A-TABLAS
100
AcDbLine
 10
200.0
 20
336.4
 30
0.0
 11
200.0
 21
331.79999999999995
 31
0.0
  0
TEXT
  5
292
330
BE
100
AcDbEntity
 67
1
  8
A-TEXTO
100
AcDbText
 10
208.0
 20
334.09999999999997
 30
0.0
 40
1.6
  1
1.500
  7
ARIAL
 72
1
 11
208.0
 21
334.09999999999997
 31
0.0
100
AcDbText
 73
2
  0
LINE
  5
293
330
BE
100
AcDbEntity
 67
1
  8
A-TABLAS
100
AcDbLine
 10
216.0
 20
336.4
 30
0.0
 11
216.0
 21
331.79999999999995
 31
0.0
  0
TEXT
  5
294
330
BE
100
AcDbEntity
 67
1
  8
A-TEXTO
100
AcDbText
 10
224.0
 20
334.09999999999997
 30
0.0
 40
1.6
  1
-
  7
ARIAL
 72
1
 11
224.0
 21
334.09999999999997
 31
0.0
100
AcDbText
 73
2
  0
LINE
  5
295
330
BE
100
AcDbEntity
 67
1
  8
A-TABLAS
100
AcDbLine
 10
232.0
 20
336.4
 30
0.0
 11
232.0
 21
331.79999999999995
 31
0.0
  0
TEXT
  5
296
330
BE
100
AcDbEntity
 67
1
  8
A-TEXTO
100
AcDbText
 10
239.5
 20
334.09999999999997
 30
0.0
 40
1.6
  1
1,95
  7
ARIAL
 72
1
 11
239.5
 21
334.09999999999997
 31
0.0
100
AcDbText
 73
2
  0
LINE
  5
297
330
BE
100
AcDbEntity
 67
1
  8
A-TABLAS
100
AcDbLine
 10
247.0
 20
336.4
 30
0.0
 11
247.0
 21
331.79999999999995
 31
0.0
  0
TEXT
  5
298
330
BE
100
AcDbEntity
 67
1
  8
A-TEXTO
100
AcDbText
 10
252.5
 20
334.09999999999997
 30
0.0
 40
1.6
  1
13
  7
ARIAL
 72
1
 11
252.5
 21
334.09999999999997
 31
0.0
100
AcDbText
 73
2
  0
LINE
  5
299
330
BE
100
AcDbEntity
 67
1
  8
A-TABLAS
100
AcDbLine
 10
258.0
 20
336.4
 30
0.0
 11
258.0
 21
331.79999999999995
 31
0.0
  0
TEXT
  5
29A
330
BE
100
AcDbEntity
 67
1
  8
A-TEXTO
100
AcDbText
 10
268.0
 20
334.09999999999997
 30
0.0
 40
1.6
  1
AFCI/GFCI
  7
ARIAL
 72
1
 11
268.0
 21
334.09999999999997
 31
0.0
100
AcDbText
 73
2
  0
LINE
  5
29B
330
BE
100
AcDbEntity
 67
1
  8
A-TABLAS
100
AcDbLine
 10
35.0
 20
331.8
 30
0.0
 11
278.0
 21
331.8
 31
0.0
  0
TEXT
  5
29C
330
BE
100
AcDbEntity
 67
1
  8
A-TEXTO
100
AcDbText
 10
42.0
 20
329.5
 30
0.0
 40
1.6
  1
7
  7
ARIAL
 72
1
 11
42.0
 21
329.5
 31
0.0
100
AcDbText
 73
2
  0
LINE
  5
29D
330
BE
100
AcDbEntity
 67
1
  8
A-TABLAS
100
AcDbLine
 10
49.0
 20
331.8
 30
0.0
 11
49.0
 21
327.2
 31
0.0
  0
TEXT
  5
29E
330
BE
100
AcDbEntity
 67
1
  8
A-TEXTO
100
AcDbText
 10
50.5
 20
329.5
 30
0.0
 40
1.6
  1
TOMAS DE COCINA 2
  7
ARIAL
 11
50.5
 21
329.5
 31
0.0
100
AcDbText
 73
2
  0
LINE
  5
29F
330
BE
100
AcDbEntity
 67
1
  8
A-TABLAS
100
AcDbLine
 10
119.0
 20
331.8
 30
0.0
 11
119.0
 21
327.2
 31
0.0
  0
TEXT
  5
2A0
330
BE
100
AcDbEntity
 67
1
  8
A-TEXTO
100
AcDbText
 10
124.5
 20
329.5
 30
0.0
 40
1.6
  1
1
  7
ARIAL
 72
1
 11
124.5
 21
329.5
 31
0.0
100
AcDbText
 73
2
  0
LINE
  5
2A1
330
BE
100
AcDbEntity
 67
1
  8
A-TABLAS
100
AcDbLine
 10
130.0
 20
331.8
 30
0.0
 11
130.0
 21
327.2
 31
0.0
  0
TEXT
  5
2A2
330
BE
100
AcDbEntity
 67
1
  8
A-TEXTO
100
AcDbText
 10
135.5
 20
329.5
 30
0.0
 40
1.6
  1
20
  7
ARIAL
 72
1
 11
135.5
 21
329.5
 31
0.0
100
AcDbText
 73
2
  0
LINE
  5
2A3
330
BE
100
AcDbEntity
 67
1
  8
A-TABLAS
100
AcDbLine
 10
141.0
 20
331.8
 30
0.0
 11
141.0
 21
327.2
 31
0.0
  0
TEXT
  5
2A4
330
BE
100
AcDbEntity
 67
1
  8
A-TEXTO
100
AcDbText
 10
147.0
 20
329.5
 30
0.0
 40
1.6
  1
12
  7
ARIAL
 72
1
 11
147.0
 21
329.5
 31
0.0
100
AcDbText
 73
2
  0
LINE
  5
2A5
330
BE
100
AcDbEntity
 67
1
  8
A-TABLAS
100
AcDbLine
 10
153.0
 20
331.8
 30
0.0
 11
153.0
 21
327.2
 31
0.0
  0
TEXT
  5
2A6
330
BE
100
AcDbEntity
 67
1
  8
A-TEXTO
100
AcDbText
 10
159.0
 20
329.5
 30
0.0
 40
1.6
  1
12
  7
ARIAL
 72
1
 11
159.0
 21
329.5
 31
0.0
100
AcDbText
 73
2
  0
LINE
  5
2A7
330
BE
100
AcDbEntity
 67
1
  8
A-TABLAS
100
AcDbLine
 10
165.0
 20
331.8
 30
0.0
 11
165.0
 21
327.2
 31
0.0
  0
TEXT
  5
2A8
330
BE
100
AcDbEntity
 67
1
  8
A-TEXTO
100
AcDbText
 10
171.0
 20
329.5
 30
0.0
 40
1.6
  1
12
  7
ARIAL
 72
1
 11
171.0
 21
329.5
 31
0.0
100
AcDbText
 73
2
  0
LINE
  5
2A9
330
BE
100
AcDbEntity
 67
1
  8
A-TABLAS
100
AcDbLine
 10
177.0
 20
331.8
 30
0.0
 11
177.0
 21
327.2
 31
0.0
  0
TEXT
  5
2AA
330
BE
100
AcDbEntity
 67
1
  8
A-TEXTO
100
AcDbText
 10
182.5
 20
329.5
 30
0.0
 40
1.6
  1
15
  7
ARIAL
 72
1
 11
182.5
 21
329.5
 31
0.0
100
AcDbText
 73
2
  0
LINE
  5
2AB
330
BE
100
AcDbEntity
 67
1
  8
A-TABLAS
100
AcDbLine
 10
188.0
 20
331.8
 30
0.0
 11
188.0
 21
327.2
 31
0.0
  0
TEXT
  5
2AC
330
BE
100
AcDbEntity
 67
1
  8
A-TEXTO
100
AcDbText
 10
194.0
 20
329.5
 30
0.0
 40
1.6
  1
120
  7
ARIAL
 72
1
 11
194.0
 21
329.5
 31
0.0
100
AcDbText
 73
2
  0
LINE
  5
2AD
330
BE
100
AcDbEntity
 67
1
  8
A-TABLAS
100
AcDbLine
 10
200.0
 20
331.8
 30
0.0
 11
200.0
 21
327.2
 31
0.0
  0
TEXT
  5
2AE
330
BE
100
AcDbEntity
 67
1
  8
A-TEXTO
100
AcDbText
 10
208.0
 20
329.5
 30
0.0
 40
1.6
  1
-
  7
ARIAL
 72
1
 11
208.0
 21
329.5
 31
0.0
100
AcDbText
 73
2
  0
LINE
  5
2AF
330
BE
100
AcDbEntity
 67
1
  8
A-TABLAS
100
AcDbLine
 10
216.0
 20
331.8
 30
0.0
 11
216.0
 21
327.2
 31
0.0
  0
TEXT
  5
2B0
330
BE
100
AcDbEntity
 67
1
  8
A-TEXTO
100
AcDbText
 10
224.0
 20
329.5
 30
0.0
 40
1.6
  1
1.500
  7
ARIAL
 72
1
 11
224.0
 21
329.5
 31
0.0
100
AcDbText
 73
2
  0
LINE
  5
2B1
330
BE
100
AcDbEntity
 67
1
  8
A-TABLAS
100
AcDbLine
 10
232.0
 20
331.8
 30
0.0
 11
232.0
 21
327.2
 31
0.0
  0
TEXT
  5
2B2
330
BE
100
AcDbEntity
 67
1
  8
A-TEXTO
100
AcDbText
 10
239.5
 20
329.5
 30
0.0
 40
1.6
  1
1,95
  7
ARIAL
 72
1
 11
239.5
 21
329.5
 31
0.0
100
AcDbText
 73
2
  0
LINE
  5
2B3
330
BE
100
AcDbEntity
 67
1
  8
A-TABLAS
100
AcDbLine
 10
247.0
 20
331.8
 30
0.0
 11
247.0
 21
327.2
 31
0.0
  0
TEXT
  5
2B4
330
BE
100
AcDbEntity
 67
1
  8
A-TEXTO
100
AcDbText
 10
252.5
 20
329.5
 30
0.0
 40
1.6
  1
13
  7
ARIAL
 72
1
 11
252.5
 21
329.5
 31
0.0
100
AcDbText
 73
2
  0
LINE
  5
2B5
330
BE
100
AcDbEntity
 67
1
  8
A-TABLAS
100
AcDbLine
 10
258.0
 20
331.8
 30
0.0
 11
258.0
 21
327.2
 31
0.0
  0
TEXT
  5
2B6
330
BE
100
AcDbEntity
 67
1
  8
A-TEXTO
100
AcDbText
 10
268.0
 20
329.5
 30
0.0
 40
1.6
  1
AFCI/GFCI
  7
ARIAL
 72
1
 11
268.0
 21
329.5
 31
0.0
100
AcDbText
 73
2
  0
LINE
  5
2B7
330
BE
100
AcDbEntity
 67
1
  8
A-TABLAS
100
AcDbLine
 10
35.0
 20
327.2
 30
0.0
 11
278.0
 21
327.2
 31
0.0
  0
TEXT
  5
2B8
330
BE
100
AcDbEntity
 67
1
  8
A-TEXTO
100
AcDbText
 10
42.0
 20
324.9
 30
0.0
 40
1.6
  1
9
  7
ARIAL
 72
1
 11
42.0
 21
324.9
 31
0.0
100
AcDbText
 73
2
  0
LINE
  5
2B9
330
BE
100
AcDbEntity
 67
1
  8
A-TABLAS
100
AcDbLine
 10
49.0
 20
327.2
 30
0.0
 11
49.0
 21
322.59999999999997
 31
0.0
  0
TEXT
  5
2BA
330
BE
100
AcDbEntity
 67
1
  8
A-TEXTO
100
AcDbText
 10
50.5
 20
324.9
 30
0.0
 40
1.6
  1
TOMAS DE BAÑO (GFCI)
  7
ARIAL
 11
50.5
 21
324.9
 31
0.0
100
AcDbText
 73
2
  0
LINE
  5
2BB
330
BE
100
AcDbEntity
 67
1
  8
A-TABLAS
100
AcDbLine
 10
119.0
 20
327.2
 30
0.0
 11
119.0
 21
322.59999999999997
 31
0.0
  0
TEXT
  5
2BC
330
BE
100
AcDbEntity
 67
1
  8
A-TEXTO
100
AcDbText
 10
124.5
 20
324.9
 30
0.0
 40
1.6
  1
1
  7
ARIAL
 72
1
 11
124.5
 21
324.9
 31
0.0
100
AcDbText
 73
2
  0
LINE
  5
2BD
330
BE
100
AcDbEntity
 67
1
  8
A-TABLAS
100
AcDbLine
 10
130.0
 20
327.2
 30
0.0
 11
130.0
 21
322.59999999999997
 31
0.0
  0
TEXT
  5
2BE
330
BE
100
AcDbEntity
 67
1
  8
A-TEXTO
100
AcDbText
 10
135.5
 20
324.9
 30
0.0
 40
1.6
  1
20
  7
ARIAL
 72
1
 11
135.5
 21
324.9
 31
0.0
100
AcDbText
 73
2
  0
LINE
  5
2BF
330
BE
100
AcDbEntity
 67
1
  8
A-TABLAS
100
AcDbLine
 10
141.0
 20
327.2
 30
0.0
 11
141.0
 21
322.59999999999997
 31
0.0
  0
TEXT
  5
2C0
330
BE
100
AcDbEntity
 67
1
  8
A-TEXTO
100
AcDbText
 10
147.0
 20
324.9
 30
0.0
 40
1.6
  1
12
  7
ARIAL
 72
1
 11
147.0
 21
324.9
 31
0.0
100
AcDbText
 73
2
  0
LINE
  5
2C1
330
BE
100
AcDbEntity
 67
1
  8
A-TABLAS
100
AcDbLine
 10
153.0
 20
327.2
 30
0.0
 11
153.0
 21
322.59999999999997
 31
0.0
  0
TEXT
  5
2C2
330
BE
100
AcDbEntity
 67
1
  8
A-TEXTO
100
AcDbText
 10
159.0
 20
324.9
 30
0.0
 40
1.6
  1
12
  7
ARIAL
 72
1
 11
159.0
 21
324.9
 31
0.0
100
AcDbText
 73
2
  0
LINE
  5
2C3
330
BE
100
AcDbEntity
 67
1
  8
A-TABLAS
100
AcDbLine
 10
165.0
 20
327.2
 30
0.0
 11
165.0
 21
322.59999999999997
 31
0.0
  0
TEXT
  5
2C4
330
BE
100
AcDbEntity
 67
1
  8
A-TEXTO
100
AcDbText
 10
171.0
 20
324.9
 30
0.0
 40
1.6
  1
12
  7
ARIAL
 72
1
 11
171.0
 21
324.9
 31
0.0
100
AcDbText
 73
2
  0
LINE
  5
2C5
330
BE
100
AcDbEntity
 67
1
  8
A-TABLAS
100
AcDbLine
 10
177.0
 20
327.2
 30
0.0
 11
177.0
 21
322.59999999999997
 31
0.0
  0
TEXT
  5
2C6
330
BE
100
AcDbEntity
 67
1
  8
A-TEXTO
100
AcDbText
 10
182.5
 20
324.9
 30
0.0
 40
1.6
  1
15
  7
ARIAL
 72
1
 11
182.5
 21
324.9
 31
0.0
100
AcDbText
 73
2
  0
LINE
  5
2C7
330
BE
100
AcDbEntity
 67
1
  8
A-TABLAS
100
AcDbLine
 10
188.0
 20
327.2
 30
0.0
 11
188.0
 21
322.59999999999997
 31
0.0
  0
TEXT
  5
2C8
330
BE
100
AcDbEntity
 67
1
  8
A-TEXTO
100
AcDbText
 10
194.0
 20
324.9
 30
0.0
 40
1.6
  1
120
  7
ARIAL
 72
1
 11
194.0
 21
324.9
 31
0.0
100
AcDbText
 73
2
  0
LINE
  5
2C9
330
BE
100
AcDbEntity
 67
1
  8
A-TABLAS
100
AcDbLine
 10
200.0
 20
327.2
 30
0.0
 11
200.0
 21
322.59999999999997
 31
0.0
  0
TEXT
  5
2CA
330
BE
100
AcDbEntity
 67
1
  8
A-TEXTO
100
AcDbText
 10
208.0
 20
324.9
 30
0.0
 40
1.6
  1
500
  7
ARIAL
 72
1
 11
208.0
 21
324.9
 31
0.0
100
AcDbText
 73
2
  0
LINE
  5
2CB
330
BE
100
AcDbEntity
 67
1
  8
A-TABLAS
100
AcDbLine
 10
216.0
 20
327.2
 30
0.0
 11
216.0
 21
322.59999999999997
 31
0.0
  0
TEXT
  5
2CC
330
BE
100
AcDbEntity
 67
1
  8
A-TEXTO
100
AcDbText
 10
224.0
 20
324.9
 30
0.0
 40
1.6
  1
-
  7
ARIAL
 72
1
 11
224.0
 21
324.9
 31
0.0
100
AcDbText
 73
2
  0
LINE
  5
2CD
330
BE
100
AcDbEntity
 67
1
  8
A-TABLAS
100
AcDbLine
 10
232.0
 20
327.2
 30
0.0
 11
232.0
 21
322.59999999999997
 31
0.0
  0
TEXT
  5
2CE
330
BE
100
AcDbEntity
 67
1
  8
A-TEXTO
100
AcDbText
 10
239.5
 20
324.9
 30
0.0
 40
1.6
  1
0,65
  7
ARIAL
 72
1
 11
239.5
 21
324.9
 31
0.0
100
AcDbText
 73
2
  0
LINE
  5
2CF
330
BE
100
AcDbEntity
 67
1
  8
A-TABLAS
100
AcDbLine
 10
247.0
 20
327.2
 30
0.0
 11
247.0
 21
322.59999999999997
 31
0.0
  0
TEXT
  5
2D0
330
BE
100
AcDbEntity
 67
1
  8
A-TEXTO
100
AcDbText
 10
252.5
 20
324.9
 30
0.0
 40
1.6
  1
13
  7
ARIAL
 72
1
 11
252.5
 21
324.9
 31
0.0
100
AcDbText
 73
2
  0
LINE
  5
2D1
330
BE
100
AcDbEntity
 67
1
  8
A-TABLAS
100
AcDbLine
 10
258.0
 20
327.2
 30
0.0
 11
258.0
 21
322.59999999999997
 31
0.0
  0
TEXT
  5
2D2
330
BE
100
AcDbEntity
 67
1
  8
A-TEXTO
100
AcDbText
 10
268.0
 20
324.9
 30
0.0
 40
1.6
  1
AFCI/GFCI
  7
ARIAL
 72
1
 11
268.0
 21
324.9
 31
0.0
100
AcDbText
 73
2
  0
LINE
  5
2D3
330
BE
100
AcDbEntity
 67
1
  8
A-TABLAS
100
AcDbLine
 10
35.0
 20
322.59999999999997
 30
0.0
 11
278.0
 21
322.59999999999997
 31
0.0
  0
TEXT
  5
2D4
330
BE
100
AcDbEntity
 67
1
  8
A-TEXTO
100
AcDbText
 10
42.0
 20
320.29999999999995
 30
0.0
 40
1.6
  1
11/13
  7
ARIAL
 72
1
 11
42.0
 21
320.29999999999995
 31
0.0
100
AcDbText
 73
2
  0
LINE
  5
2D5
330
BE
100
AcDbEntity
 67
1
  8
A-TABLAS
100
AcDbLine
 10
49.0
 20
322.59999999999997
 30
0.0
 11
49.0
 21
317.99999999999994
 31
0.0
  0
TEXT
  5
2D6
330
BE
100
AcDbEntity
 67
1
  8
A-TEXTO
100
AcDbText
 10
50.5
 20
320.29999999999995
 30
0.0
 40
1.6
  1
COCINA ELÉCTRICA
  7
ARIAL
 11
50.5
 21
320.29999999999995
 31
0.0
100
AcDbText
 73
2
  0
LINE
  5
2D7
330
BE
100
AcDbEntity
 67
1
  8
A-TABLAS
100
AcDbLine
 10
119.0
 20
322.59999999999997
 30
0.0
 11
119.0
 21
317.99999999999994
 31
0.0
  0
TEXT
  5
2D8
330
BE
100
AcDbEntity
 67
1
  8
A-TEXTO
100
AcDbText
 10
124.5
 20
320.29999999999995
 30
0.0
 40
1.6
  1
2
  7
ARIAL
 72
1
 11
124.5
 21
320.29999999999995
 31
0.0
100
AcDbText
 73
2
  0
LINE
  5
2D9
330
BE
100
AcDbEntity
 67
1
  8
A-TABLAS
100
AcDbLine
 10
130.0
 20
322.59999999999997
 30
0.0
 11
130.0
 21
317.99999999999994
 31
0.0
  0
TEXT
  5
2DA
330
BE
100
AcDbEntity
 67
1
  8
A-TEXTO
100
AcDbText
 10
135.5
 20
320.29999999999995
 30
0.0
 40
1.6
  1
40
  7
ARIAL
 72
1
 11
135.5
 21
320.29999999999995
 31
0.0
100
AcDbText
 73
2
  0
LINE
  5
2DB
330
BE
100
AcDbEntity
 67
1
  8
A-TABLAS
100
AcDbLine
 10
141.0
 20
322.59999999999997
 30
0.0
 11
141.0
 21
317.99999999999994
 31
0.0
  0
TEXT
  5
2DC
330
BE
100
AcDbEntity
 67
1
  8
A-TEXTO
100
AcDbText
 10
147.0
 20
320.29999999999995
 30
0.0
 40
1.6
  1
8
  7
ARIAL
 72
1
 11
147.0
 21
320.29999999999995
 31
0.0
100
AcDbText
 73
2
  0
LINE
  5
2DD
330
BE
100
AcDbEntity
 67
1
  8
A-TABLAS
100
AcDbLine
 10
153.0
 20
322.59999999999997
 30
0.0
 11
153.0
 21
317.99999999999994
 31
0.0
  0
TEXT
  5
2DE
330
BE
100
AcDbEntity
 67
1
  8
A-TEXTO
100
AcDbText
 10
159.0
 20
320.29999999999995
 30
0.0
 40
1.6
  1
8
  7
ARIAL
 72
1
 11
159.0
 21
320.29999999999995
 31
0.0
100
AcDbText
 73
2
  0
LINE
  5
2DF
330
BE
100
AcDbEntity
 67
1
  8
A-TABLAS
100
AcDbLine
 10
165.0
 20
322.59999999999997
 30
0.0
 11
165.0
 21
317.99999999999994
 31
0.0
  0
TEXT
  5
2E0
330
BE
100
AcDbEntity
 67
1
  8
A-TEXTO
100
AcDbText
 10
171.0
 20
320.29999999999995
 30
0.0
 40
1.6
  1
10
  7
ARIAL
 72
1
 11
171.0
 21
320.29999999999995
 31
0.0
100
AcDbText
 73
2
  0
LINE
  5
2E1
330
BE
100
AcDbEntity
 67
1
  8
A-TABLAS
100
AcDbLine
 10
177.0
 20
322.59999999999997
 30
0.0
 11
177.0
 21
317.99999999999994
 31
0.0
  0
TEXT
  5
2E2
330
BE
100
AcDbEntity
 67
1
  8
A-TEXTO
100
AcDbText
 10
182.5
 20
320.29999999999995
 30
0.0
 40
1.6
  1
15
  7
ARIAL
 72
1
 11
182.5
 21
320.29999999999995
 31
0.0
100
AcDbText
 73
2
  0
LINE
  5
2E3
330
BE
100
AcDbEntity
 67
1
  8
A-TABLAS
100
AcDbLine
 10
188.0
 20
322.59999999999997
 30
0.0
 11
188.0
 21
317.99999999999994
 31
0.0
  0
TEXT
  5
2E4
330
BE
100
AcDbEntity
 67
1
  8
A-TEXTO
100
AcDbText
 10
194.0
 20
320.29999999999995
 30
0.0
 40
1.6
  1
240
  7
ARIAL
 72
1
 11
194.0
 21
320.29999999999995
 31
0.0
100
AcDbText
 73
2
  0
LINE
  5
2E5
330
BE
100
AcDbEntity
 67
1
  8
A-TABLAS
100
AcDbLine
 10
200.0
 20
322.59999999999997
 30
0.0
 11
200.0
 21
317.99999999999994
 31
0.0
  0
TEXT
  5
2E6
330
BE
100
AcDbEntity
 67
1
  8
A-TEXTO
100
AcDbText
 10
208.0
 20
320.29999999999995
 30
0.0
 40
1.6
  1
4.000
  7
ARIAL
 72
1
 11
208.0
 21
320.29999999999995
 31
0.0
100
AcDbText
 73
2
  0
LINE
  5
2E7
330
BE
100
AcDbEntity
 67
1
  8
A-TABLAS
100
AcDbLine
 10
216.0
 20
322.59999999999997
 30
0.0
 11
216.0
 21
317.99999999999994
 31
0.0
  0
TEXT
  5
2E8
330
BE
100
AcDbEntity
 67
1
  8
A-TEXTO
100
AcDbText
 10
224.0
 20
320.29999999999995
 30
0.0
 40
1.6
  1
4.000
  7
ARIAL
 72
1
 11
224.0
 21
320.29999999999995
 31
0.0
100
AcDbText
 73
2
  0
LINE
  5
2E9
330
BE
100
AcDbEntity
 67
1
  8
A-TABLAS
100
AcDbLine
 10
232.0
 20
322.59999999999997
 30
0.0
 11
232.0
 21
317.99999999999994
 31
0.0
  0
TEXT
  5
2EA
330
BE
100
AcDbEntity
 67
1
  8
A-TEXTO
100
AcDbText
 10
239.5
 20
320.29999999999995
 30
0.0
 40
1.6
  1
1,00
  7
ARIAL
 72
1
 11
239.5
 21
320.29999999999995
 31
0.0
100
AcDbText
 73
2
  0
LINE
  5
2EB
330
BE
100
AcDbEntity
 67
1
  8
A-TABLAS
100
AcDbLine
 10
247.0
 20
322.59999999999997
 30
0.0
 11
247.0
 21
317.99999999999994
 31
0.0
  0
TEXT
  5
2EC
330
BE
100
AcDbEntity
 67
1
  8
A-TEXTO
100
AcDbText
 10
252.5
 20
320.29999999999995
 30
0.0
 40
1.6
  1
19
  7
ARIAL
 72
1
 11
252.5
 21
320.29999999999995
 31
0.0
100
AcDbText
 73
2
  0
LINE
  5
2ED
330
BE
100
AcDbEntity
 67
1
  8
A-TABLAS
100
AcDbLine
 10
258.0
 20
322.59999999999997
 30
0.0
 11
258.0
 21
317.99999999999994
 31
0.0
  0
TEXT
  5
2EE
330
BE
100
AcDbEntity
 67
1
  8
A-TEXTO
100
AcDbText
 10
268.0
 20
320.29999999999995
 30
0.0
 40
1.6
  1
CH
  7
ARIAL
 72
1
 11
268.0
 21
320.29999999999995
 31
0.0
100
AcDbText
 73
2
  0
LINE
  5
2EF
330
BE
100
AcDbEntity
 67
1
  8
A-TABLAS
100
AcDbLine
 10
35.0
 20
318.0
 30
0.0
 11
278.0
 21
318.0
 31
0.0
  0
TEXT
  5
2F0
330
BE
100
AcDbEntity
 67
1
  8
A-TEXTO
100
AcDbText
 10
42.0
 20
315.7
 30
0.0
 40
1.6
  1
15/17
  7
ARIAL
 72
1
 11
42.0
 21
315.7
 31
0.0
100
AcDbText
 73
2
  0
LINE
  5
2F1
330
BE
100
AcDbEntity
 67
1
  8
A-TABLAS
100
AcDbLine
 10
49.0
 20
318.0
 30
0.0
 11
49.0
 21
313.4
 31
0.0
  0
TEXT
  5
2F2
330
BE
100
AcDbEntity
 67
1
  8
A-TEXTO
100
AcDbText
 10
50.5
 20
315.7
 30
0.0
 40
1.6
  1
CALENTADOR DE PASO BAÑO SUITE 1
  7
ARIAL
 11
50.5
 21
315.7
 31
0.0
100
AcDbText
 73
2
  0
LINE
  5
2F3
330
BE
100
AcDbEntity
 67
1
  8
A-TABLAS
100
AcDbLine
 10
119.0
 20
318.0
 30
0.0
 11
119.0
 21
313.4
 31
0.0
  0
TEXT
  5
2F4
330
BE
100
AcDbEntity
 67
1
  8
A-TEXTO
100
AcDbText
 10
124.5
 20
315.7
 30
0.0
 40
1.6
  1
2
  7
ARIAL
 72
1
 11
124.5
 21
315.7
 31
0.0
100
AcDbText
 73
2
  0
LINE
  5
2F5
330
BE
100
AcDbEntity
 67
1
  8
A-TABLAS
100
AcDbLine
 10
130.0
 20
318.0
 30
0.0
 11
130.0
 21
313.4
 31
0.0
  0
TEXT
  5
2F6
330
BE
100
AcDbEntity
 67
1
  8
A-TEXTO
100
AcDbText
 10
135.5
 20
315.7
 30
0.0
 40
1.6
  1
40
  7
ARIAL
 72
1
 11
135.5
 21
315.7
 31
0.0
100
AcDbText
 73
2
  0
LINE
  5
2F7
330
BE
100
AcDbEntity
 67
1
  8
A-TABLAS
100
AcDbLine
 10
141.0
 20
318.0
 30
0.0
 11
141.0
 21
313.4
 31
0.0
  0
TEXT
  5
2F8
330
BE
100
AcDbEntity
 67
1
  8
A-TEXTO
100
AcDbText
 10
147.0
 20
315.7
 30
0.0
 40
1.6
  1
10
  7
ARIAL
 72
1
 11
147.0
 21
315.7
 31
0.0
100
AcDbText
 73
2
  0
LINE
  5
2F9
330
BE
100
AcDbEntity
 67
1
  8
A-TABLAS
100
AcDbLine
 10
153.0
 20
318.0
 30
0.0
 11
153.0
 21
313.4
 31
0.0
  0
TEXT
  5
2FA
330
BE
100
AcDbEntity
 67
1
  8
A-TEXTO
100
AcDbText
 10
159.0
 20
315.7
 30
0.0
 40
1.6
  1
-
  7
ARIAL
 72
1
 11
159.0
 21
315.7
 31
0.0
100
AcDbText
 73
2
  0
LINE
  5
2FB
330
BE
100
AcDbEntity
 67
1
  8
A-TABLAS
100
AcDbLine
 10
165.0
 20
318.0
 30
0.0
 11
165.0
 21
313.4
 31
0.0
  0
TEXT
  5
2FC
330
BE
100
AcDbEntity
 67
1
  8
A-TEXTO
100
AcDbText
 10
171.0
 20
315.7
 30
0.0
 40
1.6
  1
8
  7
ARIAL
 72
1
 11
171.0
 21
315.7
 31
0.0
100
AcDbText
 73
2
  0
LINE
  5
2FD
330
BE
100
AcDbEntity
 67
1
  8
A-TABLAS
100
AcDbLine
 10
177.0
 20
318.0
 30
0.0
 11
177.0
 21
313.4
 31
0.0
  0
TEXT
  5
2FE
330
BE
100
AcDbEntity
 67
1
  8
A-TEXTO
100
AcDbText
 10
182.5
 20
315.7
 30
0.0
 40
1.6
  1
15
  7
ARIAL
 72
1
 11
182.5
 21
315.7
 31
0.0
100
AcDbText
 73
2
  0
LINE
  5
2FF
330
BE
100
AcDbEntity
 67
1
  8
A-TABLAS
100
AcDbLine
 10
188.0
 20
318.0
 30
0.0
 11
188.0
 21
313.4
 31
0.0
  0
TEXT
  5
300
330
BE
100
AcDbEntity
 67
1
  8
A-TEXTO
100
AcDbText
 10
194.0
 20
315.7
 30
0.0
 40
1.6
  1
240
  7
ARIAL
 72
1
 11
194.0
 21
315.7
 31
0.0
100
AcDbText
 73
2
  0
LINE
  5
301
330
BE
100
AcDbEntity
 67
1
  8
A-TABLAS
100
AcDbLine
 10
200.0
 20
318.0
 30
0.0
 11
200.0
 21
313.4
 31
0.0
  0
TEXT
  5
302
330
BE
100
AcDbEntity
 67
1
  8
A-TEXTO
100
AcDbText
 10
208.0
 20
315.7
 30
0.0
 40
1.6
  1
3.000
  7
ARIAL
 72
1
 11
208.0
 21
315.7
 31
0.0
100
AcDbText
 73
2
  0
LINE
  5
303
330
BE
100
AcDbEntity
 67
1
  8
A-TABLAS
100
AcDbLine
 10
216.0
 20
318.0
 30
0.0
 11
216.0
 21
313.4
 31
0.0
  0
TEXT
  5
304
330
BE
100
AcDbEntity
 67
1
  8
A-TEXTO
100
AcDbText
 10
224.0
 20
315.7
 30
0.0
 40
1.6
  1
3.000
  7
ARIAL
 72
1
 11
224.0
 21
315.7
 31
0.0
100
AcDbText
 73
2
  0
LINE
  5
305
330
BE
100
AcDbEntity
 67
1
  8
A-TABLAS
100
AcDbLine
 10
232.0
 20
318.0
 30
0.0
 11
232.0
 21
313.4
 31
0.0
  0
TEXT
  5
306
330
BE
100
AcDbEntity
 67
1
  8
A-TEXTO
100
AcDbText
 10
239.5
 20
315.7
 30
0.0
 40
1.6
  1
1,19
  7
ARIAL
 72
1
 11
239.5
 21
315.7
 31
0.0
100
AcDbText
 73
2
  0
LINE
  5
307
330
BE
100
AcDbEntity
 67
1
  8
A-TABLAS
100
AcDbLine
 10
247.0
 20
318.0
 30
0.0
 11
247.0
 21
313.4
 31
0.0
  0
TEXT
  5
308
330
BE
100
AcDbEntity
 67
1
  8
A-TEXTO
100
AcDbText
 10
252.5
 20
315.7
 30
0.0
 40
1.6
  1
19
  7
ARIAL
 72
1
 11
252.5
 21
315.7
 31
0.0
100
AcDbText
 73
2
  0
LINE
  5
309
330
BE
100
AcDbEntity
 67
1
  8
A-TABLAS
100
AcDbLine
 10
258.0
 20
318.0
 30
0.0
 11
258.0
 21
313.4
 31
0.0
  0
TEXT
  5
30A
330
BE
100
AcDbEntity
 67
1
  8
A-TEXTO
100
AcDbText
 10
268.0
 20
315.7
 30
0.0
 40
1.6
  1
CH
  7
ARIAL
 72
1
 11
268.0
 21
315.7
 31
0.0
100
AcDbText
 73
2
  0
LINE
  5
30B
330
BE
100
AcDbEntity
 67
1
  8
A-TABLAS
100
AcDbLine
 10
35.0
 20
313.4
 30
0.0
 11
278.0
 21
313.4
 31
0.0
  0
TEXT
  5
30C
330
BE
100
AcDbEntity
 67
1
  8
A-TEXTO
100
AcDbText
 10
42.0
 20
311.09999999999997
 30
0.0
 40
1.6
  1
19/21
  7
ARIAL
 72
1
 11
42.0
 21
311.09999999999997
 31
0.0
100
AcDbText
 73
2
  0
LINE
  5
30D
330
BE
100
AcDbEntity
 67
1
  8
A-TABLAS
100
AcDbLine
 10
49.0
 20
313.4
 30
0.0
 11
49.0
 21
308.79999999999995
 31
0.0
  0
TEXT
  5
30E
330
BE
100
AcDbEntity
 67
1
  8
A-TEXTO
100
AcDbText
 10
50.5
 20
311.09999999999997
 30
0.0
 40
1.6
  1
SPD
  7
ARIAL
 11
50.5
 21
311.09999999999997
 31
0.0
100
AcDbText
 73
2
  0
LINE
  5
30F
330
BE
100
AcDbEntity
 67
1
  8
A-TABLAS
100
AcDbLine
 10
119.0
 20
313.4
 30
0.0
 11
119.0
 21
308.79999999999995
 31
0.0
  0
TEXT
  5
310
330
BE
100
AcDbEntity
 67
1
  8
A-TEXTO
100
AcDbText
 10
124.5
 20
311.09999999999997
 30
0.0
 40
1.6
  1
2
  7
ARIAL
 72
1
 11
124.5
 21
311.09999999999997
 31
0.0
100
AcDbText
 73
2
  0
LINE
  5
311
330
BE
100
AcDbEntity
 67
1
  8
A-TABLAS
100
AcDbLine
 10
130.0
 20
313.4
 30
0.0
 11
130.0
 21
308.79999999999995
 31
0.0
  0
TEXT
  5
312
330
BE
100
AcDbEntity
 67
1
  8
A-TEXTO
100
AcDbText
 10
135.5
 20
311.09999999999997
 30
0.0
 40
1.6
  1
50
  7
ARIAL
 72
1
 11
135.5
 21
311.09999999999997
 31
0.0
100
AcDbText
 73
2
  0
LINE
  5
313
330
BE
100
AcDbEntity
 67
1
  8
A-TABLAS
100
AcDbLine
 10
141.0
 20
313.4
 30
0.0
 11
141.0
 21
308.79999999999995
 31
0.0
  0
TEXT
  5
314
330
BE
100
AcDbEntity
 67
1
  8
A-TEXTO
100
AcDbText
 10
147.0
 20
311.09999999999997
 30
0.0
 40
1.6
  1
8
  7
ARIAL
 72
1
 11
147.0
 21
311.09999999999997
 31
0.0
100
AcDbText
 73
2
  0
LINE
  5
315
330
BE
100
AcDbEntity
 67
1
  8
A-TABLAS
100
AcDbLine
 10
153.0
 20
313.4
 30
0.0
 11
153.0
 21
308.79999999999995
 31
0.0
  0
TEXT
  5
316
330
BE
100
AcDbEntity
 67
1
  8
A-TEXTO
100
AcDbText
 10
159.0
 20
311.09999999999997
 30
0.0
 40
1.6
  1
8
  7
ARIAL
 72
1
 11
159.0
 21
311.09999999999997
 31
0.0
100
AcDbText
 73
2
  0
LINE
  5
317
330
BE
100
AcDbEntity
 67
1
  8
A-TABLAS
100
AcDbLine
 10
165.0
 20
313.4
 30
0.0
 11
165.0
 21
308.79999999999995
 31
0.0
  0
TEXT
  5
318
330
BE
100
AcDbEntity
 67
1
  8
A-TEXTO
100
AcDbText
 10
171.0
 20
311.09999999999997
 30
0.0
 40
1.6
  1
8
  7
ARIAL
 72
1
 11
171.0
 21
311.09999999999997
 31
0.0
100
AcDbText
 73
2
  0
LINE
  5
319
330
BE
100
AcDbEntity
 67
1
  8
A-TABLAS
100
AcDbLine
 10
177.0
 20
313.4
 30
0.0
 11
177.0
 21
308.79999999999995
 31
0.0
  0
TEXT
  5
31A
330
BE
100
AcDbEntity
 67
1
  8
A-TEXTO
100
AcDbText
 10
182.5
 20
311.09999999999997
 30
0.0
 40
1.6
  1
0,5
  7
ARIAL
 72
1
 11
182.5
 21
311.09999999999997
 31
0.0
100
AcDbText
 73
2
  0
LINE
  5
31B
330
BE
100
AcDbEntity
 67
1
  8
A-TABLAS
100
AcDbLine
 10
188.0
 20
313.4
 30
0.0
 11
188.0
 21
308.79999999999995
 31
0.0
  0
TEXT
  5
31C
330
BE
100
AcDbEntity
 67
1
  8
A-TEXTO
100
AcDbText
 10
194.0
 20
311.09999999999997
 30
0.0
 40
1.6
  1
240
  7
ARIAL
 72
1
 11
194.0
 21
311.09999999999997
 31
0.0
100
AcDbText
 73
2
  0
LINE
  5
31D
330
BE
100
AcDbEntity
 67
1
  8
A-TABLAS
100
AcDbLine
 10
200.0
 20
313.4
 30
0.0
 11
200.0
 21
308.79999999999995
 31
0.0
  0
TEXT
  5
31E
330
BE
100
AcDbEntity
 67
1
  8
A-TEXTO
100
AcDbText
 10
208.0
 20
311.09999999999997
 30
0.0
 40
1.6
  1
-
  7
ARIAL
 72
1
 11
208.0
 21
311.09999999999997
 31
0.0
100
AcDbText
 73
2
  0
LINE
  5
31F
330
BE
100
AcDbEntity
 67
1
  8
A-TABLAS
100
AcDbLine
 10
216.0
 20
313.4
 30
0.0
 11
216.0
 21
308.79999999999995
 31
0.0
  0
TEXT
  5
320
330
BE
100
AcDbEntity
 67
1
  8
A-TEXTO
100
AcDbText
 10
224.0
 20
311.09999999999997
 30
0.0
 40
1.6
  1
-
  7
ARIAL
 72
1
 11
224.0
 21
311.09999999999997
 31
0.0
100
AcDbText
 73
2
  0
LINE
  5
321
330
BE
100
AcDbEntity
 67
1
  8
A-TABLAS
100
AcDbLine
 10
232.0
 20
313.4
 30
0.0
 11
232.0
 21
308.79999999999995
 31
0.0
  0
TEXT
  5
322
330
BE
100
AcDbEntity
 67
1
  8
A-TEXTO
100
AcDbText
 10
239.5
 20
311.09999999999997
 30
0.0
 40
1.6
  1
-
  7
ARIAL
 72
1
 11
239.5
 21
311.09999999999997
 31
0.0
100
AcDbText
 73
2
  0
LINE
  5
323
330
BE
100
AcDbEntity
 67
1
  8
A-TABLAS
100
AcDbLine
 10
247.0
 20
313.4
 30
0.0
 11
247.0
 21
308.79999999999995
 31
0.0
  0
TEXT
  5
324
330
BE
100
AcDbEntity
 67
1
  8
A-TEXTO
100
AcDbText
 10
252.5
 20
311.09999999999997
 30
0.0
 40
1.6
  1
19
  7
ARIAL
 72
1
 11
252.5
 21
311.09999999999997
 31
0.0
100
AcDbText
 73
2
  0
LINE
  5
325
330
BE
100
AcDbEntity
 67
1
  8
A-TABLAS
100
AcDbLine
 10
258.0
 20
313.4
 30
0.0
 11
258.0
 21
308.79999999999995
 31
0.0
  0
TEXT
  5
326
330
BE
100
AcDbEntity
 67
1
  8
A-TEXTO
100
AcDbText
 10
268.0
 20
311.09999999999997
 30
0.0
 40
1.6
  1
CH
  7
ARIAL
 72
1
 11
268.0
 21
311.09999999999997
 31
0.0
100
AcDbText
 73
2
  0
LINE
  5
327
330
BE
100
AcDbEntity
 67
1
  8
A-TABLAS
100
AcDbLine
 10
35.0
 20
308.8
 30
0.0
 11
278.0
 21
308.8
 31
0.0
  0
LINE
  5
328
330
BE
100
AcDbEntity
 67
1
  8
A-TABLAS
100
AcDbLine
 10
49.0
 20
308.8
 30
0.0
 11
49.0
 21
304.2
 31
0.0
  0
TEXT
  5
329
330
BE
100
AcDbEntity
 67
1
  8
A-TEXTO
100
AcDbText
 10
50.5
 20
306.5
 30
0.0
 40
1.6
  1
TOTAL POR FASE (VA)
  7
ARIAL
 11
50.5
 21
306.5
 31
0.0
100
AcDbText
 73
2
  0
LINE
  5
32A
330
BE
100
AcDbEntity
 67
1
  8
A-TABLAS
100
AcDbLine
 10
200.0
 20
308.8
 30
0.0
 11
200.0
 21
304.2
 31
0.0
  0
TEXT
  5
32B
330
BE
100
AcDbEntity
 67
1
  8
A-TEXTO
100
AcDbText
 10
208.0
 20
306.5
 30
0.0
 40
1.6
  1
9.500
  7
ARIAL
 72
1
 11
208.0
 21
306.5
 31
0.0
100
AcDbText
 73
2
  0
LINE
  5
32C
330
BE
100
AcDbEntity
 67
1
  8
A-TABLAS
100
AcDbLine
 10
216.0
 20
308.8
 30
0.0
 11
216.0
 21
304.2
 31
0.0
  0
TEXT
  5
32D
330
BE
100
AcDbEntity
 67
1
  8
A-TEXTO
100
AcDbText
 10
224.0
 20
306.5
 30
0.0
 40
1.6
  1
9.000
  7
ARIAL
 72
1
 11
224.0
 21
306.5
 31
0.0
100
AcDbText
 73
2
  0
LINE
  5
32E
330
BE
100
AcDbEntity
 67
1
  8
A-TABLAS
100
AcDbLine
 10
232.0
 20
308.8
 30
0.0
 11
232.0
 21
304.2
 31
0.0
  0
LINE
  5
32F
330
BE
100
AcDbEntity
 67
1
  8
A-TABLAS
100
AcDbLine
 10
247.0
 20
308.8
 30
0.0
 11
247.0
 21
304.2
 31
0.0
  0
LINE
  5
330
330
BE
100
AcDbEntity
 67
1
  8
A-TABLAS
100
AcDbLine
 10
258.0
 20
308.8
 30
0.0
 11
258.0
 21
304.2
 31
0.0
  0
TEXT
  5
331
330
BE
100
AcDbEntity
 67
1
  8
A-TITULOS
100
AcDbText
 10
35.0
 20
298.2
 30
0.0
 40
3.2
  1
SUBTABLERO TN3 (NIVEL 3)
  7
ARIAL
 11
35.0
 21
298.2
 31
0.0
100
AcDbText
 73
3
  0
MTEXT
  5
332
330
BE
100
AcDbEntity
 67
1
  8
A-TEXTO
100
AcDbMText
 10
35.0
 20
293.2
 30
0.0
 40
1.7
 41
243.0
 71
1
  1
TABLERO MONOFÁSICO 120/240 V, BARRAS DE TIERRA, NEUTRO SÓLIDO AL 100 %. EMPOTRADO. BARRAS 125 A, 18 POLOS, PRINCIPAL 100 A (SUBALIMENTADO). CARGA TOTAL 20,0 kVA; DEMANDADA 16,0 kVA.
  7
ARIAL
  0
LWPOLYLINE
  5
333
330
BE
100
AcDbEntity
 67
1
  8
A-TABLAS
100
AcDbPolyline
 90
4
 70
1
 10
35.0
 20
238.7
 10
278.0
 20
238.7
 10
278.0
 20
284.7
 10
35.0
 20
284.7
  0
TEXT
  5
334
330
BE
100
AcDbEntity
 67
1
  8
A-TEXTO
100
AcDbText
 10
42.0
 20
282.4
 30
0.0
 40
1.6
  1
N.
  7
ARIAL
 72
1
 11
42.0
 21
282.4
 31
0.0
100
AcDbText
 73
2
  0
LINE
  5
335
330
BE
100
AcDbEntity
 67
1
  8
A-TABLAS
100
AcDbLine
 10
49.0
 20
284.7
 30
0.0
 11
49.0
 21
280.09999999999997
 31
0.0
  0
TEXT
  5
336
330
BE
100
AcDbEntity
 67
1
  8
A-TEXTO
100
AcDbText
 10
50.5
 20
282.4
 30
0.0
 40
1.6
  1
DESCRIPCIÓN
  7
ARIAL
 11
50.5
 21
282.4
 31
0.0
100
AcDbText
 73
2
  0
LINE
  5
337
330
BE
100
AcDbEntity
 67
1
  8
A-TABLAS
100
AcDbLine
 10
119.0
 20
284.7
 30
0.0
 11
119.0
 21
280.09999999999997
 31
0.0
  0
TEXT
  5
338
330
BE
100
AcDbEntity
 67
1
  8
A-TEXTO
100
AcDbText
 10
124.5
 20
282.4
 30
0.0
 40
1.6
  1
POL.
  7
ARIAL
 72
1
 11
124.5
 21
282.4
 31
0.0
100
AcDbText
 73
2
  0
LINE
  5
339
330
BE
100
AcDbEntity
 67
1
  8
A-TABLAS
100
AcDbLine
 10
130.0
 20
284.7
 30
0.0
 11
130.0
 21
280.09999999999997
 31
0.0
  0
TEXT
  5
33A
330
BE
100
AcDbEntity
 67
1
  8
A-TEXTO
100
AcDbText
 10
135.5
 20
282.4
 30
0.0
 40
1.6
  1
AMP.
  7
ARIAL
 72
1
 11
135.5
 21
282.4
 31
0.0
100
AcDbText
 73
2
  0
LINE
  5
33B
330
BE
100
AcDbEntity
 67
1
  8
A-TABLAS
100
AcDbLine
 10
141.0
 20
284.7
 30
0.0
 11
141.0
 21
280.09999999999997
 31
0.0
  0
TEXT
  5
33C
330
BE
100
AcDbEntity
 67
1
  8
A-TEXTO
100
AcDbText
 10
147.0
 20
282.4
 30
0.0
 40
1.6
  1
FASE
  7
ARIAL
 72
1
 11
147.0
 21
282.4
 31
0.0
100
AcDbText
 73
2
  0
LINE
  5
33D
330
BE
100
AcDbEntity
 67
1
  8
A-TABLAS
100
AcDbLine
 10
153.0
 20
284.7
 30
0.0
 11
153.0
 21
280.09999999999997
 31
0.0
  0
TEXT
  5
33E
330
BE
100
AcDbEntity
 67
1
  8
A-TEXTO
100
AcDbText
 10
159.0
 20
282.4
 30
0.0
 40
1.6
  1
NEUT.
  7
ARIAL
 72
1
 11
159.0
 21
282.4
 31
0.0
100
AcDbText
 73
2
  0
LINE
  5
33F
330
BE
100
AcDbEntity
 67
1
  8
A-TABLAS
100
AcDbLine
 10
165.0
 20
284.7
 30
0.0
 11
165.0
 21
280.09999999999997
 31
0.0
  0
TEXT
  5
340
330
BE
100
AcDbEntity
 67
1
  8
A-TEXTO
100
AcDbText
 10
171.0
 20
282.4
 30
0.0
 40
1.6
  1
TIERRA
  7
ARIAL
 72
1
 11
171.0
 21
282.4
 31
0.0
100
AcDbText
 73
2
  0
LINE
  5
341
330
BE
100
AcDbEntity
 67
1
  8
A-TABLAS
100
AcDbLine
 10
177.0
 20
284.7
 30
0.0
 11
177.0
 21
280.09999999999997
 31
0.0
  0
TEXT
  5
342
330
BE
100
AcDbEntity
 67
1
  8
A-TEXTO
100
AcDbText
 10
182.5
 20
282.4
 30
0.0
 40
1.6
  1
DIST.
  7
ARIAL
 72
1
 11
182.5
 21
282.4
 31
0.0
100
AcDbText
 73
2
  0
LINE
  5
343
330
BE
100
AcDbEntity
 67
1
  8
A-TABLAS
100
AcDbLine
 10
188.0
 20
284.7
 30
0.0
 11
188.0
 21
280.09999999999997
 31
0.0
  0
TEXT
  5
344
330
BE
100
AcDbEntity
 67
1
  8
A-TEXTO
100
AcDbText
 10
194.0
 20
282.4
 30
0.0
 40
1.6
  1
V
  7
ARIAL
 72
1
 11
194.0
 21
282.4
 31
0.0
100
AcDbText
 73
2
  0
LINE
  5
345
330
BE
100
AcDbEntity
 67
1
  8
A-TABLAS
100
AcDbLine
 10
200.0
 20
284.7
 30
0.0
 11
200.0
 21
280.09999999999997
 31
0.0
  0
TEXT
  5
346
330
BE
100
AcDbEntity
 67
1
  8
A-TEXTO
100
AcDbText
 10
208.0
 20
282.4
 30
0.0
 40
1.6
  1
VA FASE A
  7
ARIAL
 72
1
 11
208.0
 21
282.4
 31
0.0
100
AcDbText
 73
2
  0
LINE
  5
347
330
BE
100
AcDbEntity
 67
1
  8
A-TABLAS
100
AcDbLine
 10
216.0
 20
284.7
 30
0.0
 11
216.0
 21
280.09999999999997
 31
0.0
  0
TEXT
  5
348
330
BE
100
AcDbEntity
 67
1
  8
A-TEXTO
100
AcDbText
 10
224.0
 20
282.4
 30
0.0
 40
1.6
  1
VA FASE B
  7
ARIAL
 72
1
 11
224.0
 21
282.4
 31
0.0
100
AcDbText
 73
2
  0
LINE
  5
349
330
BE
100
AcDbEntity
 67
1
  8
A-TABLAS
100
AcDbLine
 10
232.0
 20
284.7
 30
0.0
 11
232.0
 21
280.09999999999997
 31
0.0
  0
TEXT
  5
34A
330
BE
100
AcDbEntity
 67
1
  8
A-TEXTO
100
AcDbText
 10
239.5
 20
282.4
 30
0.0
 40
1.6
  1
% CT
  7
ARIAL
 72
1
 11
239.5
 21
282.4
 31
0.0
100
AcDbText
 73
2
  0
LINE
  5
34B
330
BE
100
AcDbEntity
 67
1
  8
A-TABLAS
100
AcDbLine
 10
247.0
 20
284.7
 30
0.0
 11
247.0
 21
280.09999999999997
 31
0.0
  0
TEXT
  5
34C
330
BE
100
AcDbEntity
 67
1
  8
A-TEXTO
100
AcDbText
 10
252.5
 20
282.4
 30
0.0
 40
1.6
  1
Ø mm
  7
ARIAL
 72
1
 11
252.5
 21
282.4
 31
0.0
100
AcDbText
 73
2
  0
LINE
  5
34D
330
BE
100
AcDbEntity
 67
1
  8
A-TABLAS
100
AcDbLine
 10
258.0
 20
284.7
 30
0.0
 11
258.0
 21
280.09999999999997
 31
0.0
  0
TEXT
  5
34E
330
BE
100
AcDbEntity
 67
1
  8
A-TEXTO
100
AcDbText
 10
268.0
 20
282.4
 30
0.0
 40
1.6
  1
PROTECCIÓN
  7
ARIAL
 72
1
 11
268.0
 21
282.4
 31
0.0
100
AcDbText
 73
2
  0
LINE
  5
34F
330
BE
100
AcDbEntity
 67
1
  8
A-TABLAS
100
AcDbLine
 10
35.0
 20
280.09999999999997
 30
0.0
 11
278.0
 21
280.09999999999997
 31
0.0
  0
TEXT
  5
350
330
BE
100
AcDbEntity
 67
1
  8
A-TEXTO
100
AcDbText
 10
42.0
 20
277.79999999999995
 30
0.0
 40
1.6
  1
1
  7
ARIAL
 72
1
 11
42.0
 21
277.79999999999995
 31
0.0
100
AcDbText
 73
2
  0
LINE
  5
351
330
BE
100
AcDbEntity
 67
1
  8
A-TABLAS
100
AcDbLine
 10
49.0
 20
280.09999999999997
 30
0.0
 11
49.0
 21
275.49999999999994
 31
0.0
  0
TEXT
  5
352
330
BE
100
AcDbEntity
 67
1
  8
A-TEXTO
100
AcDbText
 10
50.5
 20
277.79999999999995
 30
0.0
 40
1.6
  1
ILUMINACIÓN NIVEL 3
  7
ARIAL
 11
50.5
 21
277.79999999999995
 31
0.0
100
AcDbText
 73
2
  0
LINE
  5
353
330
BE
100
AcDbEntity
 67
1
  8
A-TABLAS
100
AcDbLine
 10
119.0
 20
280.09999999999997
 30
0.0
 11
119.0
 21
275.49999999999994
 31
0.0
  0
TEXT
  5
354
330
BE
100
AcDbEntity
 67
1
  8
A-TEXTO
100
AcDbText
 10
124.5
 20
277.79999999999995
 30
0.0
 40
1.6
  1
1
  7
ARIAL
 72
1
 11
124.5
 21
277.79999999999995
 31
0.0
100
AcDbText
 73
2
  0
LINE
  5
355
330
BE
100
AcDbEntity
 67
1
  8
A-TABLAS
100
AcDbLine
 10
130.0
 20
280.09999999999997
 30
0.0
 11
130.0
 21
275.49999999999994
 31
0.0
  0
TEXT
  5
356
330
BE
100
AcDbEntity
 67
1
  8
A-TEXTO
100
AcDbText
 10
135.5
 20
277.79999999999995
 30
0.0
 40
1.6
  1
20
  7
ARIAL
 72
1
 11
135.5
 21
277.79999999999995
 31
0.0
100
AcDbText
 73
2
  0
LINE
  5
357
330
BE
100
AcDbEntity
 67
1
  8
A-TABLAS
100
AcDbLine
 10
141.0
 20
280.09999999999997
 30
0.0
 11
141.0
 21
275.49999999999994
 31
0.0
  0
TEXT
  5
358
330
BE
100
AcDbEntity
 67
1
  8
A-TEXTO
100
AcDbText
 10
147.0
 20
277.79999999999995
 30
0.0
 40
1.6
  1
12
  7
ARIAL
 72
1
 11
147.0
 21
277.79999999999995
 31
0.0
100
AcDbText
 73
2
  0
LINE
  5
359
330
BE
100
AcDbEntity
 67
1
  8
A-TABLAS
100
AcDbLine
 10
153.0
 20
280.09999999999997
 30
0.0
 11
153.0
 21
275.49999999999994
 31
0.0
  0
TEXT
  5
35A
330
BE
100
AcDbEntity
 67
1
  8
A-TEXTO
100
AcDbText
 10
159.0
 20
277.79999999999995
 30
0.0
 40
1.6
  1
12
  7
ARIAL
 72
1
 11
159.0
 21
277.79999999999995
 31
0.0
100
AcDbText
 73
2
  0
LINE
  5
35B
330
BE
100
AcDbEntity
 67
1
  8
A-TABLAS
100
AcDbLine
 10
165.0
 20
280.09999999999997
 30
0.0
 11
165.0
 21
275.49999999999994
 31
0.0
  0
TEXT
  5
35C
330
BE
100
AcDbEntity
 67
1
  8
A-TEXTO
100
AcDbText
 10
171.0
 20
277.79999999999995
 30
0.0
 40
1.6
  1
12
  7
ARIAL
 72
1
 11
171.0
 21
277.79999999999995
 31
0.0
100
AcDbText
 73
2
  0
LINE
  5
35D
330
BE
100
AcDbEntity
 67
1
  8
A-TABLAS
100
AcDbLine
 10
177.0
 20
280.09999999999997
 30
0.0
 11
177.0
 21
275.49999999999994
 31
0.0
  0
TEXT
  5
35E
330
BE
100
AcDbEntity
 67
1
  8
A-TEXTO
100
AcDbText
 10
182.5
 20
277.79999999999995
 30
0.0
 40
1.6
  1
15
  7
ARIAL
 72
1
 11
182.5
 21
277.79999999999995
 31
0.0
100
AcDbText
 73
2
  0
LINE
  5
35F
330
BE
100
AcDbEntity
 67
1
  8
A-TABLAS
100
AcDbLine
 10
188.0
 20
280.09999999999997
 30
0.0
 11
188.0
 21
275.49999999999994
 31
0.0
  0
TEXT
  5
360
330
BE
100
AcDbEntity
 67
1
  8
A-TEXTO
100
AcDbText
 10
194.0
 20
277.79999999999995
 30
0.0
 40
1.6
  1
120
  7
ARIAL
 72
1
 11
194.0
 21
277.79999999999995
 31
0.0
100
AcDbText
 73
2
  0
LINE
  5
361
330
BE
100
AcDbEntity
 67
1
  8
A-TABLAS
100
AcDbLine
 10
200.0
 20
280.09999999999997
 30
0.0
 11
200.0
 21
275.49999999999994
 31
0.0
  0
TEXT
  5
362
330
BE
100
AcDbEntity
 67
1
  8
A-TEXTO
100
AcDbText
 10
208.0
 20
277.79999999999995
 30
0.0
 40
1.6
  1
500
  7
ARIAL
 72
1
 11
208.0
 21
277.79999999999995
 31
0.0
100
AcDbText
 73
2
  0
LINE
  5
363
330
BE
100
AcDbEntity
 67
1
  8
A-TABLAS
100
AcDbLine
 10
216.0
 20
280.09999999999997
 30
0.0
 11
216.0
 21
275.49999999999994
 31
0.0
  0
TEXT
  5
364
330
BE
100
AcDbEntity
 67
1
  8
A-TEXTO
100
AcDbText
 10
224.0
 20
277.79999999999995
 30
0.0
 40
1.6
  1
-
  7
ARIAL
 72
1
 11
224.0
 21
277.79999999999995
 31
0.0
100
AcDbText
 73
2
  0
LINE
  5
365
330
BE
100
AcDbEntity
 67
1
  8
A-TABLAS
100
AcDbLine
 10
232.0
 20
280.09999999999997
 30
0.0
 11
232.0
 21
275.49999999999994
 31
0.0
  0
TEXT
  5
366
330
BE
100
AcDbEntity
 67
1
  8
A-TEXTO
100
AcDbText
 10
239.5
 20
277.79999999999995
 30
0.0
 40
1.6
  1
0,65
  7
ARIAL
 72
1
 11
239.5
 21
277.79999999999995
 31
0.0
100
AcDbText
 73
2
  0
LINE
  5
367
330
BE
100
AcDbEntity
 67
1
  8
A-TABLAS
100
AcDbLine
 10
247.0
 20
280.09999999999997
 30
0.0
 11
247.0
 21
275.49999999999994
 31
0.0
  0
TEXT
  5
368
330
BE
100
AcDbEntity
 67
1
  8
A-TEXTO
100
AcDbText
 10
252.5
 20
277.79999999999995
 30
0.0
 40
1.6
  1
13
  7
ARIAL
 72
1
 11
252.5
 21
277.79999999999995
 31
0.0
100
AcDbText
 73
2
  0
LINE
  5
369
330
BE
100
AcDbEntity
 67
1
  8
A-TABLAS
100
AcDbLine
 10
258.0
 20
280.09999999999997
 30
0.0
 11
258.0
 21
275.49999999999994
 31
0.0
  0
TEXT
  5
36A
330
BE
100
AcDbEntity
 67
1
  8
A-TEXTO
100
AcDbText
 10
268.0
 20
277.79999999999995
 30
0.0
 40
1.6
  1
AFCI/GFCI
  7
ARIAL
 72
1
 11
268.0
 21
277.79999999999995
 31
0.0
100
AcDbText
 73
2
  0
LINE
  5
36B
330
BE
100
AcDbEntity
 67
1
  8
A-TABLAS
100
AcDbLine
 10
35.0
 20
275.5
 30
0.0
 11
278.0
 21
275.5
 31
0.0
  0
TEXT
  5
36C
330
BE
100
AcDbEntity
 67
1
  8
A-TEXTO
100
AcDbText
 10
42.0
 20
273.2
 30
0.0
 40
1.6
  1
3
  7
ARIAL
 72
1
 11
42.0
 21
273.2
 31
0.0
100
AcDbText
 73
2
  0
LINE
  5
36D
330
BE
100
AcDbEntity
 67
1
  8
A-TABLAS
100
AcDbLine
 10
49.0
 20
275.5
 30
0.0
 11
49.0
 21
270.9
 31
0.0
  0
TEXT
  5
36E
330
BE
100
AcDbEntity
 67
1
  8
A-TEXTO
100
AcDbText
 10
50.5
 20
273.2
 30
0.0
 40
1.6
  1
TOMAS GENERALES SUITE 1 Y PASILLO
  7
ARIAL
 11
50.5
 21
273.2
 31
0.0
100
AcDbText
 73
2
  0
LINE
  5
36F
330
BE
100
AcDbEntity
 67
1
  8
A-TABLAS
100
AcDbLine
 10
119.0
 20
275.5
 30
0.0
 11
119.0
 21
270.9
 31
0.0
  0
TEXT
  5
370
330
BE
100
AcDbEntity
 67
1
  8
A-TEXTO
100
AcDbText
 10
124.5
 20
273.2
 30
0.0
 40
1.6
  1
1
  7
ARIAL
 72
1
 11
124.5
 21
273.2
 31
0.0
100
AcDbText
 73
2
  0
LINE
  5
371
330
BE
100
AcDbEntity
 67
1
  8
A-TABLAS
100
AcDbLine
 10
130.0
 20
275.5
 30
0.0
 11
130.0
 21
270.9
 31
0.0
  0
TEXT
  5
372
330
BE
100
AcDbEntity
 67
1
  8
A-TEXTO
100
AcDbText
 10
135.5
 20
273.2
 30
0.0
 40
1.6
  1
20
  7
ARIAL
 72
1
 11
135.5
 21
273.2
 31
0.0
100
AcDbText
 73
2
  0
LINE
  5
373
330
BE
100
AcDbEntity
 67
1
  8
A-TABLAS
100
AcDbLine
 10
141.0
 20
275.5
 30
0.0
 11
141.0
 21
270.9
 31
0.0
  0
TEXT
  5
374
330
BE
100
AcDbEntity
 67
1
  8
A-TEXTO
100
AcDbText
 10
147.0
 20
273.2
 30
0.0
 40
1.6
  1
12
  7
ARIAL
 72
1
 11
147.0
 21
273.2
 31
0.0
100
AcDbText
 73
2
  0
LINE
  5
375
330
BE
100
AcDbEntity
 67
1
  8
A-TABLAS
100
AcDbLine
 10
153.0
 20
275.5
 30
0.0
 11
153.0
 21
270.9
 31
0.0
  0
TEXT
  5
376
330
BE
100
AcDbEntity
 67
1
  8
A-TEXTO
100
AcDbText
 10
159.0
 20
273.2
 30
0.0
 40
1.6
  1
12
  7
ARIAL
 72
1
 11
159.0
 21
273.2
 31
0.0
100
AcDbText
 73
2
  0
LINE
  5
377
330
BE
100
AcDbEntity
 67
1
  8
A-TABLAS
100
AcDbLine
 10
165.0
 20
275.5
 30
0.0
 11
165.0
 21
270.9
 31
0.0
  0
TEXT
  5
378
330
BE
100
AcDbEntity
 67
1
  8
A-TEXTO
100
AcDbText
 10
171.0
 20
273.2
 30
0.0
 40
1.6
  1
12
  7
ARIAL
 72
1
 11
171.0
 21
273.2
 31
0.0
100
AcDbText
 73
2
  0
LINE
  5
379
330
BE
100
AcDbEntity
 67
1
  8
A-TABLAS
100
AcDbLine
 10
177.0
 20
275.5
 30
0.0
 11
177.0
 21
270.9
 31
0.0
  0
TEXT
  5
37A
330
BE
100
AcDbEntity
 67
1
  8
A-TEXTO
100
AcDbText
 10
182.5
 20
273.2
 30
0.0
 40
1.6
  1
15
  7
ARIAL
 72
1
 11
182.5
 21
273.2
 31
0.0
100
AcDbText
 73
2
  0
LINE
  5
37B
330
BE
100
AcDbEntity
 67
1
  8
A-TABLAS
100
AcDbLine
 10
188.0
 20
275.5
 30
0.0
 11
188.0
 21
270.9
 31
0.0
  0
TEXT
  5
37C
330
BE
100
AcDbEntity
 67
1
  8
A-TEXTO
100
AcDbText
 10
194.0
 20
273.2
 30
0.0
 40
1.6
  1
120
  7
ARIAL
 72
1
 11
194.0
 21
273.2
 31
0.0
100
AcDbText
 73
2
  0
LINE
  5
37D
330
BE
100
AcDbEntity
 67
1
  8
A-TABLAS
100
AcDbLine
 10
200.0
 20
275.5
 30
0.0
 11
200.0
 21
270.9
 31
0.0
  0
TEXT
  5
37E
330
BE
100
AcDbEntity
 67
1
  8
A-TEXTO
100
AcDbText
 10
208.0
 20
273.2
 30
0.0
 40
1.6
  1
-
  7
ARIAL
 72
1
 11
208.0
 21
273.2
 31
0.0
100
AcDbText
 73
2
  0
LINE
  5
37F
330
BE
100
AcDbEntity
 67
1
  8
A-TABLAS
100
AcDbLine
 10
216.0
 20
275.5
 30
0.0
 11
216.0
 21
270.9
 31
0.0
  0
TEXT
  5
380
330
BE
100
AcDbEntity
 67
1
  8
A-TEXTO
100
AcDbText
 10
224.0
 20
273.2
 30
0.0
 40
1.6
  1
500
  7
ARIAL
 72
1
 11
224.0
 21
273.2
 31
0.0
100
AcDbText
 73
2
  0
LINE
  5
381
330
BE
100
AcDbEntity
 67
1
  8
A-TABLAS
100
AcDbLine
 10
232.0
 20
275.5
 30
0.0
 11
232.0
 21
270.9
 31
0.0
  0
TEXT
  5
382
330
BE
100
AcDbEntity
 67
1
  8
A-TEXTO
100
AcDbText
 10
239.5
 20
273.2
 30
0.0
 40
1.6
  1
0,65
  7
ARIAL
 72
1
 11
239.5
 21
273.2
 31
0.0
100
AcDbText
 73
2
  0
LINE
  5
383
330
BE
100
AcDbEntity
 67
1
  8
A-TABLAS
100
AcDbLine
 10
247.0
 20
275.5
 30
0.0
 11
247.0
 21
270.9
 31
0.0
  0
TEXT
  5
384
330
BE
100
AcDbEntity
 67
1
  8
A-TEXTO
100
AcDbText
 10
252.5
 20
273.2
 30
0.0
 40
1.6
  1
13
  7
ARIAL
 72
1
 11
252.5
 21
273.2
 31
0.0
100
AcDbText
 73
2
  0
LINE
  5
385
330
BE
100
AcDbEntity
 67
1
  8
A-TABLAS
100
AcDbLine
 10
258.0
 20
275.5
 30
0.0
 11
258.0
 21
270.9
 31
0.0
  0
TEXT
  5
386
330
BE
100
AcDbEntity
 67
1
  8
A-TEXTO
100
AcDbText
 10
268.0
 20
273.2
 30
0.0
 40
1.6
  1
AFCI/GFCI
  7
ARIAL
 72
1
 11
268.0
 21
273.2
 31
0.0
100
AcDbText
 73
2
  0
LINE
  5
387
330
BE
100
AcDbEntity
 67
1
  8
A-TABLAS
100
AcDbLine
 10
35.0
 20
270.9
 30
0.0
 11
278.0
 21
270.9
 31
0.0
  0
TEXT
  5
388
330
BE
100
AcDbEntity
 67
1
  8
A-TEXTO
100
AcDbText
 10
42.0
 20
268.59999999999997
 30
0.0
 40
1.6
  1
5
  7
ARIAL
 72
1
 11
42.0
 21
268.59999999999997
 31
0.0
100
AcDbText
 73
2
  0
LINE
  5
389
330
BE
100
AcDbEntity
 67
1
  8
A-TABLAS
100
AcDbLine
 10
49.0
 20
270.9
 30
0.0
 11
49.0
 21
266.29999999999995
 31
0.0
  0
TEXT
  5
38A
330
BE
100
AcDbEntity
 67
1
  8
A-TEXTO
100
AcDbText
 10
50.5
 20
268.59999999999997
 30
0.0
 40
1.6
  1
TOMAS GENERALES SUITES 2 Y 3
  7
ARIAL
 11
50.5
 21
268.59999999999997
 31
0.0
100
AcDbText
 73
2
  0
LINE
  5
38B
330
BE
100
AcDbEntity
 67
1
  8
A-TABLAS
100
AcDbLine
 10
119.0
 20
270.9
 30
0.0
 11
119.0
 21
266.29999999999995
 31
0.0
  0
TEXT
  5
38C
330
BE
100
AcDbEntity
 67
1
  8
A-TEXTO
100
AcDbText
 10
124.5
 20
268.59999999999997
 30
0.0
 40
1.6
  1
1
  7
ARIAL
 72
1
 11
124.5
 21
268.59999999999997
 31
0.0
100
AcDbText
 73
2
  0
LINE
  5
38D
330
BE
100
AcDbEntity
 67
1
  8
A-TABLAS
100
AcDbLine
 10
130.0
 20
270.9
 30
0.0
 11
130.0
 21
266.29999999999995
 31
0.0
  0
TEXT
  5
38E
330
BE
100
AcDbEntity
 67
1
  8
A-TEXTO
100
AcDbText
 10
135.5
 20
268.59999999999997
 30
0.0
 40
1.6
  1
20
  7
ARIAL
 72
1
 11
135.5
 21
268.59999999999997
 31
0.0
100
AcDbText
 73
2
  0
LINE
  5
38F
330
BE
100
AcDbEntity
 67
1
  8
A-TABLAS
100
AcDbLine
 10
141.0
 20
270.9
 30
0.0
 11
141.0
 21
266.29999999999995
 31
0.0
  0
TEXT
  5
390
330
BE
100
AcDbEntity
 67
1
  8
A-TEXTO
100
AcDbText
 10
147.0
 20
268.59999999999997
 30
0.0
 40
1.6
  1
12
  7
ARIAL
 72
1
 11
147.0
 21
268.59999999999997
 31
0.0
100
AcDbText
 73
2
  0
LINE
  5
391
330
BE
100
AcDbEntity
 67
1
  8
A-TABLAS
100
AcDbLine
 10
153.0
 20
270.9
 30
0.0
 11
153.0
 21
266.29999999999995
 31
0.0
  0
TEXT
  5
392
330
BE
100
AcDbEntity
 67
1
  8
A-TEXTO
100
AcDbText
 10
159.0
 20
268.59999999999997
 30
0.0
 40
1.6
  1
12
  7
ARIAL
 72
1
 11
159.0
 21
268.59999999999997
 31
0.0
100
AcDbText
 73
2
  0
LINE
  5
393
330
BE
100
AcDbEntity
 67
1
  8
A-TABLAS
100
AcDbLine
 10
165.0
 20
270.9
 30
0.0
 11
165.0
 21
266.29999999999995
 31
0.0
  0
TEXT
  5
394
330
BE
100
AcDbEntity
 67
1
  8
A-TEXTO
100
AcDbText
 10
171.0
 20
268.59999999999997
 30
0.0
 40
1.6
  1
12
  7
ARIAL
 72
1
 11
171.0
 21
268.59999999999997
 31
0.0
100
AcDbText
 73
2
  0
LINE
  5
395
330
BE
100
AcDbEntity
 67
1
  8
A-TABLAS
100
AcDbLine
 10
177.0
 20
270.9
 30
0.0
 11
177.0
 21
266.29999999999995
 31
0.0
  0
TEXT
  5
396
330
BE
100
AcDbEntity
 67
1
  8
A-TEXTO
100
AcDbText
 10
182.5
 20
268.59999999999997
 30
0.0
 40
1.6
  1
15
  7
ARIAL
 72
1
 11
182.5
 21
268.59999999999997
 31
0.0
100
AcDbText
 73
2
  0
LINE
  5
397
330
BE
100
AcDbEntity
 67
1
  8
A-TABLAS
100
AcDbLine
 10
188.0
 20
270.9
 30
0.0
 11
188.0
 21
266.29999999999995
 31
0.0
  0
TEXT
  5
398
330
BE
100
AcDbEntity
 67
1
  8
A-TEXTO
100
AcDbText
 10
194.0
 20
268.59999999999997
 30
0.0
 40
1.6
  1
120
  7
ARIAL
 72
1
 11
194.0
 21
268.59999999999997
 31
0.0
100
AcDbText
 73
2
  0
LINE
  5
399
330
BE
100
AcDbEntity
 67
1
  8
A-TABLAS
100
AcDbLine
 10
200.0
 20
270.9
 30
0.0
 11
200.0
 21
266.29999999999995
 31
0.0
  0
TEXT
  5
39A
330
BE
100
AcDbEntity
 67
1
  8
A-TEXTO
100
AcDbText
 10
208.0
 20
268.59999999999997
 30
0.0
 40
1.6
  1
500
  7
ARIAL
 72
1
 11
208.0
 21
268.59999999999997
 31
0.0
100
AcDbText
 73
2
  0
LINE
  5
39B
330
BE
100
AcDbEntity
 67
1
  8
A-TABLAS
100
AcDbLine
 10
216.0
 20
270.9
 30
0.0
 11
216.0
 21
266.29999999999995
 31
0.0
  0
TEXT
  5
39C
330
BE
100
AcDbEntity
 67
1
  8
A-TEXTO
100
AcDbText
 10
224.0
 20
268.59999999999997
 30
0.0
 40
1.6
  1
-
  7
ARIAL
 72
1
 11
224.0
 21
268.59999999999997
 31
0.0
100
AcDbText
 73
2
  0
LINE
  5
39D
330
BE
100
AcDbEntity
 67
1
  8
A-TABLAS
100
AcDbLine
 10
232.0
 20
270.9
 30
0.0
 11
232.0
 21
266.29999999999995
 31
0.0
  0
TEXT
  5
39E
330
BE
100
AcDbEntity
 67
1
  8
A-TEXTO
100
AcDbText
 10
239.5
 20
268.59999999999997
 30
0.0
 40
1.6
  1
0,65
  7
ARIAL
 72
1
 11
239.5
 21
268.59999999999997
 31
0.0
100
AcDbText
 73
2
  0
LINE
  5
39F
330
BE
100
AcDbEntity
 67
1
  8
A-TABLAS
100
AcDbLine
 10
247.0
 20
270.9
 30
0.0
 11
247.0
 21
266.29999999999995
 31
0.0
  0
TEXT
  5
3A0
330
BE
100
AcDbEntity
 67
1
  8
A-TEXTO
100
AcDbText
 10
252.5
 20
268.59999999999997
 30
0.0
 40
1.6
  1
13
  7
ARIAL
 72
1
 11
252.5
 21
268.59999999999997
 31
0.0
100
AcDbText
 73
2
  0
LINE
  5
3A1
330
BE
100
AcDbEntity
 67
1
  8
A-TABLAS
100
AcDbLine
 10
258.0
 20
270.9
 30
0.0
 11
258.0
 21
266.29999999999995
 31
0.0
  0
TEXT
  5
3A2
330
BE
100
AcDbEntity
 67
1
  8
A-TEXTO
100
AcDbText
 10
268.0
 20
268.59999999999997
 30
0.0
 40
1.6
  1
AFCI/GFCI
  7
ARIAL
 72
1
 11
268.0
 21
268.59999999999997
 31
0.0
100
AcDbText
 73
2
  0
LINE
  5
3A3
330
BE
100
AcDbEntity
 67
1
  8
A-TABLAS
100
AcDbLine
 10
35.0
 20
266.3
 30
0.0
 11
278.0
 21
266.3
 31
0.0
  0
TEXT
  5
3A4
330
BE
100
AcDbEntity
 67
1
  8
A-TEXTO
100
AcDbText
 10
42.0
 20
264.0
 30
0.0
 40
1.6
  1
7
  7
ARIAL
 72
1
 11
42.0
 21
264.0
 31
0.0
100
AcDbText
 73
2
  0
LINE
  5
3A5
330
BE
100
AcDbEntity
 67
1
  8
A-TABLAS
100
AcDbLine
 10
49.0
 20
266.3
 30
0.0
 11
49.0
 21
261.7
 31
0.0
  0
TEXT
  5
3A6
330
BE
100
AcDbEntity
 67
1
  8
A-TEXTO
100
AcDbText
 10
50.5
 20
264.0
 30
0.0
 40
1.6
  1
TOMAS DE BAÑOS (GFCI)
  7
ARIAL
 11
50.5
 21
264.0
 31
0.0
100
AcDbText
 73
2
  0
LINE
  5
3A7
330
BE
100
AcDbEntity
 67
1
  8
A-TABLAS
100
AcDbLine
 10
119.0
 20
266.3
 30
0.0
 11
119.0
 21
261.7
 31
0.0
  0
TEXT
  5
3A8
330
BE
100
AcDbEntity
 67
1
  8
A-TEXTO
100
AcDbText
 10
124.5
 20
264.0
 30
0.0
 40
1.6
  1
1
  7
ARIAL
 72
1
 11
124.5
 21
264.0
 31
0.0
100
AcDbText
 73
2
  0
LINE
  5
3A9
330
BE
100
AcDbEntity
 67
1
  8
A-TABLAS
100
AcDbLine
 10
130.0
 20
266.3
 30
0.0
 11
130.0
 21
261.7
 31
0.0
  0
TEXT
  5
3AA
330
BE
100
AcDbEntity
 67
1
  8
A-TEXTO
100
AcDbText
 10
135.5
 20
264.0
 30
0.0
 40
1.6
  1
20
  7
ARIAL
 72
1
 11
135.5
 21
264.0
 31
0.0
100
AcDbText
 73
2
  0
LINE
  5
3AB
330
BE
100
AcDbEntity
 67
1
  8
A-TABLAS
100
AcDbLine
 10
141.0
 20
266.3
 30
0.0
 11
141.0
 21
261.7
 31
0.0
  0
TEXT
  5
3AC
330
BE
100
AcDbEntity
 67
1
  8
A-TEXTO
100
AcDbText
 10
147.0
 20
264.0
 30
0.0
 40
1.6
  1
12
  7
ARIAL
 72
1
 11
147.0
 21
264.0
 31
0.0
100
AcDbText
 73
2
  0
LINE
  5
3AD
330
BE
100
AcDbEntity
 67
1
  8
A-TABLAS
100
AcDbLine
 10
153.0
 20
266.3
 30
0.0
 11
153.0
 21
261.7
 31
0.0
  0
TEXT
  5
3AE
330
BE
100
AcDbEntity
 67
1
  8
A-TEXTO
100
AcDbText
 10
159.0
 20
264.0
 30
0.0
 40
1.6
  1
12
  7
ARIAL
 72
1
 11
159.0
 21
264.0
 31
0.0
100
AcDbText
 73
2
  0
LINE
  5
3AF
330
BE
100
AcDbEntity
 67
1
  8
A-TABLAS
100
AcDbLine
 10
165.0
 20
266.3
 30
0.0
 11
165.0
 21
261.7
 31
0.0
  0
TEXT
  5
3B0
330
BE
100
AcDbEntity
 67
1
  8
A-TEXTO
100
AcDbText
 10
171.0
 20
264.0
 30
0.0
 40
1.6
  1
12
  7
ARIAL
 72
1
 11
171.0
 21
264.0
 31
0.0
100
AcDbText
 73
2
  0
LINE
  5
3B1
330
BE
100
AcDbEntity
 67
1
  8
A-TABLAS
100
AcDbLine
 10
177.0
 20
266.3
 30
0.0
 11
177.0
 21
261.7
 31
0.0
  0
TEXT
  5
3B2
330
BE
100
AcDbEntity
 67
1
  8
A-TEXTO
100
AcDbText
 10
182.5
 20
264.0
 30
0.0
 40
1.6
  1
15
  7
ARIAL
 72
1
 11
182.5
 21
264.0
 31
0.0
100
AcDbText
 73
2
  0
LINE
  5
3B3
330
BE
100
AcDbEntity
 67
1
  8
A-TABLAS
100
AcDbLine
 10
188.0
 20
266.3
 30
0.0
 11
188.0
 21
261.7
 31
0.0
  0
TEXT
  5
3B4
330
BE
100
AcDbEntity
 67
1
  8
A-TEXTO
100
AcDbText
 10
194.0
 20
264.0
 30
0.0
 40
1.6
  1
120
  7
ARIAL
 72
1
 11
194.0
 21
264.0
 31
0.0
100
AcDbText
 73
2
  0
LINE
  5
3B5
330
BE
100
AcDbEntity
 67
1
  8
A-TABLAS
100
AcDbLine
 10
200.0
 20
266.3
 30
0.0
 11
200.0
 21
261.7
 31
0.0
  0
TEXT
  5
3B6
330
BE
100
AcDbEntity
 67
1
  8
A-TEXTO
100
AcDbText
 10
208.0
 20
264.0
 30
0.0
 40
1.6
  1
-
  7
ARIAL
 72
1
 11
208.0
 21
264.0
 31
0.0
100
AcDbText
 73
2
  0
LINE
  5
3B7
330
BE
100
AcDbEntity
 67
1
  8
A-TABLAS
100
AcDbLine
 10
216.0
 20
266.3
 30
0.0
 11
216.0
 21
261.7
 31
0.0
  0
TEXT
  5
3B8
330
BE
100
AcDbEntity
 67
1
  8
A-TEXTO
100
AcDbText
 10
224.0
 20
264.0
 30
0.0
 40
1.6
  1
500
  7
ARIAL
 72
1
 11
224.0
 21
264.0
 31
0.0
100
AcDbText
 73
2
  0
LINE
  5
3B9
330
BE
100
AcDbEntity
 67
1
  8
A-TABLAS
100
AcDbLine
 10
232.0
 20
266.3
 30
0.0
 11
232.0
 21
261.7
 31
0.0
  0
TEXT
  5
3BA
330
BE
100
AcDbEntity
 67
1
  8
A-TEXTO
100
AcDbText
 10
239.5
 20
264.0
 30
0.0
 40
1.6
  1
0,65
  7
ARIAL
 72
1
 11
239.5
 21
264.0
 31
0.0
100
AcDbText
 73
2
  0
LINE
  5
3BB
330
BE
100
AcDbEntity
 67
1
  8
A-TABLAS
100
AcDbLine
 10
247.0
 20
266.3
 30
0.0
 11
247.0
 21
261.7
 31
0.0
  0
TEXT
  5
3BC
330
BE
100
AcDbEntity
 67
1
  8
A-TEXTO
100
AcDbText
 10
252.5
 20
264.0
 30
0.0
 40
1.6
  1
13
  7
ARIAL
 72
1
 11
252.5
 21
264.0
 31
0.0
100
AcDbText
 73
2
  0
LINE
  5
3BD
330
BE
100
AcDbEntity
 67
1
  8
A-TABLAS
100
AcDbLine
 10
258.0
 20
266.3
 30
0.0
 11
258.0
 21
261.7
 31
0.0
  0
TEXT
  5
3BE
330
BE
100
AcDbEntity
 67
1
  8
A-TEXTO
100
AcDbText
 10
268.0
 20
264.0
 30
0.0
 40
1.6
  1
AFCI/GFCI
  7
ARIAL
 72
1
 11
268.0
 21
264.0
 31
0.0
100
AcDbText
 73
2
  0
LINE
  5
3BF
330
BE
100
AcDbEntity
 67
1
  8
A-TABLAS
100
AcDbLine
 10
35.0
 20
261.7
 30
0.0
 11
278.0
 21
261.7
 31
0.0
  0
TEXT
  5
3C0
330
BE
100
AcDbEntity
 67
1
  8
A-TEXTO
100
AcDbText
 10
42.0
 20
259.4
 30
0.0
 40
1.6
  1
9/11
  7
ARIAL
 72
1
 11
42.0
 21
259.4
 31
0.0
100
AcDbText
 73
2
  0
LINE
  5
3C1
330
BE
100
AcDbEntity
 67
1
  8
A-TABLAS
100
AcDbLine
 10
49.0
 20
261.7
 30
0.0
 11
49.0
 21
257.09999999999997
 31
0.0
  0
TEXT
  5
3C2
330
BE
100
AcDbEntity
 67
1
  8
A-TEXTO
100
AcDbText
 10
50.5
 20
259.4
 30
0.0
 40
1.6
  1
CALENTADOR DE PASO BAÑO SUITE 1
  7
ARIAL
 11
50.5
 21
259.4
 31
0.0
100
AcDbText
 73
2
  0
LINE
  5
3C3
330
BE
100
AcDbEntity
 67
1
  8
A-TABLAS
100
AcDbLine
 10
119.0
 20
261.7
 30
0.0
 11
119.0
 21
257.09999999999997
 31
0.0
  0
TEXT
  5
3C4
330
BE
100
AcDbEntity
 67
1
  8
A-TEXTO
100
AcDbText
 10
124.5
 20
259.4
 30
0.0
 40
1.6
  1
2
  7
ARIAL
 72
1
 11
124.5
 21
259.4
 31
0.0
100
AcDbText
 73
2
  0
LINE
  5
3C5
330
BE
100
AcDbEntity
 67
1
  8
A-TABLAS
100
AcDbLine
 10
130.0
 20
261.7
 30
0.0
 11
130.0
 21
257.09999999999997
 31
0.0
  0
TEXT
  5
3C6
330
BE
100
AcDbEntity
 67
1
  8
A-TEXTO
100
AcDbText
 10
135.5
 20
259.4
 30
0.0
 40
1.6
  1
40
  7
ARIAL
 72
1
 11
135.5
 21
259.4
 31
0.0
100
AcDbText
 73
2
  0
LINE
  5
3C7
330
BE
100
AcDbEntity
 67
1
  8
A-TABLAS
100
AcDbLine
 10
141.0
 20
261.7
 30
0.0
 11
141.0
 21
257.09999999999997
 31
0.0
  0
TEXT
  5
3C8
330
BE
100
AcDbEntity
 67
1
  8
A-TEXTO
100
AcDbText
 10
147.0
 20
259.4
 30
0.0
 40
1.6
  1
10
  7
ARIAL
 72
1
 11
147.0
 21
259.4
 31
0.0
100
AcDbText
 73
2
  0
LINE
  5
3C9
330
BE
100
AcDbEntity
 67
1
  8
A-TABLAS
100
AcDbLine
 10
153.0
 20
261.7
 30
0.0
 11
153.0
 21
257.09999999999997
 31
0.0
  0
TEXT
  5
3CA
330
BE
100
AcDbEntity
 67
1
  8
A-TEXTO
100
AcDbText
 10
159.0
 20
259.4
 30
0.0
 40
1.6
  1
-
  7
ARIAL
 72
1
 11
159.0
 21
259.4
 31
0.0
100
AcDbText
 73
2
  0
LINE
  5
3CB
330
BE
100
AcDbEntity
 67
1
  8
A-TABLAS
100
AcDbLine
 10
165.0
 20
261.7
 30
0.0
 11
165.0
 21
257.09999999999997
 31
0.0
  0
TEXT
  5
3CC
330
BE
100
AcDbEntity
 67
1
  8
A-TEXTO
100
AcDbText
 10
171.0
 20
259.4
 30
0.0
 40
1.6
  1
8
  7
ARIAL
 72
1
 11
171.0
 21
259.4
 31
0.0
100
AcDbText
 73
2
  0
LINE
  5
3CD
330
BE
100
AcDbEntity
 67
1
  8
A-TABLAS
100
AcDbLine
 10
177.0
 20
261.7
 30
0.0
 11
177.0
 21
257.09999999999997
 31
0.0
  0
TEXT
  5
3CE
330
BE
100
AcDbEntity
 67
1
  8
A-TEXTO
100
AcDbText
 10
182.5
 20
259.4
 30
0.0
 40
1.6
  1
15
  7
ARIAL
 72
1
 11
182.5
 21
259.4
 31
0.0
100
AcDbText
 73
2
  0
LINE
  5
3CF
330
BE
100
AcDbEntity
 67
1
  8
A-TABLAS
100
AcDbLine
 10
188.0
 20
261.7
 30
0.0
 11
188.0
 21
257.09999999999997
 31
0.0
  0
TEXT
  5
3D0
330
BE
100
AcDbEntity
 67
1
  8
A-TEXTO
100
AcDbText
 10
194.0
 20
259.4
 30
0.0
 40
1.6
  1
240
  7
ARIAL
 72
1
 11
194.0
 21
259.4
 31
0.0
100
AcDbText
 73
2
  0
LINE
  5
3D1
330
BE
100
AcDbEntity
 67
1
  8
A-TABLAS
100
AcDbLine
 10
200.0
 20
261.7
 30
0.0
 11
200.0
 21
257.09999999999997
 31
0.0
  0
TEXT
  5
3D2
330
BE
100
AcDbEntity
 67
1
  8
A-TEXTO
100
AcDbText
 10
208.0
 20
259.4
 30
0.0
 40
1.6
  1
3.000
  7
ARIAL
 72
1
 11
208.0
 21
259.4
 31
0.0
100
AcDbText
 73
2
  0
LINE
  5
3D3
330
BE
100
AcDbEntity
 67
1
  8
A-TABLAS
100
AcDbLine
 10
216.0
 20
261.7
 30
0.0
 11
216.0
 21
257.09999999999997
 31
0.0
  0
TEXT
  5
3D4
330
BE
100
AcDbEntity
 67
1
  8
A-TEXTO
100
AcDbText
 10
224.0
 20
259.4
 30
0.0
 40
1.6
  1
3.000
  7
ARIAL
 72
1
 11
224.0
 21
259.4
 31
0.0
100
AcDbText
 73
2
  0
LINE
  5
3D5
330
BE
100
AcDbEntity
 67
1
  8
A-TABLAS
100
AcDbLine
 10
232.0
 20
261.7
 30
0.0
 11
232.0
 21
257.09999999999997
 31
0.0
  0
TEXT
  5
3D6
330
BE
100
AcDbEntity
 67
1
  8
A-TEXTO
100
AcDbText
 10
239.5
 20
259.4
 30
0.0
 40
1.6
  1
1,19
  7
ARIAL
 72
1
 11
239.5
 21
259.4
 31
0.0
100
AcDbText
 73
2
  0
LINE
  5
3D7
330
BE
100
AcDbEntity
 67
1
  8
A-TABLAS
100
AcDbLine
 10
247.0
 20
261.7
 30
0.0
 11
247.0
 21
257.09999999999997
 31
0.0
  0
TEXT
  5
3D8
330
BE
100
AcDbEntity
 67
1
  8
A-TEXTO
100
AcDbText
 10
252.5
 20
259.4
 30
0.0
 40
1.6
  1
19
  7
ARIAL
 72
1
 11
252.5
 21
259.4
 31
0.0
100
AcDbText
 73
2
  0
LINE
  5
3D9
330
BE
100
AcDbEntity
 67
1
  8
A-TABLAS
100
AcDbLine
 10
258.0
 20
261.7
 30
0.0
 11
258.0
 21
257.09999999999997
 31
0.0
  0
TEXT
  5
3DA
330
BE
100
AcDbEntity
 67
1
  8
A-TEXTO
100
AcDbText
 10
268.0
 20
259.4
 30
0.0
 40
1.6
  1
CH
  7
ARIAL
 72
1
 11
268.0
 21
259.4
 31
0.0
100
AcDbText
 73
2
  0
LINE
  5
3DB
330
BE
100
AcDbEntity
 67
1
  8
A-TABLAS
100
AcDbLine
 10
35.0
 20
257.09999999999997
 30
0.0
 11
278.0
 21
257.09999999999997
 31
0.0
  0
TEXT
  5
3DC
330
BE
100
AcDbEntity
 67
1
  8
A-TEXTO
100
AcDbText
 10
42.0
 20
254.79999999999995
 30
0.0
 40
1.6
  1
13/15
  7
ARIAL
 72
1
 11
42.0
 21
254.79999999999995
 31
0.0
100
AcDbText
 73
2
  0
LINE
  5
3DD
330
BE
100
AcDbEntity
 67
1
  8
A-TABLAS
100
AcDbLine
 10
49.0
 20
257.09999999999997
 30
0.0
 11
49.0
 21
252.49999999999997
 31
0.0
  0
TEXT
  5
3DE
330
BE
100
AcDbEntity
 67
1
  8
A-TEXTO
100
AcDbText
 10
50.5
 20
254.79999999999995
 30
0.0
 40
1.6
  1
CALENTADOR DE PASO BAÑO SUITE 2
  7
ARIAL
 11
50.5
 21
254.79999999999995
 31
0.0
100
AcDbText
 73
2
  0
LINE
  5
3DF
330
BE
100
AcDbEntity
 67
1
  8
A-TABLAS
100
AcDbLine
 10
119.0
 20
257.09999999999997
 30
0.0
 11
119.0
 21
252.49999999999997
 31
0.0
  0
TEXT
  5
3E0
330
BE
100
AcDbEntity
 67
1
  8
A-TEXTO
100
AcDbText
 10
124.5
 20
254.79999999999995
 30
0.0
 40
1.6
  1
2
  7
ARIAL
 72
1
 11
124.5
 21
254.79999999999995
 31
0.0
100
AcDbText
 73
2
  0
LINE
  5
3E1
330
BE
100
AcDbEntity
 67
1
  8
A-TABLAS
100
AcDbLine
 10
130.0
 20
257.09999999999997
 30
0.0
 11
130.0
 21
252.49999999999997
 31
0.0
  0
TEXT
  5
3E2
330
BE
100
AcDbEntity
 67
1
  8
A-TEXTO
100
AcDbText
 10
135.5
 20
254.79999999999995
 30
0.0
 40
1.6
  1
40
  7
ARIAL
 72
1
 11
135.5
 21
254.79999999999995
 31
0.0
100
AcDbText
 73
2
  0
LINE
  5
3E3
330
BE
100
AcDbEntity
 67
1
  8
A-TABLAS
100
AcDbLine
 10
141.0
 20
257.09999999999997
 30
0.0
 11
141.0
 21
252.49999999999997
 31
0.0
  0
TEXT
  5
3E4
330
BE
100
AcDbEntity
 67
1
  8
A-TEXTO
100
AcDbText
 10
147.0
 20
254.79999999999995
 30
0.0
 40
1.6
  1
10
  7
ARIAL
 72
1
 11
147.0
 21
254.79999999999995
 31
0.0
100
AcDbText
 73
2
  0
LINE
  5
3E5
330
BE
100
AcDbEntity
 67
1
  8
A-TABLAS
100
AcDbLine
 10
153.0
 20
257.09999999999997
 30
0.0
 11
153.0
 21
252.49999999999997
 31
0.0
  0
TEXT
  5
3E6
330
BE
100
AcDbEntity
 67
1
  8
A-TEXTO
100
AcDbText
 10
159.0
 20
254.79999999999995
 30
0.0
 40
1.6
  1
-
  7
ARIAL
 72
1
 11
159.0
 21
254.79999999999995
 31
0.0
100
AcDbText
 73
2
  0
LINE
  5
3E7
330
BE
100
AcDbEntity
 67
1
  8
A-TABLAS
100
AcDbLine
 10
165.0
 20
257.09999999999997
 30
0.0
 11
165.0
 21
252.49999999999997
 31
0.0
  0
TEXT
  5
3E8
330
BE
100
AcDbEntity
 67
1
  8
A-TEXTO
100
AcDbText
 10
171.0
 20
254.79999999999995
 30
0.0
 40
1.6
  1
8
  7
ARIAL
 72
1
 11
171.0
 21
254.79999999999995
 31
0.0
100
AcDbText
 73
2
  0
LINE
  5
3E9
330
BE
100
AcDbEntity
 67
1
  8
A-TABLAS
100
AcDbLine
 10
177.0
 20
257.09999999999997
 30
0.0
 11
177.0
 21
252.49999999999997
 31
0.0
  0
TEXT
  5
3EA
330
BE
100
AcDbEntity
 67
1
  8
A-TEXTO
100
AcDbText
 10
182.5
 20
254.79999999999995
 30
0.0
 40
1.6
  1
15
  7
ARIAL
 72
1
 11
182.5
 21
254.79999999999995
 31
0.0
100
AcDbText
 73
2
  0
LINE
  5
3EB
330
BE
100
AcDbEntity
 67
1
  8
A-TABLAS
100
AcDbLine
 10
188.0
 20
257.09999999999997
 30
0.0
 11
188.0
 21
252.49999999999997
 31
0.0
  0
TEXT
  5
3EC
330
BE
100
AcDbEntity
 67
1
  8
A-TEXTO
100
AcDbText
 10
194.0
 20
254.79999999999995
 30
0.0
 40
1.6
  1
240
  7
ARIAL
 72
1
 11
194.0
 21
254.79999999999995
 31
0.0
100
AcDbText
 73
2
  0
LINE
  5
3ED
330
BE
100
AcDbEntity
 67
1
  8
A-TABLAS
100
AcDbLine
 10
200.0
 20
257.09999999999997
 30
0.0
 11
200.0
 21
252.49999999999997
 31
0.0
  0
TEXT
  5
3EE
330
BE
100
AcDbEntity
 67
1
  8
A-TEXTO
100
AcDbText
 10
208.0
 20
254.79999999999995
 30
0.0
 40
1.6
  1
3.000
  7
ARIAL
 72
1
 11
208.0
 21
254.79999999999995
 31
0.0
100
AcDbText
 73
2
  0
LINE
  5
3EF
330
BE
100
AcDbEntity
 67
1
  8
A-TABLAS
100
AcDbLine
 10
216.0
 20
257.09999999999997
 30
0.0
 11
216.0
 21
252.49999999999997
 31
0.0
  0
TEXT
  5
3F0
330
BE
100
AcDbEntity
 67
1
  8
A-TEXTO
100
AcDbText
 10
224.0
 20
254.79999999999995
 30
0.0
 40
1.6
  1
3.000
  7
ARIAL
 72
1
 11
224.0
 21
254.79999999999995
 31
0.0
100
AcDbText
 73
2
  0
LINE
  5
3F1
330
BE
100
AcDbEntity
 67
1
  8
A-TABLAS
100
AcDbLine
 10
232.0
 20
257.09999999999997
 30
0.0
 11
232.0
 21
252.49999999999997
 31
0.0
  0
TEXT
  5
3F2
330
BE
100
AcDbEntity
 67
1
  8
A-TEXTO
100
AcDbText
 10
239.5
 20
254.79999999999995
 30
0.0
 40
1.6
  1
1,19
  7
ARIAL
 72
1
 11
239.5
 21
254.79999999999995
 31
0.0
100
AcDbText
 73
2
  0
LINE
  5
3F3
330
BE
100
AcDbEntity
 67
1
  8
A-TABLAS
100
AcDbLine
 10
247.0
 20
257.09999999999997
 30
0.0
 11
247.0
 21
252.49999999999997
 31
0.0
  0
TEXT
  5
3F4
330
BE
100
AcDbEntity
 67
1
  8
A-TEXTO
100
AcDbText
 10
252.5
 20
254.79999999999995
 30
0.0
 40
1.6
  1
19
  7
ARIAL
 72
1
 11
252.5
 21
254.79999999999995
 31
0.0
100
AcDbText
 73
2
  0
LINE
  5
3F5
330
BE
100
AcDbEntity
 67
1
  8
A-TABLAS
100
AcDbLine
 10
258.0
 20
257.09999999999997
 30
0.0
 11
258.0
 21
252.49999999999997
 31
0.0
  0
TEXT
  5
3F6
330
BE
100
AcDbEntity
 67
1
  8
A-TEXTO
100
AcDbText
 10
268.0
 20
254.79999999999995
 30
0.0
 40
1.6
  1
CH
  7
ARIAL
 72
1
 11
268.0
 21
254.79999999999995
 31
0.0
100
AcDbText
 73
2
  0
LINE
  5
3F7
330
BE
100
AcDbEntity
 67
1
  8
A-TABLAS
100
AcDbLine
 10
35.0
 20
252.5
 30
0.0
 11
278.0
 21
252.5
 31
0.0
  0
TEXT
  5
3F8
330
BE
100
AcDbEntity
 67
1
  8
A-TEXTO
100
AcDbText
 10
42.0
 20
250.2
 30
0.0
 40
1.6
  1
17/19
  7
ARIAL
 72
1
 11
42.0
 21
250.2
 31
0.0
100
AcDbText
 73
2
  0
LINE
  5
3F9
330
BE
100
AcDbEntity
 67
1
  8
A-TABLAS
100
AcDbLine
 10
49.0
 20
252.5
 30
0.0
 11
49.0
 21
247.9
 31
0.0
  0
TEXT
  5
3FA
330
BE
100
AcDbEntity
 67
1
  8
A-TEXTO
100
AcDbText
 10
50.5
 20
250.2
 30
0.0
 40
1.6
  1
CALENTADOR DE PASO BAÑO SUITE 3
  7
ARIAL
 11
50.5
 21
250.2
 31
0.0
100
AcDbText
 73
2
  0
LINE
  5
3FB
330
BE
100
AcDbEntity
 67
1
  8
A-TABLAS
100
AcDbLine
 10
119.0
 20
252.5
 30
0.0
 11
119.0
 21
247.9
 31
0.0
  0
TEXT
  5
3FC
330
BE
100
AcDbEntity
 67
1
  8
A-TEXTO
100
AcDbText
 10
124.5
 20
250.2
 30
0.0
 40
1.6
  1
2
  7
ARIAL
 72
1
 11
124.5
 21
250.2
 31
0.0
100
AcDbText
 73
2
  0
LINE
  5
3FD
330
BE
100
AcDbEntity
 67
1
  8
A-TABLAS
100
AcDbLine
 10
130.0
 20
252.5
 30
0.0
 11
130.0
 21
247.9
 31
0.0
  0
TEXT
  5
3FE
330
BE
100
AcDbEntity
 67
1
  8
A-TEXTO
100
AcDbText
 10
135.5
 20
250.2
 30
0.0
 40
1.6
  1
40
  7
ARIAL
 72
1
 11
135.5
 21
250.2
 31
0.0
100
AcDbText
 73
2
  0
LINE
  5
3FF
330
BE
100
AcDbEntity
 67
1
  8
A-TABLAS
100
AcDbLine
 10
141.0
 20
252.5
 30
0.0
 11
141.0
 21
247.9
 31
0.0
  0
TEXT
  5
400
330
BE
100
AcDbEntity
 67
1
  8
A-TEXTO
100
AcDbText
 10
147.0
 20
250.2
 30
0.0
 40
1.6
  1
10
  7
ARIAL
 72
1
 11
147.0
 21
250.2
 31
0.0
100
AcDbText
 73
2
  0
LINE
  5
401
330
BE
100
AcDbEntity
 67
1
  8
A-TABLAS
100
AcDbLine
 10
153.0
 20
252.5
 30
0.0
 11
153.0
 21
247.9
 31
0.0
  0
TEXT
  5
402
330
BE
100
AcDbEntity
 67
1
  8
A-TEXTO
100
AcDbText
 10
159.0
 20
250.2
 30
0.0
 40
1.6
  1
-
  7
ARIAL
 72
1
 11
159.0
 21
250.2
 31
0.0
100
AcDbText
 73
2
  0
LINE
  5
403
330
BE
100
AcDbEntity
 67
1
  8
A-TABLAS
100
AcDbLine
 10
165.0
 20
252.5
 30
0.0
 11
165.0
 21
247.9
 31
0.0
  0
TEXT
  5
404
330
BE
100
AcDbEntity
 67
1
  8
A-TEXTO
100
AcDbText
 10
171.0
 20
250.2
 30
0.0
 40
1.6
  1
8
  7
ARIAL
 72
1
 11
171.0
 21
250.2
 31
0.0
100
AcDbText
 73
2
  0
LINE
  5
405
330
BE
100
AcDbEntity
 67
1
  8
A-TABLAS
100
AcDbLine
 10
177.0
 20
252.5
 30
0.0
 11
177.0
 21
247.9
 31
0.0
  0
TEXT
  5
406
330
BE
100
AcDbEntity
 67
1
  8
A-TEXTO
100
AcDbText
 10
182.5
 20
250.2
 30
0.0
 40
1.6
  1
15
  7
ARIAL
 72
1
 11
182.5
 21
250.2
 31
0.0
100
AcDbText
 73
2
  0
LINE
  5
407
330
BE
100
AcDbEntity
 67
1
  8
A-TABLAS
100
AcDbLine
 10
188.0
 20
252.5
 30
0.0
 11
188.0
 21
247.9
 31
0.0
  0
TEXT
  5
408
330
BE
100
AcDbEntity
 67
1
  8
A-TEXTO
100
AcDbText
 10
194.0
 20
250.2
 30
0.0
 40
1.6
  1
240
  7
ARIAL
 72
1
 11
194.0
 21
250.2
 31
0.0
100
AcDbText
 73
2
  0
LINE
  5
409
330
BE
100
AcDbEntity
 67
1
  8
A-TABLAS
100
AcDbLine
 10
200.0
 20
252.5
 30
0.0
 11
200.0
 21
247.9
 31
0.0
  0
TEXT
  5
40A
330
BE
100
AcDbEntity
 67
1
  8
A-TEXTO
100
AcDbText
 10
208.0
 20
250.2
 30
0.0
 40
1.6
  1
3.000
  7
ARIAL
 72
1
 11
208.0
 21
250.2
 31
0.0
100
AcDbText
 73
2
  0
LINE
  5
40B
330
BE
100
AcDbEntity
 67
1
  8
A-TABLAS
100
AcDbLine
 10
216.0
 20
252.5
 30
0.0
 11
216.0
 21
247.9
 31
0.0
  0
TEXT
  5
40C
330
BE
100
AcDbEntity
 67
1
  8
A-TEXTO
100
AcDbText
 10
224.0
 20
250.2
 30
0.0
 40
1.6
  1
3.000
  7
ARIAL
 72
1
 11
224.0
 21
250.2
 31
0.0
100
AcDbText
 73
2
  0
LINE
  5
40D
330
BE
100
AcDbEntity
 67
1
  8
A-TABLAS
100
AcDbLine
 10
232.0
 20
252.5
 30
0.0
 11
232.0
 21
247.9
 31
0.0
  0
TEXT
  5
40E
330
BE
100
AcDbEntity
 67
1
  8
A-TEXTO
100
AcDbText
 10
239.5
 20
250.2
 30
0.0
 40
1.6
  1
1,19
  7
ARIAL
 72
1
 11
239.5
 21
250.2
 31
0.0
100
AcDbText
 73
2
  0
LINE
  5
40F
330
BE
100
AcDbEntity
 67
1
  8
A-TABLAS
100
AcDbLine
 10
247.0
 20
252.5
 30
0.0
 11
247.0
 21
247.9
 31
0.0
  0
TEXT
  5
410
330
BE
100
AcDbEntity
 67
1
  8
A-TEXTO
100
AcDbText
 10
252.5
 20
250.2
 30
0.0
 40
1.6
  1
19
  7
ARIAL
 72
1
 11
252.5
 21
250.2
 31
0.0
100
AcDbText
 73
2
  0
LINE
  5
411
330
BE
100
AcDbEntity
 67
1
  8
A-TABLAS
100
AcDbLine
 10
258.0
 20
252.5
 30
0.0
 11
258.0
 21
247.9
 31
0.0
  0
TEXT
  5
412
330
BE
100
AcDbEntity
 67
1
  8
A-TEXTO
100
AcDbText
 10
268.0
 20
250.2
 30
0.0
 40
1.6
  1
CH
  7
ARIAL
 72
1
 11
268.0
 21
250.2
 31
0.0
100
AcDbText
 73
2
  0
LINE
  5
413
330
BE
100
AcDbEntity
 67
1
  8
A-TABLAS
100
AcDbLine
 10
35.0
 20
247.89999999999998
 30
0.0
 11
278.0
 21
247.89999999999998
 31
0.0
  0
TEXT
  5
414
330
BE
100
AcDbEntity
 67
1
  8
A-TEXTO
100
AcDbText
 10
42.0
 20
245.59999999999997
 30
0.0
 40
1.6
  1
21/23
  7
ARIAL
 72
1
 11
42.0
 21
245.59999999999997
 31
0.0
100
AcDbText
 73
2
  0
LINE
  5
415
330
BE
100
AcDbEntity
 67
1
  8
A-TABLAS
100
AcDbLine
 10
49.0
 20
247.89999999999998
 30
0.0
 11
49.0
 21
243.29999999999998
 31
0.0
  0
TEXT
  5
416
330
BE
100
AcDbEntity
 67
1
  8
A-TEXTO
100
AcDbText
 10
50.5
 20
245.59999999999997
 30
0.0
 40
1.6
  1
SPD
  7
ARIAL
 11
50.5
 21
245.59999999999997
 31
0.0
100
AcDbText
 73
2
  0
LINE
  5
417
330
BE
100
AcDbEntity
 67
1
  8
A-TABLAS
100
AcDbLine
 10
119.0
 20
247.89999999999998
 30
0.0
 11
119.0
 21
243.29999999999998
 31
0.0
  0
TEXT
  5
418
330
BE
100
AcDbEntity
 67
1
  8
A-TEXTO
100
AcDbText
 10
124.5
 20
245.59999999999997
 30
0.0
 40
1.6
  1
2
  7
ARIAL
 72
1
 11
124.5
 21
245.59999999999997
 31
0.0
100
AcDbText
 73
2
  0
LINE
  5
419
330
BE
100
AcDbEntity
 67
1
  8
A-TABLAS
100
AcDbLine
 10
130.0
 20
247.89999999999998
 30
0.0
 11
130.0
 21
243.29999999999998
 31
0.0
  0
TEXT
  5
41A
330
BE
100
AcDbEntity
 67
1
  8
A-TEXTO
100
AcDbText
 10
135.5
 20
245.59999999999997
 30
0.0
 40
1.6
  1
50
  7
ARIAL
 72
1
 11
135.5
 21
245.59999999999997
 31
0.0
100
AcDbText
 73
2
  0
LINE
  5
41B
330
BE
100
AcDbEntity
 67
1
  8
A-TABLAS
100
AcDbLine
 10
141.0
 20
247.89999999999998
 30
0.0
 11
141.0
 21
243.29999999999998
 31
0.0
  0
TEXT
  5
41C
330
BE
100
AcDbEntity
 67
1
  8
A-TEXTO
100
AcDbText
 10
147.0
 20
245.59999999999997
 30
0.0
 40
1.6
  1
8
  7
ARIAL
 72
1
 11
147.0
 21
245.59999999999997
 31
0.0
100
AcDbText
 73
2
  0
LINE
  5
41D
330
BE
100
AcDbEntity
 67
1
  8
A-TABLAS
100
AcDbLine
 10
153.0
 20
247.89999999999998
 30
0.0
 11
153.0
 21
243.29999999999998
 31
0.0
  0
TEXT
  5
41E
330
BE
100
AcDbEntity
 67
1
  8
A-TEXTO
100
AcDbText
 10
159.0
 20
245.59999999999997
 30
0.0
 40
1.6
  1
8
  7
ARIAL
 72
1
 11
159.0
 21
245.59999999999997
 31
0.0
100
AcDbText
 73
2
  0
LINE
  5
41F
330
BE
100
AcDbEntity
 67
1
  8
A-TABLAS
100
AcDbLine
 10
165.0
 20
247.89999999999998
 30
0.0
 11
165.0
 21
243.29999999999998
 31
0.0
  0
TEXT
  5
420
330
BE
100
AcDbEntity
 67
1
  8
A-TEXTO
100
AcDbText
 10
171.0
 20
245.59999999999997
 30
0.0
 40
1.6
  1
8
  7
ARIAL
 72
1
 11
171.0
 21
245.59999999999997
 31
0.0
100
AcDbText
 73
2
  0
LINE
  5
421
330
BE
100
AcDbEntity
 67
1
  8
A-TABLAS
100
AcDbLine
 10
177.0
 20
247.89999999999998
 30
0.0
 11
177.0
 21
243.29999999999998
 31
0.0
  0
TEXT
  5
422
330
BE
100
AcDbEntity
 67
1
  8
A-TEXTO
100
AcDbText
 10
182.5
 20
245.59999999999997
 30
0.0
 40
1.6
  1
0,5
  7
ARIAL
 72
1
 11
182.5
 21
245.59999999999997
 31
0.0
100
AcDbText
 73
2
  0
LINE
  5
423
330
BE
100
AcDbEntity
 67
1
  8
A-TABLAS
100
AcDbLine
 10
188.0
 20
247.89999999999998
 30
0.0
 11
188.0
 21
243.29999999999998
 31
0.0
  0
TEXT
  5
424
330
BE
100
AcDbEntity
 67
1
  8
A-TEXTO
100
AcDbText
 10
194.0
 20
245.59999999999997
 30
0.0
 40
1.6
  1
240
  7
ARIAL
 72
1
 11
194.0
 21
245.59999999999997
 31
0.0
100
AcDbText
 73
2
  0
LINE
  5
425
330
BE
100
AcDbEntity
 67
1
  8
A-TABLAS
100
AcDbLine
 10
200.0
 20
247.89999999999998
 30
0.0
 11
200.0
 21
243.29999999999998
 31
0.0
  0
TEXT
  5
426
330
BE
100
AcDbEntity
 67
1
  8
A-TEXTO
100
AcDbText
 10
208.0
 20
245.59999999999997
 30
0.0
 40
1.6
  1
-
  7
ARIAL
 72
1
 11
208.0
 21
245.59999999999997
 31
0.0
100
AcDbText
 73
2
  0
LINE
  5
427
330
BE
100
AcDbEntity
 67
1
  8
A-TABLAS
100
AcDbLine
 10
216.0
 20
247.89999999999998
 30
0.0
 11
216.0
 21
243.29999999999998
 31
0.0
  0
TEXT
  5
428
330
BE
100
AcDbEntity
 67
1
  8
A-TEXTO
100
AcDbText
 10
224.0
 20
245.59999999999997
 30
0.0
 40
1.6
  1
-
  7
ARIAL
 72
1
 11
224.0
 21
245.59999999999997
 31
0.0
100
AcDbText
 73
2
  0
LINE
  5
429
330
BE
100
AcDbEntity
 67
1
  8
A-TABLAS
100
AcDbLine
 10
232.0
 20
247.89999999999998
 30
0.0
 11
232.0
 21
243.29999999999998
 31
0.0
  0
TEXT
  5
42A
330
BE
100
AcDbEntity
 67
1
  8
A-TEXTO
100
AcDbText
 10
239.5
 20
245.59999999999997
 30
0.0
 40
1.6
  1
-
  7
ARIAL
 72
1
 11
239.5
 21
245.59999999999997
 31
0.0
100
AcDbText
 73
2
  0
LINE
  5
42B
330
BE
100
AcDbEntity
 67
1
  8
A-TABLAS
100
AcDbLine
 10
247.0
 20
247.89999999999998
 30
0.0
 11
247.0
 21
243.29999999999998
 31
0.0
  0
TEXT
  5
42C
330
BE
100
AcDbEntity
 67
1
  8
A-TEXTO
100
AcDbText
 10
252.5
 20
245.59999999999997
 30
0.0
 40
1.6
  1
19
  7
ARIAL
 72
1
 11
252.5
 21
245.59999999999997
 31
0.0
100
AcDbText
 73
2
  0
LINE
  5
42D
330
BE
100
AcDbEntity
 67
1
  8
A-TABLAS
100
AcDbLine
 10
258.0
 20
247.89999999999998
 30
0.0
 11
258.0
 21
243.29999999999998
 31
0.0
  0
TEXT
  5
42E
330
BE
100
AcDbEntity
 67
1
  8
A-TEXTO
100
AcDbText
 10
268.0
 20
245.59999999999997
 30
0.0
 40
1.6
  1
CH
  7
ARIAL
 72
1
 11
268.0
 21
245.59999999999997
 31
0.0
100
AcDbText
 73
2
  0
LINE
  5
42F
330
BE
100
AcDbEntity
 67
1
  8
A-TABLAS
100
AcDbLine
 10
35.0
 20
243.29999999999998
 30
0.0
 11
278.0
 21
243.29999999999998
 31
0.0
  0
LINE
  5
430
330
BE
100
AcDbEntity
 67
1
  8
A-TABLAS
100
AcDbLine
 10
49.0
 20
243.29999999999998
 30
0.0
 11
49.0
 21
238.7
 31
0.0
  0
TEXT
  5
431
330
BE
100
AcDbEntity
 67
1
  8
A-TEXTO
100
AcDbText
 10
50.5
 20
241.0
 30
0.0
 40
1.6
  1
TOTAL POR FASE (VA)
  7
ARIAL
 11
50.5
 21
241.0
 31
0.0
100
AcDbText
 73
2
  0
LINE
  5
432
330
BE
100
AcDbEntity
 67
1
  8
A-TABLAS
100
AcDbLine
 10
200.0
 20
243.29999999999998
 30
0.0
 11
200.0
 21
238.7
 31
0.0
  0
TEXT
  5
433
330
BE
100
AcDbEntity
 67
1
  8
A-TEXTO
100
AcDbText
 10
208.0
 20
241.0
 30
0.0
 40
1.6
  1
10.000
  7
ARIAL
 72
1
 11
208.0
 21
241.0
 31
0.0
100
AcDbText
 73
2
  0
LINE
  5
434
330
BE
100
AcDbEntity
 67
1
  8
A-TABLAS
100
AcDbLine
 10
216.0
 20
243.29999999999998
 30
0.0
 11
216.0
 21
238.7
 31
0.0
  0
TEXT
  5
435
330
BE
100
AcDbEntity
 67
1
  8
A-TEXTO
100
AcDbText
 10
224.0
 20
241.0
 30
0.0
 40
1.6
  1
10.000
  7
ARIAL
 72
1
 11
224.0
 21
241.0
 31
0.0
100
AcDbText
 73
2
  0
LINE
  5
436
330
BE
100
AcDbEntity
 67
1
  8
A-TABLAS
100
AcDbLine
 10
232.0
 20
243.29999999999998
 30
0.0
 11
232.0
 21
238.7
 31
0.0
  0
LINE
  5
437
330
BE
100
AcDbEntity
 67
1
  8
A-TABLAS
100
AcDbLine
 10
247.0
 20
243.29999999999998
 30
0.0
 11
247.0
 21
238.7
 31
0.0
  0
LINE
  5
438
330
BE
100
AcDbEntity
 67
1
  8
A-TABLAS
100
AcDbLine
 10
258.0
 20
243.29999999999998
 30
0.0
 11
258.0
 21
238.7
 31
0.0
  0
MTEXT
  5
439
330
BE
100
AcDbEntity
 67
1
  8
A-TEXTO
100
AcDbMText
 10
35.0
 20
235.7
 30
0.0
 40
1.7
 41
245.0
 71
1
  1
CONDUCTORES THHN DE COBRE (AWG). CAÍDA DE TENSIÓN %CT = 2 L I R / V CON LA RESISTENCIA POR CONDUCTOR DE CADA CALIBRE.
  7
ARIAL
  0
TEXT
  5
43A
330
BE
100
AcDbEntity
 67
1
  8
A-TITULOS
100
AcDbText
 10
300.0
 20
420.0
 30
0.0
 40
3.5
  1
NOTAS ELÉCTRICAS
  7
ARIAL
 11
300.0
 21
420.0
 31
0.0
100
AcDbText
 73
3
  0
TEXT
  5
43B
330
BE
100
AcDbEntity
 67
1
  8
A-TITULOS
100
AcDbText
 10
300.0
 20
413.0
 30
0.0
 40
2.6
  1
NOTAS GENERALES
  7
ARIAL
 11
300.0
 21
413.0
 31
0.0
100
AcDbText
 73
3
  0
MTEXT
  5
43C
330
BE
100
AcDbEntity
 67
1
  8
A-NOTAS
100
AcDbMText
 10
300.0
 20
408.5
 30
0.0
 40
1.8
 41
200.0
 71
1
  1
LAS INSTALACIONES ELÉCTRICAS SE REALIZARÁN DE ACUERDO CON LA NORMATIVA ELÉCTRICA VIGENTE Y LAS REGULACIONES DE LA EMPRESA DISTRIBUIDORA.
  7
ARIAL
  0
MTEXT
  5
43D
330
BE
100
AcDbEntity
 67
1
  8
A-NOTAS
100
AcDbMText
 10
300.0
 20
401.84
 30
0.0
 40
1.8
 41
200.0
 71
1
  1
CUALQUIER CAMBIO O ADICIONAL PODRÁ REALIZARSE BAJO LA AUTORIZACIÓN DEL INGENIERO DISEÑADOR, QUIEN EVALUARÁ LOS CAMBIOS.
  7
ARIAL
  0
MTEXT
  5
43E
330
BE
100
AcDbEntity
 67
1
  8
A-NOTAS
100
AcDbMText
 10
300.0
 20
395.17999999999995
 30
0.0
 40
1.8
 41
200.0
 71
1
  1
NO SE PERMITIRÁN CAMBIOS SIN LA PRESENTACIÓN Y APROBACIÓN DE LAS FICHAS TÉCNICAS CORRESPONDIENTES. CUALQUIER INSTALACIÓN ESTÁ SUJETA A RECHAZO POR PARTE DEL INSPECTOR SI NO SE PRESENTAN LAS FICHAS DE LOS MATERIALES Y EQUIPOS COMPRADOS.
  7
ARIAL
  0
TEXT
  5
43F
330
BE
100
AcDbEntity
 67
1
  8
A-TITULOS
100
AcDbText
 10
300.0
 20
382.72999999999996
 30
0.0
 40
2.6
  1
CANALIZACIONES
  7
ARIAL
 11
300.0
 21
382.72999999999996
 31
0.0
100
AcDbText
 73
3
  0
MTEXT
  5
440
330
BE
100
AcDbEntity
 67
1
  8
A-NOTAS
100
AcDbMText
 10
300.0
 20
378.22999999999996
 30
0.0
 40
1.8
 41
200.0
 71
1
  1
LAS CANALIZACIONES DE LAS REDES ELÉCTRICAS Y TELEFÓNICAS DEBERÁN COLOCARSE Y UTILIZARSE EN FORMA INDEPENDIENTE, CON EL 40 % DEL ESPACIO (ÁREA TRANSVERSAL) LIBRE EN TODOS SUS PUNTOS.
  7
ARIAL
  0
MTEXT
  5
441
330
BE
100
AcDbEntity
 67
1
  8
A-NOTAS
100
AcDbMText
 10
300.0
 20
371.56999999999994
 30
0.0
 40
1.8
 41
200.0
 71
1
  1
TODAS LAS CANALIZACIONES SE HARÁN CON TUBERÍA CONDUIT PVC CERTIFICADA, DE LOS DIÁMETROS ESPECIFICADOS. LAS CONEXIONES SERÁN CONTINUAS ENTRE CAJA Y CAJA. LA TUBERÍA QUE NO VIAJE EN ESTRUCTURAS CHORREADAS SE SUJETARÁ CON GAZAS CADA 1,5 m COMO MÍNIMO.
  7
ARIAL
  0
MTEXT
  5
442
330
BE
100
AcDbEntity
 67
1
  8
A-NOTAS
100
AcDbMText
 10
300.0
 20
362.11999999999995
 30
0.0
 40
1.8
 41
200.0
 71
1
  1
LAS TUBERÍAS EXPUESTAS QUE VIAJEN A MENOS DE 2,5 m DE ALTURA DEBEN SER METÁLICAS (EMT, RÍGIDO, GALVANIZADO). LAS TUBERÍAS ENTERRADAS EN EXTERIORES SERÁN DE PVC SCH-40.
  7
ARIAL
  0
MTEXT
  5
443
330
BE
100
AcDbEntity
 67
1
  8
A-NOTAS
100
AcDbMText
 10
300.0
 20
355.4599999999999
 30
0.0
 40
1.8
 41
200.0
 71
1
  1
LAS CANALIZACIONES ELÉCTRICAS DE POTENCIA (BAJA TENSIÓN) DEBERÁN IR A UNA PROFUNDIDAD MÍNIMA DE 50 cm, CUBIERTAS CON UNA CAPA DE 10 cm (MÍNIMO) DE ARENA LIMPIA; LAS TELEFÓNICAS A 25 cm MÍNIMO, CUBIERTAS CON 5 cm DE ARENA LIMPIA.
  7
ARIAL
  0
MTEXT
  5
444
330
BE
100
AcDbEntity
 67
1
  8
A-NOTAS
100
AcDbMText
 10
300.0
 20
348.7999999999999
 30
0.0
 40
1.8
 41
200.0
 71
1
  1
LAS UNIONES ENTRE TUBERÍAS, CAJAS Y LÁMPARAS SE HARÁN MEDIANTE ACCESORIOS EMT DE TAMAÑO ADECUADO. LAS TUBERÍAS EN PROCESO DE INSTALACIÓN SE PROTEGERÁN CON TAPONES DE CAUCHO O MADERA.
  7
ARIAL
  0
TEXT
  5
445
330
BE
100
AcDbEntity
 67
1
  8
A-TITULOS
100
AcDbText
 10
508.0
 20
413.0
 30
0.0
 40
2.6
  1
CONDUCTORES ELÉCTRICOS
  7
ARIAL
 11
508.0
 21
413.0
 31
0.0
100
AcDbText
 73
3
  0
MTEXT
  5
446
330
BE
100
AcDbEntity
 67
1
  8
A-NOTAS
100
AcDbMText
 10
508.0
 20
408.5
 30
0.0
 40
1.8
 41
200.0
 71
1
  3
EL CENTRO DE CARGA DEBE SEPARARSE 15 cm (MÍNIMO) DE PAREDES, CAJAS DE DISTRIBUCIÓN TELEFÓNICA, TV, ETC. LA SEPARACIÓN ENTRE DUCTOS TELEFÓNICOS Y ELÉCTRICOS DEBE SER DE 15 cm (MÍNIMO), Y ENTRE CAJAS DE SALIDAS ELÉCTRICAS Y TELEFÓNICAS DE 5 cm (MÍNIMO)
  1
.
  7
ARIAL
  0
MTEXT
  5
447
330
BE
100
AcDbEntity
 67
1
  8
A-NOTAS
100
AcDbMText
 10
508.0
 20
399.05
 30
0.0
 40
1.8
 41
200.0
 71
1
  1
EN TODOS LOS TABLEROS SE DEBERÁ DEJAR AL MENOS UNA PREVISTA CONDUIT DE 19 mm VACÍA POR CADA 10 POLOS DE CAPACIDAD DEL TABLERO.
  7
ARIAL
  0
MTEXT
  5
448
330
BE
100
AcDbEntity
 67
1
  8
A-NOTAS
100
AcDbMText
 10
508.0
 20
392.39
 30
0.0
 40
1.8
 41
200.0
 71
1
  1
LOS CALIBRES 8, 10 Y 12 AWG TENDRÁN AISLAMIENTO DEL COLOR INDICADO; LOS CALIBRES MAYORES, AISLAMIENTO NEGRO CON CINTA DEL COLOR CORRESPONDIENTE EN TODOS LOS TERMINALES: FASE A ROJO, FASE B NEGRO, NEUTRO BLANCO, TIERRA VERDE, RETORNO AZUL.
  7
ARIAL
  0
MTEXT
  5
449
330
BE
100
AcDbEntity
 67
1
  8
A-NOTAS
100
AcDbMText
 10
508.0
 20
382.94
 30
0.0
 40
1.8
 41
200.0
 71
1
  1
LOS CONDUCTORES VIAJARÁN CONTINUOS Y SIN EMPALMES ENTRE CAJA Y CAJA. TODAS LAS LUMINARIAS, TOMACORRIENTES Y APAGADORES LLEVARÁN HILO DE TIERRA (CALIBRE INDICADO EN EL TABLERO).
  7
ARIAL
  0
MTEXT
  5
44A
330
BE
100
AcDbEntity
 67
1
  8
A-NOTAS
100
AcDbMText
 10
508.0
 20
376.28
 30
0.0
 40
1.8
 41
200.0
 71
1
  1
EL VALOR DE RESISTENCIA DE LA MALLA DE TIERRA NO DEBERÁ SER MAYOR A 25 OHM.
  7
ARIAL
  0
TEXT
  5
44B
330
BE
100
AcDbEntity
 67
1
  8
A-TITULOS
100
AcDbText
 10
508.0
 20
369.40999999999997
 30
0.0
 40
2.6
  1
VOZ Y DATOS
  7
ARIAL
 11
508.0
 21
369.40999999999997
 31
0.0
100
AcDbText
 73
3
  0
MTEXT
  5
44C
330
BE
100
AcDbEntity
 67
1
  8
A-NOTAS
100
AcDbMText
 10
508.0
 20
364.90999999999997
 30
0.0
 40
1.8
 41
200.0
 71
1
  1
TODAS LAS SALIDAS DE TELECOMUNICACIONES SE INSTALARÁN EN CAJAS CUADRADAS (2 GANGS) CON ARO DE REPELLO DE UN GANG, CON PROFUNDIDAD NO MENOR A 6,5 cm.
  7
ARIAL
  0
MTEXT
  5
44D
330
BE
100
AcDbEntity
 67
1
  8
A-NOTAS
100
AcDbMText
 10
508.0
 20
358.24999999999994
 30
0.0
 40
1.8
 41
200.0
 71
1
  1
LOS CONDUCTORES DE DATOS SERÁN CAT 6A (MÍNIMO) Y LOS CABLES DE VOZ Y DATOS QUE VIAJEN A MENOS DE 20 cm DE UNA LÍNEA DE POTENCIA SERÁN BLINDADOS. TODAS LAS SALIDAS DE DATOS DEBERÁN IR DEBIDAMENTE ETIQUETADAS Y PROBADAS.
  7
ARIAL
  0
TEXT
  5
44E
330
BE
100
AcDbEntity
 67
1
  8
A-TITULOS
100
AcDbText
 10
300.0
 20
337.1399999999999
 30
0.0
 40
3.5
  1
SIMBOLOGÍA ELÉCTRICA
  7
ARIAL
 11
300.0
 21
337.1399999999999
 31
0.0
100
AcDbText
 73
3
  0
LWPOLYLINE
  5
44F
330
BE
100
AcDbEntity
 67
1
  8
A-TABLAS
100
AcDbPolyline
 90
4
 70
1
 10
300.0
 20
331.1399999999999
 10
466.0
 20
331.1399999999999
 10
466.0
 20
325.53999999999985
 10
300.0
 20
325.53999999999985
  0
LINE
  5
450
330
BE
100
AcDbEntity
 67
1
  8
A-TABLAS
100
AcDbLine
 10
316.0
 20
331.1399999999999
 30
0.0
 11
316.0
 21
325.53999999999985
 31
0.0
  0
CIRCLE
  5
451
330
BE
100
AcDbEntity
 67
1
  8
E-TABLERO
100
AcDbCircle
 10
308.0
 20
328.33999999999986
 30
0.0
 40
2.64
  0
TEXT
  5
452
330
BE
100
AcDbEntity
 67
1
  8
E-TABLERO
100
AcDbText
 10
308.0
 20
328.33999999999986
 30
0.0
 40
2.4200000000000004
  1
M
  7
ARIAL
 72
1
 11
308.0
 21
328.33999999999986
 31
0.0
100
AcDbText
 73
2
  0
TEXT
  5
453
330
BE
100
AcDbEntity
 67
1
  8
A-TEXTO
100
AcDbText
 10
317.5
 20
328.33999999999986
 30
0.0
 40
1.9
  1
MEDIDOR ELÉCTRICO A 1,90 m S.N.P.T.
  7
ARIAL
 11
317.5
 21
328.33999999999986
 31
0.0
100
AcDbText
 73
2
  0
LWPOLYLINE
  5
454
330
BE
100
AcDbEntity
 67
1
  8
A-TABLAS
100
AcDbPolyline
 90
4
 70
1
 10
300.0
 20
325.53999999999985
 10
466.0
 20
325.53999999999985
 10
466.0
 20
319.9399999999998
 10
300.0
 20
319.9399999999998
  0
LINE
  5
455
330
BE
100
AcDbEntity
 67
1
  8
A-TABLAS
100
AcDbLine
 10
316.0
 20
325.53999999999985
 30
0.0
 11
316.0
 21
319.9399999999998
 31
0.0
  0
LWPOLYLINE
  5
456
330
BE
100
AcDbEntity
 67
1
  8
E-TABLERO
100
AcDbPolyline
 90
4
 70
1
 10
303.82
 20
321.40999999999985
 10
312.18
 20
321.40999999999985
 10
312.18
 20
324.0699999999998
 10
303.82
 20
324.0699999999998
  0
HATCH
  5
457
330
BE
100
AcDbEntity
 67
1
  8
E-TABLERO
 62
7
100
AcDbHatch
 10
0.0
 20
0.0
 30
0.0
210
0.0
220
0.0
230
1.0
  2
SOLID
 70
1
 71
0
 91
1
 92
3
 72
0
 73
1
 93
3
 10
303.82
 20
321.40999999999985
 10
312.18
 20
321.40999999999985
 10
312.18
 20
324.0699999999998
 97
0
 75
0
 76
1
 98
0
  0
TEXT
  5
458
330
BE
100
AcDbEntity
 67
1
  8
A-TEXTO
100
AcDbText
 10
317.5
 20
322.73999999999984
 30
0.0
 40
1.9
  1
TABLERO DE DISTRIBUCIÓN ELÉCTRICA
  7
ARIAL
 11
317.5
 21
322.73999999999984
 31
0.0
100
AcDbText
 73
2
  0
LWPOLYLINE
  5
459
330
BE
100
AcDbEntity
 67
1
  8
A-TABLAS
100
AcDbPolyline
 90
4
 70
1
 10
300.0
 20
319.9399999999998
 10
466.0
 20
319.9399999999998
 10
466.0
 20
314.3399999999998
 10
300.0
 20
314.3399999999998
  0
LINE
  5
45A
330
BE
100
AcDbEntity
 67
1
  8
A-TABLAS
100
AcDbLine
 10
316.0
 20
319.9399999999998
 30
0.0
 11
316.0
 21
314.3399999999998
 31
0.0
  0
LWPOLYLINE
  5
45B
330
BE
100
AcDbEntity
 67
1
  8
E-TABLERO
100
AcDbPolyline
 90
4
 70
1
 10
303.82
 20
315.80999999999983
 10
312.18
 20
315.80999999999983
 10
312.18
 20
318.4699999999998
 10
303.82
 20
318.4699999999998
  0
HATCH
  5
45C
330
BE
100
AcDbEntity
 67
1
  8
E-TABLERO
 62
7
100
AcDbHatch
 10
0.0
 20
0.0
 30
0.0
210
0.0
220
0.0
230
1.0
  2
SOLID
 70
1
 71
0
 91
1
 92
3
 72
0
 73
1
 93
3
 10
303.82
 20
315.80999999999983
 10
308.0
 20
317.1399999999998
 10
303.82
 20
318.4699999999998
 97
0
 75
0
 76
1
 98
0
  0
HATCH
  5
45D
330
BE
100
AcDbEntity
 67
1
  8
E-TABLERO
 62
7
100
AcDbHatch
 10
0.0
 20
0.0
 30
0.0
210
0.0
220
0.0
230
1.0
  2
SOLID
 70
1
 71
0
 91
1
 92
3
 72
0
 73
1
 93
3
 10
312.18
 20
315.80999999999983
 10
308.0
 20
317.1399999999998
 10
312.18
 20
318.4699999999998
 97
0
 75
0
 76
1
 98
0
  0
TEXT
  5
45E
330
BE
100
AcDbEntity
 67
1
  8
A-TEXTO
100
AcDbText
 10
317.5
 20
317.1399999999998
 30
0.0
 40
1.9
  1
TABLERO DE DISTRIBUCIÓN DE VOZ Y DATOS
  7
ARIAL
 11
317.5
 21
317.1399999999998
 31
0.0
100
AcDbText
 73
2
  0
LWPOLYLINE
  5
45F
330
BE
100
AcDbEntity
 67
1
  8
A-TABLAS
100
AcDbPolyline
 90
4
 70
1
 10
300.0
 20
314.3399999999998
 10
466.0
 20
314.3399999999998
 10
466.0
 20
308.7399999999998
 10
300.0
 20
308.7399999999998
  0
LINE
  5
460
330
BE
100
AcDbEntity
 67
1
  8
A-TABLAS
100
AcDbLine
 10
316.0
 20
314.3399999999998
 30
0.0
 11
316.0
 21
308.7399999999998
 31
0.0
  0
CIRCLE
  5
461
330
BE
100
AcDbEntity
 67
1
  8
E-LUM
100
AcDbCircle
 10
308.0
 20
311.5399999999998
 30
0.0
 40
2.2
  0
CIRCLE
  5
462
330
BE
100
AcDbEntity
 67
1
  8
E-LUM
100
AcDbCircle
 10
308.0
 20
311.5399999999998
 30
0.0
 40
1.32
  0
TEXT
  5
463
330
BE
100
AcDbEntity
 67
1
  8
A-TEXTO
100
AcDbText
 10
317.5
 20
311.5399999999998
 30
0.0
 40
1.9
  1
LUMINARIA EN SUPERFICIE DE CIELO
  7
ARIAL
 11
317.5
 21
311.5399999999998
 31
0.0
100
AcDbText
 73
2
  0
LWPOLYLINE
  5
464
330
BE
100
AcDbEntity
 67
1
  8
A-TABLAS
100
AcDbPolyline
 90
4
 70
1
 10
300.0
 20
308.7399999999998
 10
466.0
 20
308.7399999999998
 10
466.0
 20
303.13999999999976
 10
300.0
 20
303.13999999999976
  0
LINE
  5
465
330
BE
100
AcDbEntity
 67
1
  8
A-TABLAS
100
AcDbLine
 10
316.0
 20
308.7399999999998
 30
0.0
 11
316.0
 21
303.13999999999976
 31
0.0
  0
CIRCLE
  5
466
330
BE
100
AcDbEntity
 67
1
  8
E-LUM
100
AcDbCircle
 10
308.0
 20
305.93999999999977
 30
0.0
 40
2.2
  0
LINE
  5
467
330
BE
100
AcDbEntity
 67
1
  8
E-LUM
100
AcDbLine
 10
309.21
 20
305.93999999999977
 30
0.0
 11
310.2
 21
305.93999999999977
 31
0.0
  0
LINE
  5
468
330
BE
100
AcDbEntity
 67
1
  8
E-LUM
100
AcDbLine
 10
306.79
 20
305.93999999999977
 30
0.0
 11
305.8
 21
305.93999999999977
 31
0.0
  0
LINE
  5
469
330
BE
100
AcDbEntity
 67
1
  8
E-LUM
100
AcDbLine
 10
308.0
 20
307.14999999999975
 30
0.0
 11
308.0
 21
308.13999999999976
 31
0.0
  0
LINE
  5
46A
330
BE
100
AcDbEntity
 67
1
  8
E-LUM
100
AcDbLine
 10
308.0
 20
304.7299999999998
 30
0.0
 11
308.0
 21
303.7399999999998
 31
0.0
  0
TEXT
  5
46B
330
BE
100
AcDbEntity
 67
1
  8
A-TEXTO
100
AcDbText
 10
317.5
 20
305.93999999999977
 30
0.0
 40
1.9
  1
LUMINARIA EMPOTRADA EN CIELO DE GYPSUM
  7
ARIAL
 11
317.5
 21
305.93999999999977
 31
0.0
100
AcDbText
 73
2
  0
LWPOLYLINE
  5
46C
330
BE
100
AcDbEntity
 67
1
  8
A-TABLAS
100
AcDbPolyline
 90
4
 70
1
 10
300.0
 20
303.13999999999976
 10
466.0
 20
303.13999999999976
 10
466.0
 20
297.53999999999974
 10
300.0
 20
297.53999999999974
  0
LINE
  5
46D
330
BE
100
AcDbEntity
 67
1
  8
A-TABLAS
100
AcDbLine
 10
316.0
 20
303.13999999999976
 30
0.0
 11
316.0
 21
297.53999999999974
 31
0.0
  0
CIRCLE
  5
46E
330
BE
100
AcDbEntity
 67
1
  8
E-LUM
100
AcDbCircle
 10
308.0
 20
300.33999999999975
 30
0.0
 40
1.7600000000000002
  0
LINE
  5
46F
330
BE
100
AcDbEntity
 67
1
  8
E-LUM
100
AcDbLine
 10
305.36
 20
300.33999999999975
 30
0.0
 11
310.64
 21
300.33999999999975
 31
0.0
  0
LINE
  5
470
330
BE
100
AcDbEntity
 67
1
  8
E-LUM
100
AcDbLine
 10
308.0
 20
298.57999999999976
 30
0.0
 11
308.0
 21
296.81999999999977
 31
0.0
  0
LINE
  5
471
330
BE
100
AcDbEntity
 67
1
  8
E-LUM
100
AcDbLine
 10
306.24
 20
296.81999999999977
 30
0.0
 11
309.76
 21
296.81999999999977
 31
0.0
  0
TEXT
  5
472
330
BE
100
AcDbEntity
 67
1
  8
A-TEXTO
100
AcDbText
 10
317.5
 20
300.33999999999975
 30
0.0
 40
1.9
  1
LUMINARIA EN PARED (APLIQUE)
  7
ARIAL
 11
317.5
 21
300.33999999999975
 31
0.0
100
AcDbText
 73
2
  0
LWPOLYLINE
  5
473
330
BE
100
AcDbEntity
 67
1
  8
A-TABLAS
100
AcDbPolyline
 90
4
 70
1
 10
300.0
 20
297.53999999999974
 10
466.0
 20
297.53999999999974
 10
466.0
 20
291.9399999999997
 10
300.0
 20
291.9399999999997
  0
LINE
  5
474
330
BE
100
AcDbEntity
 67
1
  8
A-TABLAS
100
AcDbLine
 10
316.0
 20
297.53999999999974
 30
0.0
 11
316.0
 21
291.9399999999997
 31
0.0
  0
TEXT
  5
475
330
BE
100
AcDbEntity
 67
1
  8
E-APAG
100
AcDbText
 10
308.0
 20
294.7399999999997
 30
0.0
 40
4.18
  1
$
  7
ARIAL
 72
1
 11
308.0
 21
294.7399999999997
 31
0.0
100
AcDbText
 73
2
  0
TEXT
  5
476
330
BE
100
AcDbEntity
 67
1
  8
A-TEXTO
100
AcDbText
 10
317.5
 20
294.7399999999997
 30
0.0
 40
1.9
  1
APAGADOR SENCILLO 15 A, 120 V, A 1,30 m S.N.P.T.
  7
ARIAL
 11
317.5
 21
294.7399999999997
 31
0.0
100
AcDbText
 73
2
  0
LWPOLYLINE
  5
477
330
BE
100
AcDbEntity
 67
1
  8
A-TABLAS
100
AcDbPolyline
 90
4
 70
1
 10
300.0
 20
291.9399999999997
 10
466.0
 20
291.9399999999997
 10
466.0
 20
286.3399999999997
 10
300.0
 20
286.3399999999997
  0
LINE
  5
478
330
BE
100
AcDbEntity
 67
1
  8
A-TABLAS
100
AcDbLine
 10
316.0
 20
291.9399999999997
 30
0.0
 11
316.0
 21
286.3399999999997
 31
0.0
  0
TEXT
  5
479
330
BE
100
AcDbEntity
 67
1
  8
E-APAG
100
AcDbText
 10
308.0
 20
289.1399999999997
 30
0.0
 40
4.18
  1
$
  7
ARIAL
 72
1
 11
308.0
 21
289.1399999999997
 31
0.0
100
AcDbText
 73
2
  0
TEXT
  5
47A
330
BE
100
AcDbEntity
 67
1
  8
E-APAG
100
AcDbText
 10
309.98
 20
287.3799999999997
 30
0.0
 40
1.7600000000000002
  1
3
  7
ARIAL
 72
1
 11
309.98
 21
287.3799999999997
 31
0.0
100
AcDbText
 73
2
  0
TEXT
  5
47B
330
BE
100
AcDbEntity
 67
1
  8
A-TEXTO
100
AcDbText
 10
317.5
 20
289.1399999999997
 30
0.0
 40
1.9
  1
APAGADOR DE TRES VÍAS 20 A, 120 V, A 1,30 m S.N.P.T.
  7
ARIAL
 11
317.5
 21
289.1399999999997
 31
0.0
100
AcDbText
 73
2
  0
LWPOLYLINE
  5
47C
330
BE
100
AcDbEntity
 67
1
  8
A-TABLAS
100
AcDbPolyline
 90
4
 70
1
 10
300.0
 20
286.3399999999997
 10
466.0
 20
286.3399999999997
 10
466.0
 20
280.73999999999967
 10
300.0
 20
280.73999999999967
  0
LINE
  5
47D
330
BE
100
AcDbEntity
 67
1
  8
A-TABLAS
100
AcDbLine
 10
316.0
 20
286.3399999999997
 30
0.0
 11
316.0
 21
280.73999999999967
 31
0.0
  0
CIRCLE
  5
47E
330
BE
100
AcDbEntity
 67
1
  8
E-TOMA
100
AcDbCircle
 10
308.0
 20
283.5399999999997
 30
0.0
 40
1.7600000000000002
  0
LINE
  5
47F
330
BE
100
AcDbEntity
 67
1
  8
E-TOMA
100
AcDbLine
 10
307.34
 20
281.7799999999997
 30
0.0
 11
307.34
 21
286.3999999999997
 31
0.0
  0
LINE
  5
480
330
BE
100
AcDbEntity
 67
1
  8
E-TOMA
100
AcDbLine
 10
308.66
 20
281.7799999999997
 30
0.0
 11
308.66
 21
286.3999999999997
 31
0.0
  0
TEXT
  5
481
330
BE
100
AcDbEntity
 67
1
  8
A-TEXTO
100
AcDbText
 10
317.5
 20
283.5399999999997
 30
0.0
 40
1.9
  1
TOMACORRIENTE DOBLE POLARIZADO 120 V, 20 A, A 0,30 m S.N.P.T.
  7
ARIAL
 11
317.5
 21
283.5399999999997
 31
0.0
100
AcDbText
 73
2
  0
LWPOLYLINE
  5
482
330
BE
100
AcDbEntity
 67
1
  8
A-TABLAS
100
AcDbPolyline
 90
4
 70
1
 10
300.0
 20
280.73999999999967
 10
466.0
 20
280.73999999999967
 10
466.0
 20
275.13999999999965
 10
300.0
 20
275.13999999999965
  0
LINE
  5
483
330
BE
100
AcDbEntity
 67
1
  8
A-TABLAS
100
AcDbLine
 10
316.0
 20
280.73999999999967
 30
0.0
 11
316.0
 21
275.13999999999965
 31
0.0
  0
CIRCLE
  5
484
330
BE
100
AcDbEntity
 67
1
  8
E-TOMA
100
AcDbCircle
 10
308.0
 20
277.93999999999966
 30
0.0
 40
1.7600000000000002
  0
LINE
  5
485
330
BE
100
AcDbEntity
 67
1
  8
E-TOMA
100
AcDbLine
 10
307.34
 20
276.17999999999967
 30
0.0
 11
307.34
 21
280.79999999999967
 31
0.0
  0
LINE
  5
486
330
BE
100
AcDbEntity
 67
1
  8
E-TOMA
100
AcDbLine
 10
308.66
 20
276.17999999999967
 30
0.0
 11
308.66
 21
280.79999999999967
 31
0.0
  0
HATCH
  5
487
330
BE
100
AcDbEntity
 67
1
  8
E-TOMA
 62
7
100
AcDbHatch
 10
0.0
 20
0.0
 30
0.0
210
0.0
220
0.0
230
1.0
  2
SOLID
 70
1
 71
0
 91
1
 92
3
 72
0
 73
1
 93
4
 10
307.34
 20
276.2899999999997
 10
308.66
 20
276.2899999999997
 10
308.66
 20
279.58999999999963
 10
307.34
 20
279.58999999999963
 97
0
 75
0
 76
1
 98
0
  0
TEXT
  5
488
330
BE
100
AcDbEntity
 67
1
  8
A-TEXTO
100
AcDbText
 10
317.5
 20
277.93999999999966
 30
0.0
 40
1.9
  1
TOMACORRIENTE DOBLE POLARIZADO 120 V, 20 A, A 1,50 m S.N.P.T.
  7
ARIAL
 11
317.5
 21
277.93999999999966
 31
0.0
100
AcDbText
 73
2
  0
LWPOLYLINE
  5
489
330
BE
100
AcDbEntity
 67
1
  8
A-TABLAS
100
AcDbPolyline
 90
4
 70
1
 10
300.0
 20
275.13999999999965
 10
466.0
 20
275.13999999999965
 10
466.0
 20
269.5399999999996
 10
300.0
 20
269.5399999999996
  0
LINE
  5
48A
330
BE
100
AcDbEntity
 67
1
  8
A-TABLAS
100
AcDbLine
 10
316.0
 20
275.13999999999965
 30
0.0
 11
316.0
 21
269.5399999999996
 31
0.0
  0
CIRCLE
  5
48B
330
BE
100
AcDbEntity
 67
1
  8
E-TOMA
100
AcDbCircle
 10
308.0
 20
272.33999999999963
 30
0.0
 40
1.7600000000000002
  0
LINE
  5
48C
330
BE
100
AcDbEntity
 67
1
  8
E-TOMA
100
AcDbLine
 10
307.34
 20
270.57999999999964
 30
0.0
 11
307.34
 21
275.19999999999965
 31
0.0
  0
LINE
  5
48D
330
BE
100
AcDbEntity
 67
1
  8
E-TOMA
100
AcDbLine
 10
308.66
 20
270.57999999999964
 30
0.0
 11
308.66
 21
275.19999999999965
 31
0.0
  0
TEXT
  5
48E
330
BE
100
AcDbEntity
 67
1
  8
E-TOMA
100
AcDbText
 10
309.98
 20
270.3599999999996
 30
0.0
 40
1.2100000000000002
  1
GFCI
  7
ARIAL
 11
309.98
 21
270.3599999999996
 31
0.0
100
AcDbText
 73
2
  0
TEXT
  5
48F
330
BE
100
AcDbEntity
 67
1
  8
A-TEXTO
100
AcDbText
 10
317.5
 20
272.33999999999963
 30
0.0
 40
1.9
  1
TOMACORRIENTE DOBLE 120 V, 20 A, CON PROTECCIÓN GFCI
  7
ARIAL
 11
317.5
 21
272.33999999999963
 31
0.0
100
AcDbText
 73
2
  0
LWPOLYLINE
  5
490
330
BE
100
AcDbEntity
 67
1
  8
A-TABLAS
100
AcDbPolyline
 90
4
 70
1
 10
300.0
 20
269.5399999999996
 10
466.0
 20
269.5399999999996
 10
466.0
 20
263.9399999999996
 10
300.0
 20
263.9399999999996
  0
LINE
  5
491
330
BE
100
AcDbEntity
 67
1
  8
A-TABLAS
100
AcDbLine
 10
316.0
 20
269.5399999999996
 30
0.0
 11
316.0
 21
263.9399999999996
 31
0.0
  0
CIRCLE
  5
492
330
BE
100
AcDbEntity
 67
1
  8
E-TOMA
100
AcDbCircle
 10
308.0
 20
266.7399999999996
 30
0.0
 40
1.7600000000000002
  0
HATCH
  5
493
330
BE
100
AcDbEntity
 67
1
  8
E-TOMA
 62
7
100
AcDbHatch
 10
0.0
 20
0.0
 30
0.0
210
0.0
220
0.0
230
1.0
  2
SOLID
 70
1
 71
0
 91
1
 92
3
 72
0
 73
1
 93
3
 10
306.79
 20
265.7499999999996
 10
309.21
 20
265.7499999999996
 10
308.0
 20
268.0599999999996
 97
0
 75
0
 76
1
 98
0
  0
TEXT
  5
494
330
BE
100
AcDbEntity
 67
1
  8
A-TEXTO
100
AcDbText
 10
317.5
 20
266.7399999999996
 30
0.0
 40
1.9
  1
SALIDA ESPECIAL 240 V (VER CUADRO DE TABLEROS, E04)
  7
ARIAL
 11
317.5
 21
266.7399999999996
 31
0.0
100
AcDbText
 73
2
  0
LWPOLYLINE
  5
495
330
BE
100
AcDbEntity
 67
1
  8
A-TABLAS
100
AcDbPolyline
 90
4
 70
1
 10
300.0
 20
263.9399999999996
 10
466.0
 20
263.9399999999996
 10
466.0
 20
258.3399999999996
 10
300.0
 20
258.3399999999996
  0
LINE
  5
496
330
BE
100
AcDbEntity
 67
1
  8
A-TABLAS
100
AcDbLine
 10
316.0
 20
263.9399999999996
 30
0.0
 11
316.0
 21
258.3399999999996
 31
0.0
  0
CIRCLE
  5
497
330
BE
100
AcDbEntity
 67
1
  8
E-VD
100
AcDbCircle
 10
308.0
 20
261.1399999999996
 30
0.0
 40
1.7600000000000002
  0
TEXT
  5
498
330
BE
100
AcDbEntity
 67
1
  8
E-VD
100
AcDbText
 10
308.0
 20
261.1399999999996
 30
0.0
 40
1.32
  1
TV
  7
ARIAL
 72
1
 11
308.0
 21
261.1399999999996
 31
0.0
100
AcDbText
 73
2
  0
TEXT
  5
499
330
BE
100
AcDbEntity
 67
1
  8
A-TEXTO
100
AcDbText
 10
317.5
 20
261.1399999999996
 30
0.0
 40
1.9
  1
SALIDA DE TELEVISIÓN
  7
ARIAL
 11
317.5
 21
261.1399999999996
 31
0.0
100
AcDbText
 73
2
  0
LWPOLYLINE
  5
49A
330
BE
100
AcDbEntity
 67
1
  8
A-TABLAS
100
AcDbPolyline
 90
4
 70
1
 10
300.0
 20
258.3399999999996
 10
466.0
 20
258.3399999999996
 10
466.0
 20
252.73999999999958
 10
300.0
 20
252.73999999999958
  0
LINE
  5
49B
330
BE
100
AcDbEntity
 67
1
  8
A-TABLAS
100
AcDbLine
 10
316.0
 20
258.3399999999996
 30
0.0
 11
316.0
 21
252.73999999999958
 31
0.0
  0
HATCH
  5
49C
330
BE
100
AcDbEntity
 67
1
  8
E-VD
 62
7
100
AcDbHatch
 10
0.0
 20
0.0
 30
0.0
210
0.0
220
0.0
230
1.0
  2
SOLID
 70
1
 71
0
 91
1
 92
3
 72
0
 73
1
 93
3
 10
306.24
 20
254.21999999999957
 10
309.76
 20
254.21999999999957
 10
308.0
 20
257.29999999999956
 97
0
 75
0
 76
1
 98
0
  0
TEXT
  5
49D
330
BE
100
AcDbEntity
 67
1
  8
A-TEXTO
100
AcDbText
 10
317.5
 20
255.53999999999957
 30
0.0
 40
1.9
  1
SALIDA DE VOZ Y DATOS
  7
ARIAL
 11
317.5
 21
255.53999999999957
 31
0.0
100
AcDbText
 73
2
  0
MTEXT
  5
49E
330
BE
100
AcDbEntity
 67
1
  8
A-NOTAS
100
AcDbMText
 10
480.0
 20
337.1399999999999
 30
0.0
 40
1.9
 41
225.0
 71
1
  1
LÁMINAS RELACIONADAS: E01 (NIVEL 1), E02 (NIVEL 2) Y E03 (NIVEL 3).
  7
ARIAL
  0
INSERT
  5
4E6
330
BE
100
AcDbEntity
 67
1
  8
A-CAJETIN
100
AcDbBlockReference
 66
1
  2
CAJETIN_A1
 10
711.0
 20
10.0
 30
0.0
  0
ATTRIB
  5
4E8
330
BE
100
AcDbEntity
 67
1
  8
A-CAJETIN-TXT
100
AcDbText
 10
771.0
 20
261.6
 30
0.0
 40
3.2
  1
CivilCon Diseño y Construcción SRLTDA
  7
ARIAL
 72
1
 11
771.0
 21
261.6
 31
0.0
100
AcDbAttribute
  2
EMPRESA
 70
0
 74
3
 71
1
 72
0
 11
771.0
 21
261.6
 31
0.0
  0
ATTRIB
  5
4E9
330
BE
100
AcDbEntity
 67
1
  8
A-CAJETIN-TXT
100
AcDbText
 10
771.0
 20
255.6
 30
0.0
 40
2.5
  1
Céd. Jurídica: 3-102-762712
  7
ARIAL
 72
1
 11
771.0
 21
255.6
 31
0.0
100
AcDbAttribute
  2
EMPRESA_CED
 70
0
 74
3
 71
1
 72
0
 11
771.0
 21
255.6
 31
0.0
  0
ATTRIB
  5
4EA
330
BE
100
AcDbEntity
 67
1
  8
A-CAJETIN-TXT
100
AcDbText
 10
714.0
 20
240.1
 30
0.0
 40
2.6
  1
DIRECTOR TÉCNICO:
  7
ARIAL
 11
714.0
 21
240.1
 31
0.0
100
AcDbAttribute
  2
PROF_1
 70
0
 74
3
 71
1
 72
0
 11
714.0
 21
240.1
 31
0.0
  0
ATTRIB
  5
4EB
330
BE
100
AcDbEntity
 67
1
  8
A-CAJETIN-TXT
100
AcDbText
 10
714.0
 20
235.6
 30
0.0
 40
2.6
  1
Steven Viales (Civil) IC-40759
  7
ARIAL
 11
714.0
 21
235.6
 31
0.0
100
AcDbAttribute
  2
PROF_2
 70
0
 74
3
 71
1
 72
0
 11
714.0
 21
235.6
 31
0.0
  0
ATTRIB
  5
4EC
330
BE
100
AcDbEntity
 67
1
  8
A-CAJETIN-TXT
100
AcDbText
 10
714.0
 20
231.1
 30
0.0
 40
2.6
  1
David Barrantes (Electricidad) IE-27499
  7
ARIAL
 11
714.0
 21
231.1
 31
0.0
100
AcDbAttribute
  2
PROF_3
 70
0
 74
3
 71
1
 72
0
 11
714.0
 21
231.1
 31
0.0
  0
ATTRIB
  5
4ED
330
BE
100
AcDbEntity
 67
1
  8
A-CAJETIN-TXT
100
AcDbText
 10
714.0
 20
218.1
 30
0.0
 40
4.2
  1
VIVIENDA UNIFAMILIAR
  7
ARIAL
 11
714.0
 21
218.1
 31
0.0
100
AcDbAttribute
  2
PROYECTO
 70
0
 74
3
 71
1
 72
0
 11
714.0
 21
218.1
 31
0.0
  0
ATTRIB
  5
4EE
330
BE
100
AcDbEntity
 67
1
  8
A-CAJETIN-TXT
100
AcDbText
 10
714.0
 20
211.1
 30
0.0
 40
2.5
  1
DISTRITO 03 SANTIAGO, CANTÓN 05 SAN RAFAEL,
  7
ARIAL
 11
714.0
 21
211.1
 31
0.0
100
AcDbAttribute
  2
UBIC_1
 70
0
 74
3
 71
1
 72
0
 11
714.0
 21
211.1
 31
0.0
  0
ATTRIB
  5
4EF
330
BE
100
AcDbEntity
 67
1
  8
A-CAJETIN-TXT
100
AcDbText
 10
714.0
 20
206.6
 30
0.0
 40
2.5
  1
PROVINCIA 04 HEREDIA, COSTA RICA.
  7
ARIAL
 11
714.0
 21
206.6
 31
0.0
100
AcDbAttribute
  2
UBIC_2
 70
0
 74
3
 71
1
 72
0
 11
714.0
 21
206.6
 31
0.0
  0
ATTRIB
  5
4F0
330
BE
100
AcDbEntity
 67
1
  8
A-CAJETIN-TXT
100
AcDbText
 10
714.0
 20
202.1
 30
0.0
 40
2.5
  1

  7
ARIAL
 11
714.0
 21
202.1
 31
0.0
100
AcDbAttribute
  2
UBIC_3
 70
0
 74
3
 71
1
 72
0
 11
714.0
 21
202.1
 31
0.0
  0
ATTRIB
  5
4F1
330
BE
100
AcDbEntity
 67
1
  8
A-CAJETIN-TXT
100
AcDbText
 10
714.0
 20
189.1
 30
0.0
 40
2.5
  1
FOLIO REAL: 4-041200-000
  7
ARIAL
 11
714.0
 21
189.1
 31
0.0
100
AcDbAttribute
  2
REG_1
 70
0
 74
3
 71
1
 72
0
 11
714.0
 21
189.1
 31
0.0
  0
ATTRIB
  5
4F2
330
BE
100
AcDbEntity
 67
1
  8
A-CAJETIN-TXT
100
AcDbText
 10
714.0
 20
184.6
 30
0.0
 40
2.5
  1
PLANO CATASTRADO: 4-57389-2023
  7
ARIAL
 11
714.0
 21
184.6
 31
0.0
100
AcDbAttribute
  2
REG_2
 70
0
 74
3
 71
1
 72
0
 11
714.0
 21
184.6
 31
0.0
  0
ATTRIB
  5
4F3
330
BE
100
AcDbEntity
 67
1
  8
A-CAJETIN-TXT
100
AcDbText
 10
714.0
 20
180.1
 30
0.0
 40
2.5
  1
ÁREA SEGÚN CATASTRO: 256 m²
  7
ARIAL
 11
714.0
 21
180.1
 31
0.0
100
AcDbAttribute
  2
REG_3
 70
0
 74
3
 71
1
 72
0
 11
714.0
 21
180.1
 31
0.0
  0
ATTRIB
  5
4F4
330
BE
100
AcDbEntity
 67
1
  8
A-CAJETIN-TXT
100
AcDbText
 10
714.0
 20
167.1
 30
0.0
 40
5.0
  1
ELECTRICIDAD
  7
ARIAL
 11
714.0
 21
167.1
 31
0.0
100
AcDbAttribute
  2
CONT_TIT
 70
0
 74
3
 71
1
 72
0
 11
714.0
 21
167.1
 31
0.0
  0
ATTRIB
  5
4F5
330
BE
100
AcDbEntity
 67
1
  8
A-CAJETIN-TXT
100
AcDbText
 10
714.0
 20
159.6
 30
0.0
 40
3.0
  1
DIAGRAMA UNIFILAR.
  7
ARIAL
 11
714.0
 21
159.6
 31
0.0
100
AcDbAttribute
  2
CONT_1
 70
0
 74
3
 71
1
 72
0
 11
714.0
 21
159.6
 31
0.0
  0
ATTRIB
  5
4F6
330
BE
100
AcDbEntity
 67
1
  8
A-CAJETIN-TXT
100
AcDbText
 10
714.0
 20
154.1
 30
0.0
 40
3.0
  1
VOZ Y DATOS.
  7
ARIAL
 11
714.0
 21
154.1
 31
0.0
100
AcDbAttribute
  2
CONT_2
 70
0
 74
3
 71
1
 72
0
 11
714.0
 21
154.1
 31
0.0
  0
ATTRIB
  5
4F7
330
BE
100
AcDbEntity
 67
1
  8
A-CAJETIN-TXT
100
AcDbText
 10
714.0
 20
148.6
 30
0.0
 40
3.0
  1
CUADROS DE TABLEROS.
  7
ARIAL
 11
714.0
 21
148.6
 31
0.0
100
AcDbAttribute
  2
CONT_3
 70
0
 74
3
 71
1
 72
0
 11
714.0
 21
148.6
 31
0.0
  0
ATTRIB
  5
4F8
330
BE
100
AcDbEntity
 67
1
  8
A-CAJETIN-TXT
100
AcDbText
 10
714.0
 20
143.1
 30
0.0
 40
3.0
  1
NOTAS ELÉCTRICAS.
  7
ARIAL
 11
714.0
 21
143.1
 31
0.0
100
AcDbAttribute
  2
CONT_4
 70
0
 74
3
 71
1
 72
0
 11
714.0
 21
143.1
 31
0.0
  0
ATTRIB
  5
4F9
330
BE
100
AcDbEntity
 67
1
  8
A-CAJETIN-TXT
100
AcDbText
 10
714.0
 20
137.6
 30
0.0
 40
3.0
  1
SIMBOLOGÍA.
  7
ARIAL
 11
714.0
 21
137.6
 31
0.0
100
AcDbAttribute
  2
CONT_5
 70
0
 74
3
 71
1
 72
0
 11
714.0
 21
137.6
 31
0.0
  0
ATTRIB
  5
4FA
330
BE
100
AcDbEntity
 67
1
  8
A-CAJETIN-TXT
100
AcDbText
 10
714.0
 20
132.1
 30
0.0
 40
3.0
  1

  7
ARIAL
 11
714.0
 21
132.1
 31
0.0
100
AcDbAttribute
  2
CONT_6
 70
0
 74
3
 71
1
 72
0
 11
714.0
 21
132.1
 31
0.0
  0
ATTRIB
  5
4FB
330
BE
100
AcDbEntity
 67
1
  8
A-CAJETIN-TXT
100
AcDbText
 10
736.0
 20
122.1
 30
0.0
 40
2.2
  1
S/E
  7
ARIAL
 11
736.0
 21
122.1
 31
0.0
100
AcDbAttribute
  2
ESCALAS
 70
0
 74
3
 71
1
 72
0
 11
736.0
 21
122.1
 31
0.0
  0
ATTRIB
  5
4FC
330
BE
100
AcDbEntity
 67
1
  8
A-CAJETIN-TXT
100
AcDbText
 10
717.0
 20
104.0
 30
0.0
 40
2.0
  1
0
  7
ARIAL
 72
1
 11
717.0
 21
104.0
 31
0.0
100
AcDbAttribute
  2
REV0_N
 70
0
 74
2
 71
1
 72
0
 11
717.0
 21
104.0
 31
0.0
  0
ATTRIB
  5
4FD
330
BE
100
AcDbEntity
 67
1
  8
A-CAJETIN-TXT
100
AcDbText
 10
734.0
 20
104.0
 30
0.0
 40
2.0
  1
06-10-2026
  7
ARIAL
 72
1
 11
734.0
 21
104.0
 31
0.0
100
AcDbAttribute
  2
REV0_F
 70
0
 74
2
 71
1
 72
0
 11
734.0
 21
104.0
 31
0.0
  0
ATTRIB
  5
4FE
330
BE
100
AcDbEntity
 67
1
  8
A-CAJETIN-TXT
100
AcDbText
 10
746.5
 20
104.0
 30
0.0
 40
2.0
  1
VERSIÓN DE TRABAJO PARA REVISIÓN
  7
ARIAL
 11
746.5
 21
104.0
 31
0.0
100
AcDbAttribute
  2
REV0_D
 70
0
 74
2
 71
1
 72
0
 11
746.5
 21
104.0
 31
0.0
  0
ATTRIB
  5
4FF
330
BE
100
AcDbEntity
 67
1
  8
A-CAJETIN-TXT
100
AcDbText
 10
717.0
 20
98.8
 30
0.0
 40
2.0
  1
1
  7
ARIAL
 72
1
 11
717.0
 21
98.8
 31
0.0
100
AcDbAttribute
  2
REV1_N
 70
0
 74
2
 71
1
 72
0
 11
717.0
 21
98.8
 31
0.0
  0
ATTRIB
  5
500
330
BE
100
AcDbEntity
 67
1
  8
A-CAJETIN-TXT
100
AcDbText
 10
734.0
 20
98.8
 30
0.0
 40
2.0
  1
07-10-2026
  7
ARIAL
 72
1
 11
734.0
 21
98.8
 31
0.0
100
AcDbAttribute
  2
REV1_F
 70
0
 74
2
 71
1
 72
0
 11
734.0
 21
98.8
 31
0.0
  0
ATTRIB
  5
501
330
BE
100
AcDbEntity
 67
1
  8
A-CAJETIN-TXT
100
AcDbText
 10
746.5
 20
98.8
 30
0.0
 40
2.0
  1
LISTA DEFINITIVA (22); PARA TRÁMITE
  7
ARIAL
 11
746.5
 21
98.8
 31
0.0
100
AcDbAttribute
  2
REV1_D
 70
0
 74
2
 71
1
 72
0
 11
746.5
 21
98.8
 31
0.0
  0
ATTRIB
  5
502
330
BE
100
AcDbEntity
 67
1
  8
A-CAJETIN-TXT
100
AcDbText
 10
717.0
 20
93.6
 30
0.0
 40
2.0
  1

  7
ARIAL
 72
1
 11
717.0
 21
93.6
 31
0.0
100
AcDbAttribute
  2
REV2_N
 70
0
 74
2
 71
1
 72
0
 11
717.0
 21
93.6
 31
0.0
  0
ATTRIB
  5
503
330
BE
100
AcDbEntity
 67
1
  8
A-CAJETIN-TXT
100
AcDbText
 10
734.0
 20
93.6
 30
0.0
 40
2.0
  1

  7
ARIAL
 72
1
 11
734.0
 21
93.6
 31
0.0
100
AcDbAttribute
  2
REV2_F
 70
0
 74
2
 71
1
 72
0
 11
734.0
 21
93.6
 31
0.0
  0
ATTRIB
  5
504
330
BE
100
AcDbEntity
 67
1
  8
A-CAJETIN-TXT
100
AcDbText
 10
746.5
 20
93.6
 30
0.0
 40
2.0
  1

  7
ARIAL
 11
746.5
 21
93.6
 31
0.0
100
AcDbAttribute
  2
REV2_D
 70
0
 74
2
 71
1
 72
0
 11
746.5
 21
93.6
 31
0.0
  0
ATTRIB
  5
505
330
BE
100
AcDbEntity
 67
1
  8
A-CAJETIN-TXT
100
AcDbText
 10
771.0
 20
82.99999999999999
 30
0.0
 40
3.0
  1
PARA TRÁMITE
  7
ARIAL
 72
1
 11
771.0
 21
82.99999999999999
 31
0.0
100
AcDbAttribute
  2
ESTADO_1
 70
0
 74
3
 71
1
 72
0
 11
771.0
 21
82.99999999999999
 31
0.0
  0
ATTRIB
  5
506
330
BE
100
AcDbEntity
 67
1
  8
A-CAJETIN-TXT
100
AcDbText
 10
771.0
 20
77.99999999999999
 30
0.0
 40
2.4
  1
CFIA Y MUNICIPALIDAD
  7
ARIAL
 72
1
 11
771.0
 21
77.99999999999999
 31
0.0
100
AcDbAttribute
  2
ESTADO_2
 70
0
 74
3
 71
1
 72
0
 11
771.0
 21
77.99999999999999
 31
0.0
  0
ATTRIB
  5
507
330
BE
100
AcDbEntity
 67
1
  8
A-CAJETIN-TXT
100
AcDbText
 10
744.0
 20
49.999999999999986
 30
0.0
 40
5.0
  1
COSTA RICA
  7
ARIAL
 72
1
 11
744.0
 21
49.999999999999986
 31
0.0
100
AcDbAttribute
  2
LUGAR
 70
0
 74
2
 71
1
 72
0
 11
744.0
 21
49.999999999999986
 31
0.0
  0
ATTRIB
  5
508
330
BE
100
AcDbEntity
 67
1
  8
A-CAJETIN-TXT
100
AcDbText
 10
804.0
 20
49.999999999999986
 30
0.0
 40
14.0
  1
E04
  7
ARIAL
 72
1
 11
804.0
 21
49.999999999999986
 31
0.0
100
AcDbAttribute
  2
LAMINA
 70
0
 74
2
 71
1
 72
0
 11
804.0
 21
49.999999999999986
 31
0.0
  0
ATTRIB
  5
509
330
BE
100
AcDbEntity
 67
1
  8
A-CAJETIN-TXT
100
AcDbText
 10
744.0
 20
23.499999999999993
 30
0.0
 40
6.0
  1
OCT 2026
  7
ARIAL
 72
1
 11
744.0
 21
23.499999999999993
 31
0.0
100
AcDbAttribute
  2
FECHA
 70
0
 74
2
 71
1
 72
0
 11
744.0
 21
23.499999999999993
 31
0.0
  0
ATTRIB
  5
50A
330
BE
100
AcDbEntity
 67
1
  8
A-CAJETIN-TXT
100
AcDbText
 10
815.0
 20
23.499999999999993
 30
0.0
 40
9.0
  1
22
  7
ARIAL
 72
1
 11
815.0
 21
23.499999999999993
 31
0.0
100
AcDbAttribute
  2
TOTAL
 70
0
 74
2
 71
1
 72
0
 11
815.0
 21
23.499999999999993
 31
0.0
  0
SEQEND
  5
4E7
330
4E6
100
AcDbEntity
 67
1
  8
A-CAJETIN
  0
ENDSEC
  0
SECTION
  2
OBJECTS
  0
DICTIONARY
  5
A
330
0
100
AcDbDictionary
281
1
  3
ACAD_COLOR
350
B
  3
ACAD_GROUP
350
C
  3
ACAD_LAYOUT
350
D
  3
ACAD_MATERIAL
350
E
  3
ACAD_MLEADERSTYLE
350
F
  3
ACAD_MLINESTYLE
350
10
  3
ACAD_PLOTSETTINGS
350
11
  3
ACAD_PLOTSTYLENAME
350
12
  3
ACAD_SCALELIST
350
14
  3
ACAD_TABLESTYLE
350
15
  3
ACAD_VISUALSTYLE
350
16
  3
EZDXF_META
350
2D
  0
DICTIONARY
  5
B
330
A
100
AcDbDictionary
281
1
  0
DICTIONARY
  5
C
330
A
100
AcDbDictionary
281
1
  0
DICTIONARY
  5
D
330
A
100
AcDbDictionary
281
1
  3
Model
350
1A
  3
Layout1
350
1E
  3
E04-TABLEROS
350
C1
  0
DICTIONARY
  5
E
330
A
100
AcDbDictionary
281
1
  3
ByBlock
350
1F
  3
ByLayer
350
20
  3
Global
350
21
  0
DICTIONARY
  5
F
330
A
100
AcDbDictionary
281
1
  3
Standard
350
2C
  0
DICTIONARY
  5
10
330
A
100
AcDbDictionary
281
1
  3
Standard
350
22
  0
DICTIONARY
  5
11
330
A
100
AcDbDictionary
281
1
  0
ACDBDICTIONARYWDFLT
  5
12
330
A
100
AcDbDictionary
281
1
  3
Normal
350
13
100
AcDbDictionaryWithDefault
340
13
  0
ACDBPLACEHOLDER
  5
13
330
12
  0
DICTIONARY
  5
14
330
A
100
AcDbDictionary
281
1
  0
DICTIONARY
  5
15
330
A
100
AcDbDictionary
281
1
  0
DICTIONARY
  5
16
330
A
100
AcDbDictionary
281
1
  3
2dWireframe
350
5A
  3
Basic
350
5B
  3
Brighten
350
5C
  3
ColorChange
350
5D
  3
Conceptual
350
5E
  3
Dim
350
5F
  3
EdgeColorOff
350
60
  3
Facepattern
350
61
  3
Flat
350
62
  3
FlatWithEdges
350
63
  3
Gouraud
350
64
  3
GouraudWithEdges
350
65
  3
Hidden
350
66
  3
JitterOff
350
67
  3
Linepattern
350
68
  3
Modeling
350
69
  3
OverhangOff
350
6A
  3
Realistic
350
6B
  3
Shaded
350
6C
  3
Shaded with edges
350
6D
  3
Shades of Gray
350
6E
  3
Sketchy
350
6F
  3
Thicken
350
70
  3
Wireframe
350
71
  3
X-Ray
350
72
  0
LAYOUT
  5
1A
330
D
100
AcDbPlotSettings
  1

  4
A3
  6

 40
7.5
 41
20.0
 42
7.5
 43
20.0
 44
420.0
 45
297.0
 46
0.0
 47
0.0
 48
0.0
 49
0.0
140
0.0
141
0.0
142
1.0
143
1.0
 70
1024
 72
1
 73
0
 74
5
  7

 75
16
 76
0
 77
2
 78
300
147
1.0
148
0.0
149
0.0
100
AcDbLayout
  1
Model
 70
1
 71
0
 10
0.0
 20
0.0
 11
420.0
 21
297.0
 12
0.0
 22
0.0
 32
0.0
 14
1e+20
 24
1e+20
 34
1e+20
 15
-1e+20
 25
-1e+20
 35
-1e+20
146
0.0
 13
0.0
 23
0.0
 33
0.0
 16
1.0
 26
0.0
 36
0.0
 17
0.0
 27
1.0
 37
0.0
 76
1
330
17
  0
LAYOUT
  5
1E
330
D
100
AcDbPlotSettings
  1

  4
A3
  6

 40
7.5
 41
20.0
 42
7.5
 43
20.0
 44
420.0
 45
297.0
 46
0.0
 47
0.0
 48
0.0
 49
0.0
140
0.0
141
0.0
142
1.0
143
1.0
 70
0
 72
1
 73
0
 74
5
  7

 75
16
 76
0
 77
2
 78
300
147
1.0
148
0.0
149
0.0
100
AcDbLayout
  1
Layout1
 70
1
 71
1
 10
0.0
 20
0.0
 11
420.0
 21
297.0
 12
0.0
 22
0.0
 32
0.0
 14
1e+20
 24
1e+20
 34
1e+20
 15
-1e+20
 25
-1e+20
 35
-1e+20
146
0.0
 13
0.0
 23
0.0
 33
0.0
 16
1.0
 26
0.0
 36
0.0
 17
0.0
 27
1.0
 37
0.0
 76
1
330
1B
  0
MATERIAL
  5
1F
102
{ACAD_REACTORS
330
E
102
}
330
E
100
AcDbMaterial
  1
ByBlock
  2

 70
0
 40
1.0
 71
1
 41
1.0
 91
-1023410177
 42
1.0
 72
1
  3

 73
1
 74
1
 75
1
 44
0.5
 73
0
 45
1.0
 46
1.0
 77
1
  4

 78
1
 79
1
170
1
 48
1.0
171
1
  6

172
1
173
1
174
1
140
1.0
141
1.0
175
1
  7

176
1
177
1
178
1
143
1.0
179
1
  8

270
1
271
1
272
1
145
1.0
146
1.0
273
1
  9

274
1
275
1
276
1
 42
1.0
 72
1
  3

 73
1
 74
1
 75
1
 94
63
  0
MATERIAL
  5
20
102
{ACAD_REACTORS
330
E
102
}
330
E
100
AcDbMaterial
  1
ByLayer
  2

 70
0
 40
1.0
 71
1
 41
1.0
 91
-1023410177
 42
1.0
 72
1
  3

 73
1
 74
1
 75
1
 44
0.5
 73
0
 45
1.0
 46
1.0
 77
1
  4

 78
1
 79
1
170
1
 48
1.0
171
1
  6

172
1
173
1
174
1
140
1.0
141
1.0
175
1
  7

176
1
177
1
178
1
143
1.0
179
1
  8

270
1
271
1
272
1
145
1.0
146
1.0
273
1
  9

274
1
275
1
276
1
 42
1.0
 72
1
  3

 73
1
 74
1
 75
1
 94
63
  0
MATERIAL
  5
21
102
{ACAD_REACTORS
330
E
102
}
330
E
100
AcDbMaterial
  1
Global
  2

 70
0
 40
1.0
 71
1
 41
1.0
 91
-1023410177
 42
1.0
 72
1
  3

 73
1
 74
1
 75
1
 44
0.5
 73
0
 45
1.0
 46
1.0
 77
1
  4

 78
1
 79
1
170
1
 48
1.0
171
1
  6

172
1
173
1
174
1
140
1.0
141
1.0
175
1
  7

176
1
177
1
178
1
143
1.0
179
1
  8

270
1
271
1
272
1
145
1.0
146
1.0
273
1
  9

274
1
275
1
276
1
 42
1.0
 72
1
  3

 73
1
 74
1
 75
1
 94
63
  0
MLINESTYLE
  5
22
102
{ACAD_REACTORS
330
10
102
}
330
10
100
AcDbMlineStyle
  2
Standard
 70
0
  3

 62
256
 51
90.0
 52
90.0
 71
2
 49
0.5
 62
256
  6
BYLAYER
 49
-0.5
 62
256
  6
BYLAYER
  0
MLEADERSTYLE
  5
2C
102
{ACAD_REACTORS
330
F
102
}
330
F
100
AcDbMLeaderStyle
179
2
170
2
171
1
172
0
 90
2
 40
0.0
 41
0.0
173
1
 91
-1056964608
 92
-2
290
1
 42
2.0
291
1
 43
8.0
  3
Standard
 44
4.0
300

342
29
174
1
175
1
176
0
178
1
 93
-1056964608
 45
4.0
292
0
297
0
 46
4.0
 94
-1056964608
 47
1.0
 49
1.0
140
1.0
294
1
141
0.0
177
0
142
1.0
295
0
296
0
143
3.75
271
0
272
9
273
9
  0
DICTIONARY
  5
2D
330
A
100
AcDbDictionary
280
1
281
1
  3
CREATED_BY_EZDXF
350
2E
  3
WRITTEN_BY_EZDXF
350
50D
  0
DICTIONARYVAR
  5
2E
330
2D
100
DictionaryVariables
280
0
  1
1.4.4 @ 2026-10-07T02:30:56.031383+00:00
  0
VISUALSTYLE
  5
5A
102
{ACAD_REACTORS
330
16
102
}
330
16
100
AcDbVisualStyle
  2
2dWireframe
 70
4
177
3
291
0
 70
58
 90
2
176
1
 90
2
176
1
 90
0
176
1
 90
0
176
1
 40
0.6
176
1
 40
30.0
176
1
 62
7
420
16777215
176
1
 90
1
176
1
 90
4
176
1
 62
7
176
1
 62
257
176
1
 90
1
176
1
 90
1
176
1
 40
1.0
176
1
 90
8
176
1
 62
7
176
1
 40
1.0
176
1
 90
1
176
1
 90
6
176
1
 90
2
176
1
 62
7
176
1
 90
5
176
1
 90
0
176
1
 90
0
176
1
290
0
176
1
 90
1
176
1
 40
0.0
176
1
 90
0
176
1
290
1
176
1
290
1
176
1
290
0
176
1
290
0
176
1
290
0
176
1
290
0
176
1
290
0
176
1
290
0
176
1
290
0
176
1
 90
50
176
1
 40
0.0
176
1
 40
1.0
176
1
 90
0
176
1
 62
18
420
0
176
1
 90
50
176
1
 90
3
176
1
 62
5
420
255
176
1
290
0
176
1
 90
50
176
1
 90
50
176
1
 90
50
176
1
290
0
176
1
 90
50
176
1
 62
256
176
0
 40
1.0
176
0
 90
2
176
1
  1
strokes_ogs.tif
176
1
290
0
176
1
 40
1.0
176
1
 40
1.0
176
1
  0
VISUALSTYLE
  5
5B
102
{ACAD_REACTORS
330
16
102
}
330
16
100
AcDbVisualStyle
  2
Basic
 70
7
177
3
291
1
 70
58
 90
2
176
1
 90
2
176
1
 90
0
176
1
 90
1
176
1
 40
0.6
176
1
 40
30.0
176
1
 62
7
420
16777215
176
1
 90
1
176
1
 90
4
176
1
 62
7
176
1
 62
257
176
1
 90
1
176
1
 90
1
176
1
 40
1.0
176
1
 90
8
176
1
 62
7
176
1
 40
1.0
176
1
 90
1
176
1
 90
6
176
1
 90
2
176
1
 62
7
176
1
 90
5
176
1
 90
0
176
1
 90
0
176
1
290
0
176
1
 90
1
176
1
 40
0.0
176
1
 90
0
176
1
290
0
176
1
290
1
176
1
290
1
176
1
290
0
176
1
290
0
176
1
290
0
176
1
290
0
176
1
290
0
176
1
290
0
176
1
 90
50
176
1
 40
0.0
176
1
 40
1.0
176
1
 90
0
176
1
 62
18
420
0
176
1
 90
50
176
1
 90
3
176
1
 62
5
420
255
176
1
290
0
176
1
 90
50
176
1
 90
50
176
1
 90
50
176
1
290
0
176
1
 90
50
176
1
 62
256
176
0
 40
1.0
176
0
 90
2
176
1
  1
strokes_ogs.tif
176
1
290
0
176
1
 40
1.0
176
1
 40
1.0
176
1
  0
VISUALSTYLE
  5
5C
102
{ACAD_REACTORS
330
16
102
}
330
16
100
AcDbVisualStyle
  2
Brighten
 70
12
177
3
291
1
 70
58
 90
2
176
1
 90
2
176
1
 90
0
176
1
 90
2
176
1
 40
0.6
176
1
 40
30.0
176
1
 62
7
420
16777215
176
1
 90
1
176
1
 90
4
176
1
 62
7
176
1
 62
257
176
1
 90
1
176
1
 90
1
176
1
 40
1.0
176
1
 90
8
176
1
 62
7
176
1
 40
1.0
176
1
 90
1
176
1
 90
6
176
1
 90
2
176
1
 62
7
176
1
 90
5
176
1
 90
0
176
1
 90
0
176
1
290
0
176
1
 90
1
176
1
 40
0.0
176
1
 90
0
176
1
290
0
176
1
290
1
176
1
290
1
176
1
290
0
176
1
290
0
176
1
290
0
176
1
290
0
176
1
290
0
176
1
290
0
176
1
 90
50
176
1
 40
0.0
176
1
 40
1.0
176
1
 90
0
176
1
 62
18
420
0
176
1
 90
50
176
1
 90
3
176
1
 62
5
420
255
176
1
290
0
176
1
 90
50
176
1
 90
50
176
1
 90
50
176
1
290
0
176
1
 90
50
176
1
 62
256
176
0
 40
1.0
176
0
 90
2
176
1
  1
strokes_ogs.tif
176
1
290
0
176
1
 40
1.0
176
1
 40
1.0
176
1
  0
VISUALSTYLE
  5
5D
102
{ACAD_REACTORS
330
16
102
}
330
16
100
AcDbVisualStyle
  2
ColorChange
 70
16
177
3
291
1
 70
58
 90
2
176
1
 90
2
176
1
 90
0
176
1
 90
2
176
1
 40
0.6
176
1
 40
30.0
176
1
 62
7
420
16777215
176
1
 90
1
176
1
 90
4
176
1
 62
7
176
1
 62
257
176
1
 90
1
176
1
 90
1
176
1
 40
1.0
176
1
 90
8
176
1
 62
7
176
1
 40
1.0
176
1
 90
1
176
1
 90
6
176
1
 90
2
176
1
 62
7
176
1
 90
5
176
1
 90
0
176
1
 90
0
176
1
290
0
176
1
 90
1
176
1
 40
0.0
176
1
 90
0
176
1
290
0
176
1
290
1
176
1
290
1
176
1
290
0
176
1
290
0
176
1
290
0
176
1
290
0
176
1
290
0
176
1
290
0
176
1
 90
50
176
1
 40
0.0
176
1
 40
1.0
176
1
 90
0
176
1
 62
18
420
0
176
1
 90
50
176
1
 90
3
176
1
 62
5
420
255
176
1
290
0
176
1
 90
50
176
1
 90
50
176
1
 90
50
176
1
290
0
176
1
 90
50
176
1
 62
256
176
0
 40
1.0
176
0
 90
2
176
1
  1
strokes_ogs.tif
176
1
290
0
176
1
 40
1.0
176
1
 40
1.0
176
1
  0
VISUALSTYLE
  5
5E
102
{ACAD_REACTORS
330
16
102
}
330
16
100
AcDbVisualStyle
  2
Conceptual
 70
9
177
3
291
0
 70
58
 90
2
176
1
 90
2
176
1
 90
0
176
1
 90
3
176
1
 40
0.6
176
1
 40
30.0
176
1
 62
7
420
16777215
176
1
 90
1
176
1
 90
4
176
1
 62
7
176
1
 62
257
176
1
 90
1
176
1
 90
1
176
1
 40
1.0
176
1
 90
8
176
1
 62
7
176
1
 40
1.0
176
1
 90
1
176
1
 90
6
176
1
 90
2
176
1
 62
7
176
1
 90
5
176
1
 90
0
176
1
 90
0
176
1
290
0
176
1
 90
1
176
1
 40
0.0
176
1
 90
0
176
1
290
0
176
1
290
1
176
1
290
1
176
1
290
0
176
1
290
0
176
1
290
0
176
1
290
0
176
1
290
0
176
1
290
0
176
1
 90
50
176
1
 40
0.0
176
1
 40
1.0
176
1
 90
0
176
1
 62
18
420
0
176
1
 90
50
176
1
 90
3
176
1
 62
5
420
255
176
1
290
0
176
1
 90
50
176
1
 90
50
176
1
 90
50
176
1
290
0
176
1
 90
50
176
1
 62
256
176
0
 40
1.0
176
0
 90
2
176
1
  1
strokes_ogs.tif
176
1
290
0
176
1
 40
1.0
176
1
 40
1.0
176
1
  0
VISUALSTYLE
  5
5F
102
{ACAD_REACTORS
330
16
102
}
330
16
100
AcDbVisualStyle
  2
Dim
 70
11
177
3
291
1
 70
58
 90
2
176
1
 90
2
176
1
 90
0
176
1
 90
2
176
1
 40
0.6
176
1
 40
30.0
176
1
 62
7
420
16777215
176
1
 90
1
176
1
 90
4
176
1
 62
7
176
1
 62
257
176
1
 90
1
176
1
 90
1
176
1
 40
1.0
176
1
 90
8
176
1
 62
7
176
1
 40
1.0
176
1
 90
1
176
1
 90
6
176
1
 90
2
176
1
 62
7
176
1
 90
5
176
1
 90
0
176
1
 90
0
176
1
290
0
176
1
 90
1
176
1
 40
0.0
176
1
 90
0
176
1
290
0
176
1
290
1
176
1
290
1
176
1
290
0
176
1
290
0
176
1
290
0
176
1
290
0
176
1
290
0
176
1
290
0
176
1
 90
50
176
1
 40
0.0
176
1
 40
1.0
176
1
 90
0
176
1
 62
18
420
0
176
1
 90
50
176
1
 90
3
176
1
 62
5
420
255
176
1
290
0
176
1
 90
50
176
1
 90
50
176
1
 90
50
176
1
290
0
176
1
 90
50
176
1
 62
256
176
0
 40
1.0
176
0
 90
2
176
1
  1
strokes_ogs.tif
176
1
290
0
176
1
 40
1.0
176
1
 40
1.0
176
1
  0
VISUALSTYLE
  5
60
102
{ACAD_REACTORS
330
16
102
}
330
16
100
AcDbVisualStyle
  2
EdgeColorOff
 70
22
177
3
291
1
 70
58
 90
2
176
1
 90
2
176
1
 90
0
176
1
 90
2
176
1
 40
0.6
176
1
 40
30.0
176
1
 62
7
420
16777215
176
1
 90
1
176
1
 90
4
176
1
 62
7
176
1
 62
257
176
1
 90
1
176
1
 90
1
176
1
 40
1.0
176
1
 90
8
176
1
 62
7
176
1
 40
1.0
176
1
 90
1
176
1
 90
6
176
1
 90
2
176
1
 62
7
176
1
 90
5
176
1
 90
0
176
1
 90
0
176
1
290
0
176
1
 90
1
176
1
 40
0.0
176
1
 90
0
176
1
290
0
176
1
290
1
176
1
290
1
176
1
290
0
176
1
290
0
176
1
290
0
176
1
290
0
176
1
290
0
176
1
290
0
176
1
 90
50
176
1
 40
0.0
176
1
 40
1.0
176
1
 90
0
176
1
 62
18
420
0
176
1
 90
50
176
1
 90
3
176
1
 62
5
420
255
176
1
290
0
176
1
 90
50
176
1
 90
50
176
1
 90
50
176
1
290
0
176
1
 90
50
176
1
 62
256
176
0
 40
1.0
176
0
 90
2
176
1
  1
strokes_ogs.tif
176
1
290
0
176
1
 40
1.0
176
1
 40
1.0
176
1
  0
VISUALSTYLE
  5
61
102
{ACAD_REACTORS
330
16
102
}
330
16
100
AcDbVisualStyle
  2
Facepattern
 70
15
177
3
291
1
 70
58
 90
2
176
1
 90
2
176
1
 90
0
176
1
 90
2
176
1
 40
0.6
176
1
 40
30.0
176
1
 62
7
420
16777215
176
1
 90
1
176
1
 90
4
176
1
 62
7
176
1
 62
257
176
1
 90
1
176
1
 90
1
176
1
 40
1.0
176
1
 90
8
176
1
 62
7
176
1
 40
1.0
176
1
 90
1
176
1
 90
6
176
1
 90
2
176
1
 62
7
176
1
 90
5
176
1
 90
0
176
1
 90
0
176
1
290
0
176
1
 90
1
176
1
 40
0.0
176
1
 90
0
176
1
290
0
176
1
290
1
176
1
290
1
176
1
290
0
176
1
290
0
176
1
290
0
176
1
290
0
176
1
290
0
176
1
290
0
176
1
 90
50
176
1
 40
0.0
176
1
 40
1.0
176
1
 90
0
176
1
 62
18
420
0
176
1
 90
50
176
1
 90
3
176
1
 62
5
420
255
176
1
290
0
176
1
 90
50
176
1
 90
50
176
1
 90
50
176
1
290
0
176
1
 90
50
176
1
 62
256
176
0
 40
1.0
176
0
 90
2
176
1
  1
strokes_ogs.tif
176
1
290
0
176
1
 40
1.0
176
1
 40
1.0
176
1
  0
VISUALSTYLE
  5
62
102
{ACAD_REACTORS
330
16
102
}
330
16
100
AcDbVisualStyle
  2
Flat
 70
0
177
3
291
1
 70
58
 90
2
176
1
 90
2
176
1
 90
0
176
1
 90
2
176
1
 40
0.6
176
1
 40
30.0
176
1
 62
7
420
16777215
176
1
 90
1
176
1
 90
4
176
1
 62
7
176
1
 62
257
176
1
 90
1
176
1
 90
1
176
1
 40
1.0
176
1
 90
8
176
1
 62
7
176
1
 40
1.0
176
1
 90
1
176
1
 90
6
176
1
 90
2
176
1
 62
7
176
1
 90
5
176
1
 90
0
176
1
 90
0
176
1
290
0
176
1
 90
1
176
1
 40
0.0
176
1
 90
0
176
1
290
0
176
1
290
1
176
1
290
1
176
1
290
0
176
1
290
0
176
1
290
0
176
1
290
0
176
1
290
0
176
1
290
0
176
1
 90
50
176
1
 40
0.0
176
1
 40
1.0
176
1
 90
0
176
1
 62
18
420
0
176
1
 90
50
176
1
 90
3
176
1
 62
5
420
255
176
1
290
0
176
1
 90
50
176
1
 90
50
176
1
 90
50
176
1
290
0
176
1
 90
50
176
1
 62
256
176
0
 40
1.0
176
0
 90
2
176
1
  1
strokes_ogs.tif
176
1
290
0
176
1
 40
1.0
176
1
 40
1.0
176
1
  0
VISUALSTYLE
  5
63
102
{ACAD_REACTORS
330
16
102
}
330
16
100
AcDbVisualStyle
  2
FlatWithEdges
 70
1
177
3
291
1
 70
58
 90
2
176
1
 90
2
176
1
 90
0
176
1
 90
2
176
1
 40
0.6
176
1
 40
30.0
176
1
 62
7
420
16777215
176
1
 90
1
176
1
 90
4
176
1
 62
7
176
1
 62
257
176
1
 90
1
176
1
 90
1
176
1
 40
1.0
176
1
 90
8
176
1
 62
7
176
1
 40
1.0
176
1
 90
1
176
1
 90
6
176
1
 90
2
176
1
 62
7
176
1
 90
5
176
1
 90
0
176
1
 90
0
176
1
290
0
176
1
 90
1
176
1
 40
0.0
176
1
 90
0
176
1
290
0
176
1
290
1
176
1
290
1
176
1
290
0
176
1
290
0
176
1
290
0
176
1
290
0
176
1
290
0
176
1
290
0
176
1
 90
50
176
1
 40
0.0
176
1
 40
1.0
176
1
 90
0
176
1
 62
18
420
0
176
1
 90
50
176
1
 90
3
176
1
 62
5
420
255
176
1
290
0
176
1
 90
50
176
1
 90
50
176
1
 90
50
176
1
290
0
176
1
 90
50
176
1
 62
256
176
0
 40
1.0
176
0
 90
2
176
1
  1
strokes_ogs.tif
176
1
290
0
176
1
 40
1.0
176
1
 40
1.0
176
1
  0
VISUALSTYLE
  5
64
102
{ACAD_REACTORS
330
16
102
}
330
16
100
AcDbVisualStyle
  2
Gouraud
 70
2
177
3
291
1
 70
58
 90
2
176
1
 90
2
176
1
 90
0
176
1
 90
2
176
1
 40
0.6
176
1
 40
30.0
176
1
 62
7
420
16777215
176
1
 90
1
176
1
 90
4
176
1
 62
7
176
1
 62
257
176
1
 90
1
176
1
 90
1
176
1
 40
1.0
176
1
 90
8
176
1
 62
7
176
1
 40
1.0
176
1
 90
1
176
1
 90
6
176
1
 90
2
176
1
 62
7
176
1
 90
5
176
1
 90
0
176
1
 90
0
176
1
290
0
176
1
 90
1
176
1
 40
0.0
176
1
 90
0
176
1
290
0
176
1
290
1
176
1
290
1
176
1
290
0
176
1
290
0
176
1
290
0
176
1
290
0
176
1
290
0
176
1
290
0
176
1
 90
50
176
1
 40
0.0
176
1
 40
1.0
176
1
 90
0
176
1
 62
18
420
0
176
1
 90
50
176
1
 90
3
176
1
 62
5
420
255
176
1
290
0
176
1
 90
50
176
1
 90
50
176
1
 90
50
176
1
290
0
176
1
 90
50
176
1
 62
256
176
0
 40
1.0
176
0
 90
2
176
1
  1
strokes_ogs.tif
176
1
290
0
176
1
 40
1.0
176
1
 40
1.0
176
1
  0
VISUALSTYLE
  5
65
102
{ACAD_REACTORS
330
16
102
}
330
16
100
AcDbVisualStyle
  2
GouraudWithEdges
 70
3
177
3
291
1
 70
58
 90
2
176
1
 90
2
176
1
 90
0
176
1
 90
2
176
1
 40
0.6
176
1
 40
30.0
176
1
 62
7
420
16777215
176
1
 90
1
176
1
 90
4
176
1
 62
7
176
1
 62
257
176
1
 90
1
176
1
 90
1
176
1
 40
1.0
176
1
 90
8
176
1
 62
7
176
1
 40
1.0
176
1
 90
1
176
1
 90
6
176
1
 90
2
176
1
 62
7
176
1
 90
5
176
1
 90
0
176
1
 90
0
176
1
290
0
176
1
 90
1
176
1
 40
0.0
176
1
 90
0
176
1
290
0
176
1
290
1
176
1
290
1
176
1
290
0
176
1
290
0
176
1
290
0
176
1
290
0
176
1
290
0
176
1
290
0
176
1
 90
50
176
1
 40
0.0
176
1
 40
1.0
176
1
 90
0
176
1
 62
18
420
0
176
1
 90
50
176
1
 90
3
176
1
 62
5
420
255
176
1
290
0
176
1
 90
50
176
1
 90
50
176
1
 90
50
176
1
290
0
176
1
 90
50
176
1
 62
256
176
0
 40
1.0
176
0
 90
2
176
1
  1
strokes_ogs.tif
176
1
290
0
176
1
 40
1.0
176
1
 40
1.0
176
1
  0
VISUALSTYLE
  5
66
102
{ACAD_REACTORS
330
16
102
}
330
16
100
AcDbVisualStyle
  2
Hidden
 70
6
177
3
291
0
 70
58
 90
2
176
1
 90
2
176
1
 90
0
176
1
 90
1
176
1
 40
0.6
176
1
 40
30.0
176
1
 62
7
420
16777215
176
1
 90
1
176
1
 90
4
176
1
 62
7
176
1
 62
257
176
1
 90
1
176
1
 90
1
176
1
 40
1.0
176
1
 90
8
176
1
 62
7
176
1
 40
1.0
176
1
 90
1
176
1
 90
6
176
1
 90
2
176
1
 62
7
176
1
 90
5
176
1
 90
0
176
1
 90
0
176
1
290
0
176
1
 90
1
176
1
 40
0.0
176
1
 90
0
176
1
290
0
176
1
290
1
176
1
290
1
176
1
290
0
176
1
290
0
176
1
290
0
176
1
290
0
176
1
290
0
176
1
290
0
176
1
 90
50
176
1
 40
0.0
176
1
 40
1.0
176
1
 90
0
176
1
 62
18
420
0
176
1
 90
50
176
1
 90
3
176
1
 62
5
420
255
176
1
290
0
176
1
 90
50
176
1
 90
50
176
1
 90
50
176
1
290
0
176
1
 90
50
176
1
 62
256
176
0
 40
1.0
176
0
 90
2
176
1
  1
strokes_ogs.tif
176
1
290
0
176
1
 40
1.0
176
1
 40
1.0
176
1
  0
VISUALSTYLE
  5
67
102
{ACAD_REACTORS
330
16
102
}
330
16
100
AcDbVisualStyle
  2
JitterOff
 70
20
177
3
291
1
 70
58
 90
2
176
1
 90
2
176
1
 90
0
176
1
 90
2
176
1
 40
0.6
176
1
 40
30.0
176
1
 62
7
420
16777215
176
1
 90
1
176
1
 90
4
176
1
 62
7
176
1
 62
257
176
1
 90
1
176
1
 90
1
176
1
 40
1.0
176
1
 90
8
176
1
 62
7
176
1
 40
1.0
176
1
 90
1
176
1
 90
6
176
1
 90
2
176
1
 62
7
176
1
 90
5
176
1
 90
0
176
1
 90
0
176
1
290
0
176
1
 90
1
176
1
 40
0.0
176
1
 90
0
176
1
290
0
176
1
290
1
176
1
290
1
176
1
290
0
176
1
290
0
176
1
290
0
176
1
290
0
176
1
290
0
176
1
290
0
176
1
 90
50
176
1
 40
0.0
176
1
 40
1.0
176
1
 90
0
176
1
 62
18
420
0
176
1
 90
50
176
1
 90
3
176
1
 62
5
420
255
176
1
290
0
176
1
 90
50
176
1
 90
50
176
1
 90
50
176
1
290
0
176
1
 90
50
176
1
 62
256
176
0
 40
1.0
176
0
 90
2
176
1
  1
strokes_ogs.tif
176
1
290
0
176
1
 40
1.0
176
1
 40
1.0
176
1
  0
VISUALSTYLE
  5
68
102
{ACAD_REACTORS
330
16
102
}
330
16
100
AcDbVisualStyle
  2
Linepattern
 70
14
177
3
291
1
 70
58
 90
2
176
1
 90
2
176
1
 90
0
176
1
 90
2
176
1
 40
0.6
176
1
 40
30.0
176
1
 62
7
420
16777215
176
1
 90
1
176
1
 90
4
176
1
 62
7
176
1
 62
257
176
1
 90
1
176
1
 90
1
176
1
 40
1.0
176
1
 90
8
176
1
 62
7
176
1
 40
1.0
176
1
 90
1
176
1
 90
6
176
1
 90
2
176
1
 62
7
176
1
 90
5
176
1
 90
0
176
1
 90
0
176
1
290
0
176
1
 90
1
176
1
 40
0.0
176
1
 90
0
176
1
290
0
176
1
290
1
176
1
290
1
176
1
290
0
176
1
290
0
176
1
290
0
176
1
290
0
176
1
290
0
176
1
290
0
176
1
 90
50
176
1
 40
0.0
176
1
 40
1.0
176
1
 90
0
176
1
 62
18
420
0
176
1
 90
50
176
1
 90
3
176
1
 62
5
420
255
176
1
290
0
176
1
 90
50
176
1
 90
50
176
1
 90
50
176
1
290
0
176
1
 90
50
176
1
 62
256
176
0
 40
1.0
176
0
 90
2
176
1
  1
strokes_ogs.tif
176
1
290
0
176
1
 40
1.0
176
1
 40
1.0
176
1
  0
VISUALSTYLE
  5
69
102
{ACAD_REACTORS
330
16
102
}
330
16
100
AcDbVisualStyle
  2
Modeling
 70
10
177
3
291
0
 70
58
 90
2
176
1
 90
2
176
1
 90
0
176
1
 90
2
176
1
 40
0.6
176
1
 40
30.0
176
1
 62
7
420
16777215
176
1
 90
1
176
1
 90
4
176
1
 62
7
176
1
 62
257
176
1
 90
1
176
1
 90
1
176
1
 40
1.0
176
1
 90
8
176
1
 62
7
176
1
 40
1.0
176
1
 90
1
176
1
 90
6
176
1
 90
2
176
1
 62
7
176
1
 90
5
176
1
 90
0
176
1
 90
0
176
1
290
0
176
1
 90
1
176
1
 40
0.0
176
1
 90
0
176
1
290
0
176
1
290
1
176
1
290
1
176
1
290
0
176
1
290
0
176
1
290
0
176
1
290
0
176
1
290
0
176
1
290
0
176
1
 90
50
176
1
 40
0.0
176
1
 40
1.0
176
1
 90
0
176
1
 62
18
420
0
176
1
 90
50
176
1
 90
3
176
1
 62
5
420
255
176
1
290
0
176
1
 90
50
176
1
 90
50
176
1
 90
50
176
1
290
0
176
1
 90
50
176
1
 62
256
176
0
 40
1.0
176
0
 90
2
176
1
  1
strokes_ogs.tif
176
1
290
0
176
1
 40
1.0
176
1
 40
1.0
176
1
  0
VISUALSTYLE
  5
6A
102
{ACAD_REACTORS
330
16
102
}
330
16
100
AcDbVisualStyle
  2
OverhangOff
 70
21
177
3
291
1
 70
58
 90
2
176
1
 90
2
176
1
 90
0
176
1
 90
2
176
1
 40
0.6
176
1
 40
30.0
176
1
 62
7
420
16777215
176
1
 90
1
176
1
 90
4
176
1
 62
7
176
1
 62
257
176
1
 90
1
176
1
 90
1
176
1
 40
1.0
176
1
 90
8
176
1
 62
7
176
1
 40
1.0
176
1
 90
1
176
1
 90
6
176
1
 90
2
176
1
 62
7
176
1
 90
5
176
1
 90
0
176
1
 90
0
176
1
290
0
176
1
 90
1
176
1
 40
0.0
176
1
 90
0
176
1
290
0
176
1
290
1
176
1
290
1
176
1
290
0
176
1
290
0
176
1
290
0
176
1
290
0
176
1
290
0
176
1
290
0
176
1
 90
50
176
1
 40
0.0
176
1
 40
1.0
176
1
 90
0
176
1
 62
18
420
0
176
1
 90
50
176
1
 90
3
176
1
 62
5
420
255
176
1
290
0
176
1
 90
50
176
1
 90
50
176
1
 90
50
176
1
290
0
176
1
 90
50
176
1
 62
256
176
0
 40
1.0
176
0
 90
2
176
1
  1
strokes_ogs.tif
176
1
290
0
176
1
 40
1.0
176
1
 40
1.0
176
1
  0
VISUALSTYLE
  5
6B
102
{ACAD_REACTORS
330
16
102
}
330
16
100
AcDbVisualStyle
  2
Realistic
 70
8
177
3
291
0
 70
58
 90
2
176
1
 90
2
176
1
 90
0
176
1
 90
2
176
1
 40
0.6
176
1
 40
30.0
176
1
 62
7
420
16777215
176
1
 90
1
176
1
 90
4
176
1
 62
7
176
1
 62
257
176
1
 90
1
176
1
 90
1
176
1
 40
1.0
176
1
 90
8
176
1
 62
7
176
1
 40
1.0
176
1
 90
1
176
1
 90
6
176
1
 90
2
176
1
 62
7
176
1
 90
5
176
1
 90
0
176
1
 90
0
176
1
290
0
176
1
 90
1
176
1
 40
0.0
176
1
 90
0
176
1
290
0
176
1
290
1
176
1
290
1
176
1
290
0
176
1
290
0
176
1
290
0
176
1
290
0
176
1
290
0
176
1
290
0
176
1
 90
50
176
1
 40
0.0
176
1
 40
1.0
176
1
 90
0
176
1
 62
18
420
0
176
1
 90
50
176
1
 90
3
176
1
 62
5
420
255
176
1
290
0
176
1
 90
50
176
1
 90
50
176
1
 90
50
176
1
290
0
176
1
 90
50
176
1
 62
256
176
0
 40
1.0
176
0
 90
2
176
1
  1
strokes_ogs.tif
176
1
290
0
176
1
 40
1.0
176
1
 40
1.0
176
1
  0
VISUALSTYLE
  5
6C
102
{ACAD_REACTORS
330
16
102
}
330
16
100
AcDbVisualStyle
  2
Shaded
 70
27
177
3
291
0
 70
58
 90
2
176
1
 90
2
176
1
 90
0
176
1
 90
2
176
1
 40
0.6
176
1
 40
30.0
176
1
 62
7
420
16777215
176
1
 90
1
176
1
 90
4
176
1
 62
7
176
1
 62
257
176
1
 90
1
176
1
 90
1
176
1
 40
1.0
176
1
 90
8
176
1
 62
7
176
1
 40
1.0
176
1
 90
1
176
1
 90
6
176
1
 90
2
176
1
 62
7
176
1
 90
5
176
1
 90
0
176
1
 90
0
176
1
290
0
176
1
 90
1
176
1
 40
0.0
176
1
 90
0
176
1
290
0
176
1
290
1
176
1
290
1
176
1
290
0
176
1
290
0
176
1
290
0
176
1
290
0
176
1
290
0
176
1
290
0
176
1
 90
50
176
1
 40
0.0
176
1
 40
1.0
176
1
 90
0
176
1
 62
18
420
0
176
1
 90
50
176
1
 90
3
176
1
 62
5
420
255
176
1
290
0
176
1
 90
50
176
1
 90
50
176
1
 90
50
176
1
290
0
176
1
 90
50
176
1
 62
256
176
0
 40
1.0
176
0
 90
2
176
1
  1
strokes_ogs.tif
176
1
290
0
176
1
 40
1.0
176
1
 40
1.0
176
1
  0
VISUALSTYLE
  5
6D
102
{ACAD_REACTORS
330
16
102
}
330
16
100
AcDbVisualStyle
  2
Shaded with edges
 70
26
177
3
291
0
 70
58
 90
2
176
1
 90
2
176
1
 90
0
176
1
 90
2
176
1
 40
0.6
176
1
 40
30.0
176
1
 62
7
420
16777215
176
1
 90
1
176
1
 90
4
176
1
 62
7
176
1
 62
257
176
1
 90
1
176
1
 90
1
176
1
 40
1.0
176
1
 90
8
176
1
 62
7
176
1
 40
1.0
176
1
 90
1
176
1
 90
6
176
1
 90
2
176
1
 62
7
176
1
 90
5
176
1
 90
0
176
1
 90
0
176
1
290
0
176
1
 90
1
176
1
 40
0.0
176
1
 90
0
176
1
290
0
176
1
290
1
176
1
290
1
176
1
290
0
176
1
290
0
176
1
290
0
176
1
290
0
176
1
290
0
176
1
290
0
176
1
 90
50
176
1
 40
0.0
176
1
 40
1.0
176
1
 90
0
176
1
 62
18
420
0
176
1
 90
50
176
1
 90
3
176
1
 62
5
420
255
176
1
290
0
176
1
 90
50
176
1
 90
50
176
1
 90
50
176
1
290
0
176
1
 90
50
176
1
 62
256
176
0
 40
1.0
176
0
 90
2
176
1
  1
strokes_ogs.tif
176
1
290
0
176
1
 40
1.0
176
1
 40
1.0
176
1
  0
VISUALSTYLE
  5
6E
102
{ACAD_REACTORS
330
16
102
}
330
16
100
AcDbVisualStyle
  2
Shades of Gray
 70
23
177
3
291
0
 70
58
 90
2
176
1
 90
2
176
1
 90
0
176
1
 90
2
176
1
 40
0.6
176
1
 40
30.0
176
1
 62
7
420
16777215
176
1
 90
1
176
1
 90
4
176
1
 62
7
176
1
 62
257
176
1
 90
1
176
1
 90
1
176
1
 40
1.0
176
1
 90
8
176
1
 62
7
176
1
 40
1.0
176
1
 90
1
176
1
 90
6
176
1
 90
2
176
1
 62
7
176
1
 90
5
176
1
 90
0
176
1
 90
0
176
1
290
0
176
1
 90
1
176
1
 40
0.0
176
1
 90
0
176
1
290
0
176
1
290
1
176
1
290
1
176
1
290
0
176
1
290
0
176
1
290
0
176
1
290
0
176
1
290
0
176
1
290
0
176
1
 90
50
176
1
 40
0.0
176
1
 40
1.0
176
1
 90
0
176
1
 62
18
420
0
176
1
 90
50
176
1
 90
3
176
1
 62
5
420
255
176
1
290
0
176
1
 90
50
176
1
 90
50
176
1
 90
50
176
1
290
0
176
1
 90
50
176
1
 62
256
176
0
 40
1.0
176
0
 90
2
176
1
  1
strokes_ogs.tif
176
1
290
0
176
1
 40
1.0
176
1
 40
1.0
176
1
  0
VISUALSTYLE
  5
6F
102
{ACAD_REACTORS
330
16
102
}
330
16
100
AcDbVisualStyle
  2
Sketchy
 70
24
177
3
291
0
 70
58
 90
2
176
1
 90
2
176
1
 90
0
176
1
 90
1
176
1
 40
0.6
176
1
 40
30.0
176
1
 62
7
420
16777215
176
1
 90
1
176
1
 90
4
176
1
 62
7
176
1
 62
257
176
1
 90
1
176
1
 90
1
176
1
 40
1.0
176
1
 90
8
176
1
 62
7
176
1
 40
1.0
176
1
 90
1
176
1
 90
6
176
1
 90
2
176
1
 62
7
176
1
 90
5
176
1
 90
0
176
1
 90
0
176
1
290
0
176
1
 90
1
176
1
 40
0.0
176
1
 90
0
176
1
290
0
176
1
290
1
176
1
290
1
176
1
290
0
176
1
290
0
176
1
290
0
176
1
290
0
176
1
290
0
176
1
290
0
176
1
 90
50
176
1
 40
0.0
176
1
 40
1.0
176
1
 90
0
176
1
 62
18
420
0
176
1
 90
50
176
1
 90
3
176
1
 62
5
420
255
176
1
290
0
176
1
 90
50
176
1
 90
50
176
1
 90
50
176
1
290
0
176
1
 90
50
176
1
 62
256
176
0
 40
1.0
176
0
 90
2
176
1
  1
strokes_ogs.tif
176
1
290
0
176
1
 40
1.0
176
1
 40
1.0
176
1
  0
VISUALSTYLE
  5
70
102
{ACAD_REACTORS
330
16
102
}
330
16
100
AcDbVisualStyle
  2
Thicken
 70
13
177
3
291
1
 70
58
 90
2
176
1
 90
2
176
1
 90
0
176
1
 90
2
176
1
 40
0.6
176
1
 40
30.0
176
1
 62
7
420
16777215
176
1
 90
1
176
1
 90
4
176
1
 62
7
176
1
 62
257
176
1
 90
1
176
1
 90
1
176
1
 40
1.0
176
1
 90
8
176
1
 62
7
176
1
 40
1.0
176
1
 90
1
176
1
 90
6
176
1
 90
2
176
1
 62
7
176
1
 90
5
176
1
 90
0
176
1
 90
0
176
1
290
0
176
1
 90
1
176
1
 40
0.0
176
1
 90
0
176
1
290
0
176
1
290
1
176
1
290
1
176
1
290
0
176
1
290
0
176
1
290
0
176
1
290
0
176
1
290
0
176
1
290
0
176
1
 90
50
176
1
 40
0.0
176
1
 40
1.0
176
1
 90
0
176
1
 62
18
420
0
176
1
 90
50
176
1
 90
3
176
1
 62
5
420
255
176
1
290
0
176
1
 90
50
176
1
 90
50
176
1
 90
50
176
1
290
0
176
1
 90
50
176
1
 62
256
176
0
 40
1.0
176
0
 90
2
176
1
  1
strokes_ogs.tif
176
1
290
0
176
1
 40
1.0
176
1
 40
1.0
176
1
  0
VISUALSTYLE
  5
71
102
{ACAD_REACTORS
330
16
102
}
330
16
100
AcDbVisualStyle
  2
Wireframe
 70
5
177
3
291
0
 70
58
 90
2
176
1
 90
2
176
1
 90
0
176
1
 90
0
176
1
 40
0.6
176
1
 40
30.0
176
1
 62
7
420
16777215
176
1
 90
1
176
1
 90
4
176
1
 62
7
176
1
 62
257
176
1
 90
1
176
1
 90
1
176
1
 40
1.0
176
1
 90
8
176
1
 62
7
176
1
 40
1.0
176
1
 90
1
176
1
 90
6
176
1
 90
2
176
1
 62
7
176
1
 90
5
176
1
 90
0
176
1
 90
0
176
1
290
0
176
1
 90
1
176
1
 40
0.0
176
1
 90
0
176
1
290
0
176
1
290
1
176
1
290
1
176
1
290
0
176
1
290
0
176
1
290
0
176
1
290
0
176
1
290
0
176
1
290
0
176
1
 90
50
176
1
 40
0.0
176
1
 40
1.0
176
1
 90
0
176
1
 62
18
420
0
176
1
 90
50
176
1
 90
3
176
1
 62
5
420
255
176
1
290
0
176
1
 90
50
176
1
 90
50
176
1
 90
50
176
1
290
0
176
1
 90
50
176
1
 62
256
176
0
 40
1.0
176
0
 90
2
176
1
  1
strokes_ogs.tif
176
1
290
0
176
1
 40
1.0
176
1
 40
1.0
176
1
  0
VISUALSTYLE
  5
72
102
{ACAD_REACTORS
330
16
102
}
330
16
100
AcDbVisualStyle
  2
X-Ray
 70
25
177
3
291
0
 70
58
 90
2
176
1
 90
2
176
1
 90
0
176
1
 90
2
176
1
 40
0.5
176
1
 40
30.0
176
1
 62
7
420
16777215
176
1
 90
1
176
1
 90
4
176
1
 62
7
176
1
 62
257
176
1
 90
1
176
1
 90
1
176
1
 40
1.0
176
1
 90
8
176
1
 62
7
176
1
 40
1.0
176
1
 90
1
176
1
 90
6
176
1
 90
2
176
1
 62
7
176
1
 90
5
176
1
 90
0
176
1
 90
0
176
1
290
0
176
1
 90
1
176
1
 40
0.0
176
1
 90
0
176
1
290
0
176
1
290
1
176
1
290
1
176
1
290
0
176
1
290
0
176
1
290
0
176
1
290
0
176
1
290
0
176
1
290
0
176
1
 90
50
176
1
 40
0.0
176
1
 40
1.0
176
1
 90
0
176
1
 62
18
420
0
176
1
 90
50
176
1
 90
3
176
1
 62
5
420
255
176
1
290
0
176
1
 90
50
176
1
 90
50
176
1
 90
50
176
1
290
0
176
1
 90
50
176
1
 62
256
176
0
 40
1.0
176
0
 90
2
176
1
  1
strokes_ogs.tif
176
1
290
0
176
1
 40
1.0
176
1
 40
1.0
176
1
  0
LAYOUT
  5
C1
330
D
100
AcDbPlotSettings
  1

  2
DWG to PDF.pc3
  4
ezdxf_(841.00_x_594.00_MM)
  6

 40
0.0
 41
0.0
 42
0.0
 43
0.0
 44
841.0
 45
594.0
 46
0.0
 47
0.0
 48
0.0
 49
0.0
140
0.0
141
0.0
142
1.0
143
1.0
 70
672
 72
1
 73
0
 74
5
  7

 75
16
 76
0
 77
2
 78
300
147
1.0
148
0.0
149
0.0
100
AcDbLayout
  1
E04-TABLEROS
 70
1
 71
3
 10
-0.0
 20
-0.0
 11
841.0
 21
594.0
 12
0.0
 22
0.0
 32
0.0
 14
1e+20
 24
1e+20
 34
1e+20
 15
-1e+20
 25
-1e+20
 35
-1e+20
146
0.0
 13
0.0
 23
0.0
 33
0.0
 16
1.0
 26
0.0
 36
0.0
 17
0.0
 27
1.0
 37
0.0
 76
1
330
BE
331
C2
  0
DICTIONARYVAR
  5
50D
330
2D
100
DictionaryVariables
280
0
  1
1.4.4 @ 2026-10-07T02:30:56.055340+00:00
  0
ENDSEC
  0
EOF
