  0
SECTION
  2
HEADER
  9
$ACADVER
  1
AC1032
  9
$ACADMAINTVER
 90
4
  9
$DWGCODEPAGE
  3
ANSI_1252
  9
$LASTSAVEDBY
  1
ezdxf
  9
$REQUIREDVERSIONS
160
0
  9
$INSBASE
 10
0.0
 20
0.0
 30
0.0
  9
$EXTMIN
 10
1e+20
 20
1e+20
 30
1e+20
  9
$EXTMAX
 10
-1e+20
 20
-1e+20
 30
-1e+20
  9
$LIMMIN
 10
0.0
 20
0.0
  9
$LIMMAX
 10
420.0
 20
297.0
  9
$ORTHOMODE
 70
0
  9
$REGENMODE
 70
1
  9
$FILLMODE
 70
1
  9
$QTEXTMODE
 70
0
  9
$MIRRTEXT
 70
1
  9
$LTSCALE
 40
1.0
  9
$ATTMODE
 70
1
  9
$TEXTSIZE
 40
2.5
  9
$TRACEWID
 40
1.0
  9
$TEXTSTYLE
  7
OpenSans
  9
$CLAYER
  8
0
  9
$CELTYPE
  6
ByLayer
  9
$CECOLOR
 62
256
  9
$CELTSCALE
 40
1.0
  9
$DISPSILH
 70
0
  9
$DIMSCALE
 40
1.0
  9
$DIMASZ
 40
0.175
  9
$DIMEXO
 40
0.125
  9
$DIMDLI
 40
3.75
  9
$DIMRND
 40
0.0
  9
$DIMDLE
 40
0.0
  9
$DIMEXE
 40
0.375
  9
$DIMTP
 40
0.0
  9
$DIMTM
 40
0.0
  9
$DIMTXT
 40
0.25
  9
$DIMCEN
 40
2.5
  9
$DIMTSZ
 40
0.0
  9
$DIMTOL
 70
0
  9
$DIMLIM
 70
0
  9
$DIMTIH
 70
0
  9
$DIMTOH
 70
0
  9
$DIMSE1
 70
0
  9
$DIMSE2
 70
0
  9
$DIMTAD
 70
1
  9
$DIMZIN
 70
12
  9
$DIMBLK
  1
ARCHTICK
  9
$DIMASO
 70
1
  9
$DIMSHO
 70
1
  9
$DIMPOST
  1

  9
$DIMAPOST
  1

  9
$DIMALT
 70
0
  9
$DIMALTD
 70
3
  9
$DIMALTF
 40
0.03937007874
  9
$DIMLFAC
 40
100.0
  9
$DIMTOFL
 70
1
  9
$DIMTVP
 40
0.0
  9
$DIMTIX
 70
0
  9
$DIMSOXD
 70
0
  9
$DIMSAH
 70
0
  9
$DIMBLK1
  1

  9
$DIMBLK2
  1

  9
$DIMSTYLE
  2
EZDXF
  9
$DIMCLRD
 70
0
  9
$DIMCLRE
 70
0
  9
$DIMCLRT
 70
0
  9
$DIMTFAC
 40
0.5
  9
$DIMGAP
 40
0.1
  9
$DIMJUST
 70
0
  9
$DIMSD1
 70
0
  9
$DIMSD2
 70
0
  9
$DIMTOLJ
 70
0
  9
$DIMTZIN
 70
8
  9
$DIMALTZ
 70
0
  9
$DIMALTTZ
 70
0
  9
$DIMUPT
 70
1
  9
$DIMDEC
 70
2
  9
$DIMTDEC
 70
2
  9
$DIMALTU
 70
2
  9
$DIMALTTD
 70
3
  9
$DIMTXSTY
  7
OpenSansCondensed-Light
  9
$DIMAUNIT
 70
0
  9
$DIMADEC
 70
2
  9
$DIMALTRND
 40
0.0
  9
$DIMAZIN
 70
3
  9
$DIMDSEP
 70
46
  9
$DIMATFIT
 70
3
  9
$DIMFRAC
 70
0
  9
$DIMLDRBLK
  1

  9
$DIMLUNIT
 70
2
  9
$DIMLWD
 70
-2
  9
$DIMLWE
 70
-2
  9
$DIMTMOVE
 70
2
  9
$DIMFXL
 40
1.0
  9
$DIMFXLON
 70
0
  9
$DIMJOGANG
 40
0.785398163397
  9
$DIMTFILL
 70
0
  9
$DIMTFILLCLR
 70
0
  9
$DIMARCSYM
 70
0
  9
$DIMLTYPE
  6

  9
$DIMLTEX1
  6

  9
$DIMLTEX2
  6

  9
$DIMTXTDIRECTION
 70
0
  9
$LUNITS
 70
2
  9
$LUPREC
 70
2
  9
$SKETCHINC
 40
1.0
  9
$FILLETRAD
 40
10.0
  9
$AUNITS
 70
1
  9
$AUPREC
 70
2
  9
$MENU
  1
.
  9
$ELEVATION
 40
0.0
  9
$PELEVATION
 40
0.0
  9
$THICKNESS
 40
0.0
  9
$LIMCHECK
 70
0
  9
$CHAMFERA
 40
0.0
  9
$CHAMFERB
 40
0.0
  9
$CHAMFERC
 40
0.0
  9
$CHAMFERD
 40
0.0
  9
$SKPOLY
 70
0
  9
$TDCREATE
 40
2461321.0774421296
  9
$TDUCREATE
 40
2458532.153996898
  9
$TDUPDATE
 40
2461321.0774421296
  9
$TDUUPDATE
 40
2458532.1544311
  9
$TDINDWG
 40
0.0
  9
$TDUSRTIMER
 40
0.0
  9
$USRTIMER
 70
1
  9
$ANGBASE
 50
0.0
  9
$ANGDIR
 70
0
  9
$PDMODE
 70
0
  9
$PDSIZE
 40
0.0
  9
$PLINEWID
 40
0.0
  9
$SPLFRAME
 70
0
  9
$SPLINETYPE
 70
6
  9
$SPLINESEGS
 70
8
  9
$HANDSEED
  5
8F7
  9
$SURFTAB1
 70
6
  9
$SURFTAB2
 70
6
  9
$SURFTYPE
 70
6
  9
$SURFU
 70
6
  9
$SURFV
 70
6
  9
$UCSBASE
  2

  9
$UCSNAME
  2

  9
$UCSORG
 10
0.0
 20
0.0
 30
0.0
  9
$UCSXDIR
 10
1.0
 20
0.0
 30
0.0
  9
$UCSYDIR
 10
0.0
 20
1.0
 30
0.0
  9
$UCSORTHOREF
  2

  9
$UCSORTHOVIEW
 70
0
  9
$UCSORGTOP
 10
0.0
 20
0.0
 30
0.0
  9
$UCSORGBOTTOM
 10
0.0
 20
0.0
 30
0.0
  9
$UCSORGLEFT
 10
0.0
 20
0.0
 30
0.0
  9
$UCSORGRIGHT
 10
0.0
 20
0.0
 30
0.0
  9
$UCSORGFRONT
 10
0.0
 20
0.0
 30
0.0
  9
$UCSORGBACK
 10
0.0
 20
0.0
 30
0.0
  9
$PUCSBASE
  2

  9
$PUCSNAME
  2

  9
$PUCSORG
 10
0.0
 20
0.0
 30
0.0
  9
$PUCSXDIR
 10
1.0
 20
0.0
 30
0.0
  9
$PUCSYDIR
 10
0.0
 20
1.0
 30
0.0
  9
$PUCSORTHOREF
  2

  9
$PUCSORTHOVIEW
 70
0
  9
$PUCSORGTOP
 10
0.0
 20
0.0
 30
0.0
  9
$PUCSORGBOTTOM
 10
0.0
 20
0.0
 30
0.0
  9
$PUCSORGLEFT
 10
0.0
 20
0.0
 30
0.0
  9
$PUCSORGRIGHT
 10
0.0
 20
0.0
 30
0.0
  9
$PUCSORGFRONT
 10
0.0
 20
0.0
 30
0.0
  9
$PUCSORGBACK
 10
0.0
 20
0.0
 30
0.0
  9
$USERI1
 70
0
  9
$USERI2
 70
0
  9
$USERI3
 70
0
  9
$USERI4
 70
0
  9
$USERI5
 70
0
  9
$USERR1
 40
0.0
  9
$USERR2
 40
0.0
  9
$USERR3
 40
0.0
  9
$USERR4
 40
0.0
  9
$USERR5
 40
0.0
  9
$WORLDVIEW
 70
1
  9
$SHADEDGE
 70
3
  9
$SHADEDIF
 70
70
  9
$TILEMODE
 70
1
  9
$MAXACTVP
 70
64
  9
$PINSBASE
 10
0.0
 20
0.0
 30
0.0
  9
$PLIMCHECK
 70
0
  9
$PEXTMIN
 10
1e+20
 20
1e+20
 30
1e+20
  9
$PEXTMAX
 10
-1e+20
 20
-1e+20
 30
-1e+20
  9
$PLIMMIN
 10
-0.0
 20
-0.0
  9
$PLIMMAX
 10
841.0
 20
594.0
  9
$UNITMODE
 70
0
  9
$VISRETAIN
 70
1
  9
$PLINEGEN
 70
0
  9
$PSLTSCALE
 70
1
  9
$TREEDEPTH
 70
3020
  9
$CMLSTYLE
  2
Standard
  9
$CMLJUST
 70
0
  9
$CMLSCALE
 40
20.0
  9
$PROXYGRAPHICS
 70
1
  9
$MEASUREMENT
 70
1
  9
$CELWEIGHT
370
-1
  9
$ENDCAPS
280
0
  9
$JOINSTYLE
280
0
  9
$LWDISPLAY
290
1
  9
$INSUNITS
 70
6
  9
$HYPERLINKBASE
  1

  9
$STYLESHEET
  1

  9
$XEDIT
290
1
  9
$CEPSNTYPE
380
0
  9
$PSTYLEMODE
290
1
  9
$FINGERPRINTGUID
  2
{DE328166-73E1-484F-B26C-98D2A7175250}
  9
$VERSIONGUID
  2
{59676D59-F8F2-4B6B-9FD6-FC5A5A5A8500}
  9
$EXTNAMES
290
1
  9
$PSVPSCALE
 40
0.0
  9
$OLESTARTUP
290
0
  9
$SORTENTS
280
127
  9
$INDEXCTL
280
0
  9
$HIDETEXT
280
1
  9
$XCLIPFRAME
280
1
  9
$HALOGAP
280
0
  9
$OBSCOLOR
 70
257
  9
$OBSLTYPE
280
0
  9
$INTERSECTIONDISPLAY
280
0
  9
$INTERSECTIONCOLOR
 70
257
  9
$DIMASSOC
280
2
  9
$PROJECTNAME
  1

  9
$CAMERADISPLAY
290
0
  9
$LENSLENGTH
 40
50.0
  9
$CAMERAHEIGHT
 40
0.0
  9
$STEPSPERSEC
 40
24.0
  9
$STEPSIZE
 40
100.0
  9
$3DDWFPREC
 40
2.0
  9
$PSOLWIDTH
 40
0.005
  9
$PSOLHEIGHT
 40
0.08
  9
$LOFTANG1
 40
1.570796326795
  9
$LOFTANG2
 40
1.570796326795
  9
$LOFTMAG1
 40
0.0
  9
$LOFTMAG2
 40
0.0
  9
$LOFTPARAM
 70
7
  9
$LOFTNORMALS
280
1
  9
$LATITUDE
 40
37.795
  9
$LONGITUDE
 40
-122.394
  9
$NORTHDIRECTION
 40
0.0
  9
$TIMEZONE
 70
-8000
  9
$LIGHTGLYPHDISPLAY
280
1
  9
$TILEMODELIGHTSYNCH
280
1
  9
$CMATERIAL
347
20
  9
$SOLIDHIST
280
0
  9
$SHOWHIST
280
1
  9
$DWFFRAME
280
2
  9
$DGNFRAME
280
2
  9
$REALWORLDSCALE
290
1
  9
$INTERFERECOLOR
 62
256
  9
$CSHADOW
280
0
  9
$SHADOWPLANELOCATION
 40
0.0
  0
ENDSEC
  0
SECTION
  2
CLASSES
  0
CLASS
  1
ACDBDICTIONARYWDFLT
  2
AcDbDictionaryWithDefault
  3
ObjectDBX Classes
 90
0
 91
0
280
0
281
0
  0
CLASS
  1
SUN
  2
AcDbSun
  3
SCENEOE
 90
1153
 91
0
280
0
281
0
  0
CLASS
  1
VISUALSTYLE
  2
AcDbVisualStyle
  3
ObjectDBX Classes
 90
4095
 91
0
280
0
281
0
  0
CLASS
  1
MATERIAL
  2
AcDbMaterial
  3
ObjectDBX Classes
 90
1153
 91
0
280
0
281
0
  0
CLASS
  1
SCALE
  2
AcDbScale
  3
ObjectDBX Classes
 90
1153
 91
0
280
0
281
0
  0
CLASS
  1
TABLESTYLE
  2
AcDbTableStyle
  3
ObjectDBX Classes
 90
4095
 91
0
280
0
281
0
  0
CLASS
  1
MLEADERSTYLE
  2
AcDbMLeaderStyle
  3
ACDB_MLEADERSTYLE_CLASS
 90
4095
 91
0
280
0
281
0
  0
CLASS
  1
DICTIONARYVAR
  2
AcDbDictionaryVar
  3
ObjectDBX Classes
 90
0
 91
0
280
0
281
0
  0
CLASS
  1
CELLSTYLEMAP
  2
AcDbCellStyleMap
  3
ObjectDBX Classes
 90
1152
 91
0
280
0
281
0
  0
CLASS
  1
MENTALRAYRENDERSETTINGS
  2
AcDbMentalRayRenderSettings
  3
SCENEOE
 90
1024
 91
0
280
0
281
0
  0
CLASS
  1
ACDBDETAILVIEWSTYLE
  2
AcDbDetailViewStyle
  3
ObjectDBX Classes
 90
1025
 91
0
280
0
281
0
  0
CLASS
  1
ACDBSECTIONVIEWSTYLE
  2
AcDbSectionViewStyle
  3
ObjectDBX Classes
 90
1025
 91
0
280
0
281
0
  0
CLASS
  1
RASTERVARIABLES
  2
AcDbRasterVariables
  3
ISM
 90
0
 91
0
280
0
281
0
  0
CLASS
  1
LAYOUT
  2
AcDbLayout
  3
ObjectDBX Classes
 90
0
 91
0
280
0
281
0
  0
CLASS
  1
ACDBPLACEHOLDER
  2
AcDbPlaceHolder
  3
ObjectDBX Classes
 90
0
 91
0
280
0
281
0
  0
ENDSEC
  0
SECTION
  2
TABLES
  0
TABLE
  2
VPORT
  5
8
330
0
100
AcDbSymbolTable
 70
1
  0
VPORT
  5
23
330
8
100
AcDbSymbolTableRecord
100
AcDbViewportTableRecord
  2
*Active
 70
0
 10
0.0
 20
0.0
 11
1.0
 21
1.0
 12
0.0
 22
0.0
 13
0.0
 23
0.0
 14
0.5
 24
0.5
 15
0.5
 25
0.5
 16
0.0
 26
0.0
 36
1.0
 17
0.0
 27
0.0
 37
0.0
 40
1000.0
 41
1.34
 42
50.0
 43
0.0
 44
0.0
 50
0.0
 51
0.0
 71
0
 72
1000
 73
1
 74
3
 75
0
 76
0
 77
0
 78
0
281
0
 65
0
146
0.0
  0
ENDTAB
  0
TABLE
  2
LTYPE
  5
2
330
0
100
AcDbSymbolTable
 70
21
  0
LTYPE
  5
24
330
2
100
AcDbSymbolTableRecord
100
AcDbLinetypeTableRecord
  2
ByBlock
 70
0
  3

 72
65
 73
0
 40
0.0
  0
LTYPE
  5
25
330
2
100
AcDbSymbolTableRecord
100
AcDbLinetypeTableRecord
  2
ByLayer
 70
0
  3

 72
65
 73
0
 40
0.0
  0
LTYPE
  5
26
330
2
100
AcDbSymbolTableRecord
100
AcDbLinetypeTableRecord
  2
Continuous
 70
0
  3

 72
65
 73
0
 40
0.0
  0
LTYPE
  5
2F
330
2
100
AcDbSymbolTableRecord
100
AcDbLinetypeTableRecord
  2
CENTER
 70
0
  3
Center ____ _ ____ _ ____ _ ____ _ ____ _ ____
 72
65
 73
4
 40
5.08
 49
3.175
 74
0
 49
-0.635
 74
0
 49
0.635
 74
0
 49
-0.635
 74
0
  0
LTYPE
  5
30
330
2
100
AcDbSymbolTableRecord
100
AcDbLinetypeTableRecord
  2
CENTERX2
 70
0
  3
Center (2x) ________  __  ________  __  ________
 72
65
 73
4
 40
8.89
 49
6.35
 74
0
 49
-0.635
 74
0
 49
1.27
 74
0
 49
-0.635
 74
0
  0
LTYPE
  5
31
330
2
100
AcDbSymbolTableRecord
100
AcDbLinetypeTableRecord
  2
CENTER2
 70
0
  3
Center (.5x) ____ _ ____ _ ____ _ ____ _ ____
 72
65
 73
4
 40
2.54
 49
1.587
 74
0
 49
-0.318
 74
0
 49
0.318
 74
0
 49
-0.318
 74
0
  0
LTYPE
  5
32
330
2
100
AcDbSymbolTableRecord
100
AcDbLinetypeTableRecord
  2
DASHED
 70
0
  3
Dashed __ __ __ __ __ __ __ __ __ __ __ __ __ _
 72
65
 73
2
 40
1.524
 49
1.27
 74
0
 49
-0.254
 74
0
  0
LTYPE
  5
33
330
2
100
AcDbSymbolTableRecord
100
AcDbLinetypeTableRecord
  2
DASHEDX2
 70
0
  3
Dashed (2x) ____  ____  ____  ____  ____  ____
 72
65
 73
2
 40
3.048
 49
2.54
 74
0
 49
-0.508
 74
0
  0
LTYPE
  5
34
330
2
100
AcDbSymbolTableRecord
100
AcDbLinetypeTableRecord
  2
DASHED2
 70
0
  3
Dashed (.5x) _ _ _ _ _ _ _ _ _ _ _ _ _ _
 72
65
 73
2
 40
0.762
 49
0.635
 74
0
 49
-0.127
 74
0
  0
LTYPE
  5
35
330
2
100
AcDbSymbolTableRecord
100
AcDbLinetypeTableRecord
  2
PHANTOM
 70
0
  3
Phantom ______  __  __  ______  __  __  ______
 72
65
 73
6
 40
6.35
 49
3.175
 74
0
 49
-0.635
 74
0
 49
0.635
 74
0
 49
-0.635
 74
0
 49
0.635
 74
0
 49
-0.635
 74
0
  0
LTYPE
  5
36
330
2
100
AcDbSymbolTableRecord
100
AcDbLinetypeTableRecord
  2
PHANTOMX2
 70
0
  3
Phantom (2x)____________    ____    ____    ____________
 72
65
 73
6
 40
10.795
 49
6.35
 74
0
 49
-0.635
 74
0
 49
1.27
 74
0
 49
-0.635
 74
0
 49
1.27
 74
0
 49
-0.635
 74
0
  0
LTYPE
  5
37
330
2
100
AcDbSymbolTableRecord
100
AcDbLinetypeTableRecord
  2
PHANTOM2
 70
0
  3
Phantom (.5x) ___ _ _ ___ _ _ ___ _ _ ___ _ _ ___
 72
65
 73
6
 40
3.175
 49
1.587
 74
0
 49
-0.318
 74
0
 49
0.318
 74
0
 49
-0.318
 74
0
 49
0.318
 74
0
 49
-0.318
 74
0
  0
LTYPE
  5
38
330
2
100
AcDbSymbolTableRecord
100
AcDbLinetypeTableRecord
  2
DASHDOT
 70
0
  3
Dash dot __ . __ . __ . __ . __ . __ . __ . __
 72
65
 73
4
 40
3.556
 49
2.54
 74
0
 49
-0.508
 74
0
 49
0.0
 74
0
 49
-0.508
 74
0
  0
LTYPE
  5
39
330
2
100
AcDbSymbolTableRecord
100
AcDbLinetypeTableRecord
  2
DASHDOTX2
 70
0
  3
Dash dot (2x) ____  .  ____  .  ____  .  ____
 72
65
 73
4
 40
6.096
 49
5.08
 74
0
 49
-0.508
 74
0
 49
0.0
 74
0
 49
-0.508
 74
0
  0
LTYPE
  5
3A
330
2
100
AcDbSymbolTableRecord
100
AcDbLinetypeTableRecord
  2
DASHDOT2
 70
0
  3
Dash dot (.5x) _ . _ . _ . _ . _ . _ . _ . _
 72
65
 73
4
 40
1.778
 49
1.27
 74
0
 49
-0.254
 74
0
 49
0.0
 74
0
 49
-0.254
 74
0
  0
LTYPE
  5
3B
330
2
100
AcDbSymbolTableRecord
100
AcDbLinetypeTableRecord
  2
DOT
 70
0
  3
Dot .  .  .  .  .  .  .  .  .  .  .  .  .  .  .  .
 72
65
 73
2
 40
0.508
 49
0.0
 74
0
 49
-0.508
 74
0
  0
LTYPE
  5
3C
330
2
100
AcDbSymbolTableRecord
100
AcDbLinetypeTableRecord
  2
DOTX2
 70
0
  3
Dot (2x) .    .    .    .    .    .    .    . 
 72
65
 73
2
 40
1.016
 49
0.0
 74
0
 49
-1.016
 74
0
  0
LTYPE
  5
3D
330
2
100
AcDbSymbolTableRecord
100
AcDbLinetypeTableRecord
  2
DOT2
 70
0
  3
Dot (.5) . . . . . . . . . . . . . . . . . . . 
 72
65
 73
2
 40
0.254
 49
0.0
 74
0
 49
-0.254
 74
0
  0
LTYPE
  5
3E
330
2
100
AcDbSymbolTableRecord
100
AcDbLinetypeTableRecord
  2
DIVIDE
 70
0
  3
Divide __ . . __ . . __ . . __ . . __ . . __
 72
65
 73
6
 40
4.064
 49
2.54
 74
0
 49
-0.508
 74
0
 49
0.0
 74
0
 49
-0.508
 74
0
 49
0.0
 74
0
 49
-0.508
 74
0
  0
LTYPE
  5
3F
330
2
100
AcDbSymbolTableRecord
100
AcDbLinetypeTableRecord
  2
DIVIDEX2
 70
0
  3
Divide (2x) ____  . .  ____  . .  ____  . .  ____
 72
65
 73
6
 40
6.604
 49
5.08
 74
0
 49
-0.508
 74
0
 49
0.0
 74
0
 49
-0.508
 74
0
 49
0.0
 74
0
 49
-0.508
 74
0
  0
LTYPE
  5
40
330
2
100
AcDbSymbolTableRecord
100
AcDbLinetypeTableRecord
  2
DIVIDE2
 70
0
  3
Divide(.5x) _ . _ . _ . _ . _ . _ . _ . _
 72
65
 73
6
 40
2.032
 49
1.27
 74
0
 49
-0.254
 74
0
 49
0.0
 74
0
 49
-0.254
 74
0
 49
0.0
 74
0
 49
-0.254
 74
0
  0
ENDTAB
  0
TABLE
  2
LAYER
  5
1
330
0
100
AcDbSymbolTable
 70
50
  0
LAYER
  5
27
330
1
100
AcDbSymbolTableRecord
100
AcDbLayerTableRecord
  2
0
 70
0
 62
7
  6
Continuous
370
-3
390
13
347
21
  0
LAYER
  5
28
330
1
100
AcDbSymbolTableRecord
100
AcDbLayerTableRecord
  2
Defpoints
 70
0
 62
7
  6
Continuous
290
0
370
-3
390
13
347
21
  0
LAYER
  5
8B
330
1
100
AcDbSymbolTableRecord
100
AcDbLayerTableRecord
  2
A-MARCO
 70
0
 62
7
  6
Continuous
370
70
390
13
347
21
  0
LAYER
  5
8C
330
1
100
AcDbSymbolTableRecord
100
AcDbLayerTableRecord
  2
A-CAJETIN
 70
0
 62
7
  6
Continuous
370
35
390
13
347
21
  0
LAYER
  5
8D
330
1
100
AcDbSymbolTableRecord
100
AcDbLayerTableRecord
  2
A-CAJETIN-TXT
 70
0
 62
7
  6
Continuous
370
25
390
13
347
21
  0
LAYER
  5
8E
330
1
100
AcDbSymbolTableRecord
100
AcDbLayerTableRecord
  2
A-TITULOS
 70
0
 62
7
  6
Continuous
370
35
390
13
347
21
  0
LAYER
  5
8F
330
1
100
AcDbSymbolTableRecord
100
AcDbLayerTableRecord
  2
A-TEXTO
 70
0
 62
7
  6
Continuous
370
18
390
13
347
21
  0
LAYER
  5
90
330
1
100
AcDbSymbolTableRecord
100
AcDbLayerTableRecord
  2
A-TABLAS
 70
0
 62
7
  6
Continuous
370
25
390
13
347
21
  0
LAYER
  5
91
330
1
100
AcDbSymbolTableRecord
100
AcDbLayerTableRecord
  2
A-NOTAS
 70
0
 62
7
  6
Continuous
370
18
390
13
347
21
  0
LAYER
  5
92
330
1
100
AcDbSymbolTableRecord
100
AcDbLayerTableRecord
  2
A-ESCALA-GRAF
 70
0
 62
7
  6
Continuous
370
18
390
13
347
21
  0
LAYER
  5
93
330
1
100
AcDbSymbolTableRecord
100
AcDbLayerTableRecord
  2
A-NORTE
 70
0
 62
7
  6
Continuous
370
25
390
13
347
21
  0
LAYER
  5
94
330
1
100
AcDbSymbolTableRecord
100
AcDbLayerTableRecord
  2
A-IMAGEN-REF
 70
0
 62
7
  6
Continuous
370
13
390
13
347
21
  0
LAYER
  5
95
330
1
100
AcDbSymbolTableRecord
100
AcDbLayerTableRecord
  2
A-VIEWPORT
 70
0
 62
8
  6
Continuous
290
0
370
13
390
13
347
21
  0
LAYER
  5
96
330
1
100
AcDbSymbolTableRecord
100
AcDbLayerTableRecord
  2
A-PENDIENTE
 70
0
 62
1
  6
Continuous
370
25
390
13
347
21
  0
LAYER
  5
97
330
1
100
AcDbSymbolTableRecord
100
AcDbLayerTableRecord
  2
T-LINDERO
 70
0
 62
7
  6
Continuous
370
50
390
13
347
21
  0
LAYER
  5
98
330
1
100
AcDbSymbolTableRecord
100
AcDbLayerTableRecord
  2
T-VERTICE
 70
0
 62
7
  6
Continuous
370
25
390
13
347
21
  0
LAYER
  5
99
330
1
100
AcDbSymbolTableRecord
100
AcDbLayerTableRecord
  2
T-CALLE
 70
0
 62
8
  6
DASHED
370
18
390
13
347
21
  0
LAYER
  5
9A
330
1
100
AcDbSymbolTableRecord
100
AcDbLayerTableRecord
  2
T-TXT-200
 70
0
 62
7
  6
Continuous
370
18
390
13
347
21
  0
LAYER
  5
9B
330
1
100
AcDbSymbolTableRecord
100
AcDbLayerTableRecord
  2
T-COTA-200
 70
0
 62
7
  6
Continuous
370
18
390
13
347
21
  0
LAYER
  5
9C
330
1
100
AcDbSymbolTableRecord
100
AcDbLayerTableRecord
  2
T-TXT-100
 70
0
 62
7
  6
Continuous
370
18
390
13
347
21
  0
LAYER
  5
9D
330
1
100
AcDbSymbolTableRecord
100
AcDbLayerTableRecord
  2
T-COTA-100
 70
0
 62
7
  6
Continuous
370
18
390
13
347
21
  0
LAYER
  5
9E
330
1
100
AcDbSymbolTableRecord
100
AcDbLayerTableRecord
  2
A-HUELLA
 70
0
 62
7
  6
Continuous
370
35
390
13
347
21
  0
LAYER
  5
9F
330
1
100
AcDbSymbolTableRecord
100
AcDbLayerTableRecord
  2
A-HUELLA-TRAMA
 70
0
 62
8
  6
Continuous
370
9
390
13
347
21
  0
LAYER
  5
A0
330
1
100
AcDbSymbolTableRecord
100
AcDbLayerTableRecord
  2
A-PATIO
 70
0
 62
7
  6
Continuous
370
25
390
13
347
21
  0
LAYER
  5
A1
330
1
100
AcDbSymbolTableRecord
100
AcDbLayerTableRecord
  2
A-RETIRO
 70
0
 62
8
  6
DASHED2
370
18
390
13
347
21
  0
LAYER
  5
A2
330
1
100
AcDbSymbolTableRecord
100
AcDbLayerTableRecord
  2
A-MURO
 70
0
 62
7
  6
Continuous
370
50
390
13
347
21
  0
LAYER
  5
A3
330
1
100
AcDbSymbolTableRecord
100
AcDbLayerTableRecord
  2
A-MURO-TRAMA
 70
0
 62
8
  6
Continuous
370
9
390
13
347
21
  0
LAYER
  5
A4
330
1
100
AcDbSymbolTableRecord
100
AcDbLayerTableRecord
  2
A-PUERTA
 70
0
 62
7
  6
Continuous
370
25
390
13
347
21
  0
LAYER
  5
A5
330
1
100
AcDbSymbolTableRecord
100
AcDbLayerTableRecord
  2
A-VENTANA
 70
0
 62
7
  6
Continuous
370
25
390
13
347
21
  0
LAYER
  5
A6
330
1
100
AcDbSymbolTableRecord
100
AcDbLayerTableRecord
  2
A-ESCALERA
 70
0
 62
7
  6
Continuous
370
25
390
13
347
21
  0
LAYER
  5
A7
330
1
100
AcDbSymbolTableRecord
100
AcDbLayerTableRecord
  2
A-VEHICULO
 70
0
 62
8
  6
Continuous
370
18
390
13
347
21
  0
LAYER
  5
A8
330
1
100
AcDbSymbolTableRecord
100
AcDbLayerTableRecord
  2
A-MOBILIARIO
 70
0
 62
8
  6
Continuous
370
18
390
13
347
21
  0
LAYER
  5
A9
330
1
100
AcDbSymbolTableRecord
100
AcDbLayerTableRecord
  2
A-DEMARCACION
 70
0
 62
8
  6
DASHED
370
18
390
13
347
21
  0
LAYER
  5
AA
330
1
100
AcDbSymbolTableRecord
100
AcDbLayerTableRecord
  2
A-PROYECCION
 70
0
 62
8
  6
DASHED
370
18
390
13
347
21
  0
LAYER
  5
AB
330
1
100
AcDbSymbolTableRecord
100
AcDbLayerTableRecord
  2
A-EJES
 70
0
 62
8
  6
CENTER
370
13
390
13
347
21
  0
LAYER
  5
AC
330
1
100
AcDbSymbolTableRecord
100
AcDbLayerTableRecord
  2
A-EJES-TXT
 70
0
 62
7
  6
Continuous
370
25
390
13
347
21
  0
LAYER
  5
AD
330
1
100
AcDbSymbolTableRecord
100
AcDbLayerTableRecord
  2
A-COTA-50
 70
0
 62
7
  6
Continuous
370
18
390
13
347
21
  0
LAYER
  5
AE
330
1
100
AcDbSymbolTableRecord
100
AcDbLayerTableRecord
  2
A-TXT-50
 70
0
 62
7
  6
Continuous
370
18
390
13
347
21
  0
LAYER
  5
AF
330
1
100
AcDbSymbolTableRecord
100
AcDbLayerTableRecord
  2
A-ESPACIOS
 70
0
 62
7
  6
Continuous
370
25
390
13
347
21
  0
LAYER
  5
B0
330
1
100
AcDbSymbolTableRecord
100
AcDbLayerTableRecord
  2
A-NIVELES
 70
0
 62
7
  6
Continuous
370
18
390
13
347
21
  0
LAYER
  5
B1
330
1
100
AcDbSymbolTableRecord
100
AcDbLayerTableRecord
  2
A-CORTES
 70
0
 62
7
  6
Continuous
370
35
390
13
347
21
  0
LAYER
  5
B2
330
1
100
AcDbSymbolTableRecord
100
AcDbLayerTableRecord
  2
A-JARDIN
 70
0
 62
8
  6
Continuous
370
9
390
13
347
21
  0
LAYER
  5
B3
330
1
100
AcDbSymbolTableRecord
100
AcDbLayerTableRecord
  2
E-COLUMNA
 70
0
 62
7
  6
Continuous
370
35
390
13
347
21
  0
LAYER
  5
B7
330
1
100
AcDbSymbolTableRecord
100
AcDbLayerTableRecord
  2
A-ETIQUETA
 70
0
 62
7
  6
Continuous
370
25
390
13
347
21
  0
LAYER
  5
B8
330
1
100
AcDbSymbolTableRecord
100
AcDbLayerTableRecord
  2
D-CONTORNO
 70
0
 62
7
  6
Continuous
370
35
390
13
347
21
  0
LAYER
  5
B9
330
1
100
AcDbSymbolTableRecord
100
AcDbLayerTableRecord
  2
D-LINEAS
 70
0
 62
7
  6
Continuous
370
18
390
13
347
21
  0
LAYER
  5
BA
330
1
100
AcDbSymbolTableRecord
100
AcDbLayerTableRecord
  2
D-OCULTO
 70
0
 62
8
  6
DASHED
370
13
390
13
347
21
  0
LAYER
  5
BB
330
1
100
AcDbSymbolTableRecord
100
AcDbLayerTableRecord
  2
D-TRAMA
 70
0
 62
8
  6
Continuous
370
9
390
13
347
21
  0
LAYER
  5
BC
330
1
100
AcDbSymbolTableRecord
100
AcDbLayerTableRecord
  2
D-COTA
 70
0
 62
7
  6
Continuous
370
18
390
13
347
21
  0
LAYER
  5
BD
330
1
100
AcDbSymbolTableRecord
100
AcDbLayerTableRecord
  2
D-TXT
 70
0
 62
7
  6
Continuous
370
18
390
13
347
21
  0
ENDTAB
  0
TABLE
  2
STYLE
  5
5
330
0
100
AcDbSymbolTable
 70
27
  0
STYLE
  5
29
330
5
100
AcDbSymbolTableRecord
100
AcDbTextStyleTableRecord
  2
Standard
 70
0
 40
0.0
 41
1.0
 50
0.0
 71
0
 42
2.5
  3
txt
  4

  0
STYLE
  5
41
330
5
100
AcDbSymbolTableRecord
100
AcDbTextStyleTableRecord
  2
OpenSans-Light
 70
0
 40
0.0
 41
1.0
 50
0.0
 71
0
 42
2.5
  3
OpenSans-Light.ttf
  4

  0
STYLE
  5
42
330
5
100
AcDbSymbolTableRecord
100
AcDbTextStyleTableRecord
  2
OpenSans-Light-Italic
 70
0
 40
0.0
 41
1.0
 50
0.0
 71
0
 42
2.5
  3
OpenSans-LightItalic.ttf
  4

  0
STYLE
  5
43
330
5
100
AcDbSymbolTableRecord
100
AcDbTextStyleTableRecord
  2
OpenSans
 70
0
 40
0.0
 41
1.0
 50
0.0
 71
0
 42
2.5
  3
OpenSans-Regular.ttf
  4

  0
STYLE
  5
44
330
5
100
AcDbSymbolTableRecord
100
AcDbTextStyleTableRecord
  2
OpenSans-Italic
 70
0
 40
0.0
 41
1.0
 50
0.0
 71
0
 42
2.5
  3
OpenSans-Italic.ttf
  4

  0
STYLE
  5
45
330
5
100
AcDbSymbolTableRecord
100
AcDbTextStyleTableRecord
  2
OpenSans-SemiBold
 70
0
 40
0.0
 41
1.0
 50
0.0
 71
0
 42
2.5
  3
OpenSans-SemiBold.ttf
  4

  0
STYLE
  5
46
330
5
100
AcDbSymbolTableRecord
100
AcDbTextStyleTableRecord
  2
OpenSans-SemiBoldItalic
 70
0
 40
0.0
 41
1.0
 50
0.0
 71
0
 42
2.5
  3
OpenSans-SemiBoldItalic.ttf
  4

  0
STYLE
  5
47
330
5
100
AcDbSymbolTableRecord
100
AcDbTextStyleTableRecord
  2
OpenSans-Bold
 70
0
 40
0.0
 41
1.0
 50
0.0
 71
0
 42
2.5
  3
OpenSans-Bold.ttf
  4

  0
STYLE
  5
48
330
5
100
AcDbSymbolTableRecord
100
AcDbTextStyleTableRecord
  2
OpenSans-BoldItalic
 70
0
 40
0.0
 41
1.0
 50
0.0
 71
0
 42
2.5
  3
OpenSans-BoldItalic.ttf
  4

  0
STYLE
  5
49
330
5
100
AcDbSymbolTableRecord
100
AcDbTextStyleTableRecord
  2
OpenSans-ExtraBold
 70
0
 40
0.0
 41
1.0
 50
0.0
 71
0
 42
2.5
  3
OpenSans-ExtraBold.ttf
  4

  0
STYLE
  5
4A
330
5
100
AcDbSymbolTableRecord
100
AcDbTextStyleTableRecord
  2
OpenSans-ExtraBoldItalic
 70
0
 40
0.0
 41
1.0
 50
0.0
 71
0
 42
2.5
  3
OpenSans-ExtraBoldItalic.ttf
  4

  0
STYLE
  5
4B
330
5
100
AcDbSymbolTableRecord
100
AcDbTextStyleTableRecord
  2
OpenSansCondensed-Bold
 70
0
 40
0.0
 41
1.0
 50
0.0
 71
0
 42
2.5
  3
OpenSansCondensed-Bold.ttf
  4

  0
STYLE
  5
4C
330
5
100
AcDbSymbolTableRecord
100
AcDbTextStyleTableRecord
  2
OpenSansCondensed-Light
 70
0
 40
0.0
 41
1.0
 50
0.0
 71
0
 42
2.5
  3
OpenSansCondensed-Light.ttf
  4

  0
STYLE
  5
4D
330
5
100
AcDbSymbolTableRecord
100
AcDbTextStyleTableRecord
  2
OpenSansCondensed-Italic
 70
0
 40
0.0
 41
1.0
 50
0.0
 71
0
 42
2.5
  3
OpenSansCondensed-LightItalic.ttf
  4

  0
STYLE
  5
4E
330
5
100
AcDbSymbolTableRecord
100
AcDbTextStyleTableRecord
  2
LiberationSans
 70
0
 40
0.0
 41
1.0
 50
0.0
 71
0
 42
2.5
  3
LiberationSans-Regular.ttf
  4

  0
STYLE
  5
4F
330
5
100
AcDbSymbolTableRecord
100
AcDbTextStyleTableRecord
  2
LiberationSans-Bold
 70
0
 40
0.0
 41
1.0
 50
0.0
 71
0
 42
2.5
  3
LiberationSans-Bold.ttf
  4

  0
STYLE
  5
50
330
5
100
AcDbSymbolTableRecord
100
AcDbTextStyleTableRecord
  2
LiberationSans-BoldItalic
 70
0
 40
0.0
 41
1.0
 50
0.0
 71
0
 42
2.5
  3
LiberationSans-BoldItalic.ttf
  4

  0
STYLE
  5
51
330
5
100
AcDbSymbolTableRecord
100
AcDbTextStyleTableRecord
  2
LiberationSans-Italic
 70
0
 40
0.0
 41
1.0
 50
0.0
 71
0
 42
2.5
  3
LiberationSans-Italic.ttf
  4

  0
STYLE
  5
52
330
5
100
AcDbSymbolTableRecord
100
AcDbTextStyleTableRecord
  2
LiberationSerif
 70
0
 40
0.0
 41
1.0
 50
0.0
 71
0
 42
2.5
  3
LiberationSerif-Regular.ttf
  4

  0
STYLE
  5
53
330
5
100
AcDbSymbolTableRecord
100
AcDbTextStyleTableRecord
  2
LiberationSerif-Bold
 70
0
 40
0.0
 41
1.0
 50
0.0
 71
0
 42
2.5
  3
LiberationSerif-Bold.ttf
  4

  0
STYLE
  5
54
330
5
100
AcDbSymbolTableRecord
100
AcDbTextStyleTableRecord
  2
LiberationSerif-BoldItalic
 70
0
 40
0.0
 41
1.0
 50
0.0
 71
0
 42
2.5
  3
LiberationSerif-BoldItalic.ttf
  4

  0
STYLE
  5
55
330
5
100
AcDbSymbolTableRecord
100
AcDbTextStyleTableRecord
  2
LiberationSerif-Italic
 70
0
 40
0.0
 41
1.0
 50
0.0
 71
0
 42
2.5
  3
LiberationSerif-Italic.ttf
  4

  0
STYLE
  5
56
330
5
100
AcDbSymbolTableRecord
100
AcDbTextStyleTableRecord
  2
LiberationMono
 70
0
 40
0.0
 41
1.0
 50
0.0
 71
0
 42
2.5
  3
LiberationMono-Regular.ttf
  4

  0
STYLE
  5
57
330
5
100
AcDbSymbolTableRecord
100
AcDbTextStyleTableRecord
  2
LiberationMono-Bold
 70
0
 40
0.0
 41
1.0
 50
0.0
 71
0
 42
2.5
  3
LiberationMono-Bold.ttf
  4

  0
STYLE
  5
58
330
5
100
AcDbSymbolTableRecord
100
AcDbTextStyleTableRecord
  2
LiberationMono-BoldItalic
 70
0
 40
0.0
 41
1.0
 50
0.0
 71
0
 42
2.5
  3
LiberationMono-BoldItalic.ttf
  4

  0
STYLE
  5
59
330
5
100
AcDbSymbolTableRecord
100
AcDbTextStyleTableRecord
  2
LiberationMono-Italic
 70
0
 40
0.0
 41
1.0
 50
0.0
 71
0
 42
2.5
  3
LiberationMono-Italic.ttf
  4

  0
STYLE
  5
8A
330
5
100
AcDbSymbolTableRecord
100
AcDbTextStyleTableRecord
  2
ARIAL
 70
0
 40
0.0
 41
1.0
 50
0.0
 71
0
 42
2.5
  3
arial.ttf
  4

  0
ENDTAB
  0
TABLE
  2
VIEW
  5
7
330
0
100
AcDbSymbolTable
 70
0
  0
ENDTAB
  0
TABLE
  2
UCS
  5
6
330
0
100
AcDbSymbolTable
 70
0
  0
ENDTAB
  0
TABLE
  2
APPID
  5
3
330
0
100
AcDbSymbolTable
 70
3
  0
APPID
  5
2A
330
3
100
AcDbSymbolTableRecord
100
AcDbRegAppTableRecord
  2
ACAD
 70
0
  0
APPID
  5
8F4
330
3
100
AcDbSymbolTableRecord
100
AcDbRegAppTableRecord
  2
HATCHBACKGROUNDCOLOR
 70
0
  0
APPID
  5
8F5
330
3
100
AcDbSymbolTableRecord
100
AcDbRegAppTableRecord
  2
EZDXF
 70
0
  0
ENDTAB
  0
TABLE
  2
DIMSTYLE
  5
4
330
0
100
AcDbSymbolTable
 70
16
100
AcDbDimStyleTable
  0
DIMSTYLE
105
2B
330
4
100
AcDbSymbolTableRecord
100
AcDbDimStyleTableRecord
  2
Standard
 70
0
 40
1.0
 41
2.5
 42
0.625
 43
3.75
 44
1.25
 45
0.0
 46
0.0
 47
0.0
 48
0.0
 49
2.5
140
2.5
141
2.5
142
0.0
143
0.03937007874
144
1.0
145
0.0
146
1.0
147
0.625
148
0.0
 69
0
 70
0
 71
0
 72
0
 73
0
 74
0
 75
0
 76
0
 77
1
 78
8
 79
3
170
0
171
3
172
1
173
0
174
0
175
0
176
0
177
0
178
0
179
2
271
2
272
2
273
2
274
3
275
0
276
0
277
2
278
44
279
0
280
0
281
0
282
0
283
0
284
8
285
0
286
0
288
0
289
3
290
0
371
-2
372
-2
  0
DIMSTYLE
105
73
330
4
100
AcDbSymbolTableRecord
100
AcDbDimStyleTableRecord
  2
EZDXF
 70
0
 40
1.0
 41
0.175
 42
0.125
 43
3.75
 44
0.375
 45
0.0
 46
0.0
 47
0.0
 48
0.0
 49
2.5
140
0.25
141
2.5
142
0.0
143
0.03937007874
144
100.0
145
0.0
146
0.5
147
0.1
148
0.0
 69
0
 70
0
 71
0
 72
0
 73
0
 74
0
 75
0
 76
0
 77
1
 78
12
 79
3
170
0
171
3
172
1
173
0
174
0
175
0
176
0
177
0
178
0
179
2
271
2
272
2
273
2
274
3
275
0
276
0
277
2
278
46
279
2
280
0
281
0
282
0
283
0
284
8
285
0
286
0
288
1
289
3
290
0
340
4C
342
74
371
-2
372
-2
  0
DIMSTYLE
105
7C
330
4
100
AcDbSymbolTableRecord
100
AcDbDimStyleTableRecord
  2
EZ_M_100_H25_CM
 70
0
 40
1.0
 41
0.25
 42
0.125
 43
3.75
 44
0.375
 45
0.0
 46
0.0
 47
0.0
 48
0.0
 49
2.5
140
0.25
141
2.5
142
0.125
143
0.03937007874
144
100.0
145
0.0
146
0.5
147
0.1
148
0.0
 69
0
 70
0
 71
0
 72
0
 73
0
 74
0
 75
0
 76
0
 77
1
 78
12
 79
3
170
0
171
3
172
1
173
0
174
0
175
0
176
0
177
0
178
0
179
2
271
2
272
2
273
2
274
3
275
0
276
0
277
2
278
46
279
2
280
0
281
0
282
0
283
0
284
8
285
0
286
0
288
1
289
3
290
0
340
4C
371
-2
372
-2
  0
DIMSTYLE
105
7D
330
4
100
AcDbSymbolTableRecord
100
AcDbDimStyleTableRecord
  2
EZ_M_50_H25_CM
 70
0
 40
1.0
 41
0.125
 42
0.0625
 43
3.75
 44
0.1875
 45
0.0
 46
0.0
 47
0.0
 48
0.0
 49
2.5
140
0.125
141
2.5
142
0.0625
143
0.03937007874
144
100.0
145
0.0
146
0.5
147
0.05
148
0.0
 69
0
 70
0
 71
0
 72
0
 73
0
 74
0
 75
0
 76
0
 77
1
 78
12
 79
3
170
0
171
3
172
1
173
0
174
0
175
0
176
0
177
0
178
0
179
2
271
2
272
2
273
2
274
3
275
0
276
0
277
2
278
46
279
2
280
0
281
0
282
0
283
0
284
8
285
0
286
0
288
1
289
3
290
0
340
4C
371
-2
372
-2
  0
DIMSTYLE
105
7E
330
4
100
AcDbSymbolTableRecord
100
AcDbDimStyleTableRecord
  2
EZ_M_25_H25_CM
 70
0
 40
1.0
 41
0.0625
 42
0.03125
 43
3.75
 44
0.09375
 45
0.0
 46
0.0
 47
0.0
 48
0.0
 49
2.5
140
0.0625
141
2.5
142
0.03125
143
0.03937007874
144
100.0
145
0.0
146
0.5
147
0.025
148
0.0
 69
0
 70
0
 71
0
 72
0
 73
0
 74
0
 75
0
 76
0
 77
1
 78
12
 79
3
170
0
171
3
172
1
173
0
174
0
175
0
176
0
177
0
178
0
179
2
271
2
272
2
273
2
274
3
275
0
276
0
277
2
278
46
279
2
280
0
281
0
282
0
283
0
284
8
285
0
286
0
288
1
289
3
290
0
340
4C
371
-2
372
-2
  0
DIMSTYLE
105
7F
330
4
100
AcDbSymbolTableRecord
100
AcDbDimStyleTableRecord
  2
EZ_M_20_H25_CM
 70
0
 40
1.0
 41
0.05
 42
0.025
 43
3.75
 44
0.07500000000000001
 45
0.0
 46
0.0
 47
0.0
 48
0.0
 49
2.5
140
0.05
141
2.5
142
0.025
143
0.03937007874
144
100.0
145
0.0
146
0.5
147
0.020000000000000004
148
0.0
 69
0
 70
0
 71
0
 72
0
 73
0
 74
0
 75
0
 76
0
 77
1
 78
12
 79
3
170
0
171
3
172
1
173
0
174
0
175
0
176
0
177
0
178
0
179
2
271
2
272
2
273
2
274
3
275
0
276
0
277
2
278
46
279
2
280
0
281
0
282
0
283
0
284
8
285
0
286
0
288
1
289
3
290
0
340
4C
371
-2
372
-2
  0
DIMSTYLE
105
80
330
4
100
AcDbSymbolTableRecord
100
AcDbDimStyleTableRecord
  2
EZ_M_10_H25_CM
 70
0
 40
1.0
 41
0.025
 42
0.0125
 43
3.75
 44
0.037500000000000006
 45
0.0
 46
0.0
 47
0.0
 48
0.0
 49
2.5
140
0.025
141
2.5
142
0.0125
143
0.03937007874
144
100.0
145
0.0
146
0.5
147
0.010000000000000002
148
0.0
 69
0
 70
0
 71
0
 72
0
 73
0
 74
0
 75
0
 76
0
 77
1
 78
12
 79
3
170
0
171
3
172
1
173
0
174
0
175
0
176
0
177
0
178
0
179
2
271
2
272
2
273
2
274
3
275
0
276
0
277
2
278
46
279
2
280
0
281
0
282
0
283
0
284
8
285
0
286
0
288
1
289
3
290
0
340
4C
371
-2
372
-2
  0
DIMSTYLE
105
81
330
4
100
AcDbSymbolTableRecord
100
AcDbDimStyleTableRecord
  2
EZ_M_5_H25_CM
 70
0
 40
1.0
 41
0.0125
 42
0.00625
 43
3.75
 44
0.018750000000000003
 45
0.0
 46
0.0
 47
0.0
 48
0.0
 49
2.5
140
0.0125
141
2.5
142
0.00625
143
0.03937007874
144
100.0
145
0.0
146
0.5
147
0.005000000000000001
148
0.0
 69
0
 70
0
 71
0
 72
0
 73
0
 74
0
 75
0
 76
0
 77
1
 78
12
 79
3
170
0
171
3
172
1
173
0
174
0
175
0
176
0
177
0
178
0
179
2
271
2
272
2
273
2
274
3
275
0
276
0
277
2
278
46
279
2
280
0
281
0
282
0
283
0
284
8
285
0
286
0
288
1
289
3
290
0
340
4C
371
-2
372
-2
  0
DIMSTYLE
105
82
330
4
100
AcDbSymbolTableRecord
100
AcDbDimStyleTableRecord
  2
EZ_M_1_H25_CM
 70
0
 40
1.0
 41
0.0025
 42
0.00125
 43
3.75
 44
0.00375
 45
0.0
 46
0.0
 47
0.0
 48
0.0
 49
2.5
140
0.0025
141
2.5
142
0.00125
143
0.03937007874
144
100.0
145
0.0
146
0.5
147
0.001
148
0.0
 69
0
 70
0
 71
0
 72
0
 73
0
 74
0
 75
0
 76
0
 77
1
 78
12
 79
3
170
0
171
3
172
1
173
0
174
0
175
0
176
0
177
0
178
0
179
2
271
2
272
2
273
2
274
3
275
0
276
0
277
2
278
46
279
2
280
0
281
0
282
0
283
0
284
8
285
0
286
0
288
1
289
3
290
0
340
4C
371
-2
372
-2
  0
DIMSTYLE
105
83
330
4
100
AcDbSymbolTableRecord
100
AcDbDimStyleTableRecord
  2
EZ_RADIUS
 70
0
 40
1.0
 41
0.25
 42
0.125
 43
3.75
 44
0.375
 45
0.0
 46
0.0
 47
0.0
 48
0.0
 49
2.5
140
0.25
141
0.0
142
0.0
143
0.03937007874
144
100.0
145
0.0
146
0.5
147
0.1
148
0.0
 69
0
 70
0
 71
0
 72
0
 73
0
 74
0
 75
0
 76
0
 77
1
 78
12
 79
3
170
0
171
3
172
0
173
0
174
0
175
0
176
0
177
0
178
0
179
2
271
2
272
2
273
2
274
3
275
0
276
0
277
2
278
46
279
1
280
0
281
0
282
0
283
0
284
8
285
0
286
0
288
1
289
3
290
0
340
4C
342
84
371
-2
372
-2
  0
DIMSTYLE
105
88
330
4
100
AcDbSymbolTableRecord
100
AcDbDimStyleTableRecord
  2
EZ_RADIUS_INSIDE
 70
0
 40
1.0
 41
0.25
 42
0.125
 43
3.75
 44
0.375
 45
0.0
 46
0.0
 47
0.0
 48
0.0
 49
2.5
140
0.25
141
0.0
142
0.0
143
0.03937007874
144
100.0
145
0.0
146
0.5
147
0.1
148
0.0
 69
0
 70
0
 71
0
 72
0
 73
0
 74
0
 75
0
 76
0
 77
0
 78
12
 79
3
170
0
171
3
172
0
173
0
174
1
175
0
176
0
177
0
178
0
179
2
271
2
272
2
273
2
274
3
275
0
276
0
277
2
278
46
279
0
280
0
281
0
282
0
283
0
284
8
285
0
286
0
288
1
289
0
290
0
340
4C
342
84
371
-2
372
-2
  0
DIMSTYLE
105
89
330
4
100
AcDbSymbolTableRecord
100
AcDbDimStyleTableRecord
  2
EZ_CURVED
 70
0
 40
1.0
 41
0.25
 42
0.125
 43
3.75
 44
0.375
 45
0.0
 46
0.0
 47
0.0
 48
0.0
 49
2.5
140
0.25
141
2.5
142
0.0
143
0.03937007874
144
100.0
145
0.0
146
0.5
147
0.1
148
0.0
 69
0
 70
0
 71
0
 72
0
 73
0
 74
0
 75
0
 76
0
 77
1
 78
12
 79
2
 90
2
170
0
171
3
172
1
173
0
174
0
175
0
176
0
177
0
178
0
179
2
271
2
272
2
273
2
274
3
275
0
276
0
277
2
278
46
279
2
280
0
281
0
282
0
283
0
284
8
285
0
286
0
288
1
289
3
290
0
340
4C
371
-2
372
-2
  0
DIMSTYLE
105
B4
330
4
100
AcDbSymbolTableRecord
100
AcDbDimStyleTableRecord
  2
COTA-50
 70
0
 40
1.0
 41
0.06
 42
0.05
 43
3.75
 44
0.05
 45
0.0
 46
0.05
 47
0.0
 48
0.0
 49
2.5
140
0.11000000000000001
141
2.5
142
0.06
143
0.03937007874
144
1.0
145
0.0
146
1.0
147
0.04000000000000001
148
0.0
 69
0
 70
0
 71
0
 72
0
 73
0
 74
0
 75
0
 76
0
 77
1
 78
0
 79
3
170
0
171
3
172
1
173
0
174
0
175
0
176
7
177
7
178
7
179
2
271
2
272
2
273
2
274
3
275
0
276
0
277
2
278
46
279
0
280
0
281
0
282
0
283
0
284
8
285
0
286
0
288
0
289
3
290
0
340
8A
371
18
372
13
  0
DIMSTYLE
105
B5
330
4
100
AcDbSymbolTableRecord
100
AcDbDimStyleTableRecord
  2
COTA-100
 70
0
 40
1.0
 41
0.12
 42
0.1
 43
3.75
 44
0.1
 45
0.0
 46
0.1
 47
0.0
 48
0.0
 49
2.5
140
0.22000000000000003
141
2.5
142
0.12
143
0.03937007874
144
1.0
145
0.0
146
1.0
147
0.08000000000000002
148
0.0
 69
0
 70
0
 71
0
 72
0
 73
0
 74
0
 75
0
 76
0
 77
1
 78
0
 79
3
170
0
171
3
172
1
173
0
174
0
175
0
176
7
177
7
178
7
179
2
271
2
272
2
273
2
274
3
275
0
276
0
277
2
278
46
279
0
280
0
281
0
282
0
283
0
284
8
285
0
286
0
288
0
289
3
290
0
340
8A
371
18
372
13
  0
DIMSTYLE
105
B6
330
4
100
AcDbSymbolTableRecord
100
AcDbDimStyleTableRecord
  2
COTA-200
 70
0
 40
1.0
 41
0.24
 42
0.2
 43
3.75
 44
0.2
 45
0.0
 46
0.2
 47
0.0
 48
0.0
 49
2.5
140
0.44000000000000006
141
2.5
142
0.24
143
0.03937007874
144
1.0
145
0.0
146
1.0
147
0.16000000000000003
148
0.0
 69
0
 70
0
 71
0
 72
0
 73
0
 74
0
 75
0
 76
0
 77
1
 78
0
 79
3
170
0
171
3
172
1
173
0
174
0
175
0
176
7
177
7
178
7
179
2
271
2
272
2
273
2
274
3
275
0
276
0
277
2
278
46
279
0
280
0
281
0
282
0
283
0
284
8
285
0
286
0
288
0
289
3
290
0
340
8A
371
18
372
13
  0
DIMSTYLE
105
BE
330
4
100
AcDbSymbolTableRecord
100
AcDbDimStyleTableRecord
  2
COTA-75
 70
0
 40
1.0
 41
0.09
 42
0.075
 43
3.75
 44
0.075
 45
0.0
 46
0.075
 47
0.0
 48
0.0
 49
2.5
140
0.165
141
2.5
142
0.09
143
0.03937007874
144
1.0
145
0.0
146
1.0
147
0.06
148
0.0
 69
0
 70
0
 71
0
 72
0
 73
0
 74
0
 75
0
 76
0
 77
1
 78
0
 79
3
170
0
171
3
172
1
173
0
174
0
175
0
176
7
177
7
178
7
179
2
271
2
272
2
273
2
274
3
275
0
276
0
277
2
278
46
279
0
280
0
281
0
282
0
283
0
284
8
285
0
286
0
288
0
289
3
290
0
340
8A
371
18
372
13
  0
ENDTAB
  0
TABLE
  2
BLOCK_RECORD
  5
9
330
0
100
AcDbSymbolTable
 70
46
  0
BLOCK_RECORD
  5
17
330
9
100
AcDbSymbolTableRecord
100
AcDbBlockTableRecord
  2
*Model_Space
340
1A
 70
0
280
1
281
0
  0
BLOCK_RECORD
  5
74
330
9
100
AcDbSymbolTableRecord
100
AcDbBlockTableRecord
  2
_ARCHTICK
340
0
 70
0
280
1
281
0
  0
BLOCK_RECORD
  5
78
330
9
100
AcDbSymbolTableRecord
100
AcDbBlockTableRecord
  2
_CLOSEDFILLED
340
0
 70
0
280
1
281
0
  0
BLOCK_RECORD
  5
84
330
9
100
AcDbSymbolTableRecord
100
AcDbBlockTableRecord
  2
_CLOSEDBLANK
340
0
 70
0
280
1
281
0
  0
BLOCK_RECORD
  5
3FE
330
9
100
AcDbSymbolTableRecord
100
AcDbBlockTableRecord
  2
*D1
340
0
 70
0
280
1
281
0
  0
BLOCK_RECORD
  5
403
330
9
100
AcDbSymbolTableRecord
100
AcDbBlockTableRecord
  2
_OBLIQUE
340
0
 70
0
280
1
281
0
  0
BLOCK_RECORD
  5
411
330
9
100
AcDbSymbolTableRecord
100
AcDbBlockTableRecord
  2
*D2
340
0
 70
0
280
1
281
0
  0
BLOCK_RECORD
  5
427
330
9
100
AcDbSymbolTableRecord
100
AcDbBlockTableRecord
  2
*D3
340
0
 70
0
280
1
281
0
  0
BLOCK_RECORD
  5
436
330
9
100
AcDbSymbolTableRecord
100
AcDbBlockTableRecord
  2
*D4
340
0
 70
0
280
1
281
0
  0
BLOCK_RECORD
  5
454
330
9
100
AcDbSymbolTableRecord
100
AcDbBlockTableRecord
  2
*D5
340
0
 70
0
280
1
281
0
  0
BLOCK_RECORD
  5
463
330
9
100
AcDbSymbolTableRecord
100
AcDbBlockTableRecord
  2
*D6
340
0
 70
0
280
1
281
0
  0
BLOCK_RECORD
  5
479
330
9
100
AcDbSymbolTableRecord
100
AcDbBlockTableRecord
  2
*D7
340
0
 70
0
280
1
281
0
  0
BLOCK_RECORD
  5
488
330
9
100
AcDbSymbolTableRecord
100
AcDbBlockTableRecord
  2
*D8
340
0
 70
0
280
1
281
0
  0
BLOCK_RECORD
  5
4A9
330
9
100
AcDbSymbolTableRecord
100
AcDbBlockTableRecord
  2
*D9
340
0
 70
0
280
1
281
0
  0
BLOCK_RECORD
  5
4B8
330
9
100
AcDbSymbolTableRecord
100
AcDbBlockTableRecord
  2
*D10
340
0
 70
0
280
1
281
0
  0
BLOCK_RECORD
  5
4D9
330
9
100
AcDbSymbolTableRecord
100
AcDbBlockTableRecord
  2
*D11
340
0
 70
0
280
1
281
0
  0
BLOCK_RECORD
  5
4E8
330
9
100
AcDbSymbolTableRecord
100
AcDbBlockTableRecord
  2
*D12
340
0
 70
0
280
1
281
0
  0
BLOCK_RECORD
  5
504
330
9
100
AcDbSymbolTableRecord
100
AcDbBlockTableRecord
  2
*D13
340
0
 70
0
280
1
281
0
  0
BLOCK_RECORD
  5
513
330
9
100
AcDbSymbolTableRecord
100
AcDbBlockTableRecord
  2
*D14
340
0
 70
0
280
1
281
0
  0
BLOCK_RECORD
  5
52D
330
9
100
AcDbSymbolTableRecord
100
AcDbBlockTableRecord
  2
*D15
340
0
 70
0
280
1
281
0
  0
BLOCK_RECORD
  5
53C
330
9
100
AcDbSymbolTableRecord
100
AcDbBlockTableRecord
  2
*D16
340
0
 70
0
280
1
281
0
  0
BLOCK_RECORD
  5
553
330
9
100
AcDbSymbolTableRecord
100
AcDbBlockTableRecord
  2
*D17
340
0
 70
0
280
1
281
0
  0
BLOCK_RECORD
  5
562
330
9
100
AcDbSymbolTableRecord
100
AcDbBlockTableRecord
  2
*D18
340
0
 70
0
280
1
281
0
  0
BLOCK_RECORD
  5
579
330
9
100
AcDbSymbolTableRecord
100
AcDbBlockTableRecord
  2
*D19
340
0
 70
0
280
1
281
0
  0
BLOCK_RECORD
  5
588
330
9
100
AcDbSymbolTableRecord
100
AcDbBlockTableRecord
  2
*D20
340
0
 70
0
280
1
281
0
  0
BLOCK_RECORD
  5
59D
330
9
100
AcDbSymbolTableRecord
100
AcDbBlockTableRecord
  2
*D21
340
0
 70
0
280
1
281
0
  0
BLOCK_RECORD
  5
5AC
330
9
100
AcDbSymbolTableRecord
100
AcDbBlockTableRecord
  2
*D22
340
0
 70
0
280
1
281
0
  0
BLOCK_RECORD
  5
5C3
330
9
100
AcDbSymbolTableRecord
100
AcDbBlockTableRecord
  2
*D23
340
0
 70
0
280
1
281
0
  0
BLOCK_RECORD
  5
5D2
330
9
100
AcDbSymbolTableRecord
100
AcDbBlockTableRecord
  2
*D24
340
0
 70
0
280
1
281
0
  0
BLOCK_RECORD
  5
5E9
330
9
100
AcDbSymbolTableRecord
100
AcDbBlockTableRecord
  2
*D25
340
0
 70
0
280
1
281
0
  0
BLOCK_RECORD
  5
5F8
330
9
100
AcDbSymbolTableRecord
100
AcDbBlockTableRecord
  2
*D26
340
0
 70
0
280
1
281
0
  0
BLOCK_RECORD
  5
60F
330
9
100
AcDbSymbolTableRecord
100
AcDbBlockTableRecord
  2
*D27
340
0
 70
0
280
1
281
0
  0
BLOCK_RECORD
  5
61E
330
9
100
AcDbSymbolTableRecord
100
AcDbBlockTableRecord
  2
*D28
340
0
 70
0
280
1
281
0
  0
BLOCK_RECORD
  5
635
330
9
100
AcDbSymbolTableRecord
100
AcDbBlockTableRecord
  2
*D29
340
0
 70
0
280
1
281
0
  0
BLOCK_RECORD
  5
644
330
9
100
AcDbSymbolTableRecord
100
AcDbBlockTableRecord
  2
*D30
340
0
 70
0
280
1
281
0
  0
BLOCK_RECORD
  5
65E
330
9
100
AcDbSymbolTableRecord
100
AcDbBlockTableRecord
  2
*D31
340
0
 70
0
280
1
281
0
  0
BLOCK_RECORD
  5
66D
330
9
100
AcDbSymbolTableRecord
100
AcDbBlockTableRecord
  2
*D32
340
0
 70
0
280
1
281
0
  0
BLOCK_RECORD
  5
682
330
9
100
AcDbSymbolTableRecord
100
AcDbBlockTableRecord
  2
*D33
340
0
 70
0
280
1
281
0
  0
BLOCK_RECORD
  5
691
330
9
100
AcDbSymbolTableRecord
100
AcDbBlockTableRecord
  2
*D34
340
0
 70
0
280
1
281
0
  0
BLOCK_RECORD
  5
6AB
330
9
100
AcDbSymbolTableRecord
100
AcDbBlockTableRecord
  2
*D35
340
0
 70
0
280
1
281
0
  0
BLOCK_RECORD
  5
6BA
330
9
100
AcDbSymbolTableRecord
100
AcDbBlockTableRecord
  2
*D36
340
0
 70
0
280
1
281
0
  0
BLOCK_RECORD
  5
6CF
330
9
100
AcDbSymbolTableRecord
100
AcDbBlockTableRecord
  2
*D37
340
0
 70
0
280
1
281
0
  0
BLOCK_RECORD
  5
6DE
330
9
100
AcDbSymbolTableRecord
100
AcDbBlockTableRecord
  2
*D38
340
0
 70
0
280
1
281
0
  0
BLOCK_RECORD
  5
6ED
330
9
100
AcDbSymbolTableRecord
100
AcDbBlockTableRecord
  2
*Paper_Space
340
6F0
 70
0
280
1
281
0
  0
BLOCK_RECORD
  5
1B
330
9
100
AcDbSymbolTableRecord
100
AcDbBlockTableRecord
  2
*Paper_Space0
340
1E
 70
0
280
1
281
0
  0
BLOCK_RECORD
  5
888
330
9
100
AcDbSymbolTableRecord
100
AcDbBlockTableRecord
  2
CAJETIN_A1
340
0
 70
0
280
1
281
0
  0
ENDTAB
  0
ENDSEC
  0
SECTION
  2
BLOCKS
  0
BLOCK
  5
18
330
17
100
AcDbEntity
  8
0
100
AcDbBlockBegin
  2
*Model_Space
 70
0
 10
0.0
 20
0.0
 30
0.0
  3
*Model_Space
  1

  0
ENDBLK
  5
19
330
17
100
AcDbEntity
  8
0
100
AcDbBlockEnd
  0
BLOCK
  5
75
330
74
100
AcDbEntity
  8
0
100
AcDbBlockBegin
  2
_ARCHTICK
 70
0
 10
0.0
 20
0.0
 30
0.0
  3
_ARCHTICK
  1

  0
LWPOLYLINE
  5
77
330
74
100
AcDbEntity
  8
0
  6
BYBLOCK
 62
0
100
AcDbPolyline
 90
2
 70
0
 43
0.15
 10
-0.5
 20
-0.5
 10
0.5
 20
0.5
  0
ENDBLK
  5
76
330
74
100
AcDbEntity
  8
0
100
AcDbBlockEnd
  0
BLOCK
  5
79
330
78
100
AcDbEntity
  8
0
100
AcDbBlockBegin
  2
_CLOSEDFILLED
 70
0
 10
0.0
 20
0.0
 30
0.0
  3
_CLOSEDFILLED
  1

  0
SOLID
  5
7B
330
78
100
AcDbEntity
  8
0
  6
BYBLOCK
 62
0
100
AcDbTrace
 10
-1.0
 20
0.16439898372402537
 30
0.0
 11
0.0
 21
0.0
 31
0.0
 12
-1.0
 22
-0.16439898372402537
 32
0.0
 13
-1.0
 23
-0.16439898372402537
 33
0.0
  0
ENDBLK
  5
7A
330
78
100
AcDbEntity
  8
0
100
AcDbBlockEnd
  0
BLOCK
  5
85
330
84
100
AcDbEntity
  8
0
100
AcDbBlockBegin
  2
_CLOSEDBLANK
 70
0
 10
0.0
 20
0.0
 30
0.0
  3
_CLOSEDBLANK
  1

  0
LWPOLYLINE
  5
87
330
84
100
AcDbEntity
  8
0
  6
BYBLOCK
 62
0
100
AcDbPolyline
 90
3
 70
1
 10
-1.0
 20
0.16439898372402537
 10
0.0
 20
0.0
 10
-1.0
 20
-0.16439898372402537
  0
ENDBLK
  5
86
330
84
100
AcDbEntity
  8
0
100
AcDbBlockEnd
  0
BLOCK
  5
3FF
330
3FE
100
AcDbEntity
  8
0
100
AcDbBlockBegin
  2
*D1
 70
1
 10
0.0
 20
0.0
 30
0.0
  3
*D1
  1

  0
LINE
  5
401
330
3FE
100
AcDbEntity
  8
0
 62
7
370
13
100
AcDbLine
 10
200.0
 20
2.5
 30
0.0
 11
200.0
 21
2.5
 31
0.0
  0
LINE
  5
402
330
3FE
100
AcDbEntity
  8
0
 62
7
370
13
100
AcDbLine
 10
201.0
 20
2.5
 30
0.0
 11
201.0
 21
2.5
 31
0.0
  0
INSERT
  5
407
330
3FE
100
AcDbEntity
  8
D-COTA
 62
7
100
AcDbBlockReference
  2
_OBLIQUE
 10
200.0
 20
2.45
 30
0.0
 41
0.12
 42
0.12
  0
INSERT
  5
409
330
3FE
100
AcDbEntity
  8
D-COTA
 62
7
100
AcDbBlockReference
  2
_OBLIQUE
 10
201.0
 20
2.45
 30
0.0
 41
0.12
 42
0.12
  0
LINE
  5
40B
330
3FE
100
AcDbEntity
  8
0
 62
7
370
18
100
AcDbLine
 10
199.95
 20
2.45
 30
0.0
 11
201.05
 21
2.45
 31
0.0
  0
MTEXT
  5
40C
330
3FE
100
AcDbEntity
  8
D-COTA
 62
7
100
AcDbMText
 10
200.5
 20
2.5450000000000004
 30
0.0
 40
0.11000000000000001
 71
5
  1
1.00
  7
ARIAL
  0
POINT
  5
40D
330
3FE
100
AcDbEntity
  8
Defpoints
100
AcDbPoint
 10
200.0
 20
2.45
 30
0.0
  0
POINT
  5
40E
330
3FE
100
AcDbEntity
  8
Defpoints
100
AcDbPoint
 10
200.0
 20
2.45
 30
0.0
  0
POINT
  5
40F
330
3FE
100
AcDbEntity
  8
Defpoints
100
AcDbPoint
 10
201.0
 20
2.45
 30
0.0
  0
ENDBLK
  5
400
330
3FE
100
AcDbEntity
  8
0
100
AcDbBlockEnd
  0
BLOCK
  5
404
330
403
100
AcDbEntity
  8
0
100
AcDbBlockBegin
  2
_OBLIQUE
 70
0
 10
0.0
 20
0.0
 30
0.0
  3
_OBLIQUE
  1

  0
LINE
  5
406
330
403
100
AcDbEntity
  8
0
  6
BYBLOCK
 62
0
100
AcDbLine
 10
-0.5
 20
-0.5
 30
0.0
 11
0.5
 21
0.5
 31
0.0
  0
ENDBLK
  5
405
330
403
100
AcDbEntity
  8
0
100
AcDbBlockEnd
  0
BLOCK
  5
412
330
411
100
AcDbEntity
  8
0
100
AcDbBlockBegin
  2
*D2
 70
1
 10
0.0
 20
0.0
 30
0.0
  3
*D2
  1

  0
LINE
  5
414
330
411
100
AcDbEntity
  8
0
 62
7
370
13
100
AcDbLine
 10
199.64999999999998
 20
6.123233995736766e-18
 30
0.0
 11
199.64999999999998
 21
6.123233995736766e-18
 31
0.0
  0
LINE
  5
415
330
411
100
AcDbEntity
  8
0
 62
7
370
13
100
AcDbLine
 10
199.64999999999998
 20
2.1
 30
0.0
 11
199.64999999999998
 21
2.1
 31
0.0
  0
INSERT
  5
416
330
411
100
AcDbEntity
  8
D-COTA
 62
7
100
AcDbBlockReference
  2
_OBLIQUE
 10
199.7
 20
0.0
 30
0.0
 41
0.12
 42
0.12
 50
90.0
  0
INSERT
  5
418
330
411
100
AcDbEntity
  8
D-COTA
 62
7
100
AcDbBlockReference
  2
_OBLIQUE
 10
199.7
 20
2.1
 30
0.0
 41
0.12
 42
0.12
 50
90.0
  0
LINE
  5
41A
330
411
100
AcDbEntity
  8
0
 62
7
370
18
100
AcDbLine
 10
199.7
 20
-0.05
 30
0.0
 11
199.7
 21
2.15
 31
0.0
  0
MTEXT
  5
41B
330
411
100
AcDbEntity
  8
D-COTA
 62
7
100
AcDbMText
 10
199.605
 20
1.05
 30
0.0
 40
0.11000000000000001
 71
5
  1
2.10
  7
ARIAL
 50
90.0
  0
POINT
  5
41C
330
411
100
AcDbEntity
  8
Defpoints
100
AcDbPoint
 10
199.7
 20
0.0
 30
0.0
  0
POINT
  5
41D
330
411
100
AcDbEntity
  8
Defpoints
100
AcDbPoint
 10
199.7
 20
0.0
 30
0.0
  0
POINT
  5
41E
330
411
100
AcDbEntity
  8
Defpoints
100
AcDbPoint
 10
199.7
 20
2.1
 30
0.0
  0
ENDBLK
  5
413
330
411
100
AcDbEntity
  8
0
100
AcDbBlockEnd
  0
BLOCK
  5
428
330
427
100
AcDbEntity
  8
0
100
AcDbBlockBegin
  2
*D3
 70
1
 10
0.0
 20
0.0
 30
0.0
  3
*D3
  1

  0
LINE
  5
42A
330
427
100
AcDbEntity
  8
0
 62
7
370
13
100
AcDbLine
 10
201.95
 20
2.5
 30
0.0
 11
201.95
 21
2.5
 31
0.0
  0
LINE
  5
42B
330
427
100
AcDbEntity
  8
0
 62
7
370
13
100
AcDbLine
 10
202.85
 20
2.5
 30
0.0
 11
202.85
 21
2.5
 31
0.0
  0
INSERT
  5
42C
330
427
100
AcDbEntity
  8
D-COTA
 62
7
100
AcDbBlockReference
  2
_OBLIQUE
 10
201.95
 20
2.45
 30
0.0
 41
0.12
 42
0.12
  0
INSERT
  5
42E
330
427
100
AcDbEntity
  8
D-COTA
 62
7
100
AcDbBlockReference
  2
_OBLIQUE
 10
202.85
 20
2.45
 30
0.0
 41
0.12
 42
0.12
  0
LINE
  5
430
330
427
100
AcDbEntity
  8
0
 62
7
370
18
100
AcDbLine
 10
201.89999999999998
 20
2.45
 30
0.0
 11
202.9
 21
2.45
 31
0.0
  0
MTEXT
  5
431
330
427
100
AcDbEntity
  8
D-COTA
 62
7
100
AcDbMText
 10
202.39999999999998
 20
2.5450000000000004
 30
0.0
 40
0.11000000000000001
 71
5
  1
0.90
  7
ARIAL
  0
POINT
  5
432
330
427
100
AcDbEntity
  8
Defpoints
100
AcDbPoint
 10
201.95
 20
2.45
 30
0.0
  0
POINT
  5
433
330
427
100
AcDbEntity
  8
Defpoints
100
AcDbPoint
 10
201.95
 20
2.45
 30
0.0
  0
POINT
  5
434
330
427
100
AcDbEntity
  8
Defpoints
100
AcDbPoint
 10
202.85
 20
2.45
 30
0.0
  0
ENDBLK
  5
429
330
427
100
AcDbEntity
  8
0
100
AcDbBlockEnd
  0
BLOCK
  5
437
330
436
100
AcDbEntity
  8
0
100
AcDbBlockBegin
  2
*D4
 70
1
 10
0.0
 20
0.0
 30
0.0
  3
*D4
  1

  0
LINE
  5
439
330
436
100
AcDbEntity
  8
0
 62
7
370
13
100
AcDbLine
 10
201.6
 20
6.123233995736766e-18
 30
0.0
 11
201.6
 21
6.123233995736766e-18
 31
0.0
  0
LINE
  5
43A
330
436
100
AcDbEntity
  8
0
 62
7
370
13
100
AcDbLine
 10
201.6
 20
2.1
 30
0.0
 11
201.6
 21
2.1
 31
0.0
  0
INSERT
  5
43B
330
436
100
AcDbEntity
  8
D-COTA
 62
7
100
AcDbBlockReference
  2
_OBLIQUE
 10
201.65
 20
0.0
 30
0.0
 41
0.12
 42
0.12
 50
90.0
  0
INSERT
  5
43D
330
436
100
AcDbEntity
  8
D-COTA
 62
7
100
AcDbBlockReference
  2
_OBLIQUE
 10
201.65
 20
2.1
 30
0.0
 41
0.12
 42
0.12
 50
90.0
  0
LINE
  5
43F
330
436
100
AcDbEntity
  8
0
 62
7
370
18
100
AcDbLine
 10
201.65
 20
-0.05
 30
0.0
 11
201.65
 21
2.15
 31
0.0
  0
MTEXT
  5
440
330
436
100
AcDbEntity
  8
D-COTA
 62
7
100
AcDbMText
 10
201.555
 20
1.05
 30
0.0
 40
0.11000000000000001
 71
5
  1
2.10
  7
ARIAL
 50
90.0
  0
POINT
  5
441
330
436
100
AcDbEntity
  8
Defpoints
100
AcDbPoint
 10
201.65
 20
0.0
 30
0.0
  0
POINT
  5
442
330
436
100
AcDbEntity
  8
Defpoints
100
AcDbPoint
 10
201.65
 20
0.0
 30
0.0
  0
POINT
  5
443
330
436
100
AcDbEntity
  8
Defpoints
100
AcDbPoint
 10
201.65
 20
2.1
 30
0.0
  0
ENDBLK
  5
438
330
436
100
AcDbEntity
  8
0
100
AcDbBlockEnd
  0
BLOCK
  5
455
330
454
100
AcDbEntity
  8
0
100
AcDbBlockBegin
  2
*D5
 70
1
 10
0.0
 20
0.0
 30
0.0
  3
*D5
  1

  0
LINE
  5
457
330
454
100
AcDbEntity
  8
0
 62
7
370
13
100
AcDbLine
 10
203.8
 20
2.5
 30
0.0
 11
203.8
 21
2.5
 31
0.0
  0
LINE
  5
458
330
454
100
AcDbEntity
  8
0
 62
7
370
13
100
AcDbLine
 10
204.6
 20
2.5
 30
0.0
 11
204.6
 21
2.5
 31
0.0
  0
INSERT
  5
459
330
454
100
AcDbEntity
  8
D-COTA
 62
7
100
AcDbBlockReference
  2
_OBLIQUE
 10
203.8
 20
2.45
 30
0.0
 41
0.12
 42
0.12
  0
INSERT
  5
45B
330
454
100
AcDbEntity
  8
D-COTA
 62
7
100
AcDbBlockReference
  2
_OBLIQUE
 10
204.6
 20
2.45
 30
0.0
 41
0.12
 42
0.12
  0
LINE
  5
45D
330
454
100
AcDbEntity
  8
0
 62
7
370
18
100
AcDbLine
 10
203.75
 20
2.45
 30
0.0
 11
204.65
 21
2.45
 31
0.0
  0
MTEXT
  5
45E
330
454
100
AcDbEntity
  8
D-COTA
 62
7
100
AcDbMText
 10
204.2
 20
2.5450000000000004
 30
0.0
 40
0.11000000000000001
 71
5
  1
0.80
  7
ARIAL
  0
POINT
  5
45F
330
454
100
AcDbEntity
  8
Defpoints
100
AcDbPoint
 10
203.8
 20
2.45
 30
0.0
  0
POINT
  5
460
330
454
100
AcDbEntity
  8
Defpoints
100
AcDbPoint
 10
203.8
 20
2.45
 30
0.0
  0
POINT
  5
461
330
454
100
AcDbEntity
  8
Defpoints
100
AcDbPoint
 10
204.6
 20
2.45
 30
0.0
  0
ENDBLK
  5
456
330
454
100
AcDbEntity
  8
0
100
AcDbBlockEnd
  0
BLOCK
  5
464
330
463
100
AcDbEntity
  8
0
100
AcDbBlockBegin
  2
*D6
 70
1
 10
0.0
 20
0.0
 30
0.0
  3
*D6
  1

  0
LINE
  5
466
330
463
100
AcDbEntity
  8
0
 62
7
370
13
100
AcDbLine
 10
203.45
 20
6.123233995736766e-18
 30
0.0
 11
203.45
 21
6.123233995736766e-18
 31
0.0
  0
LINE
  5
467
330
463
100
AcDbEntity
  8
0
 62
7
370
13
100
AcDbLine
 10
203.45
 20
2.1
 30
0.0
 11
203.45
 21
2.1
 31
0.0
  0
INSERT
  5
468
330
463
100
AcDbEntity
  8
D-COTA
 62
7
100
AcDbBlockReference
  2
_OBLIQUE
 10
203.5
 20
0.0
 30
0.0
 41
0.12
 42
0.12
 50
90.0
  0
INSERT
  5
46A
330
463
100
AcDbEntity
  8
D-COTA
 62
7
100
AcDbBlockReference
  2
_OBLIQUE
 10
203.5
 20
2.1
 30
0.0
 41
0.12
 42
0.12
 50
90.0
  0
LINE
  5
46C
330
463
100
AcDbEntity
  8
0
 62
7
370
18
100
AcDbLine
 10
203.5
 20
-0.05
 30
0.0
 11
203.5
 21
2.15
 31
0.0
  0
MTEXT
  5
46D
330
463
100
AcDbEntity
  8
D-COTA
 62
7
100
AcDbMText
 10
203.405
 20
1.05
 30
0.0
 40
0.11000000000000001
 71
5
  1
2.10
  7
ARIAL
 50
90.0
  0
POINT
  5
46E
330
463
100
AcDbEntity
  8
Defpoints
100
AcDbPoint
 10
203.5
 20
0.0
 30
0.0
  0
POINT
  5
46F
330
463
100
AcDbEntity
  8
Defpoints
100
AcDbPoint
 10
203.5
 20
0.0
 30
0.0
  0
POINT
  5
470
330
463
100
AcDbEntity
  8
Defpoints
100
AcDbPoint
 10
203.5
 20
2.1
 30
0.0
  0
ENDBLK
  5
465
330
463
100
AcDbEntity
  8
0
100
AcDbBlockEnd
  0
BLOCK
  5
47A
330
479
100
AcDbEntity
  8
0
100
AcDbBlockBegin
  2
*D7
 70
1
 10
0.0
 20
0.0
 30
0.0
  3
*D7
  1

  0
LINE
  5
47C
330
479
100
AcDbEntity
  8
0
 62
7
370
13
100
AcDbLine
 10
205.55
 20
2.5
 30
0.0
 11
205.55
 21
2.5
 31
0.0
  0
LINE
  5
47D
330
479
100
AcDbEntity
  8
0
 62
7
370
13
100
AcDbLine
 10
206.35
 20
2.5
 30
0.0
 11
206.35
 21
2.5
 31
0.0
  0
INSERT
  5
47E
330
479
100
AcDbEntity
  8
D-COTA
 62
7
100
AcDbBlockReference
  2
_OBLIQUE
 10
205.55
 20
2.45
 30
0.0
 41
0.12
 42
0.12
  0
INSERT
  5
480
330
479
100
AcDbEntity
  8
D-COTA
 62
7
100
AcDbBlockReference
  2
_OBLIQUE
 10
206.35
 20
2.45
 30
0.0
 41
0.12
 42
0.12
  0
LINE
  5
482
330
479
100
AcDbEntity
  8
0
 62
7
370
18
100
AcDbLine
 10
205.5
 20
2.45
 30
0.0
 11
206.4
 21
2.45
 31
0.0
  0
MTEXT
  5
483
330
479
100
AcDbEntity
  8
D-COTA
 62
7
100
AcDbMText
 10
205.95
 20
2.5450000000000004
 30
0.0
 40
0.11000000000000001
 71
5
  1
0.80
  7
ARIAL
  0
POINT
  5
484
330
479
100
AcDbEntity
  8
Defpoints
100
AcDbPoint
 10
205.55
 20
2.45
 30
0.0
  0
POINT
  5
485
330
479
100
AcDbEntity
  8
Defpoints
100
AcDbPoint
 10
205.55
 20
2.45
 30
0.0
  0
POINT
  5
486
330
479
100
AcDbEntity
  8
Defpoints
100
AcDbPoint
 10
206.35
 20
2.45
 30
0.0
  0
ENDBLK
  5
47B
330
479
100
AcDbEntity
  8
0
100
AcDbBlockEnd
  0
BLOCK
  5
489
330
488
100
AcDbEntity
  8
0
100
AcDbBlockBegin
  2
*D8
 70
1
 10
0.0
 20
0.0
 30
0.0
  3
*D8
  1

  0
LINE
  5
48B
330
488
100
AcDbEntity
  8
0
 62
7
370
13
100
AcDbLine
 10
205.2
 20
6.123233995736766e-18
 30
0.0
 11
205.2
 21
6.123233995736766e-18
 31
0.0
  0
LINE
  5
48C
330
488
100
AcDbEntity
  8
0
 62
7
370
13
100
AcDbLine
 10
205.2
 20
2.1
 30
0.0
 11
205.2
 21
2.1
 31
0.0
  0
INSERT
  5
48D
330
488
100
AcDbEntity
  8
D-COTA
 62
7
100
AcDbBlockReference
  2
_OBLIQUE
 10
205.25
 20
0.0
 30
0.0
 41
0.12
 42
0.12
 50
90.0
  0
INSERT
  5
48F
330
488
100
AcDbEntity
  8
D-COTA
 62
7
100
AcDbBlockReference
  2
_OBLIQUE
 10
205.25
 20
2.1
 30
0.0
 41
0.12
 42
0.12
 50
90.0
  0
LINE
  5
491
330
488
100
AcDbEntity
  8
0
 62
7
370
18
100
AcDbLine
 10
205.25
 20
-0.05
 30
0.0
 11
205.25
 21
2.15
 31
0.0
  0
MTEXT
  5
492
330
488
100
AcDbEntity
  8
D-COTA
 62
7
100
AcDbMText
 10
205.155
 20
1.05
 30
0.0
 40
0.11000000000000001
 71
5
  1
2.10
  7
ARIAL
 50
90.0
  0
POINT
  5
493
330
488
100
AcDbEntity
  8
Defpoints
100
AcDbPoint
 10
205.25
 20
0.0
 30
0.0
  0
POINT
  5
494
330
488
100
AcDbEntity
  8
Defpoints
100
AcDbPoint
 10
205.25
 20
0.0
 30
0.0
  0
POINT
  5
495
330
488
100
AcDbEntity
  8
Defpoints
100
AcDbPoint
 10
205.25
 20
2.1
 30
0.0
  0
ENDBLK
  5
48A
330
488
100
AcDbEntity
  8
0
100
AcDbBlockEnd
  0
BLOCK
  5
4AA
330
4A9
100
AcDbEntity
  8
0
100
AcDbBlockBegin
  2
*D9
 70
1
 10
0.0
 20
0.0
 30
0.0
  3
*D9
  1

  0
LINE
  5
4AC
330
4A9
100
AcDbEntity
  8
0
 62
7
370
13
100
AcDbLine
 10
207.3
 20
2.8
 30
0.0
 11
207.3
 21
2.8
 31
0.0
  0
LINE
  5
4AD
330
4A9
100
AcDbEntity
  8
0
 62
7
370
13
100
AcDbLine
 10
208.3
 20
2.8
 30
0.0
 11
208.3
 21
2.8
 31
0.0
  0
INSERT
  5
4AE
330
4A9
100
AcDbEntity
  8
D-COTA
 62
7
100
AcDbBlockReference
  2
_OBLIQUE
 10
207.3
 20
2.75
 30
0.0
 41
0.12
 42
0.12
  0
INSERT
  5
4B0
330
4A9
100
AcDbEntity
  8
D-COTA
 62
7
100
AcDbBlockReference
  2
_OBLIQUE
 10
208.3
 20
2.75
 30
0.0
 41
0.12
 42
0.12
  0
LINE
  5
4B2
330
4A9
100
AcDbEntity
  8
0
 62
7
370
18
100
AcDbLine
 10
207.25
 20
2.75
 30
0.0
 11
208.35000000000002
 21
2.75
 31
0.0
  0
MTEXT
  5
4B3
330
4A9
100
AcDbEntity
  8
D-COTA
 62
7
100
AcDbMText
 10
207.8
 20
2.845
 30
0.0
 40
0.11000000000000001
 71
5
  1
1.00
  7
ARIAL
  0
POINT
  5
4B4
330
4A9
100
AcDbEntity
  8
Defpoints
100
AcDbPoint
 10
207.3
 20
2.75
 30
0.0
  0
POINT
  5
4B5
330
4A9
100
AcDbEntity
  8
Defpoints
100
AcDbPoint
 10
207.3
 20
2.75
 30
0.0
  0
POINT
  5
4B6
330
4A9
100
AcDbEntity
  8
Defpoints
100
AcDbPoint
 10
208.3
 20
2.75
 30
0.0
  0
ENDBLK
  5
4AB
330
4A9
100
AcDbEntity
  8
0
100
AcDbBlockEnd
  0
BLOCK
  5
4B9
330
4B8
100
AcDbEntity
  8
0
100
AcDbBlockBegin
  2
*D10
 70
1
 10
0.0
 20
0.0
 30
0.0
  3
*D10
  1

  0
LINE
  5
4BB
330
4B8
100
AcDbEntity
  8
0
 62
7
370
13
100
AcDbLine
 10
206.95
 20
6.123233995736766e-18
 30
0.0
 11
206.95
 21
6.123233995736766e-18
 31
0.0
  0
LINE
  5
4BC
330
4B8
100
AcDbEntity
  8
0
 62
7
370
13
100
AcDbLine
 10
206.95
 20
2.4
 30
0.0
 11
206.95
 21
2.4
 31
0.0
  0
INSERT
  5
4BD
330
4B8
100
AcDbEntity
  8
D-COTA
 62
7
100
AcDbBlockReference
  2
_OBLIQUE
 10
207.0
 20
0.0
 30
0.0
 41
0.12
 42
0.12
 50
90.0
  0
INSERT
  5
4BF
330
4B8
100
AcDbEntity
  8
D-COTA
 62
7
100
AcDbBlockReference
  2
_OBLIQUE
 10
207.0
 20
2.4
 30
0.0
 41
0.12
 42
0.12
 50
90.0
  0
LINE
  5
4C1
330
4B8
100
AcDbEntity
  8
0
 62
7
370
18
100
AcDbLine
 10
207.0
 20
-0.05
 30
0.0
 11
207.0
 21
2.4499999999999997
 31
0.0
  0
MTEXT
  5
4C2
330
4B8
100
AcDbEntity
  8
D-COTA
 62
7
100
AcDbMText
 10
206.905
 20
1.2
 30
0.0
 40
0.11000000000000001
 71
5
  1
2.40
  7
ARIAL
 50
90.0
  0
POINT
  5
4C3
330
4B8
100
AcDbEntity
  8
Defpoints
100
AcDbPoint
 10
207.0
 20
0.0
 30
0.0
  0
POINT
  5
4C4
330
4B8
100
AcDbEntity
  8
Defpoints
100
AcDbPoint
 10
207.0
 20
0.0
 30
0.0
  0
POINT
  5
4C5
330
4B8
100
AcDbEntity
  8
Defpoints
100
AcDbPoint
 10
207.0
 20
2.4
 30
0.0
  0
ENDBLK
  5
4BA
330
4B8
100
AcDbEntity
  8
0
100
AcDbBlockEnd
  0
BLOCK
  5
4DA
330
4D9
100
AcDbEntity
  8
0
100
AcDbBlockBegin
  2
*D11
 70
1
 10
0.0
 20
0.0
 30
0.0
  3
*D11
  1

  0
LINE
  5
4DC
330
4D9
100
AcDbEntity
  8
0
 62
7
370
13
100
AcDbLine
 10
209.25
 20
2.8
 30
0.0
 11
209.25
 21
2.8
 31
0.0
  0
LINE
  5
4DD
330
4D9
100
AcDbEntity
  8
0
 62
7
370
13
100
AcDbLine
 10
216.54
 20
2.8
 30
0.0
 11
216.54
 21
2.8
 31
0.0
  0
INSERT
  5
4DE
330
4D9
100
AcDbEntity
  8
D-COTA
 62
7
100
AcDbBlockReference
  2
_OBLIQUE
 10
209.25
 20
2.75
 30
0.0
 41
0.12
 42
0.12
  0
INSERT
  5
4E0
330
4D9
100
AcDbEntity
  8
D-COTA
 62
7
100
AcDbBlockReference
  2
_OBLIQUE
 10
216.54
 20
2.75
 30
0.0
 41
0.12
 42
0.12
  0
LINE
  5
4E2
330
4D9
100
AcDbEntity
  8
0
 62
7
370
18
100
AcDbLine
 10
209.2
 20
2.75
 30
0.0
 11
216.59
 21
2.75
 31
0.0
  0
MTEXT
  5
4E3
330
4D9
100
AcDbEntity
  8
D-COTA
 62
7
100
AcDbMText
 10
212.89499999999998
 20
2.845
 30
0.0
 40
0.11000000000000001
 71
5
  1
7.29
  7
ARIAL
  0
POINT
  5
4E4
330
4D9
100
AcDbEntity
  8
Defpoints
100
AcDbPoint
 10
209.25
 20
2.75
 30
0.0
  0
POINT
  5
4E5
330
4D9
100
AcDbEntity
  8
Defpoints
100
AcDbPoint
 10
209.25
 20
2.75
 30
0.0
  0
POINT
  5
4E6
330
4D9
100
AcDbEntity
  8
Defpoints
100
AcDbPoint
 10
216.54
 20
2.75
 30
0.0
  0
ENDBLK
  5
4DB
330
4D9
100
AcDbEntity
  8
0
100
AcDbBlockEnd
  0
BLOCK
  5
4E9
330
4E8
100
AcDbEntity
  8
0
100
AcDbBlockBegin
  2
*D12
 70
1
 10
0.0
 20
0.0
 30
0.0
  3
*D12
  1

  0
LINE
  5
4EB
330
4E8
100
AcDbEntity
  8
0
 62
7
370
13
100
AcDbLine
 10
208.89999999999998
 20
6.123233995736766e-18
 30
0.0
 11
208.89999999999998
 21
6.123233995736766e-18
 31
0.0
  0
LINE
  5
4EC
330
4E8
100
AcDbEntity
  8
0
 62
7
370
13
100
AcDbLine
 10
208.89999999999998
 20
2.4
 30
0.0
 11
208.89999999999998
 21
2.4
 31
0.0
  0
INSERT
  5
4ED
330
4E8
100
AcDbEntity
  8
D-COTA
 62
7
100
AcDbBlockReference
  2
_OBLIQUE
 10
208.95
 20
0.0
 30
0.0
 41
0.12
 42
0.12
 50
90.0
  0
INSERT
  5
4EF
330
4E8
100
AcDbEntity
  8
D-COTA
 62
7
100
AcDbBlockReference
  2
_OBLIQUE
 10
208.95
 20
2.4
 30
0.0
 41
0.12
 42
0.12
 50
90.0
  0
LINE
  5
4F1
330
4E8
100
AcDbEntity
  8
0
 62
7
370
18
100
AcDbLine
 10
208.95
 20
-0.05
 30
0.0
 11
208.95
 21
2.4499999999999997
 31
0.0
  0
MTEXT
  5
4F2
330
4E8
100
AcDbEntity
  8
D-COTA
 62
7
100
AcDbMText
 10
208.855
 20
1.2
 30
0.0
 40
0.11000000000000001
 71
5
  1
2.40
  7
ARIAL
 50
90.0
  0
POINT
  5
4F3
330
4E8
100
AcDbEntity
  8
Defpoints
100
AcDbPoint
 10
208.95
 20
0.0
 30
0.0
  0
POINT
  5
4F4
330
4E8
100
AcDbEntity
  8
Defpoints
100
AcDbPoint
 10
208.95
 20
0.0
 30
0.0
  0
POINT
  5
4F5
330
4E8
100
AcDbEntity
  8
Defpoints
100
AcDbPoint
 10
208.95
 20
2.4
 30
0.0
  0
ENDBLK
  5
4EA
330
4E8
100
AcDbEntity
  8
0
100
AcDbBlockEnd
  0
BLOCK
  5
505
330
504
100
AcDbEntity
  8
0
100
AcDbBlockBegin
  2
*D13
 70
1
 10
0.0
 20
0.0
 30
0.0
  3
*D13
  1

  0
LINE
  5
507
330
504
100
AcDbEntity
  8
0
 62
7
370
13
100
AcDbLine
 10
230.0
 20
6.525
 30
0.0
 11
230.0
 21
6.525
 31
0.0
  0
LINE
  5
508
330
504
100
AcDbEntity
  8
0
 62
7
370
13
100
AcDbLine
 10
232.2
 20
6.525
 30
0.0
 11
232.2
 21
6.525
 31
0.0
  0
INSERT
  5
509
330
504
100
AcDbEntity
  8
D-COTA
 62
7
100
AcDbBlockReference
  2
_OBLIQUE
 10
230.0
 20
6.45
 30
0.0
 41
0.18
 42
0.18
  0
INSERT
  5
50B
330
504
100
AcDbEntity
  8
D-COTA
 62
7
100
AcDbBlockReference
  2
_OBLIQUE
 10
232.2
 20
6.45
 30
0.0
 41
0.18
 42
0.18
  0
LINE
  5
50D
330
504
100
AcDbEntity
  8
0
 62
7
370
18
100
AcDbLine
 10
229.925
 20
6.45
 30
0.0
 11
232.27499999999998
 21
6.45
 31
0.0
  0
MTEXT
  5
50E
330
504
100
AcDbEntity
  8
D-COTA
 62
7
100
AcDbMText
 10
231.1
 20
6.5925
 30
0.0
 40
0.165
 71
5
  1
2.20
  7
ARIAL
  0
POINT
  5
50F
330
504
100
AcDbEntity
  8
Defpoints
100
AcDbPoint
 10
230.0
 20
6.45
 30
0.0
  0
POINT
  5
510
330
504
100
AcDbEntity
  8
Defpoints
100
AcDbPoint
 10
230.0
 20
6.45
 30
0.0
  0
POINT
  5
511
330
504
100
AcDbEntity
  8
Defpoints
100
AcDbPoint
 10
232.2
 20
6.45
 30
0.0
  0
ENDBLK
  5
506
330
504
100
AcDbEntity
  8
0
100
AcDbBlockEnd
  0
BLOCK
  5
514
330
513
100
AcDbEntity
  8
0
100
AcDbBlockBegin
  2
*D14
 70
1
 10
0.0
 20
0.0
 30
0.0
  3
*D14
  1

  0
LINE
  5
516
330
513
100
AcDbEntity
  8
0
 62
7
370
13
100
AcDbLine
 10
229.675
 20
3.95
 30
0.0
 11
229.675
 21
3.95
 31
0.0
  0
LINE
  5
517
330
513
100
AcDbEntity
  8
0
 62
7
370
13
100
AcDbLine
 10
229.675
 20
6.15
 30
0.0
 11
229.675
 21
6.15
 31
0.0
  0
INSERT
  5
518
330
513
100
AcDbEntity
  8
D-COTA
 62
7
100
AcDbBlockReference
  2
_OBLIQUE
 10
229.75
 20
3.95
 30
0.0
 41
0.18
 42
0.18
 50
90.0
  0
INSERT
  5
51A
330
513
100
AcDbEntity
  8
D-COTA
 62
7
100
AcDbBlockReference
  2
_OBLIQUE
 10
229.75
 20
6.15
 30
0.0
 41
0.18
 42
0.18
 50
90.0
  0
LINE
  5
51C
330
513
100
AcDbEntity
  8
0
 62
7
370
18
100
AcDbLine
 10
229.75
 20
3.875
 30
0.0
 11
229.75
 21
6.2250000000000005
 31
0.0
  0
MTEXT
  5
51D
330
513
100
AcDbEntity
  8
D-COTA
 62
7
100
AcDbMText
 10
229.6075
 20
5.050000000000001
 30
0.0
 40
0.165
 71
5
  1
2.20
  7
ARIAL
 50
90.0
  0
POINT
  5
51E
330
513
100
AcDbEntity
  8
Defpoints
100
AcDbPoint
 10
229.75
 20
3.95
 30
0.0
  0
POINT
  5
51F
330
513
100
AcDbEntity
  8
Defpoints
100
AcDbPoint
 10
229.75
 20
3.95
 30
0.0
  0
POINT
  5
520
330
513
100
AcDbEntity
  8
Defpoints
100
AcDbPoint
 10
229.75
 20
6.15
 30
0.0
  0
ENDBLK
  5
515
330
513
100
AcDbEntity
  8
0
100
AcDbBlockEnd
  0
BLOCK
  5
52E
330
52D
100
AcDbEntity
  8
0
100
AcDbBlockBegin
  2
*D15
 70
1
 10
0.0
 20
0.0
 30
0.0
  3
*D15
  1

  0
LINE
  5
530
330
52D
100
AcDbEntity
  8
0
 62
7
370
13
100
AcDbLine
 10
233.15
 20
6.525
 30
0.0
 11
233.15
 21
6.525
 31
0.0
  0
LINE
  5
531
330
52D
100
AcDbEntity
  8
0
 62
7
370
13
100
AcDbLine
 10
234.95
 20
6.525
 30
0.0
 11
234.95
 21
6.525
 31
0.0
  0
INSERT
  5
532
330
52D
100
AcDbEntity
  8
D-COTA
 62
7
100
AcDbBlockReference
  2
_OBLIQUE
 10
233.15
 20
6.45
 30
0.0
 41
0.18
 42
0.18
  0
INSERT
  5
534
330
52D
100
AcDbEntity
  8
D-COTA
 62
7
100
AcDbBlockReference
  2
_OBLIQUE
 10
234.95
 20
6.45
 30
0.0
 41
0.18
 42
0.18
  0
LINE
  5
536
330
52D
100
AcDbEntity
  8
0
 62
7
370
18
100
AcDbLine
 10
233.07500000000002
 20
6.45
 30
0.0
 11
235.02499999999998
 21
6.45
 31
0.0
  0
MTEXT
  5
537
330
52D
100
AcDbEntity
  8
D-COTA
 62
7
100
AcDbMText
 10
234.05
 20
6.5925
 30
0.0
 40
0.165
 71
5
  1
1.80
  7
ARIAL
  0
POINT
  5
538
330
52D
100
AcDbEntity
  8
Defpoints
100
AcDbPoint
 10
233.15
 20
6.45
 30
0.0
  0
POINT
  5
539
330
52D
100
AcDbEntity
  8
Defpoints
100
AcDbPoint
 10
233.15
 20
6.45
 30
0.0
  0
POINT
  5
53A
330
52D
100
AcDbEntity
  8
Defpoints
100
AcDbPoint
 10
234.95
 20
6.45
 30
0.0
  0
ENDBLK
  5
52F
330
52D
100
AcDbEntity
  8
0
100
AcDbBlockEnd
  0
BLOCK
  5
53D
330
53C
100
AcDbEntity
  8
0
100
AcDbBlockBegin
  2
*D16
 70
1
 10
0.0
 20
0.0
 30
0.0
  3
*D16
  1

  0
LINE
  5
53F
330
53C
100
AcDbEntity
  8
0
 62
7
370
13
100
AcDbLine
 10
232.82500000000002
 20
3.95
 30
0.0
 11
232.82500000000002
 21
3.95
 31
0.0
  0
LINE
  5
540
330
53C
100
AcDbEntity
  8
0
 62
7
370
13
100
AcDbLine
 10
232.82500000000002
 20
6.15
 30
0.0
 11
232.82500000000002
 21
6.15
 31
0.0
  0
INSERT
  5
541
330
53C
100
AcDbEntity
  8
D-COTA
 62
7
100
AcDbBlockReference
  2
_OBLIQUE
 10
232.9
 20
3.95
 30
0.0
 41
0.18
 42
0.18
 50
90.0
  0
INSERT
  5
543
330
53C
100
AcDbEntity
  8
D-COTA
 62
7
100
AcDbBlockReference
  2
_OBLIQUE
 10
232.9
 20
6.15
 30
0.0
 41
0.18
 42
0.18
 50
90.0
  0
LINE
  5
545
330
53C
100
AcDbEntity
  8
0
 62
7
370
18
100
AcDbLine
 10
232.9
 20
3.875
 30
0.0
 11
232.9
 21
6.2250000000000005
 31
0.0
  0
MTEXT
  5
546
330
53C
100
AcDbEntity
  8
D-COTA
 62
7
100
AcDbMText
 10
232.7575
 20
5.050000000000001
 30
0.0
 40
0.165
 71
5
  1
2.20
  7
ARIAL
 50
90.0
  0
POINT
  5
547
330
53C
100
AcDbEntity
  8
Defpoints
100
AcDbPoint
 10
232.9
 20
3.95
 30
0.0
  0
POINT
  5
548
330
53C
100
AcDbEntity
  8
Defpoints
100
AcDbPoint
 10
232.9
 20
3.95
 30
0.0
  0
POINT
  5
549
330
53C
100
AcDbEntity
  8
Defpoints
100
AcDbPoint
 10
232.9
 20
6.15
 30
0.0
  0
ENDBLK
  5
53E
330
53C
100
AcDbEntity
  8
0
100
AcDbBlockEnd
  0
BLOCK
  5
554
330
553
100
AcDbEntity
  8
0
100
AcDbBlockBegin
  2
*D17
 70
1
 10
0.0
 20
0.0
 30
0.0
  3
*D17
  1

  0
LINE
  5
556
330
553
100
AcDbEntity
  8
0
 62
7
370
13
100
AcDbLine
 10
235.9
 20
6.525
 30
0.0
 11
235.9
 21
6.525
 31
0.0
  0
LINE
  5
557
330
553
100
AcDbEntity
  8
0
 62
7
370
13
100
AcDbLine
 10
236.8
 20
6.525
 30
0.0
 11
236.8
 21
6.525
 31
0.0
  0
INSERT
  5
558
330
553
100
AcDbEntity
  8
D-COTA
 62
7
100
AcDbBlockReference
  2
_OBLIQUE
 10
235.9
 20
6.45
 30
0.0
 41
0.18
 42
0.18
  0
INSERT
  5
55A
330
553
100
AcDbEntity
  8
D-COTA
 62
7
100
AcDbBlockReference
  2
_OBLIQUE
 10
236.8
 20
6.45
 30
0.0
 41
0.18
 42
0.18
  0
LINE
  5
55C
330
553
100
AcDbEntity
  8
0
 62
7
370
18
100
AcDbLine
 10
235.82500000000002
 20
6.45
 30
0.0
 11
236.875
 21
6.45
 31
0.0
  0
MTEXT
  5
55D
330
553
100
AcDbEntity
  8
D-COTA
 62
7
100
AcDbMText
 10
236.35000000000002
 20
6.5925
 30
0.0
 40
0.165
 71
5
  1
0.90
  7
ARIAL
  0
POINT
  5
55E
330
553
100
AcDbEntity
  8
Defpoints
100
AcDbPoint
 10
235.9
 20
6.45
 30
0.0
  0
POINT
  5
55F
330
553
100
AcDbEntity
  8
Defpoints
100
AcDbPoint
 10
235.9
 20
6.45
 30
0.0
  0
POINT
  5
560
330
553
100
AcDbEntity
  8
Defpoints
100
AcDbPoint
 10
236.8
 20
6.45
 30
0.0
  0
ENDBLK
  5
555
330
553
100
AcDbEntity
  8
0
100
AcDbBlockEnd
  0
BLOCK
  5
563
330
562
100
AcDbEntity
  8
0
100
AcDbBlockBegin
  2
*D18
 70
1
 10
0.0
 20
0.0
 30
0.0
  3
*D18
  1

  0
LINE
  5
565
330
562
100
AcDbEntity
  8
0
 62
7
370
13
100
AcDbLine
 10
235.57500000000002
 20
3.95
 30
0.0
 11
235.57500000000002
 21
3.95
 31
0.0
  0
LINE
  5
566
330
562
100
AcDbEntity
  8
0
 62
7
370
13
100
AcDbLine
 10
235.57500000000002
 20
6.15
 30
0.0
 11
235.57500000000002
 21
6.15
 31
0.0
  0
INSERT
  5
567
330
562
100
AcDbEntity
  8
D-COTA
 62
7
100
AcDbBlockReference
  2
_OBLIQUE
 10
235.65
 20
3.95
 30
0.0
 41
0.18
 42
0.18
 50
90.0
  0
INSERT
  5
569
330
562
100
AcDbEntity
  8
D-COTA
 62
7
100
AcDbBlockReference
  2
_OBLIQUE
 10
235.65
 20
6.15
 30
0.0
 41
0.18
 42
0.18
 50
90.0
  0
LINE
  5
56B
330
562
100
AcDbEntity
  8
0
 62
7
370
18
100
AcDbLine
 10
235.65
 20
3.875
 30
0.0
 11
235.65
 21
6.2250000000000005
 31
0.0
  0
MTEXT
  5
56C
330
562
100
AcDbEntity
  8
D-COTA
 62
7
100
AcDbMText
 10
235.5075
 20
5.050000000000001
 30
0.0
 40
0.165
 71
5
  1
2.20
  7
ARIAL
 50
90.0
  0
POINT
  5
56D
330
562
100
AcDbEntity
  8
Defpoints
100
AcDbPoint
 10
235.65
 20
3.95
 30
0.0
  0
POINT
  5
56E
330
562
100
AcDbEntity
  8
Defpoints
100
AcDbPoint
 10
235.65
 20
3.95
 30
0.0
  0
POINT
  5
56F
330
562
100
AcDbEntity
  8
Defpoints
100
AcDbPoint
 10
235.65
 20
6.15
 30
0.0
  0
ENDBLK
  5
564
330
562
100
AcDbEntity
  8
0
100
AcDbBlockEnd
  0
BLOCK
  5
57A
330
579
100
AcDbEntity
  8
0
100
AcDbBlockBegin
  2
*D19
 70
1
 10
0.0
 20
0.0
 30
0.0
  3
*D19
  1

  0
LINE
  5
57C
330
579
100
AcDbEntity
  8
0
 62
7
370
13
100
AcDbLine
 10
237.75
 20
5.625
 30
0.0
 11
237.75
 21
5.625
 31
0.0
  0
LINE
  5
57D
330
579
100
AcDbEntity
  8
0
 62
7
370
13
100
AcDbLine
 10
239.95
 20
5.625
 30
0.0
 11
239.95
 21
5.625
 31
0.0
  0
INSERT
  5
57E
330
579
100
AcDbEntity
  8
D-COTA
 62
7
100
AcDbBlockReference
  2
_OBLIQUE
 10
237.75
 20
5.55
 30
0.0
 41
0.18
 42
0.18
  0
INSERT
  5
580
330
579
100
AcDbEntity
  8
D-COTA
 62
7
100
AcDbBlockReference
  2
_OBLIQUE
 10
239.95
 20
5.55
 30
0.0
 41
0.18
 42
0.18
  0
LINE
  5
582
330
579
100
AcDbEntity
  8
0
 62
7
370
18
100
AcDbLine
 10
237.675
 20
5.55
 30
0.0
 11
240.02499999999998
 21
5.55
 31
0.0
  0
MTEXT
  5
583
330
579
100
AcDbEntity
  8
D-COTA
 62
7
100
AcDbMText
 10
238.85
 20
5.6925
 30
0.0
 40
0.165
 71
5
  1
2.20
  7
ARIAL
  0
POINT
  5
584
330
579
100
AcDbEntity
  8
Defpoints
100
AcDbPoint
 10
237.75
 20
5.55
 30
0.0
  0
POINT
  5
585
330
579
100
AcDbEntity
  8
Defpoints
100
AcDbPoint
 10
237.75
 20
5.55
 30
0.0
  0
POINT
  5
586
330
579
100
AcDbEntity
  8
Defpoints
100
AcDbPoint
 10
239.95
 20
5.55
 30
0.0
  0
ENDBLK
  5
57B
330
579
100
AcDbEntity
  8
0
100
AcDbBlockEnd
  0
BLOCK
  5
589
330
588
100
AcDbEntity
  8
0
100
AcDbBlockBegin
  2
*D20
 70
1
 10
0.0
 20
0.0
 30
0.0
  3
*D20
  1

  0
LINE
  5
58B
330
588
100
AcDbEntity
  8
0
 62
7
370
13
100
AcDbLine
 10
237.425
 20
3.95
 30
0.0
 11
237.425
 21
3.95
 31
0.0
  0
LINE
  5
58C
330
588
100
AcDbEntity
  8
0
 62
7
370
13
100
AcDbLine
 10
237.425
 20
5.25
 30
0.0
 11
237.425
 21
5.25
 31
0.0
  0
INSERT
  5
58D
330
588
100
AcDbEntity
  8
D-COTA
 62
7
100
AcDbBlockReference
  2
_OBLIQUE
 10
237.5
 20
3.95
 30
0.0
 41
0.18
 42
0.18
 50
90.0
  0
INSERT
  5
58F
330
588
100
AcDbEntity
  8
D-COTA
 62
7
100
AcDbBlockReference
  2
_OBLIQUE
 10
237.5
 20
5.25
 30
0.0
 41
0.18
 42
0.18
 50
90.0
  0
LINE
  5
591
330
588
100
AcDbEntity
  8
0
 62
7
370
18
100
AcDbLine
 10
237.5
 20
3.875
 30
0.0
 11
237.5
 21
5.325
 31
0.0
  0
MTEXT
  5
592
330
588
100
AcDbEntity
  8
D-COTA
 62
7
100
AcDbMText
 10
237.3575
 20
4.6
 30
0.0
 40
0.165
 71
5
  1
1.30
  7
ARIAL
 50
90.0
  0
POINT
  5
593
330
588
100
AcDbEntity
  8
Defpoints
100
AcDbPoint
 10
237.5
 20
3.95
 30
0.0
  0
POINT
  5
594
330
588
100
AcDbEntity
  8
Defpoints
100
AcDbPoint
 10
237.5
 20
3.95
 30
0.0
  0
POINT
  5
595
330
588
100
AcDbEntity
  8
Defpoints
100
AcDbPoint
 10
237.5
 20
5.25
 30
0.0
  0
ENDBLK
  5
58A
330
588
100
AcDbEntity
  8
0
100
AcDbBlockEnd
  0
BLOCK
  5
59E
330
59D
100
AcDbEntity
  8
0
100
AcDbBlockBegin
  2
*D21
 70
1
 10
0.0
 20
0.0
 30
0.0
  3
*D21
  1

  0
LINE
  5
5A0
330
59D
100
AcDbEntity
  8
0
 62
7
370
13
100
AcDbLine
 10
240.9
 20
5.625
 30
0.0
 11
240.9
 21
5.625
 31
0.0
  0
LINE
  5
5A1
330
59D
100
AcDbEntity
  8
0
 62
7
370
13
100
AcDbLine
 10
241.65
 20
5.625
 30
0.0
 11
241.65
 21
5.625
 31
0.0
  0
INSERT
  5
5A2
330
59D
100
AcDbEntity
  8
D-COTA
 62
7
100
AcDbBlockReference
  2
_OBLIQUE
 10
240.9
 20
5.55
 30
0.0
 41
0.18
 42
0.18
  0
INSERT
  5
5A4
330
59D
100
AcDbEntity
  8
D-COTA
 62
7
100
AcDbBlockReference
  2
_OBLIQUE
 10
241.65
 20
5.55
 30
0.0
 41
0.18
 42
0.18
  0
LINE
  5
5A6
330
59D
100
AcDbEntity
  8
0
 62
7
370
18
100
AcDbLine
 10
240.82500000000002
 20
5.55
 30
0.0
 11
241.725
 21
5.55
 31
0.0
  0
MTEXT
  5
5A7
330
59D
100
AcDbEntity
  8
D-COTA
 62
7
100
AcDbMText
 10
241.275
 20
5.6925
 30
0.0
 40
0.165
 71
5
  1
0.75
  7
ARIAL
  0
POINT
  5
5A8
330
59D
100
AcDbEntity
  8
Defpoints
100
AcDbPoint
 10
240.9
 20
5.55
 30
0.0
  0
POINT
  5
5A9
330
59D
100
AcDbEntity
  8
Defpoints
100
AcDbPoint
 10
240.9
 20
5.55
 30
0.0
  0
POINT
  5
5AA
330
59D
100
AcDbEntity
  8
Defpoints
100
AcDbPoint
 10
241.65
 20
5.55
 30
0.0
  0
ENDBLK
  5
59F
330
59D
100
AcDbEntity
  8
0
100
AcDbBlockEnd
  0
BLOCK
  5
5AD
330
5AC
100
AcDbEntity
  8
0
100
AcDbBlockBegin
  2
*D22
 70
1
 10
0.0
 20
0.0
 30
0.0
  3
*D22
  1

  0
LINE
  5
5AF
330
5AC
100
AcDbEntity
  8
0
 62
7
370
13
100
AcDbLine
 10
240.57500000000002
 20
3.95
 30
0.0
 11
240.57500000000002
 21
3.95
 31
0.0
  0
LINE
  5
5B0
330
5AC
100
AcDbEntity
  8
0
 62
7
370
13
100
AcDbLine
 10
240.57500000000002
 20
5.25
 30
0.0
 11
240.57500000000002
 21
5.25
 31
0.0
  0
INSERT
  5
5B1
330
5AC
100
AcDbEntity
  8
D-COTA
 62
7
100
AcDbBlockReference
  2
_OBLIQUE
 10
240.65
 20
3.95
 30
0.0
 41
0.18
 42
0.18
 50
90.0
  0
INSERT
  5
5B3
330
5AC
100
AcDbEntity
  8
D-COTA
 62
7
100
AcDbBlockReference
  2
_OBLIQUE
 10
240.65
 20
5.25
 30
0.0
 41
0.18
 42
0.18
 50
90.0
  0
LINE
  5
5B5
330
5AC
100
AcDbEntity
  8
0
 62
7
370
18
100
AcDbLine
 10
240.65
 20
3.875
 30
0.0
 11
240.65
 21
5.325
 31
0.0
  0
MTEXT
  5
5B6
330
5AC
100
AcDbEntity
  8
D-COTA
 62
7
100
AcDbMText
 10
240.5075
 20
4.6
 30
0.0
 40
0.165
 71
5
  1
1.30
  7
ARIAL
 50
90.0
  0
POINT
  5
5B7
330
5AC
100
AcDbEntity
  8
Defpoints
100
AcDbPoint
 10
240.65
 20
3.95
 30
0.0
  0
POINT
  5
5B8
330
5AC
100
AcDbEntity
  8
Defpoints
100
AcDbPoint
 10
240.65
 20
3.95
 30
0.0
  0
POINT
  5
5B9
330
5AC
100
AcDbEntity
  8
Defpoints
100
AcDbPoint
 10
240.65
 20
5.25
 30
0.0
  0
ENDBLK
  5
5AE
330
5AC
100
AcDbEntity
  8
0
100
AcDbBlockEnd
  0
BLOCK
  5
5C4
330
5C3
100
AcDbEntity
  8
0
100
AcDbBlockBegin
  2
*D23
 70
1
 10
0.0
 20
0.0
 30
0.0
  3
*D23
  1

  0
LINE
  5
5C6
330
5C3
100
AcDbEntity
  8
0
 62
7
370
13
100
AcDbLine
 10
242.6
 20
5.625
 30
0.0
 11
242.6
 21
5.625
 31
0.0
  0
LINE
  5
5C7
330
5C3
100
AcDbEntity
  8
0
 62
7
370
13
100
AcDbLine
 10
244.4
 20
5.625
 30
0.0
 11
244.4
 21
5.625
 31
0.0
  0
INSERT
  5
5C8
330
5C3
100
AcDbEntity
  8
D-COTA
 62
7
100
AcDbBlockReference
  2
_OBLIQUE
 10
242.6
 20
5.55
 30
0.0
 41
0.18
 42
0.18
  0
INSERT
  5
5CA
330
5C3
100
AcDbEntity
  8
D-COTA
 62
7
100
AcDbBlockReference
  2
_OBLIQUE
 10
244.4
 20
5.55
 30
0.0
 41
0.18
 42
0.18
  0
LINE
  5
5CC
330
5C3
100
AcDbEntity
  8
0
 62
7
370
18
100
AcDbLine
 10
242.525
 20
5.55
 30
0.0
 11
244.475
 21
5.55
 31
0.0
  0
MTEXT
  5
5CD
330
5C3
100
AcDbEntity
  8
D-COTA
 62
7
100
AcDbMText
 10
243.5
 20
5.6925
 30
0.0
 40
0.165
 71
5
  1
1.80
  7
ARIAL
  0
POINT
  5
5CE
330
5C3
100
AcDbEntity
  8
Defpoints
100
AcDbPoint
 10
242.6
 20
5.55
 30
0.0
  0
POINT
  5
5CF
330
5C3
100
AcDbEntity
  8
Defpoints
100
AcDbPoint
 10
242.6
 20
5.55
 30
0.0
  0
POINT
  5
5D0
330
5C3
100
AcDbEntity
  8
Defpoints
100
AcDbPoint
 10
244.4
 20
5.55
 30
0.0
  0
ENDBLK
  5
5C5
330
5C3
100
AcDbEntity
  8
0
100
AcDbBlockEnd
  0
BLOCK
  5
5D3
330
5D2
100
AcDbEntity
  8
0
100
AcDbBlockBegin
  2
*D24
 70
1
 10
0.0
 20
0.0
 30
0.0
  3
*D24
  1

  0
LINE
  5
5D5
330
5D2
100
AcDbEntity
  8
0
 62
7
370
13
100
AcDbLine
 10
242.275
 20
3.95
 30
0.0
 11
242.275
 21
3.95
 31
0.0
  0
LINE
  5
5D6
330
5D2
100
AcDbEntity
  8
0
 62
7
370
13
100
AcDbLine
 10
242.275
 20
5.25
 30
0.0
 11
242.275
 21
5.25
 31
0.0
  0
INSERT
  5
5D7
330
5D2
100
AcDbEntity
  8
D-COTA
 62
7
100
AcDbBlockReference
  2
_OBLIQUE
 10
242.35
 20
3.95
 30
0.0
 41
0.18
 42
0.18
 50
90.0
  0
INSERT
  5
5D9
330
5D2
100
AcDbEntity
  8
D-COTA
 62
7
100
AcDbBlockReference
  2
_OBLIQUE
 10
242.35
 20
5.25
 30
0.0
 41
0.18
 42
0.18
 50
90.0
  0
LINE
  5
5DB
330
5D2
100
AcDbEntity
  8
0
 62
7
370
18
100
AcDbLine
 10
242.35
 20
3.875
 30
0.0
 11
242.35
 21
5.325
 31
0.0
  0
MTEXT
  5
5DC
330
5D2
100
AcDbEntity
  8
D-COTA
 62
7
100
AcDbMText
 10
242.20749999999998
 20
4.6
 30
0.0
 40
0.165
 71
5
  1
1.30
  7
ARIAL
 50
90.0
  0
POINT
  5
5DD
330
5D2
100
AcDbEntity
  8
Defpoints
100
AcDbPoint
 10
242.35
 20
3.95
 30
0.0
  0
POINT
  5
5DE
330
5D2
100
AcDbEntity
  8
Defpoints
100
AcDbPoint
 10
242.35
 20
3.95
 30
0.0
  0
POINT
  5
5DF
330
5D2
100
AcDbEntity
  8
Defpoints
100
AcDbPoint
 10
242.35
 20
5.25
 30
0.0
  0
ENDBLK
  5
5D4
330
5D2
100
AcDbEntity
  8
0
100
AcDbBlockEnd
  0
BLOCK
  5
5EA
330
5E9
100
AcDbEntity
  8
0
100
AcDbBlockBegin
  2
*D25
 70
1
 10
0.0
 20
0.0
 30
0.0
  3
*D25
  1

  0
LINE
  5
5EC
330
5E9
100
AcDbEntity
  8
0
 62
7
370
13
100
AcDbLine
 10
245.35
 20
5.625
 30
0.0
 11
245.35
 21
5.625
 31
0.0
  0
LINE
  5
5ED
330
5E9
100
AcDbEntity
  8
0
 62
7
370
13
100
AcDbLine
 10
247.75
 20
5.625
 30
0.0
 11
247.75
 21
5.625
 31
0.0
  0
INSERT
  5
5EE
330
5E9
100
AcDbEntity
  8
D-COTA
 62
7
100
AcDbBlockReference
  2
_OBLIQUE
 10
245.35
 20
5.55
 30
0.0
 41
0.18
 42
0.18
  0
INSERT
  5
5F0
330
5E9
100
AcDbEntity
  8
D-COTA
 62
7
100
AcDbBlockReference
  2
_OBLIQUE
 10
247.75
 20
5.55
 30
0.0
 41
0.18
 42
0.18
  0
LINE
  5
5F2
330
5E9
100
AcDbEntity
  8
0
 62
7
370
18
100
AcDbLine
 10
245.275
 20
5.55
 30
0.0
 11
247.825
 21
5.55
 31
0.0
  0
MTEXT
  5
5F3
330
5E9
100
AcDbEntity
  8
D-COTA
 62
7
100
AcDbMText
 10
246.55
 20
5.6925
 30
0.0
 40
0.165
 71
5
  1
2.40
  7
ARIAL
  0
POINT
  5
5F4
330
5E9
100
AcDbEntity
  8
Defpoints
100
AcDbPoint
 10
245.35
 20
5.55
 30
0.0
  0
POINT
  5
5F5
330
5E9
100
AcDbEntity
  8
Defpoints
100
AcDbPoint
 10
245.35
 20
5.55
 30
0.0
  0
POINT
  5
5F6
330
5E9
100
AcDbEntity
  8
Defpoints
100
AcDbPoint
 10
247.75
 20
5.55
 30
0.0
  0
ENDBLK
  5
5EB
330
5E9
100
AcDbEntity
  8
0
100
AcDbBlockEnd
  0
BLOCK
  5
5F9
330
5F8
100
AcDbEntity
  8
0
100
AcDbBlockBegin
  2
*D26
 70
1
 10
0.0
 20
0.0
 30
0.0
  3
*D26
  1

  0
LINE
  5
5FB
330
5F8
100
AcDbEntity
  8
0
 62
7
370
13
100
AcDbLine
 10
245.025
 20
3.95
 30
0.0
 11
245.025
 21
3.95
 31
0.0
  0
LINE
  5
5FC
330
5F8
100
AcDbEntity
  8
0
 62
7
370
13
100
AcDbLine
 10
245.025
 20
5.25
 30
0.0
 11
245.025
 21
5.25
 31
0.0
  0
INSERT
  5
5FD
330
5F8
100
AcDbEntity
  8
D-COTA
 62
7
100
AcDbBlockReference
  2
_OBLIQUE
 10
245.1
 20
3.95
 30
0.0
 41
0.18
 42
0.18
 50
90.0
  0
INSERT
  5
5FF
330
5F8
100
AcDbEntity
  8
D-COTA
 62
7
100
AcDbBlockReference
  2
_OBLIQUE
 10
245.1
 20
5.25
 30
0.0
 41
0.18
 42
0.18
 50
90.0
  0
LINE
  5
601
330
5F8
100
AcDbEntity
  8
0
 62
7
370
18
100
AcDbLine
 10
245.1
 20
3.875
 30
0.0
 11
245.1
 21
5.325
 31
0.0
  0
MTEXT
  5
602
330
5F8
100
AcDbEntity
  8
D-COTA
 62
7
100
AcDbMText
 10
244.95749999999998
 20
4.6
 30
0.0
 40
0.165
 71
5
  1
1.30
  7
ARIAL
 50
90.0
  0
POINT
  5
603
330
5F8
100
AcDbEntity
  8
Defpoints
100
AcDbPoint
 10
245.1
 20
3.95
 30
0.0
  0
POINT
  5
604
330
5F8
100
AcDbEntity
  8
Defpoints
100
AcDbPoint
 10
245.1
 20
3.95
 30
0.0
  0
POINT
  5
605
330
5F8
100
AcDbEntity
  8
Defpoints
100
AcDbPoint
 10
245.1
 20
5.25
 30
0.0
  0
ENDBLK
  5
5FA
330
5F8
100
AcDbEntity
  8
0
100
AcDbBlockEnd
  0
BLOCK
  5
610
330
60F
100
AcDbEntity
  8
0
100
AcDbBlockBegin
  2
*D27
 70
1
 10
0.0
 20
0.0
 30
0.0
  3
*D27
  1

  0
LINE
  5
612
330
60F
100
AcDbEntity
  8
0
 62
7
370
13
100
AcDbLine
 10
230.0
 20
1.675
 30
0.0
 11
230.0
 21
1.675
 31
0.0
  0
LINE
  5
613
330
60F
100
AcDbEntity
  8
0
 62
7
370
13
100
AcDbLine
 10
232.6
 20
1.675
 30
0.0
 11
232.6
 21
1.675
 31
0.0
  0
INSERT
  5
614
330
60F
100
AcDbEntity
  8
D-COTA
 62
7
100
AcDbBlockReference
  2
_OBLIQUE
 10
230.0
 20
1.6
 30
0.0
 41
0.18
 42
0.18
  0
INSERT
  5
616
330
60F
100
AcDbEntity
  8
D-COTA
 62
7
100
AcDbBlockReference
  2
_OBLIQUE
 10
232.6
 20
1.6
 30
0.0
 41
0.18
 42
0.18
  0
LINE
  5
618
330
60F
100
AcDbEntity
  8
0
 62
7
370
18
100
AcDbLine
 10
229.925
 20
1.6
 30
0.0
 11
232.67499999999998
 21
1.6
 31
0.0
  0
MTEXT
  5
619
330
60F
100
AcDbEntity
  8
D-COTA
 62
7
100
AcDbMText
 10
231.3
 20
1.7425000000000002
 30
0.0
 40
0.165
 71
5
  1
2.60
  7
ARIAL
  0
POINT
  5
61A
330
60F
100
AcDbEntity
  8
Defpoints
100
AcDbPoint
 10
230.0
 20
1.6
 30
0.0
  0
POINT
  5
61B
330
60F
100
AcDbEntity
  8
Defpoints
100
AcDbPoint
 10
230.0
 20
1.6
 30
0.0
  0
POINT
  5
61C
330
60F
100
AcDbEntity
  8
Defpoints
100
AcDbPoint
 10
232.6
 20
1.6
 30
0.0
  0
ENDBLK
  5
611
330
60F
100
AcDbEntity
  8
0
100
AcDbBlockEnd
  0
BLOCK
  5
61F
330
61E
100
AcDbEntity
  8
0
100
AcDbBlockBegin
  2
*D28
 70
1
 10
0.0
 20
0.0
 30
0.0
  3
*D28
  1

  0
LINE
  5
621
330
61E
100
AcDbEntity
  8
0
 62
7
370
13
100
AcDbLine
 10
229.675
 20
9.184850993605149e-18
 30
0.0
 11
229.675
 21
9.184850993605149e-18
 31
0.0
  0
LINE
  5
622
330
61E
100
AcDbEntity
  8
0
 62
7
370
13
100
AcDbLine
 10
229.675
 20
1.3
 30
0.0
 11
229.675
 21
1.3
 31
0.0
  0
INSERT
  5
623
330
61E
100
AcDbEntity
  8
D-COTA
 62
7
100
AcDbBlockReference
  2
_OBLIQUE
 10
229.75
 20
0.0
 30
0.0
 41
0.18
 42
0.18
 50
90.0
  0
INSERT
  5
625
330
61E
100
AcDbEntity
  8
D-COTA
 62
7
100
AcDbBlockReference
  2
_OBLIQUE
 10
229.75
 20
1.3
 30
0.0
 41
0.18
 42
0.18
 50
90.0
  0
LINE
  5
627
330
61E
100
AcDbEntity
  8
0
 62
7
370
18
100
AcDbLine
 10
229.75
 20
-0.075
 30
0.0
 11
229.75
 21
1.375
 31
0.0
  0
MTEXT
  5
628
330
61E
100
AcDbEntity
  8
D-COTA
 62
7
100
AcDbMText
 10
229.6075
 20
0.65
 30
0.0
 40
0.165
 71
5
  1
1.30
  7
ARIAL
 50
90.0
  0
POINT
  5
629
330
61E
100
AcDbEntity
  8
Defpoints
100
AcDbPoint
 10
229.75
 20
0.0
 30
0.0
  0
POINT
  5
62A
330
61E
100
AcDbEntity
  8
Defpoints
100
AcDbPoint
 10
229.75
 20
0.0
 30
0.0
  0
POINT
  5
62B
330
61E
100
AcDbEntity
  8
Defpoints
100
AcDbPoint
 10
229.75
 20
1.3
 30
0.0
  0
ENDBLK
  5
620
330
61E
100
AcDbEntity
  8
0
100
AcDbBlockEnd
  0
BLOCK
  5
636
330
635
100
AcDbEntity
  8
0
100
AcDbBlockBegin
  2
*D29
 70
1
 10
0.0
 20
0.0
 30
0.0
  3
*D29
  1

  0
LINE
  5
638
330
635
100
AcDbEntity
  8
0
 62
7
370
13
100
AcDbLine
 10
233.55
 20
1.675
 30
0.0
 11
233.55
 21
1.675
 31
0.0
  0
LINE
  5
639
330
635
100
AcDbEntity
  8
0
 62
7
370
13
100
AcDbLine
 10
235.15
 20
1.675
 30
0.0
 11
235.15
 21
1.675
 31
0.0
  0
INSERT
  5
63A
330
635
100
AcDbEntity
  8
D-COTA
 62
7
100
AcDbBlockReference
  2
_OBLIQUE
 10
233.55
 20
1.6
 30
0.0
 41
0.18
 42
0.18
  0
INSERT
  5
63C
330
635
100
AcDbEntity
  8
D-COTA
 62
7
100
AcDbBlockReference
  2
_OBLIQUE
 10
235.15
 20
1.6
 30
0.0
 41
0.18
 42
0.18
  0
LINE
  5
63E
330
635
100
AcDbEntity
  8
0
 62
7
370
18
100
AcDbLine
 10
233.47500000000002
 20
1.6
 30
0.0
 11
235.225
 21
1.6
 31
0.0
  0
MTEXT
  5
63F
330
635
100
AcDbEntity
  8
D-COTA
 62
7
100
AcDbMText
 10
234.35000000000002
 20
1.7425000000000002
 30
0.0
 40
0.165
 71
5
  1
1.60
  7
ARIAL
  0
POINT
  5
640
330
635
100
AcDbEntity
  8
Defpoints
100
AcDbPoint
 10
233.55
 20
1.6
 30
0.0
  0
POINT
  5
641
330
635
100
AcDbEntity
  8
Defpoints
100
AcDbPoint
 10
233.55
 20
1.6
 30
0.0
  0
POINT
  5
642
330
635
100
AcDbEntity
  8
Defpoints
100
AcDbPoint
 10
235.15
 20
1.6
 30
0.0
  0
ENDBLK
  5
637
330
635
100
AcDbEntity
  8
0
100
AcDbBlockEnd
  0
BLOCK
  5
645
330
644
100
AcDbEntity
  8
0
100
AcDbBlockBegin
  2
*D30
 70
1
 10
0.0
 20
0.0
 30
0.0
  3
*D30
  1

  0
LINE
  5
647
330
644
100
AcDbEntity
  8
0
 62
7
370
13
100
AcDbLine
 10
233.22500000000002
 20
9.184850993605149e-18
 30
0.0
 11
233.22500000000002
 21
9.184850993605149e-18
 31
0.0
  0
LINE
  5
648
330
644
100
AcDbEntity
  8
0
 62
7
370
13
100
AcDbLine
 10
233.22500000000002
 20
1.3
 30
0.0
 11
233.22500000000002
 21
1.3
 31
0.0
  0
INSERT
  5
649
330
644
100
AcDbEntity
  8
D-COTA
 62
7
100
AcDbBlockReference
  2
_OBLIQUE
 10
233.3
 20
0.0
 30
0.0
 41
0.18
 42
0.18
 50
90.0
  0
INSERT
  5
64B
330
644
100
AcDbEntity
  8
D-COTA
 62
7
100
AcDbBlockReference
  2
_OBLIQUE
 10
233.3
 20
1.3
 30
0.0
 41
0.18
 42
0.18
 50
90.0
  0
LINE
  5
64D
330
644
100
AcDbEntity
  8
0
 62
7
370
18
100
AcDbLine
 10
233.3
 20
-0.075
 30
0.0
 11
233.3
 21
1.375
 31
0.0
  0
MTEXT
  5
64E
330
644
100
AcDbEntity
  8
D-COTA
 62
7
100
AcDbMText
 10
233.1575
 20
0.65
 30
0.0
 40
0.165
 71
5
  1
1.30
  7
ARIAL
 50
90.0
  0
POINT
  5
64F
330
644
100
AcDbEntity
  8
Defpoints
100
AcDbPoint
 10
233.3
 20
0.0
 30
0.0
  0
POINT
  5
650
330
644
100
AcDbEntity
  8
Defpoints
100
AcDbPoint
 10
233.3
 20
0.0
 30
0.0
  0
POINT
  5
651
330
644
100
AcDbEntity
  8
Defpoints
100
AcDbPoint
 10
233.3
 20
1.3
 30
0.0
  0
ENDBLK
  5
646
330
644
100
AcDbEntity
  8
0
100
AcDbBlockEnd
  0
BLOCK
  5
65F
330
65E
100
AcDbEntity
  8
0
100
AcDbBlockBegin
  2
*D31
 70
1
 10
0.0
 20
0.0
 30
0.0
  3
*D31
  1

  0
LINE
  5
661
330
65E
100
AcDbEntity
  8
0
 62
7
370
13
100
AcDbLine
 10
236.1
 20
1.675
 30
0.0
 11
236.1
 21
1.675
 31
0.0
  0
LINE
  5
662
330
65E
100
AcDbEntity
  8
0
 62
7
370
13
100
AcDbLine
 10
238.9
 20
1.675
 30
0.0
 11
238.9
 21
1.675
 31
0.0
  0
INSERT
  5
663
330
65E
100
AcDbEntity
  8
D-COTA
 62
7
100
AcDbBlockReference
  2
_OBLIQUE
 10
236.1
 20
1.6
 30
0.0
 41
0.18
 42
0.18
  0
INSERT
  5
665
330
65E
100
AcDbEntity
  8
D-COTA
 62
7
100
AcDbBlockReference
  2
_OBLIQUE
 10
238.9
 20
1.6
 30
0.0
 41
0.18
 42
0.18
  0
LINE
  5
667
330
65E
100
AcDbEntity
  8
0
 62
7
370
18
100
AcDbLine
 10
236.025
 20
1.6
 30
0.0
 11
238.975
 21
1.6
 31
0.0
  0
MTEXT
  5
668
330
65E
100
AcDbEntity
  8
D-COTA
 62
7
100
AcDbMText
 10
237.5
 20
1.7425000000000002
 30
0.0
 40
0.165
 71
5
  1
2.80
  7
ARIAL
  0
POINT
  5
669
330
65E
100
AcDbEntity
  8
Defpoints
100
AcDbPoint
 10
236.1
 20
1.6
 30
0.0
  0
POINT
  5
66A
330
65E
100
AcDbEntity
  8
Defpoints
100
AcDbPoint
 10
236.1
 20
1.6
 30
0.0
  0
POINT
  5
66B
330
65E
100
AcDbEntity
  8
Defpoints
100
AcDbPoint
 10
238.9
 20
1.6
 30
0.0
  0
ENDBLK
  5
660
330
65E
100
AcDbEntity
  8
0
100
AcDbBlockEnd
  0
BLOCK
  5
66E
330
66D
100
AcDbEntity
  8
0
100
AcDbBlockBegin
  2
*D32
 70
1
 10
0.0
 20
0.0
 30
0.0
  3
*D32
  1

  0
LINE
  5
670
330
66D
100
AcDbEntity
  8
0
 62
7
370
13
100
AcDbLine
 10
235.775
 20
9.184850993605149e-18
 30
0.0
 11
235.775
 21
9.184850993605149e-18
 31
0.0
  0
LINE
  5
671
330
66D
100
AcDbEntity
  8
0
 62
7
370
13
100
AcDbLine
 10
235.775
 20
1.3
 30
0.0
 11
235.775
 21
1.3
 31
0.0
  0
INSERT
  5
672
330
66D
100
AcDbEntity
  8
D-COTA
 62
7
100
AcDbBlockReference
  2
_OBLIQUE
 10
235.85
 20
0.0
 30
0.0
 41
0.18
 42
0.18
 50
90.0
  0
INSERT
  5
674
330
66D
100
AcDbEntity
  8
D-COTA
 62
7
100
AcDbBlockReference
  2
_OBLIQUE
 10
235.85
 20
1.3
 30
0.0
 41
0.18
 42
0.18
 50
90.0
  0
LINE
  5
676
330
66D
100
AcDbEntity
  8
0
 62
7
370
18
100
AcDbLine
 10
235.85
 20
-0.075
 30
0.0
 11
235.85
 21
1.375
 31
0.0
  0
MTEXT
  5
677
330
66D
100
AcDbEntity
  8
D-COTA
 62
7
100
AcDbMText
 10
235.70749999999998
 20
0.65
 30
0.0
 40
0.165
 71
5
  1
1.30
  7
ARIAL
 50
90.0
  0
POINT
  5
678
330
66D
100
AcDbEntity
  8
Defpoints
100
AcDbPoint
 10
235.85
 20
0.0
 30
0.0
  0
POINT
  5
679
330
66D
100
AcDbEntity
  8
Defpoints
100
AcDbPoint
 10
235.85
 20
0.0
 30
0.0
  0
POINT
  5
67A
330
66D
100
AcDbEntity
  8
Defpoints
100
AcDbPoint
 10
235.85
 20
1.3
 30
0.0
  0
ENDBLK
  5
66F
330
66D
100
AcDbEntity
  8
0
100
AcDbBlockEnd
  0
BLOCK
  5
683
330
682
100
AcDbEntity
  8
0
100
AcDbBlockBegin
  2
*D33
 70
1
 10
0.0
 20
0.0
 30
0.0
  3
*D33
  1

  0
LINE
  5
685
330
682
100
AcDbEntity
  8
0
 62
7
370
13
100
AcDbLine
 10
239.85
 20
1.675
 30
0.0
 11
239.85
 21
1.675
 31
0.0
  0
LINE
  5
686
330
682
100
AcDbEntity
  8
0
 62
7
370
13
100
AcDbLine
 10
240.95
 20
1.675
 30
0.0
 11
240.95
 21
1.675
 31
0.0
  0
INSERT
  5
687
330
682
100
AcDbEntity
  8
D-COTA
 62
7
100
AcDbBlockReference
  2
_OBLIQUE
 10
239.85
 20
1.6
 30
0.0
 41
0.18
 42
0.18
  0
INSERT
  5
689
330
682
100
AcDbEntity
  8
D-COTA
 62
7
100
AcDbBlockReference
  2
_OBLIQUE
 10
240.95
 20
1.6
 30
0.0
 41
0.18
 42
0.18
  0
LINE
  5
68B
330
682
100
AcDbEntity
  8
0
 62
7
370
18
100
AcDbLine
 10
239.775
 20
1.6
 30
0.0
 11
241.02499999999998
 21
1.6
 31
0.0
  0
MTEXT
  5
68C
330
682
100
AcDbEntity
  8
D-COTA
 62
7
100
AcDbMText
 10
240.39999999999998
 20
1.7425000000000002
 30
0.0
 40
0.165
 71
5
  1
1.10
  7
ARIAL
  0
POINT
  5
68D
330
682
100
AcDbEntity
  8
Defpoints
100
AcDbPoint
 10
239.85
 20
1.6
 30
0.0
  0
POINT
  5
68E
330
682
100
AcDbEntity
  8
Defpoints
100
AcDbPoint
 10
239.85
 20
1.6
 30
0.0
  0
POINT
  5
68F
330
682
100
AcDbEntity
  8
Defpoints
100
AcDbPoint
 10
240.95
 20
1.6
 30
0.0
  0
ENDBLK
  5
684
330
682
100
AcDbEntity
  8
0
100
AcDbBlockEnd
  0
BLOCK
  5
692
330
691
100
AcDbEntity
  8
0
100
AcDbBlockBegin
  2
*D34
 70
1
 10
0.0
 20
0.0
 30
0.0
  3
*D34
  1

  0
LINE
  5
694
330
691
100
AcDbEntity
  8
0
 62
7
370
13
100
AcDbLine
 10
239.525
 20
9.184850993605149e-18
 30
0.0
 11
239.525
 21
9.184850993605149e-18
 31
0.0
  0
LINE
  5
695
330
691
100
AcDbEntity
  8
0
 62
7
370
13
100
AcDbLine
 10
239.525
 20
1.3
 30
0.0
 11
239.525
 21
1.3
 31
0.0
  0
INSERT
  5
696
330
691
100
AcDbEntity
  8
D-COTA
 62
7
100
AcDbBlockReference
  2
_OBLIQUE
 10
239.6
 20
0.0
 30
0.0
 41
0.18
 42
0.18
 50
90.0
  0
INSERT
  5
698
330
691
100
AcDbEntity
  8
D-COTA
 62
7
100
AcDbBlockReference
  2
_OBLIQUE
 10
239.6
 20
1.3
 30
0.0
 41
0.18
 42
0.18
 50
90.0
  0
LINE
  5
69A
330
691
100
AcDbEntity
  8
0
 62
7
370
18
100
AcDbLine
 10
239.6
 20
-0.075
 30
0.0
 11
239.6
 21
1.375
 31
0.0
  0
MTEXT
  5
69B
330
691
100
AcDbEntity
  8
D-COTA
 62
7
100
AcDbMText
 10
239.45749999999998
 20
0.65
 30
0.0
 40
0.165
 71
5
  1
1.30
  7
ARIAL
 50
90.0
  0
POINT
  5
69C
330
691
100
AcDbEntity
  8
Defpoints
100
AcDbPoint
 10
239.6
 20
0.0
 30
0.0
  0
POINT
  5
69D
330
691
100
AcDbEntity
  8
Defpoints
100
AcDbPoint
 10
239.6
 20
0.0
 30
0.0
  0
POINT
  5
69E
330
691
100
AcDbEntity
  8
Defpoints
100
AcDbPoint
 10
239.6
 20
1.3
 30
0.0
  0
ENDBLK
  5
693
330
691
100
AcDbEntity
  8
0
100
AcDbBlockEnd
  0
BLOCK
  5
6AC
330
6AB
100
AcDbEntity
  8
0
100
AcDbBlockBegin
  2
*D35
 70
1
 10
0.0
 20
0.0
 30
0.0
  3
*D35
  1

  0
LINE
  5
6AE
330
6AB
100
AcDbEntity
  8
0
 62
7
370
13
100
AcDbLine
 10
241.9
 20
1.675
 30
0.0
 11
241.9
 21
1.675
 31
0.0
  0
LINE
  5
6AF
330
6AB
100
AcDbEntity
  8
0
 62
7
370
13
100
AcDbLine
 10
244.9
 20
1.675
 30
0.0
 11
244.9
 21
1.675
 31
0.0
  0
INSERT
  5
6B0
330
6AB
100
AcDbEntity
  8
D-COTA
 62
7
100
AcDbBlockReference
  2
_OBLIQUE
 10
241.9
 20
1.6
 30
0.0
 41
0.18
 42
0.18
  0
INSERT
  5
6B2
330
6AB
100
AcDbEntity
  8
D-COTA
 62
7
100
AcDbBlockReference
  2
_OBLIQUE
 10
244.9
 20
1.6
 30
0.0
 41
0.18
 42
0.18
  0
LINE
  5
6B4
330
6AB
100
AcDbEntity
  8
0
 62
7
370
18
100
AcDbLine
 10
241.82500000000002
 20
1.6
 30
0.0
 11
244.975
 21
1.6
 31
0.0
  0
MTEXT
  5
6B5
330
6AB
100
AcDbEntity
  8
D-COTA
 62
7
100
AcDbMText
 10
243.4
 20
1.7425000000000002
 30
0.0
 40
0.165
 71
5
  1
3.00
  7
ARIAL
  0
POINT
  5
6B6
330
6AB
100
AcDbEntity
  8
Defpoints
100
AcDbPoint
 10
241.9
 20
1.6
 30
0.0
  0
POINT
  5
6B7
330
6AB
100
AcDbEntity
  8
Defpoints
100
AcDbPoint
 10
241.9
 20
1.6
 30
0.0
  0
POINT
  5
6B8
330
6AB
100
AcDbEntity
  8
Defpoints
100
AcDbPoint
 10
244.9
 20
1.6
 30
0.0
  0
ENDBLK
  5
6AD
330
6AB
100
AcDbEntity
  8
0
100
AcDbBlockEnd
  0
BLOCK
  5
6BB
330
6BA
100
AcDbEntity
  8
0
100
AcDbBlockBegin
  2
*D36
 70
1
 10
0.0
 20
0.0
 30
0.0
  3
*D36
  1

  0
LINE
  5
6BD
330
6BA
100
AcDbEntity
  8
0
 62
7
370
13
100
AcDbLine
 10
241.57500000000002
 20
9.184850993605149e-18
 30
0.0
 11
241.57500000000002
 21
9.184850993605149e-18
 31
0.0
  0
LINE
  5
6BE
330
6BA
100
AcDbEntity
  8
0
 62
7
370
13
100
AcDbLine
 10
241.57500000000002
 20
1.3
 30
0.0
 11
241.57500000000002
 21
1.3
 31
0.0
  0
INSERT
  5
6BF
330
6BA
100
AcDbEntity
  8
D-COTA
 62
7
100
AcDbBlockReference
  2
_OBLIQUE
 10
241.65
 20
0.0
 30
0.0
 41
0.18
 42
0.18
 50
90.0
  0
INSERT
  5
6C1
330
6BA
100
AcDbEntity
  8
D-COTA
 62
7
100
AcDbBlockReference
  2
_OBLIQUE
 10
241.65
 20
1.3
 30
0.0
 41
0.18
 42
0.18
 50
90.0
  0
LINE
  5
6C3
330
6BA
100
AcDbEntity
  8
0
 62
7
370
18
100
AcDbLine
 10
241.65
 20
-0.075
 30
0.0
 11
241.65
 21
1.375
 31
0.0
  0
MTEXT
  5
6C4
330
6BA
100
AcDbEntity
  8
D-COTA
 62
7
100
AcDbMText
 10
241.5075
 20
0.65
 30
0.0
 40
0.165
 71
5
  1
1.30
  7
ARIAL
 50
90.0
  0
POINT
  5
6C5
330
6BA
100
AcDbEntity
  8
Defpoints
100
AcDbPoint
 10
241.65
 20
0.0
 30
0.0
  0
POINT
  5
6C6
330
6BA
100
AcDbEntity
  8
Defpoints
100
AcDbPoint
 10
241.65
 20
0.0
 30
0.0
  0
POINT
  5
6C7
330
6BA
100
AcDbEntity
  8
Defpoints
100
AcDbPoint
 10
241.65
 20
1.3
 30
0.0
  0
ENDBLK
  5
6BC
330
6BA
100
AcDbEntity
  8
0
100
AcDbBlockEnd
  0
BLOCK
  5
6D0
330
6CF
100
AcDbEntity
  8
0
100
AcDbBlockBegin
  2
*D37
 70
1
 10
0.0
 20
0.0
 30
0.0
  3
*D37
  1

  0
LINE
  5
6D2
330
6CF
100
AcDbEntity
  8
0
 62
7
370
13
100
AcDbLine
 10
245.85
 20
3.075
 30
0.0
 11
245.85
 21
3.075
 31
0.0
  0
LINE
  5
6D3
330
6CF
100
AcDbEntity
  8
0
 62
7
370
13
100
AcDbLine
 10
248.15
 20
3.075
 30
0.0
 11
248.15
 21
3.075
 31
0.0
  0
INSERT
  5
6D4
330
6CF
100
AcDbEntity
  8
D-COTA
 62
7
100
AcDbBlockReference
  2
_OBLIQUE
 10
245.85
 20
3.0
 30
0.0
 41
0.18
 42
0.18
  0
INSERT
  5
6D6
330
6CF
100
AcDbEntity
  8
D-COTA
 62
7
100
AcDbBlockReference
  2
_OBLIQUE
 10
248.15
 20
3.0
 30
0.0
 41
0.18
 42
0.18
  0
LINE
  5
6D8
330
6CF
100
AcDbEntity
  8
0
 62
7
370
18
100
AcDbLine
 10
245.775
 20
3.0
 30
0.0
 11
248.225
 21
3.0
 31
0.0
  0
MTEXT
  5
6D9
330
6CF
100
AcDbEntity
  8
D-COTA
 62
7
100
AcDbMText
 10
247.0
 20
3.1425
 30
0.0
 40
0.165
 71
5
  1
2.30
  7
ARIAL
  0
POINT
  5
6DA
330
6CF
100
AcDbEntity
  8
Defpoints
100
AcDbPoint
 10
245.85
 20
3.0
 30
0.0
  0
POINT
  5
6DB
330
6CF
100
AcDbEntity
  8
Defpoints
100
AcDbPoint
 10
245.85
 20
3.0
 30
0.0
  0
POINT
  5
6DC
330
6CF
100
AcDbEntity
  8
Defpoints
100
AcDbPoint
 10
248.15
 20
3.0
 30
0.0
  0
ENDBLK
  5
6D1
330
6CF
100
AcDbEntity
  8
0
100
AcDbBlockEnd
  0
BLOCK
  5
6DF
330
6DE
100
AcDbEntity
  8
0
100
AcDbBlockBegin
  2
*D38
 70
1
 10
0.0
 20
0.0
 30
0.0
  3
*D38
  1

  0
LINE
  5
6E1
330
6DE
100
AcDbEntity
  8
0
 62
7
370
13
100
AcDbLine
 10
245.525
 20
9.184850993605149e-18
 30
0.0
 11
245.525
 21
9.184850993605149e-18
 31
0.0
  0
LINE
  5
6E2
330
6DE
100
AcDbEntity
  8
0
 62
7
370
13
100
AcDbLine
 10
245.525
 20
2.7
 30
0.0
 11
245.525
 21
2.7
 31
0.0
  0
INSERT
  5
6E3
330
6DE
100
AcDbEntity
  8
D-COTA
 62
7
100
AcDbBlockReference
  2
_OBLIQUE
 10
245.6
 20
0.0
 30
0.0
 41
0.18
 42
0.18
 50
90.0
  0
INSERT
  5
6E5
330
6DE
100
AcDbEntity
  8
D-COTA
 62
7
100
AcDbBlockReference
  2
_OBLIQUE
 10
245.6
 20
2.7
 30
0.0
 41
0.18
 42
0.18
 50
90.0
  0
LINE
  5
6E7
330
6DE
100
AcDbEntity
  8
0
 62
7
370
18
100
AcDbLine
 10
245.6
 20
-0.075
 30
0.0
 11
245.6
 21
2.7750000000000004
 31
0.0
  0
MTEXT
  5
6E8
330
6DE
100
AcDbEntity
  8
D-COTA
 62
7
100
AcDbMText
 10
245.45749999999998
 20
1.35
 30
0.0
 40
0.165
 71
5
  1
2.70
  7
ARIAL
 50
90.0
  0
POINT
  5
6E9
330
6DE
100
AcDbEntity
  8
Defpoints
100
AcDbPoint
 10
245.6
 20
0.0
 30
0.0
  0
POINT
  5
6EA
330
6DE
100
AcDbEntity
  8
Defpoints
100
AcDbPoint
 10
245.6
 20
0.0
 30
0.0
  0
POINT
  5
6EB
330
6DE
100
AcDbEntity
  8
Defpoints
100
AcDbPoint
 10
245.6
 20
2.7
 30
0.0
  0
ENDBLK
  5
6E0
330
6DE
100
AcDbEntity
  8
0
100
AcDbBlockEnd
  0
BLOCK
  5
6EE
330
6ED
100
AcDbEntity
  8
0
100
AcDbBlockBegin
  2
*Paper_Space
 70
0
 10
0.0
 20
0.0
 30
0.0
  3
*Paper_Space
  1

  0
ENDBLK
  5
6EF
330
6ED
100
AcDbEntity
  8
0
100
AcDbBlockEnd
  0
BLOCK
  5
1C
330
1B
100
AcDbEntity
  8
0
100
AcDbBlockBegin
  2
*Paper_Space0
 70
0
 10
0.0
 20
0.0
 30
0.0
  3
*Paper_Space0
  1

  0
ENDBLK
  5
1D
330
1B
100
AcDbEntity
  8
0
100
AcDbBlockEnd
  0
BLOCK
  5
889
330
888
100
AcDbEntity
  8
0
100
AcDbBlockBegin
  2
CAJETIN_A1
 70
2
 10
0.0
 20
0.0
 30
0.0
  3
CAJETIN_A1
  1

  0
LWPOLYLINE
  5
88B
330
888
100
AcDbEntity
  8
0
100
AcDbPolyline
 90
4
 70
1
 10
0.0
 20
0.0
 10
120.0
 20
0.0
 10
120.0
 20
574.0
 10
0.0
 20
574.0
  0
TEXT
  5
88C
330
888
100
AcDbEntity
  8
0
100
AcDbText
 10
3.0
 20
571.0
 30
0.0
 40
2.0
  1
ESPACIO PARA SELLOS Y TIMBRES
  7
ARIAL
 11
3.0
 21
571.0
 31
0.0
100
AcDbText
 73
3
  0
LINE
  5
88D
330
888
100
AcDbEntity
  8
0
100
AcDbLine
 10
0.0
 20
255.6
 30
0.0
 11
120.0
 21
255.6
 31
0.0
  0
ATTDEF
  5
88E
330
888
100
AcDbEntity
  8
0
100
AcDbText
 10
60.0
 20
251.6
 30
0.0
 40
3.2
  1

  7
ARIAL
 72
1
 11
60.0
 21
251.6
 31
0.0
100
AcDbAttributeDefinition
  3

  2
EMPRESA
 70
0
 74
3
 71
1
 72
0
 11
60.0
 21
251.6
 31
0.0
  0
ATTDEF
  5
88F
330
888
100
AcDbEntity
  8
0
100
AcDbText
 10
60.0
 20
245.6
 30
0.0
 40
2.5
  1

  7
ARIAL
 72
1
 11
60.0
 21
245.6
 31
0.0
100
AcDbAttributeDefinition
  3

  2
EMPRESA_CED
 70
0
 74
3
 71
1
 72
0
 11
60.0
 21
245.6
 31
0.0
  0
LINE
  5
890
330
888
100
AcDbEntity
  8
0
100
AcDbLine
 10
0.0
 20
237.6
 30
0.0
 11
120.0
 21
237.6
 31
0.0
  0
TEXT
  5
891
330
888
100
AcDbEntity
  8
0
100
AcDbText
 10
3.0
 20
235.1
 30
0.0
 40
2.2
  1
PROFESIONAL RESPONSABLE:
  7
ARIAL
 11
3.0
 21
235.1
 31
0.0
100
AcDbText
 73
3
  0
ATTDEF
  5
892
330
888
100
AcDbEntity
  8
0
100
AcDbText
 10
3.0
 20
230.1
 30
0.0
 40
2.6
  1

  7
ARIAL
 11
3.0
 21
230.1
 31
0.0
100
AcDbAttributeDefinition
  3

  2
PROF_1
 70
0
 74
3
 71
1
 72
0
 11
3.0
 21
230.1
 31
0.0
  0
ATTDEF
  5
893
330
888
100
AcDbEntity
  8
0
100
AcDbText
 10
3.0
 20
225.6
 30
0.0
 40
2.6
  1

  7
ARIAL
 11
3.0
 21
225.6
 31
0.0
100
AcDbAttributeDefinition
  3

  2
PROF_2
 70
0
 74
3
 71
1
 72
0
 11
3.0
 21
225.6
 31
0.0
  0
ATTDEF
  5
894
330
888
100
AcDbEntity
  8
0
100
AcDbText
 10
3.0
 20
221.1
 30
0.0
 40
2.6
  1

  7
ARIAL
 11
3.0
 21
221.1
 31
0.0
100
AcDbAttributeDefinition
  3

  2
PROF_3
 70
0
 74
3
 71
1
 72
0
 11
3.0
 21
221.1
 31
0.0
  0
LINE
  5
895
330
888
100
AcDbEntity
  8
0
100
AcDbLine
 10
0.0
 20
215.6
 30
0.0
 11
120.0
 21
215.6
 31
0.0
  0
TEXT
  5
896
330
888
100
AcDbEntity
  8
0
100
AcDbText
 10
3.0
 20
213.1
 30
0.0
 40
2.2
  1
PROYECTO:
  7
ARIAL
 11
3.0
 21
213.1
 31
0.0
100
AcDbText
 73
3
  0
ATTDEF
  5
897
330
888
100
AcDbEntity
  8
0
100
AcDbText
 10
3.0
 20
208.1
 30
0.0
 40
4.2
  1

  7
ARIAL
 11
3.0
 21
208.1
 31
0.0
100
AcDbAttributeDefinition
  3

  2
PROYECTO
 70
0
 74
3
 71
1
 72
0
 11
3.0
 21
208.1
 31
0.0
  0
ATTDEF
  5
898
330
888
100
AcDbEntity
  8
0
100
AcDbText
 10
3.0
 20
201.1
 30
0.0
 40
2.5
  1

  7
ARIAL
 11
3.0
 21
201.1
 31
0.0
100
AcDbAttributeDefinition
  3

  2
UBIC_1
 70
0
 74
3
 71
1
 72
0
 11
3.0
 21
201.1
 31
0.0
  0
ATTDEF
  5
899
330
888
100
AcDbEntity
  8
0
100
AcDbText
 10
3.0
 20
196.6
 30
0.0
 40
2.5
  1

  7
ARIAL
 11
3.0
 21
196.6
 31
0.0
100
AcDbAttributeDefinition
  3

  2
UBIC_2
 70
0
 74
3
 71
1
 72
0
 11
3.0
 21
196.6
 31
0.0
  0
ATTDEF
  5
89A
330
888
100
AcDbEntity
  8
0
100
AcDbText
 10
3.0
 20
192.1
 30
0.0
 40
2.5
  1

  7
ARIAL
 11
3.0
 21
192.1
 31
0.0
100
AcDbAttributeDefinition
  3

  2
UBIC_3
 70
0
 74
3
 71
1
 72
0
 11
3.0
 21
192.1
 31
0.0
  0
LINE
  5
89B
330
888
100
AcDbEntity
  8
0
100
AcDbLine
 10
0.0
 20
186.6
 30
0.0
 11
120.0
 21
186.6
 31
0.0
  0
TEXT
  5
89C
330
888
100
AcDbEntity
  8
0
100
AcDbText
 10
3.0
 20
184.1
 30
0.0
 40
2.2
  1
INFORMACIÓN REGISTRO PÚBLICO:
  7
ARIAL
 11
3.0
 21
184.1
 31
0.0
100
AcDbText
 73
3
  0
ATTDEF
  5
89D
330
888
100
AcDbEntity
  8
0
100
AcDbText
 10
3.0
 20
179.1
 30
0.0
 40
2.5
  1

  7
ARIAL
 11
3.0
 21
179.1
 31
0.0
100
AcDbAttributeDefinition
  3

  2
REG_1
 70
0
 74
3
 71
1
 72
0
 11
3.0
 21
179.1
 31
0.0
  0
ATTDEF
  5
89E
330
888
100
AcDbEntity
  8
0
100
AcDbText
 10
3.0
 20
174.6
 30
0.0
 40
2.5
  1

  7
ARIAL
 11
3.0
 21
174.6
 31
0.0
100
AcDbAttributeDefinition
  3

  2
REG_2
 70
0
 74
3
 71
1
 72
0
 11
3.0
 21
174.6
 31
0.0
  0
ATTDEF
  5
89F
330
888
100
AcDbEntity
  8
0
100
AcDbText
 10
3.0
 20
170.1
 30
0.0
 40
2.5
  1

  7
ARIAL
 11
3.0
 21
170.1
 31
0.0
100
AcDbAttributeDefinition
  3

  2
REG_3
 70
0
 74
3
 71
1
 72
0
 11
3.0
 21
170.1
 31
0.0
  0
LINE
  5
8A0
330
888
100
AcDbEntity
  8
0
100
AcDbLine
 10
0.0
 20
164.6
 30
0.0
 11
120.0
 21
164.6
 31
0.0
  0
TEXT
  5
8A1
330
888
100
AcDbEntity
  8
0
100
AcDbText
 10
3.0
 20
162.1
 30
0.0
 40
2.2
  1
CONTENIDO:
  7
ARIAL
 11
3.0
 21
162.1
 31
0.0
100
AcDbText
 73
3
  0
ATTDEF
  5
8A2
330
888
100
AcDbEntity
  8
0
100
AcDbText
 10
3.0
 20
157.1
 30
0.0
 40
5.0
  1

  7
ARIAL
 11
3.0
 21
157.1
 31
0.0
100
AcDbAttributeDefinition
  3

  2
CONT_TIT
 70
0
 74
3
 71
1
 72
0
 11
3.0
 21
157.1
 31
0.0
  0
ATTDEF
  5
8A3
330
888
100
AcDbEntity
  8
0
100
AcDbText
 10
3.0
 20
149.6
 30
0.0
 40
3.0
  1

  7
ARIAL
 11
3.0
 21
149.6
 31
0.0
100
AcDbAttributeDefinition
  3

  2
CONT_1
 70
0
 74
3
 71
1
 72
0
 11
3.0
 21
149.6
 31
0.0
  0
ATTDEF
  5
8A4
330
888
100
AcDbEntity
  8
0
100
AcDbText
 10
3.0
 20
144.1
 30
0.0
 40
3.0
  1

  7
ARIAL
 11
3.0
 21
144.1
 31
0.0
100
AcDbAttributeDefinition
  3

  2
CONT_2
 70
0
 74
3
 71
1
 72
0
 11
3.0
 21
144.1
 31
0.0
  0
ATTDEF
  5
8A5
330
888
100
AcDbEntity
  8
0
100
AcDbText
 10
3.0
 20
138.6
 30
0.0
 40
3.0
  1

  7
ARIAL
 11
3.0
 21
138.6
 31
0.0
100
AcDbAttributeDefinition
  3

  2
CONT_3
 70
0
 74
3
 71
1
 72
0
 11
3.0
 21
138.6
 31
0.0
  0
ATTDEF
  5
8A6
330
888
100
AcDbEntity
  8
0
100
AcDbText
 10
3.0
 20
133.1
 30
0.0
 40
3.0
  1

  7
ARIAL
 11
3.0
 21
133.1
 31
0.0
100
AcDbAttributeDefinition
  3

  2
CONT_4
 70
0
 74
3
 71
1
 72
0
 11
3.0
 21
133.1
 31
0.0
  0
ATTDEF
  5
8A7
330
888
100
AcDbEntity
  8
0
100
AcDbText
 10
3.0
 20
127.6
 30
0.0
 40
3.0
  1

  7
ARIAL
 11
3.0
 21
127.6
 31
0.0
100
AcDbAttributeDefinition
  3

  2
CONT_5
 70
0
 74
3
 71
1
 72
0
 11
3.0
 21
127.6
 31
0.0
  0
ATTDEF
  5
8A8
330
888
100
AcDbEntity
  8
0
100
AcDbText
 10
3.0
 20
122.1
 30
0.0
 40
3.0
  1

  7
ARIAL
 11
3.0
 21
122.1
 31
0.0
100
AcDbAttributeDefinition
  3

  2
CONT_6
 70
0
 74
3
 71
1
 72
0
 11
3.0
 21
122.1
 31
0.0
  0
LINE
  5
8A9
330
888
100
AcDbEntity
  8
0
100
AcDbLine
 10
0.0
 20
114.6
 30
0.0
 11
120.0
 21
114.6
 31
0.0
  0
TEXT
  5
8AA
330
888
100
AcDbEntity
  8
0
100
AcDbText
 10
3.0
 20
112.1
 30
0.0
 40
2.2
  1
ESCALAS:
  7
ARIAL
 11
3.0
 21
112.1
 31
0.0
100
AcDbText
 73
3
  0
ATTDEF
  5
8AB
330
888
100
AcDbEntity
  8
0
100
AcDbText
 10
25.0
 20
112.1
 30
0.0
 40
2.2
  1

  7
ARIAL
 11
25.0
 21
112.1
 31
0.0
100
AcDbAttributeDefinition
  3

  2
ESCALAS
 70
0
 74
3
 71
1
 72
0
 11
25.0
 21
112.1
 31
0.0
  0
LINE
  5
8AC
330
888
100
AcDbEntity
  8
0
100
AcDbLine
 10
0.0
 20
107.6
 30
0.0
 11
120.0
 21
107.6
 31
0.0
  0
TEXT
  5
8AD
330
888
100
AcDbEntity
  8
0
100
AcDbText
 10
3.0
 20
105.6
 30
0.0
 40
2.2
  1
CONTROL DE REVISIONES
  7
ARIAL
 11
3.0
 21
105.6
 31
0.0
100
AcDbText
 73
3
  0
LINE
  5
8AE
330
888
100
AcDbEntity
  8
0
100
AcDbLine
 10
0.0
 20
101.6
 30
0.0
 11
120.0
 21
101.6
 31
0.0
  0
TEXT
  5
8AF
330
888
100
AcDbEntity
  8
0
100
AcDbText
 10
6.0
 20
99.1
 30
0.0
 40
2.0
  1
REV.
  7
ARIAL
 72
1
 11
6.0
 21
99.1
 31
0.0
100
AcDbText
 73
2
  0
TEXT
  5
8B0
330
888
100
AcDbEntity
  8
0
100
AcDbText
 10
23.0
 20
99.1
 30
0.0
 40
2.0
  1
FECHA
  7
ARIAL
 72
1
 11
23.0
 21
99.1
 31
0.0
100
AcDbText
 73
2
  0
TEXT
  5
8B1
330
888
100
AcDbEntity
  8
0
100
AcDbText
 10
77.0
 20
99.1
 30
0.0
 40
2.0
  1
DESCRIPCIÓN
  7
ARIAL
 72
1
 11
77.0
 21
99.1
 31
0.0
100
AcDbText
 73
2
  0
LINE
  5
8B2
330
888
100
AcDbEntity
  8
0
100
AcDbLine
 10
0.0
 20
96.6
 30
0.0
 11
120.0
 21
96.6
 31
0.0
  0
ATTDEF
  5
8B3
330
888
100
AcDbEntity
  8
0
100
AcDbText
 10
6.0
 20
94.0
 30
0.0
 40
2.0
  1

  7
ARIAL
 72
1
 11
6.0
 21
94.0
 31
0.0
100
AcDbAttributeDefinition
  3

  2
REV0_N
 70
0
 74
2
 71
1
 72
0
 11
6.0
 21
94.0
 31
0.0
  0
ATTDEF
  5
8B4
330
888
100
AcDbEntity
  8
0
100
AcDbText
 10
23.0
 20
94.0
 30
0.0
 40
2.0
  1

  7
ARIAL
 72
1
 11
23.0
 21
94.0
 31
0.0
100
AcDbAttributeDefinition
  3

  2
REV0_F
 70
0
 74
2
 71
1
 72
0
 11
23.0
 21
94.0
 31
0.0
  0
ATTDEF
  5
8B5
330
888
100
AcDbEntity
  8
0
100
AcDbText
 10
35.5
 20
94.0
 30
0.0
 40
2.0
  1

  7
ARIAL
 11
35.5
 21
94.0
 31
0.0
100
AcDbAttributeDefinition
  3

  2
REV0_D
 70
0
 74
2
 71
1
 72
0
 11
35.5
 21
94.0
 31
0.0
  0
LINE
  5
8B6
330
888
100
AcDbEntity
  8
0
100
AcDbLine
 10
0.0
 20
91.39999999999999
 30
0.0
 11
120.0
 21
91.39999999999999
 31
0.0
  0
ATTDEF
  5
8B7
330
888
100
AcDbEntity
  8
0
100
AcDbText
 10
6.0
 20
88.8
 30
0.0
 40
2.0
  1

  7
ARIAL
 72
1
 11
6.0
 21
88.8
 31
0.0
100
AcDbAttributeDefinition
  3

  2
REV1_N
 70
0
 74
2
 71
1
 72
0
 11
6.0
 21
88.8
 31
0.0
  0
ATTDEF
  5
8B8
330
888
100
AcDbEntity
  8
0
100
AcDbText
 10
23.0
 20
88.8
 30
0.0
 40
2.0
  1

  7
ARIAL
 72
1
 11
23.0
 21
88.8
 31
0.0
100
AcDbAttributeDefinition
  3

  2
REV1_F
 70
0
 74
2
 71
1
 72
0
 11
23.0
 21
88.8
 31
0.0
  0
ATTDEF
  5
8B9
330
888
100
AcDbEntity
  8
0
100
AcDbText
 10
35.5
 20
88.8
 30
0.0
 40
2.0
  1

  7
ARIAL
 11
35.5
 21
88.8
 31
0.0
100
AcDbAttributeDefinition
  3

  2
REV1_D
 70
0
 74
2
 71
1
 72
0
 11
35.5
 21
88.8
 31
0.0
  0
LINE
  5
8BA
330
888
100
AcDbEntity
  8
0
100
AcDbLine
 10
0.0
 20
86.19999999999999
 30
0.0
 11
120.0
 21
86.19999999999999
 31
0.0
  0
ATTDEF
  5
8BB
330
888
100
AcDbEntity
  8
0
100
AcDbText
 10
6.0
 20
83.6
 30
0.0
 40
2.0
  1

  7
ARIAL
 72
1
 11
6.0
 21
83.6
 31
0.0
100
AcDbAttributeDefinition
  3

  2
REV2_N
 70
0
 74
2
 71
1
 72
0
 11
6.0
 21
83.6
 31
0.0
  0
ATTDEF
  5
8BC
330
888
100
AcDbEntity
  8
0
100
AcDbText
 10
23.0
 20
83.6
 30
0.0
 40
2.0
  1

  7
ARIAL
 72
1
 11
23.0
 21
83.6
 31
0.0
100
AcDbAttributeDefinition
  3

  2
REV2_F
 70
0
 74
2
 71
1
 72
0
 11
23.0
 21
83.6
 31
0.0
  0
ATTDEF
  5
8BD
330
888
100
AcDbEntity
  8
0
100
AcDbText
 10
35.5
 20
83.6
 30
0.0
 40
2.0
  1

  7
ARIAL
 11
35.5
 21
83.6
 31
0.0
100
AcDbAttributeDefinition
  3

  2
REV2_D
 70
0
 74
2
 71
1
 72
0
 11
35.5
 21
83.6
 31
0.0
  0
LINE
  5
8BE
330
888
100
AcDbEntity
  8
0
100
AcDbLine
 10
0.0
 20
80.99999999999999
 30
0.0
 11
120.0
 21
80.99999999999999
 31
0.0
  0
LINE
  5
8BF
330
888
100
AcDbEntity
  8
0
100
AcDbLine
 10
12.0
 20
101.6
 30
0.0
 11
12.0
 21
80.99999999999999
 31
0.0
  0
LINE
  5
8C0
330
888
100
AcDbEntity
  8
0
100
AcDbLine
 10
34.0
 20
101.6
 30
0.0
 11
34.0
 21
80.99999999999999
 31
0.0
  0
TEXT
  5
8C1
330
888
100
AcDbEntity
  8
0
100
AcDbText
 10
3.0
 20
78.49999999999999
 30
0.0
 40
2.2
  1
ESTADO:
  7
ARIAL
 11
3.0
 21
78.49999999999999
 31
0.0
100
AcDbText
 73
3
  0
ATTDEF
  5
8C2
330
888
100
AcDbEntity
  8
0
100
AcDbText
 10
60.0
 20
72.99999999999999
 30
0.0
 40
3.0
  1

  7
ARIAL
 72
1
 11
60.0
 21
72.99999999999999
 31
0.0
100
AcDbAttributeDefinition
  3

  2
ESTADO_1
 70
0
 74
3
 71
1
 72
0
 11
60.0
 21
72.99999999999999
 31
0.0
  0
ATTDEF
  5
8C3
330
888
100
AcDbEntity
  8
0
100
AcDbText
 10
60.0
 20
67.99999999999999
 30
0.0
 40
2.4
  1

  7
ARIAL
 72
1
 11
60.0
 21
67.99999999999999
 31
0.0
100
AcDbAttributeDefinition
  3

  2
ESTADO_2
 70
0
 74
3
 71
1
 72
0
 11
60.0
 21
67.99999999999999
 31
0.0
  0
LINE
  5
8C4
330
888
100
AcDbEntity
  8
0
100
AcDbLine
 10
0.0
 20
61.999999999999986
 30
0.0
 11
120.0
 21
61.999999999999986
 31
0.0
  0
LINE
  5
8C5
330
888
100
AcDbEntity
  8
0
100
AcDbLine
 10
0.0
 20
52.999999999999986
 30
0.0
 11
120.0
 21
52.999999999999986
 31
0.0
  0
LINE
  5
8C6
330
888
100
AcDbEntity
  8
0
100
AcDbLine
 10
0.0
 20
26.999999999999986
 30
0.0
 11
120.0
 21
26.999999999999986
 31
0.0
  0
LINE
  5
8C7
330
888
100
AcDbEntity
  8
0
100
AcDbLine
 10
66.0
 20
61.999999999999986
 30
0.0
 11
66.0
 21
0.0
 31
0.0
  0
TEXT
  5
8C8
330
888
100
AcDbEntity
  8
0
100
AcDbText
 10
33.0
 20
57.499999999999986
 30
0.0
 40
3.0
  1
LUGAR
  7
ARIAL
 72
1
 11
33.0
 21
57.499999999999986
 31
0.0
100
AcDbText
 73
2
  0
TEXT
  5
8C9
330
888
100
AcDbEntity
  8
0
100
AcDbText
 10
93.0
 20
57.499999999999986
 30
0.0
 40
3.0
  1
LÁMINA
  7
ARIAL
 72
1
 11
93.0
 21
57.499999999999986
 31
0.0
100
AcDbText
 73
2
  0
ATTDEF
  5
8CA
330
888
100
AcDbEntity
  8
0
100
AcDbText
 10
33.0
 20
39.999999999999986
 30
0.0
 40
5.0
  1

  7
ARIAL
 72
1
 11
33.0
 21
39.999999999999986
 31
0.0
100
AcDbAttributeDefinition
  3

  2
LUGAR
 70
0
 74
2
 71
1
 72
0
 11
33.0
 21
39.999999999999986
 31
0.0
  0
ATTDEF
  5
8CB
330
888
100
AcDbEntity
  8
0
100
AcDbText
 10
93.0
 20
39.999999999999986
 30
0.0
 40
14.0
  1

  7
ARIAL
 72
1
 11
93.0
 21
39.999999999999986
 31
0.0
100
AcDbAttributeDefinition
  3

  2
LAMINA
 70
0
 74
2
 71
1
 72
0
 11
93.0
 21
39.999999999999986
 31
0.0
  0
ATTDEF
  5
8CC
330
888
100
AcDbEntity
  8
0
100
AcDbText
 10
33.0
 20
13.499999999999993
 30
0.0
 40
6.0
  1

  7
ARIAL
 72
1
 11
33.0
 21
13.499999999999993
 31
0.0
100
AcDbAttributeDefinition
  3

  2
FECHA
 70
0
 74
2
 71
1
 72
0
 11
33.0
 21
13.499999999999993
 31
0.0
  0
TEXT
  5
8CD
330
888
100
AcDbEntity
  8
0
100
AcDbText
 10
70.0
 20
13.499999999999993
 30
0.0
 40
3.0
  1
TOTAL
  7
ARIAL
 11
70.0
 21
13.499999999999993
 31
0.0
100
AcDbText
 73
2
  0
ATTDEF
  5
8CE
330
888
100
AcDbEntity
  8
0
100
AcDbText
 10
104.0
 20
13.499999999999993
 30
0.0
 40
9.0
  1

  7
ARIAL
 72
1
 11
104.0
 21
13.499999999999993
 31
0.0
100
AcDbAttributeDefinition
  3

  2
TOTAL
 70
0
 74
2
 71
1
 72
0
 11
104.0
 21
13.499999999999993
 31
0.0
  0
ENDBLK
  5
88A
330
888
100
AcDbEntity
  8
0
100
AcDbBlockEnd
  0
ENDSEC
  0
SECTION
  2
ENTITIES
  0
LWPOLYLINE
  5
BF
330
17
100
AcDbEntity
  8
T-LINDERO
100
AcDbPolyline
 90
5
 70
1
 10
0.0
 20
0.0
 10
0.010879637986303953
 20
4.664716672341735
 10
0.05655167053563409
 20
9.007424821148515
 10
28.51811244861565
 20
8.999803462886003
 10
28.511978184595964
 20
0.0
  0
LWPOLYLINE
  5
C0
330
17
100
AcDbEntity
  8
A-MURO
100
AcDbPolyline
 90
4
 70
1
 10
2.06
 20
0.0
 10
2.06
 20
0.15
 10
25.18
 20
0.15
 10
25.18
 20
0.0
  0
HATCH
  5
C1
330
17
100
AcDbEntity
  8
A-MURO-TRAMA
 62
7
100
AcDbHatch
 10
0.0
 20
0.0
 30
0.0
210
0.0
220
0.0
230
1.0
  2
ANSI31
 70
0
 71
0
 91
1
 92
3
 72
0
 73
1
 93
4
 10
2.06
 20
0.0
 10
2.06
 20
0.15
 10
25.18
 20
0.15
 10
25.18
 20
0.0
 97
0
 75
1
 76
1
 52
0.0
 41
0.03
 77
0
 78
1
 53
45.0
 43
0.0
 44
0.0
 45
-0.0020205576
 46
0.0020205576
 79
0
 98
0
  0
LWPOLYLINE
  5
C2
330
17
100
AcDbEntity
  8
A-MURO
100
AcDbPolyline
 90
4
 70
1
 10
2.06
 20
8.85
 10
2.06
 20
9.0
 10
25.18
 20
9.0
 10
25.18
 20
8.85
  0
HATCH
  5
C3
330
17
100
AcDbEntity
  8
A-MURO-TRAMA
 62
7
100
AcDbHatch
 10
0.0
 20
0.0
 30
0.0
210
0.0
220
0.0
230
1.0
  2
ANSI31
 70
0
 71
0
 91
1
 92
3
 72
0
 73
1
 93
4
 10
2.06
 20
8.85
 10
2.06
 20
9.0
 10
25.18
 20
9.0
 10
25.18
 20
8.85
 97
0
 75
1
 76
1
 52
0.0
 41
0.03
 77
0
 78
1
 53
45.0
 43
0.0
 44
0.0
 45
-0.0020205576
 46
0.0020205576
 79
0
 98
0
  0
LWPOLYLINE
  5
C4
330
17
100
AcDbEntity
  8
A-MURO
100
AcDbPolyline
 90
4
 70
1
 10
2.06
 20
1.26
 10
2.06
 20
1.56
 10
2.21
 20
1.56
 10
2.21
 20
1.26
  0
HATCH
  5
C5
330
17
100
AcDbEntity
  8
A-MURO-TRAMA
 62
7
100
AcDbHatch
 10
0.0
 20
0.0
 30
0.0
210
0.0
220
0.0
230
1.0
  2
ANSI31
 70
0
 71
0
 91
1
 92
3
 72
0
 73
1
 93
4
 10
2.06
 20
1.26
 10
2.06
 20
1.56
 10
2.21
 20
1.56
 10
2.21
 20
1.26
 97
0
 75
1
 76
1
 52
0.0
 41
0.03
 77
0
 78
1
 53
45.0
 43
0.0
 44
0.0
 45
-0.0020205576
 46
0.0020205576
 79
0
 98
0
  0
LWPOLYLINE
  5
C6
330
17
100
AcDbEntity
  8
A-MURO
100
AcDbPolyline
 90
4
 70
1
 10
28.361978184595966
 20
0.0
 10
28.361978184595966
 20
9.0
 10
28.511978184595964
 20
9.0
 10
28.511978184595964
 20
0.0
  0
HATCH
  5
C7
330
17
100
AcDbEntity
  8
A-MURO-TRAMA
 62
7
100
AcDbHatch
 10
0.0
 20
0.0
 30
0.0
210
0.0
220
0.0
230
1.0
  2
ANSI31
 70
0
 71
0
 91
1
 92
3
 72
0
 73
1
 93
4
 10
28.361978184595966
 20
0.0
 10
28.361978184595966
 20
9.0
 10
28.511978184595964
 20
9.0
 10
28.511978184595964
 20
0.0
 97
0
 75
1
 76
1
 52
0.0
 41
0.03
 77
0
 78
1
 53
45.0
 43
0.0
 44
0.0
 45
-0.0020205576
 46
0.0020205576
 79
0
 98
0
  0
LWPOLYLINE
  5
C8
330
17
100
AcDbEntity
  8
E-COLUMNA
100
AcDbPolyline
 90
4
 70
1
 10
7.534999999999999
 20
4.6899999999999995
 10
7.534999999999999
 20
4.99
 10
7.835
 20
4.99
 10
7.835
 20
4.6899999999999995
  0
HATCH
  5
C9
330
17
100
AcDbEntity
  8
E-COLUMNA
 62
7
100
AcDbHatch
 10
0.0
 20
0.0
 30
0.0
210
0.0
220
0.0
230
1.0
  2
SOLID
 70
1
 71
0
 91
1
 92
3
 72
0
 73
1
 93
4
 10
7.534999999999999
 20
4.6899999999999995
 10
7.534999999999999
 20
4.99
 10
7.835
 20
4.99
 10
7.835
 20
4.6899999999999995
 97
0
 75
0
 76
1
 98
0
  0
TEXT
  5
CA
330
17
100
AcDbEntity
  8
E-COLUMNA
100
AcDbText
 10
7.935
 20
5.11
 30
0.0
 40
0.11
  1
C2
  7
ARIAL
 11
7.935
 21
5.11
 31
0.0
100
AcDbText
 73
2
  0
LWPOLYLINE
  5
CB
330
17
100
AcDbEntity
  8
E-COLUMNA
100
AcDbPolyline
 90
4
 70
1
 10
10.184999999999999
 20
4.6899999999999995
 10
10.184999999999999
 20
4.99
 10
10.485
 20
4.99
 10
10.485
 20
4.6899999999999995
  0
HATCH
  5
CC
330
17
100
AcDbEntity
  8
E-COLUMNA
 62
7
100
AcDbHatch
 10
0.0
 20
0.0
 30
0.0
210
0.0
220
0.0
230
1.0
  2
SOLID
 70
1
 71
0
 91
1
 92
3
 72
0
 73
1
 93
4
 10
10.184999999999999
 20
4.6899999999999995
 10
10.184999999999999
 20
4.99
 10
10.485
 20
4.99
 10
10.485
 20
4.6899999999999995
 97
0
 75
0
 76
1
 98
0
  0
TEXT
  5
CD
330
17
100
AcDbEntity
  8
E-COLUMNA
100
AcDbText
 10
10.584999999999999
 20
5.11
 30
0.0
 40
0.11
  1
C3
  7
ARIAL
 11
10.584999999999999
 21
5.11
 31
0.0
100
AcDbText
 73
2
  0
LWPOLYLINE
  5
CE
330
17
100
AcDbEntity
  8
E-COLUMNA
100
AcDbPolyline
 90
4
 70
1
 10
16.755000000000003
 20
4.6899999999999995
 10
16.755000000000003
 20
4.99
 10
17.055
 20
4.99
 10
17.055
 20
4.6899999999999995
  0
HATCH
  5
CF
330
17
100
AcDbEntity
  8
E-COLUMNA
 62
7
100
AcDbHatch
 10
0.0
 20
0.0
 30
0.0
210
0.0
220
0.0
230
1.0
  2
SOLID
 70
1
 71
0
 91
1
 92
3
 72
0
 73
1
 93
4
 10
16.755000000000003
 20
4.6899999999999995
 10
16.755000000000003
 20
4.99
 10
17.055
 20
4.99
 10
17.055
 20
4.6899999999999995
 97
0
 75
0
 76
1
 98
0
  0
TEXT
  5
D0
330
17
100
AcDbEntity
  8
E-COLUMNA
100
AcDbText
 10
17.155
 20
5.11
 30
0.0
 40
0.11
  1
C4
  7
ARIAL
 11
17.155
 21
5.11
 31
0.0
100
AcDbText
 73
2
  0
LWPOLYLINE
  5
D1
330
17
100
AcDbEntity
  8
E-COLUMNA
100
AcDbPolyline
 90
4
 70
1
 10
19.405
 20
4.6899999999999995
 10
19.405
 20
4.99
 10
19.705
 20
4.99
 10
19.705
 20
4.6899999999999995
  0
HATCH
  5
D2
330
17
100
AcDbEntity
  8
E-COLUMNA
 62
7
100
AcDbHatch
 10
0.0
 20
0.0
 30
0.0
210
0.0
220
0.0
230
1.0
  2
SOLID
 70
1
 71
0
 91
1
 92
3
 72
0
 73
1
 93
4
 10
19.405
 20
4.6899999999999995
 10
19.405
 20
4.99
 10
19.705
 20
4.99
 10
19.705
 20
4.6899999999999995
 97
0
 75
0
 76
1
 98
0
  0
TEXT
  5
D3
330
17
100
AcDbEntity
  8
E-COLUMNA
100
AcDbText
 10
19.805
 20
5.11
 30
0.0
 40
0.11
  1
C5
  7
ARIAL
 11
19.805
 21
5.11
 31
0.0
100
AcDbText
 73
2
  0
LWPOLYLINE
  5
D4
330
17
100
AcDbEntity
  8
E-COLUMNA
100
AcDbPolyline
 90
4
 70
1
 10
24.880000000000003
 20
4.6899999999999995
 10
24.880000000000003
 20
4.99
 10
25.18
 20
4.99
 10
25.18
 20
4.6899999999999995
  0
HATCH
  5
D5
330
17
100
AcDbEntity
  8
E-COLUMNA
 62
7
100
AcDbHatch
 10
0.0
 20
0.0
 30
0.0
210
0.0
220
0.0
230
1.0
  2
SOLID
 70
1
 71
0
 91
1
 92
3
 72
0
 73
1
 93
4
 10
24.880000000000003
 20
4.6899999999999995
 10
24.880000000000003
 20
4.99
 10
25.18
 20
4.99
 10
25.18
 20
4.6899999999999995
 97
0
 75
0
 76
1
 98
0
  0
TEXT
  5
D6
330
17
100
AcDbEntity
  8
E-COLUMNA
100
AcDbText
 10
25.28
 20
5.11
 30
0.0
 40
0.11
  1
C6
  7
ARIAL
 11
25.28
 21
5.11
 31
0.0
100
AcDbText
 73
2
  0
TEXT
  5
D7
330
17
100
AcDbEntity
  8
E-COLUMNA
100
AcDbText
 10
11.084999999999999
 20
5.11
 30
0.0
 40
0.085
  1
COLUMNAS 0.30 x 0.30 (PRELIMINAR)
  7
ARIAL
 11
11.084999999999999
 21
5.11
 31
0.0
100
AcDbText
 73
2
  0
LINE
  5
D8
330
17
100
AcDbEntity
  8
A-PROYECCION
 48
0.1
100
AcDbLine
 10
2.09
 20
1.56
 30
0.0
 11
2.09
 21
8.85
 31
0.0
  0
LINE
  5
D9
330
17
100
AcDbEntity
  8
A-PUERTA
100
AcDbLine
 10
2.06
 20
1.56
 30
0.0
 11
0.23750000000000027
 21
1.56
 31
0.0
  0
LINE
  5
DA
330
17
100
AcDbEntity
  8
A-PUERTA
100
AcDbLine
 10
0.23750000000000027
 20
1.62
 30
0.0
 11
2.06
 21
1.62
 31
0.0
  0
LINE
  5
DB
330
17
100
AcDbEntity
  8
A-PUERTA
100
AcDbLine
 10
2.06
 20
1.56
 30
0.0
 11
0.23750000000000027
 21
1.56
 31
0.0
  0
ARC
  5
DC
330
17
100
AcDbEntity
  8
A-PUERTA
100
AcDbCircle
 10
2.06
 20
1.56
 30
0.0
 40
1.8224999999999998
100
AcDbArc
 50
90.0
 51
180.0
  0
LINE
  5
DD
330
17
100
AcDbEntity
  8
A-PUERTA
100
AcDbLine
 10
2.06
 20
8.85
 30
0.0
 11
0.23750000000000027
 21
8.85
 31
0.0
  0
LINE
  5
DE
330
17
100
AcDbEntity
  8
A-PUERTA
100
AcDbLine
 10
0.23750000000000027
 20
8.79
 30
0.0
 11
2.06
 21
8.79
 31
0.0
  0
LINE
  5
DF
330
17
100
AcDbEntity
  8
A-PUERTA
100
AcDbLine
 10
2.06
 20
8.85
 30
0.0
 11
0.23750000000000027
 21
8.85
 31
0.0
  0
ARC
  5
E0
330
17
100
AcDbEntity
  8
A-PUERTA
100
AcDbCircle
 10
2.06
 20
8.85
 30
0.0
 40
1.8224999999999998
100
AcDbArc
 50
180.0
 51
-90.0
  0
LINE
  5
E1
330
17
100
AcDbEntity
  8
A-PUERTA
100
AcDbLine
 10
2.06
 20
1.26
 30
0.0
 11
3.06
 21
1.26
 31
0.0
  0
ARC
  5
E2
330
17
100
AcDbEntity
  8
A-PUERTA
100
AcDbCircle
 10
2.06
 20
1.26
 30
0.0
 40
1.0
100
AcDbArc
 50
-90.0
 51
0.0
  0
LWPOLYLINE
  5
E3
330
17
100
AcDbEntity
  8
A-PROYECCION
 48
0.1
100
AcDbPolyline
 90
4
 70
1
 10
7.609999999999999
 20
0.15
 10
7.609999999999999
 20
8.85
 10
7.76
 20
8.85
 10
7.76
 20
0.15
  0
LWPOLYLINE
  5
E4
330
17
100
AcDbEntity
  8
A-PROYECCION
 48
0.1
100
AcDbPolyline
 90
4
 70
1
 10
10.26
 20
0.15
 10
10.26
 20
8.85
 10
10.41
 20
8.85
 10
10.41
 20
0.15
  0
LWPOLYLINE
  5
E5
330
17
100
AcDbEntity
  8
A-PROYECCION
 48
0.1
100
AcDbPolyline
 90
4
 70
1
 10
7.76
 20
1.47
 10
7.76
 20
8.85
 10
10.26
 20
8.85
 10
10.26
 20
1.47
  0
LINE
  5
E6
330
17
100
AcDbEntity
  8
A-PROYECCION
 48
0.1
100
AcDbLine
 10
7.76
 20
1.47
 30
0.0
 11
10.26
 21
8.85
 31
0.0
  0
LINE
  5
E7
330
17
100
AcDbEntity
  8
A-PROYECCION
 48
0.1
100
AcDbLine
 10
7.76
 20
8.85
 30
0.0
 11
10.26
 21
1.47
 31
0.0
  0
LWPOLYLINE
  5
E8
330
17
100
AcDbEntity
  8
A-PROYECCION
 48
0.1
100
AcDbPolyline
 90
4
 70
1
 10
16.98
 20
4.81
 10
16.98
 20
8.85
 10
19.48
 20
8.85
 10
19.48
 20
4.81
  0
LINE
  5
E9
330
17
100
AcDbEntity
  8
A-PROYECCION
 48
0.1
100
AcDbLine
 10
16.98
 20
4.81
 30
0.0
 11
19.48
 21
8.85
 31
0.0
  0
LINE
  5
EA
330
17
100
AcDbEntity
  8
A-PROYECCION
 48
0.1
100
AcDbLine
 10
16.98
 20
8.85
 30
0.0
 11
19.48
 21
4.81
 31
0.0
  0
LINE
  5
EB
330
17
100
AcDbEntity
  8
A-PROYECCION
 48
0.1
100
AcDbLine
 10
25.18
 20
0.15
 30
0.0
 11
25.18
 21
8.85
 31
0.0
  0
TEXT
  5
EC
330
17
100
AcDbEntity
  8
A-ESPACIOS
100
AcDbText
 10
4.51
 20
2.6
 30
0.0
 40
0.2
  1
E-1
  7
ARIAL
 72
1
 11
4.51
 21
2.6
 31
0.0
100
AcDbText
 73
2
  0
TEXT
  5
ED
330
17
100
AcDbEntity
  8
A-ESPACIOS
100
AcDbText
 10
4.51
 20
5.1
 30
0.0
 40
0.2
  1
E-2
  7
ARIAL
 72
1
 11
4.51
 21
5.1
 31
0.0
100
AcDbText
 73
2
  0
TEXT
  5
EE
330
17
100
AcDbEntity
  8
A-ESPACIOS
100
AcDbText
 10
4.51
 20
7.6
 30
0.0
 40
0.2
  1
E-3
  7
ARIAL
 72
1
 11
4.51
 21
7.6
 31
0.0
100
AcDbText
 73
2
  0
MTEXT
  5
EF
330
17
100
AcDbEntity
  8
A-ESPACIOS
100
AcDbMText
 10
12.6
 20
3.0
 30
0.0
 40
0.17
 41
3.5
 71
5
  1
JARDÍN SECO\P(NO CONSTRUIDO)
  7
ARIAL
  0
MTEXT
  5
F0
330
17
100
AcDbEntity
  8
A-ESPACIOS
100
AcDbMText
 10
22.0
 20
4.5
 30
0.0
 40
0.17
 41
3.5
 71
5
  1
JARDÍN SECO\P(NO CONSTRUIDO)
  7
ARIAL
  0
LINE
  5
F1
330
17
100
AcDbEntity
  8
A-ESCALERA
100
AcDbLine
 10
16.98
 20
1.35
 30
0.0
 11
18.080000000000002
 21
1.35
 31
0.0
  0
LINE
  5
F2
330
17
100
AcDbEntity
  8
A-ESCALERA
100
AcDbLine
 10
16.98
 20
1.6300000000000001
 30
0.0
 11
18.080000000000002
 21
1.6300000000000001
 31
0.0
  0
LINE
  5
F3
330
17
100
AcDbEntity
  8
A-ESCALERA
100
AcDbLine
 10
16.98
 20
1.9100000000000001
 30
0.0
 11
18.080000000000002
 21
1.9100000000000001
 31
0.0
  0
LINE
  5
F4
330
17
100
AcDbEntity
  8
A-ESCALERA
100
AcDbLine
 10
16.98
 20
2.1900000000000004
 30
0.0
 11
18.080000000000002
 21
2.1900000000000004
 31
0.0
  0
LINE
  5
F5
330
17
100
AcDbEntity
  8
A-ESCALERA
100
AcDbLine
 10
16.98
 20
2.47
 30
0.0
 11
18.080000000000002
 21
2.47
 31
0.0
  0
LINE
  5
F6
330
17
100
AcDbEntity
  8
A-ESCALERA
100
AcDbLine
 10
16.98
 20
2.75
 30
0.0
 11
18.080000000000002
 21
2.75
 31
0.0
  0
LINE
  5
F7
330
17
100
AcDbEntity
  8
A-ESCALERA
100
AcDbLine
 10
16.98
 20
3.0300000000000002
 30
0.0
 11
18.080000000000002
 21
3.0300000000000002
 31
0.0
  0
LINE
  5
F8
330
17
100
AcDbEntity
  8
A-PROYECCION
 48
0.1
100
AcDbLine
 10
16.98
 20
3.3100000000000005
 30
0.0
 11
18.080000000000002
 21
3.3100000000000005
 31
0.0
  0
LINE
  5
F9
330
17
100
AcDbEntity
  8
A-PROYECCION
 48
0.1
100
AcDbLine
 10
16.98
 20
3.5900000000000003
 30
0.0
 11
18.080000000000002
 21
3.5900000000000003
 31
0.0
  0
LINE
  5
FA
330
17
100
AcDbEntity
  8
A-ESCALERA
100
AcDbLine
 10
18.080000000000002
 20
1.35
 30
0.0
 11
18.080000000000002
 21
3.0300000000000002
 31
0.0
  0
LINE
  5
FB
330
17
100
AcDbEntity
  8
A-PROYECCION
 48
0.1
100
AcDbLine
 10
18.080000000000002
 20
3.0300000000000002
 30
0.0
 11
18.080000000000002
 21
3.5900000000000003
 31
0.0
  0
LINE
  5
FC
330
17
100
AcDbEntity
  8
A-ESCALERA
100
AcDbLine
 10
16.98
 20
2.7800000000000002
 30
0.0
 11
18.080000000000002
 21
3.2800000000000002
 31
0.0
  0
LINE
  5
FD
330
17
100
AcDbEntity
  8
A-PROYECCION
 48
0.1
100
AcDbLine
 10
18.38
 20
3.5900000000000003
 30
0.0
 11
19.48
 21
3.5900000000000003
 31
0.0
  0
LINE
  5
FE
330
17
100
AcDbEntity
  8
A-PROYECCION
 48
0.1
100
AcDbLine
 10
18.38
 20
3.3100000000000005
 30
0.0
 11
19.48
 21
3.3100000000000005
 31
0.0
  0
LINE
  5
FF
330
17
100
AcDbEntity
  8
A-PROYECCION
 48
0.1
100
AcDbLine
 10
18.38
 20
3.0300000000000002
 30
0.0
 11
19.48
 21
3.0300000000000002
 31
0.0
  0
LINE
  5
100
330
17
100
AcDbEntity
  8
A-PROYECCION
 48
0.1
100
AcDbLine
 10
18.38
 20
2.75
 30
0.0
 11
19.48
 21
2.75
 31
0.0
  0
LINE
  5
101
330
17
100
AcDbEntity
  8
A-PROYECCION
 48
0.1
100
AcDbLine
 10
18.38
 20
2.47
 30
0.0
 11
19.48
 21
2.47
 31
0.0
  0
LINE
  5
102
330
17
100
AcDbEntity
  8
A-PROYECCION
 48
0.1
100
AcDbLine
 10
18.38
 20
2.1900000000000004
 30
0.0
 11
19.48
 21
2.1900000000000004
 31
0.0
  0
LINE
  5
103
330
17
100
AcDbEntity
  8
A-PROYECCION
 48
0.1
100
AcDbLine
 10
18.38
 20
1.9100000000000001
 30
0.0
 11
19.48
 21
1.9100000000000001
 31
0.0
  0
LINE
  5
104
330
17
100
AcDbEntity
  8
A-PROYECCION
 48
0.1
100
AcDbLine
 10
18.38
 20
1.6300000000000001
 30
0.0
 11
19.48
 21
1.6300000000000001
 31
0.0
  0
LINE
  5
105
330
17
100
AcDbEntity
  8
A-PROYECCION
 48
0.1
100
AcDbLine
 10
18.38
 20
1.6300000000000001
 30
0.0
 11
18.38
 21
3.5900000000000003
 31
0.0
  0
LINE
  5
106
330
17
100
AcDbEntity
  8
A-PROYECCION
 48
0.1
100
AcDbLine
 10
16.98
 20
3.5900000000000003
 30
0.0
 11
19.48
 21
3.5900000000000003
 31
0.0
  0
LWPOLYLINE
  5
107
330
17
100
AcDbEntity
  8
A-MURO
100
AcDbPolyline
 90
4
 70
1
 10
16.86
 20
0.15
 10
16.86
 20
0.25
 10
16.98
 20
0.25
 10
16.98
 20
0.15
  0
HATCH
  5
108
330
17
100
AcDbEntity
  8
A-MURO-TRAMA
 62
7
100
AcDbHatch
 10
0.0
 20
0.0
 30
0.0
210
0.0
220
0.0
230
1.0
  2
ANSI31
 70
0
 71
0
 91
1
 92
3
 72
0
 73
1
 93
4
 10
16.86
 20
0.15
 10
16.86
 20
0.25
 10
16.98
 20
0.25
 10
16.98
 20
0.15
 97
0
 75
1
 76
1
 52
0.0
 41
0.03
 77
0
 78
1
 53
45.0
 43
0.0
 44
0.0
 45
-0.0020205576
 46
0.0020205576
 79
0
 98
0
  0
LWPOLYLINE
  5
109
330
17
100
AcDbEntity
  8
A-MURO
100
AcDbPolyline
 90
4
 70
1
 10
16.86
 20
1.25
 10
16.86
 20
4.81
 10
16.98
 20
4.81
 10
16.98
 20
1.25
  0
HATCH
  5
10A
330
17
100
AcDbEntity
  8
A-MURO-TRAMA
 62
7
100
AcDbHatch
 10
0.0
 20
0.0
 30
0.0
210
0.0
220
0.0
230
1.0
  2
ANSI31
 70
0
 71
0
 91
1
 92
3
 72
0
 73
1
 93
4
 10
16.86
 20
1.25
 10
16.86
 20
4.81
 10
16.98
 20
4.81
 10
16.98
 20
1.25
 97
0
 75
1
 76
1
 52
0.0
 41
0.03
 77
0
 78
1
 53
45.0
 43
0.0
 44
0.0
 45
-0.0020205576
 46
0.0020205576
 79
0
 98
0
  0
LWPOLYLINE
  5
10B
330
17
100
AcDbEntity
  8
A-MURO
100
AcDbPolyline
 90
4
 70
1
 10
16.98
 20
4.69
 10
16.98
 20
4.81
 10
19.48
 20
4.81
 10
19.48
 20
4.69
  0
HATCH
  5
10C
330
17
100
AcDbEntity
  8
A-MURO-TRAMA
 62
7
100
AcDbHatch
 10
0.0
 20
0.0
 30
0.0
210
0.0
220
0.0
230
1.0
  2
ANSI31
 70
0
 71
0
 91
1
 92
3
 72
0
 73
1
 93
4
 10
16.98
 20
4.69
 10
16.98
 20
4.81
 10
19.48
 20
4.81
 10
19.48
 20
4.69
 97
0
 75
1
 76
1
 52
0.0
 41
0.03
 77
0
 78
1
 53
45.0
 43
0.0
 44
0.0
 45
-0.0020205576
 46
0.0020205576
 79
0
 98
0
  0
LWPOLYLINE
  5
10D
330
17
100
AcDbEntity
  8
A-MURO
100
AcDbPolyline
 90
4
 70
1
 10
19.48
 20
0.15
 10
19.48
 20
4.81
 10
19.6
 20
4.81
 10
19.6
 20
0.15
  0
HATCH
  5
10E
330
17
100
AcDbEntity
  8
A-MURO-TRAMA
 62
7
100
AcDbHatch
 10
0.0
 20
0.0
 30
0.0
210
0.0
220
0.0
230
1.0
  2
ANSI31
 70
0
 71
0
 91
1
 92
3
 72
0
 73
1
 93
4
 10
19.48
 20
0.15
 10
19.48
 20
4.81
 10
19.6
 20
4.81
 10
19.6
 20
0.15
 97
0
 75
1
 76
1
 52
0.0
 41
0.03
 77
0
 78
1
 53
45.0
 43
0.0
 44
0.0
 45
-0.0020205576
 46
0.0020205576
 79
0
 98
0
  0
LINE
  5
10F
330
17
100
AcDbEntity
  8
A-PUERTA
100
AcDbLine
 10
16.98
 20
0.25
 30
0.0
 11
17.98
 21
0.25
 31
0.0
  0
ARC
  5
110
330
17
100
AcDbEntity
  8
A-PUERTA
100
AcDbCircle
 10
16.98
 20
0.25
 30
0.0
 40
1.0
100
AcDbArc
 50
0.0
 51
90.0
  0
TEXT
  5
111
330
17
100
AcDbEntity
  8
A-ESPACIOS
100
AcDbText
 10
18.6
 20
0.45
 30
0.0
 40
0.12
  1
VESTÍBULO
  7
ARIAL
 72
1
 11
18.6
 21
0.45
 31
0.0
100
AcDbText
 73
2
  0
LINE
  5
112
330
17
100
AcDbEntity
  8
A-ESCALERA
100
AcDbLine
 10
17.53
 20
1.5
 30
0.0
 11
17.53
 21
2.8800000000000003
 31
0.0
  0
SOLID
  5
113
330
17
100
AcDbEntity
  8
A-ESCALERA
100
AcDbTrace
 10
17.53
 20
2.8800000000000003
 30
0.0
 11
17.41
 21
2.68
 31
0.0
 12
17.650000000000002
 22
2.68
 32
0.0
 13
17.650000000000002
 23
2.68
 33
0.0
  0
TEXT
  5
114
330
17
100
AcDbEntity
  8
A-ESCALERA
100
AcDbText
 10
17.71
 20
1.9000000000000001
 30
0.0
 40
0.13
  1
SUBE
  7
ARIAL
 72
1
 11
17.71
 21
1.9000000000000001
 31
0.0
100
AcDbText
 73
2
  0
TEXT
  5
115
330
17
100
AcDbEntity
  8
A-ESPACIOS
100
AcDbText
 10
4.6
 20
0.75
 30
0.0
 40
0.13
  1
PASILLO PEATONAL
  7
ARIAL
 72
1
 11
4.6
 21
0.75
 31
0.0
100
AcDbText
 73
2
  0
TEXT
  5
116
330
17
100
AcDbEntity
  8
A-ESPACIOS
100
AcDbText
 10
12.0
 20
0.75
 30
0.0
 40
0.13
  1
PASILLO
  7
ARIAL
 72
1
 11
12.0
 21
0.75
 31
0.0
100
AcDbText
 73
2
  0
MTEXT
  5
117
330
17
100
AcDbEntity
  8
A-ESPACIOS
100
AcDbMText
 10
26.85
 20
4.5
 30
0.0
 40
0.13
 41
6.5
 71
5
  1
PATIO POSTERIOR - JARDÍN SECO\PTANQUE SÉPTICO Y DRENAJE (POR DISEÑAR)
  7
ARIAL
  0
TEXT
  5
118
330
17
100
AcDbEntity
  8
A-ESPACIOS
100
AcDbText
 10
-2.15
 20
4.5
 30
0.0
 40
0.22
  1
CALLE PÚBLICA
 50
90.0
  7
ARIAL
 72
1
 11
-2.15
 21
4.5
 31
0.0
100
AcDbText
 73
2
  0
TEXT
  5
119
330
17
100
AcDbEntity
  8
A-ESPACIOS
100
AcDbText
 10
1.05
 20
6.4
 30
0.0
 40
0.12
  1
RETIRO FRONTAL
 50
90.0
  7
ARIAL
 72
1
 11
1.05
 21
6.4
 31
0.0
100
AcDbText
 73
2
  0
LINE
  5
11A
330
17
100
AcDbEntity
  8
A-EJES
 48
0.05
100
AcDbLine
 10
-0.2
 20
0.075
 30
0.0
 11
29.85
 21
0.075
 31
0.0
  0
CIRCLE
  5
11B
330
17
100
AcDbEntity
  8
A-EJES-TXT
100
AcDbCircle
 10
30.130000000000003
 20
0.075
 30
0.0
 40
0.28
  0
TEXT
  5
11C
330
17
100
AcDbEntity
  8
A-EJES-TXT
100
AcDbText
 10
30.130000000000003
 20
0.075
 30
0.0
 40
0.22
  1
A
  7
ARIAL
 72
1
 11
30.130000000000003
 21
0.075
 31
0.0
100
AcDbText
 73
2
  0
LINE
  5
11D
330
17
100
AcDbEntity
  8
A-EJES
 48
0.05
100
AcDbLine
 10
-0.2
 20
1.4100000000000001
 30
0.0
 11
29.85
 21
1.4100000000000001
 31
0.0
  0
CIRCLE
  5
11E
330
17
100
AcDbEntity
  8
A-EJES-TXT
100
AcDbCircle
 10
30.130000000000003
 20
1.4100000000000001
 30
0.0
 40
0.28
  0
TEXT
  5
11F
330
17
100
AcDbEntity
  8
A-EJES-TXT
100
AcDbText
 10
30.130000000000003
 20
1.4100000000000001
 30
0.0
 40
0.22
  1
B
  7
ARIAL
 72
1
 11
30.130000000000003
 21
1.4100000000000001
 31
0.0
100
AcDbText
 73
2
  0
LINE
  5
120
330
17
100
AcDbEntity
  8
A-EJES
 48
0.05
100
AcDbLine
 10
-0.2
 20
4.84
 30
0.0
 11
29.85
 21
4.84
 31
0.0
  0
CIRCLE
  5
121
330
17
100
AcDbEntity
  8
A-EJES-TXT
100
AcDbCircle
 10
30.130000000000003
 20
4.84
 30
0.0
 40
0.28
  0
TEXT
  5
122
330
17
100
AcDbEntity
  8
A-EJES-TXT
100
AcDbText
 10
30.130000000000003
 20
4.84
 30
0.0
 40
0.22
  1
C
  7
ARIAL
 72
1
 11
30.130000000000003
 21
4.84
 31
0.0
100
AcDbText
 73
2
  0
LINE
  5
123
330
17
100
AcDbEntity
  8
A-EJES
 48
0.05
100
AcDbLine
 10
-0.2
 20
8.925
 30
0.0
 11
29.85
 21
8.925
 31
0.0
  0
CIRCLE
  5
124
330
17
100
AcDbEntity
  8
A-EJES-TXT
100
AcDbCircle
 10
30.130000000000003
 20
8.925
 30
0.0
 40
0.28
  0
TEXT
  5
125
330
17
100
AcDbEntity
  8
A-EJES-TXT
100
AcDbText
 10
30.130000000000003
 20
8.925
 30
0.0
 40
0.22
  1
D
  7
ARIAL
 72
1
 11
30.130000000000003
 21
8.925
 31
0.0
100
AcDbText
 73
2
  0
LINE
  5
126
330
17
100
AcDbEntity
  8
A-EJES
 48
0.05
100
AcDbLine
 10
2.1350000000000002
 20
-2.35
 30
0.0
 11
2.1350000000000002
 21
10.2
 31
0.0
  0
CIRCLE
  5
127
330
17
100
AcDbEntity
  8
A-EJES-TXT
100
AcDbCircle
 10
2.1350000000000002
 20
-2.63
 30
0.0
 40
0.28
  0
TEXT
  5
128
330
17
100
AcDbEntity
  8
A-EJES-TXT
100
AcDbText
 10
2.1350000000000002
 20
-2.63
 30
0.0
 40
0.22
  1
1
  7
ARIAL
 72
1
 11
2.1350000000000002
 21
-2.63
 31
0.0
100
AcDbText
 73
2
  0
LINE
  5
129
330
17
100
AcDbEntity
  8
A-EJES
 48
0.05
100
AcDbLine
 10
7.685
 20
-2.35
 30
0.0
 11
7.685
 21
10.2
 31
0.0
  0
CIRCLE
  5
12A
330
17
100
AcDbEntity
  8
A-EJES-TXT
100
AcDbCircle
 10
7.685
 20
-2.63
 30
0.0
 40
0.28
  0
TEXT
  5
12B
330
17
100
AcDbEntity
  8
A-EJES-TXT
100
AcDbText
 10
7.685
 20
-2.63
 30
0.0
 40
0.22
  1
2
  7
ARIAL
 72
1
 11
7.685
 21
-2.63
 31
0.0
100
AcDbText
 73
2
  0
LINE
  5
12C
330
17
100
AcDbEntity
  8
A-EJES
 48
0.05
100
AcDbLine
 10
10.334999999999999
 20
-2.35
 30
0.0
 11
10.334999999999999
 21
10.2
 31
0.0
  0
CIRCLE
  5
12D
330
17
100
AcDbEntity
  8
A-EJES-TXT
100
AcDbCircle
 10
10.334999999999999
 20
-2.63
 30
0.0
 40
0.28
  0
TEXT
  5
12E
330
17
100
AcDbEntity
  8
A-EJES-TXT
100
AcDbText
 10
10.334999999999999
 20
-2.63
 30
0.0
 40
0.22
  1
3
  7
ARIAL
 72
1
 11
10.334999999999999
 21
-2.63
 31
0.0
100
AcDbText
 73
2
  0
LINE
  5
12F
330
17
100
AcDbEntity
  8
A-EJES
 48
0.05
100
AcDbLine
 10
16.905
 20
-2.35
 30
0.0
 11
16.905
 21
10.2
 31
0.0
  0
CIRCLE
  5
130
330
17
100
AcDbEntity
  8
A-EJES-TXT
100
AcDbCircle
 10
16.905
 20
-2.63
 30
0.0
 40
0.28
  0
TEXT
  5
131
330
17
100
AcDbEntity
  8
A-EJES-TXT
100
AcDbText
 10
16.905
 20
-2.63
 30
0.0
 40
0.22
  1
4
  7
ARIAL
 72
1
 11
16.905
 21
-2.63
 31
0.0
100
AcDbText
 73
2
  0
LINE
  5
132
330
17
100
AcDbEntity
  8
A-EJES
 48
0.05
100
AcDbLine
 10
19.555
 20
-2.35
 30
0.0
 11
19.555
 21
10.2
 31
0.0
  0
CIRCLE
  5
133
330
17
100
AcDbEntity
  8
A-EJES-TXT
100
AcDbCircle
 10
19.555
 20
-2.63
 30
0.0
 40
0.28
  0
TEXT
  5
134
330
17
100
AcDbEntity
  8
A-EJES-TXT
100
AcDbText
 10
19.555
 20
-2.63
 30
0.0
 40
0.22
  1
5
  7
ARIAL
 72
1
 11
19.555
 21
-2.63
 31
0.0
100
AcDbText
 73
2
  0
LINE
  5
135
330
17
100
AcDbEntity
  8
A-EJES
 48
0.05
100
AcDbLine
 10
25.105
 20
-2.35
 30
0.0
 11
25.105
 21
10.2
 31
0.0
  0
CIRCLE
  5
136
330
17
100
AcDbEntity
  8
A-EJES-TXT
100
AcDbCircle
 10
25.105
 20
-2.63
 30
0.0
 40
0.28
  0
TEXT
  5
137
330
17
100
AcDbEntity
  8
A-EJES-TXT
100
AcDbText
 10
25.105
 20
-2.63
 30
0.0
 40
0.22
  1
6
  7
ARIAL
 72
1
 11
25.105
 21
-2.63
 31
0.0
100
AcDbText
 73
2
  0
LWPOLYLINE
  5
138
330
17
100
AcDbEntity
  8
T-LINDERO
100
AcDbPolyline
 90
5
 70
1
 10
0.0
 20
-20.0
 10
0.010879637986303953
 20
-15.335283327658265
 10
0.05655167053563409
 20
-10.992575178851485
 10
28.51811244861565
 20
-11.000196537113997
 10
28.511978184595964
 20
-20.0
  0
LWPOLYLINE
  5
139
330
17
100
AcDbEntity
  8
A-MURO
100
AcDbPolyline
 90
4
 70
1
 10
2.06
 20
-20.0
 10
2.06
 20
-19.85
 10
25.18
 20
-19.85
 10
25.18
 20
-20.0
  0
HATCH
  5
13A
330
17
100
AcDbEntity
  8
A-MURO-TRAMA
 62
7
100
AcDbHatch
 10
0.0
 20
0.0
 30
0.0
210
0.0
220
0.0
230
1.0
  2
ANSI31
 70
0
 71
0
 91
1
 92
3
 72
0
 73
1
 93
4
 10
2.06
 20
-20.0
 10
2.06
 20
-19.85
 10
25.18
 20
-19.85
 10
25.18
 20
-20.0
 97
0
 75
1
 76
1
 52
0.0
 41
0.03
 77
0
 78
1
 53
45.0
 43
0.0
 44
0.0
 45
-0.0020205576
 46
0.0020205576
 79
0
 98
0
  0
LWPOLYLINE
  5
13B
330
17
100
AcDbEntity
  8
A-MURO
100
AcDbPolyline
 90
4
 70
1
 10
2.06
 20
-11.15
 10
2.06
 20
-11.0
 10
25.18
 20
-11.0
 10
25.18
 20
-11.15
  0
HATCH
  5
13C
330
17
100
AcDbEntity
  8
A-MURO-TRAMA
 62
7
100
AcDbHatch
 10
0.0
 20
0.0
 30
0.0
210
0.0
220
0.0
230
1.0
  2
ANSI31
 70
0
 71
0
 91
1
 92
3
 72
0
 73
1
 93
4
 10
2.06
 20
-11.15
 10
2.06
 20
-11.0
 10
25.18
 20
-11.0
 10
25.18
 20
-11.15
 97
0
 75
1
 76
1
 52
0.0
 41
0.03
 77
0
 78
1
 53
45.0
 43
0.0
 44
0.0
 45
-0.0020205576
 46
0.0020205576
 79
0
 98
0
  0
LWPOLYLINE
  5
13D
330
17
100
AcDbEntity
  8
A-MURO
100
AcDbPolyline
 90
4
 70
1
 10
2.06
 20
-19.85
 10
2.06
 20
-19.3
 10
2.21
 20
-19.3
 10
2.21
 20
-19.85
  0
HATCH
  5
13E
330
17
100
AcDbEntity
  8
A-MURO-TRAMA
 62
7
100
AcDbHatch
 10
0.0
 20
0.0
 30
0.0
210
0.0
220
0.0
230
1.0
  2
ANSI31
 70
0
 71
0
 91
1
 92
3
 72
0
 73
1
 93
4
 10
2.06
 20
-19.85
 10
2.06
 20
-19.3
 10
2.21
 20
-19.3
 10
2.21
 20
-19.85
 97
0
 75
1
 76
1
 52
0.0
 41
0.03
 77
0
 78
1
 53
45.0
 43
0.0
 44
0.0
 45
-0.0020205576
 46
0.0020205576
 79
0
 98
0
  0
LWPOLYLINE
  5
13F
330
17
100
AcDbEntity
  8
A-MURO
100
AcDbPolyline
 90
4
 70
1
 10
2.06
 20
-17.1
 10
2.06
 20
-16.240000000000002
 10
2.21
 20
-16.240000000000002
 10
2.21
 20
-17.1
  0
HATCH
  5
140
330
17
100
AcDbEntity
  8
A-MURO-TRAMA
 62
7
100
AcDbHatch
 10
0.0
 20
0.0
 30
0.0
210
0.0
220
0.0
230
1.0
  2
ANSI31
 70
0
 71
0
 91
1
 92
3
 72
0
 73
1
 93
4
 10
2.06
 20
-17.1
 10
2.06
 20
-16.240000000000002
 10
2.21
 20
-16.240000000000002
 10
2.21
 20
-17.1
 97
0
 75
1
 76
1
 52
0.0
 41
0.03
 77
0
 78
1
 53
45.0
 43
0.0
 44
0.0
 45
-0.0020205576
 46
0.0020205576
 79
0
 98
0
  0
LWPOLYLINE
  5
141
330
17
100
AcDbEntity
  8
A-MURO
100
AcDbPolyline
 90
4
 70
1
 10
2.06
 20
-15.34
 10
2.06
 20
-13.6
 10
2.21
 20
-13.6
 10
2.21
 20
-15.34
  0
HATCH
  5
142
330
17
100
AcDbEntity
  8
A-MURO-TRAMA
 62
7
100
AcDbHatch
 10
0.0
 20
0.0
 30
0.0
210
0.0
220
0.0
230
1.0
  2
ANSI31
 70
0
 71
0
 91
1
 92
3
 72
0
 73
1
 93
4
 10
2.06
 20
-15.34
 10
2.06
 20
-13.6
 10
2.21
 20
-13.6
 10
2.21
 20
-15.34
 97
0
 75
1
 76
1
 52
0.0
 41
0.03
 77
0
 78
1
 53
45.0
 43
0.0
 44
0.0
 45
-0.0020205576
 46
0.0020205576
 79
0
 98
0
  0
LWPOLYLINE
  5
143
330
17
100
AcDbEntity
  8
A-MURO
100
AcDbPolyline
 90
4
 70
1
 10
2.06
 20
-11.8
 10
2.06
 20
-11.15
 10
2.21
 20
-11.15
 10
2.21
 20
-11.8
  0
HATCH
  5
144
330
17
100
AcDbEntity
  8
A-MURO-TRAMA
 62
7
100
AcDbHatch
 10
0.0
 20
0.0
 30
0.0
210
0.0
220
0.0
230
1.0
  2
ANSI31
 70
0
 71
0
 91
1
 92
3
 72
0
 73
1
 93
4
 10
2.06
 20
-11.8
 10
2.06
 20
-11.15
 10
2.21
 20
-11.15
 10
2.21
 20
-11.8
 97
0
 75
1
 76
1
 52
0.0
 41
0.03
 77
0
 78
1
 53
45.0
 43
0.0
 44
0.0
 45
-0.0020205576
 46
0.0020205576
 79
0
 98
0
  0
LINE
  5
145
330
17
100
AcDbEntity
  8
A-VENTANA
100
AcDbLine
 10
2.06
 20
-19.3
 30
0.0
 11
2.06
 21
-17.1
 31
0.0
  0
LINE
  5
146
330
17
100
AcDbEntity
  8
A-VENTANA
100
AcDbLine
 10
2.21
 20
-19.3
 30
0.0
 11
2.21
 21
-17.1
 31
0.0
  0
LINE
  5
147
330
17
100
AcDbEntity
  8
A-VENTANA
100
AcDbLine
 10
2.135
 20
-19.3
 30
0.0
 11
2.135
 21
-17.1
 31
0.0
  0
LINE
  5
148
330
17
100
AcDbEntity
  8
A-VENTANA
100
AcDbLine
 10
2.06
 20
-19.3
 30
0.0
 11
2.21
 21
-19.3
 31
0.0
  0
LINE
  5
149
330
17
100
AcDbEntity
  8
A-VENTANA
100
AcDbLine
 10
2.06
 20
-17.1
 30
0.0
 11
2.21
 21
-17.1
 31
0.0
  0
LINE
  5
14A
330
17
100
AcDbEntity
  8
A-VENTANA
100
AcDbLine
 10
2.06
 20
-16.240000000000002
 30
0.0
 11
2.06
 21
-15.34
 31
0.0
  0
LINE
  5
14B
330
17
100
AcDbEntity
  8
A-VENTANA
100
AcDbLine
 10
2.21
 20
-16.240000000000002
 30
0.0
 11
2.21
 21
-15.34
 31
0.0
  0
LINE
  5
14C
330
17
100
AcDbEntity
  8
A-VENTANA
100
AcDbLine
 10
2.135
 20
-16.240000000000002
 30
0.0
 11
2.135
 21
-15.34
 31
0.0
  0
LINE
  5
14D
330
17
100
AcDbEntity
  8
A-VENTANA
100
AcDbLine
 10
2.06
 20
-16.240000000000002
 30
0.0
 11
2.21
 21
-16.240000000000002
 31
0.0
  0
LINE
  5
14E
330
17
100
AcDbEntity
  8
A-VENTANA
100
AcDbLine
 10
2.06
 20
-15.34
 30
0.0
 11
2.21
 21
-15.34
 31
0.0
  0
LINE
  5
14F
330
17
100
AcDbEntity
  8
A-VENTANA
100
AcDbLine
 10
2.06
 20
-13.6
 30
0.0
 11
2.06
 21
-11.8
 31
0.0
  0
LINE
  5
150
330
17
100
AcDbEntity
  8
A-VENTANA
100
AcDbLine
 10
2.21
 20
-13.6
 30
0.0
 11
2.21
 21
-11.8
 31
0.0
  0
LINE
  5
151
330
17
100
AcDbEntity
  8
A-VENTANA
100
AcDbLine
 10
2.135
 20
-13.6
 30
0.0
 11
2.135
 21
-11.8
 31
0.0
  0
LINE
  5
152
330
17
100
AcDbEntity
  8
A-VENTANA
100
AcDbLine
 10
2.06
 20
-13.6
 30
0.0
 11
2.21
 21
-13.6
 31
0.0
  0
LINE
  5
153
330
17
100
AcDbEntity
  8
A-VENTANA
100
AcDbLine
 10
2.06
 20
-11.8
 30
0.0
 11
2.21
 21
-11.8
 31
0.0
  0
LWPOLYLINE
  5
154
330
17
100
AcDbEntity
  8
A-MURO
100
AcDbPolyline
 90
4
 70
1
 10
25.03
 20
-19.85
 10
25.03
 20
-19.3
 10
25.18
 20
-19.3
 10
25.18
 20
-19.85
  0
HATCH
  5
155
330
17
100
AcDbEntity
  8
A-MURO-TRAMA
 62
7
100
AcDbHatch
 10
0.0
 20
0.0
 30
0.0
210
0.0
220
0.0
230
1.0
  2
ANSI31
 70
0
 71
0
 91
1
 92
3
 72
0
 73
1
 93
4
 10
25.03
 20
-19.85
 10
25.03
 20
-19.3
 10
25.18
 20
-19.3
 10
25.18
 20
-19.85
 97
0
 75
1
 76
1
 52
0.0
 41
0.03
 77
0
 78
1
 53
45.0
 43
0.0
 44
0.0
 45
-0.0020205576
 46
0.0020205576
 79
0
 98
0
  0
LWPOLYLINE
  5
156
330
17
100
AcDbEntity
  8
A-MURO
100
AcDbPolyline
 90
4
 70
1
 10
25.03
 20
-17.1
 10
25.03
 20
-16.15
 10
25.18
 20
-16.15
 10
25.18
 20
-17.1
  0
HATCH
  5
157
330
17
100
AcDbEntity
  8
A-MURO-TRAMA
 62
7
100
AcDbHatch
 10
0.0
 20
0.0
 30
0.0
210
0.0
220
0.0
230
1.0
  2
ANSI31
 70
0
 71
0
 91
1
 92
3
 72
0
 73
1
 93
4
 10
25.03
 20
-17.1
 10
25.03
 20
-16.15
 10
25.18
 20
-16.15
 10
25.18
 20
-17.1
 97
0
 75
1
 76
1
 52
0.0
 41
0.03
 77
0
 78
1
 53
45.0
 43
0.0
 44
0.0
 45
-0.0020205576
 46
0.0020205576
 79
0
 98
0
  0
LWPOLYLINE
  5
158
330
17
100
AcDbEntity
  8
A-MURO
100
AcDbPolyline
 90
4
 70
1
 10
25.03
 20
-15.4
 10
25.03
 20
-13.6
 10
25.18
 20
-13.6
 10
25.18
 20
-15.4
  0
HATCH
  5
159
330
17
100
AcDbEntity
  8
A-MURO-TRAMA
 62
7
100
AcDbHatch
 10
0.0
 20
0.0
 30
0.0
210
0.0
220
0.0
230
1.0
  2
ANSI31
 70
0
 71
0
 91
1
 92
3
 72
0
 73
1
 93
4
 10
25.03
 20
-15.4
 10
25.03
 20
-13.6
 10
25.18
 20
-13.6
 10
25.18
 20
-15.4
 97
0
 75
1
 76
1
 52
0.0
 41
0.03
 77
0
 78
1
 53
45.0
 43
0.0
 44
0.0
 45
-0.0020205576
 46
0.0020205576
 79
0
 98
0
  0
LWPOLYLINE
  5
15A
330
17
100
AcDbEntity
  8
A-MURO
100
AcDbPolyline
 90
4
 70
1
 10
25.03
 20
-11.8
 10
25.03
 20
-11.15
 10
25.18
 20
-11.15
 10
25.18
 20
-11.8
  0
HATCH
  5
15B
330
17
100
AcDbEntity
  8
A-MURO-TRAMA
 62
7
100
AcDbHatch
 10
0.0
 20
0.0
 30
0.0
210
0.0
220
0.0
230
1.0
  2
ANSI31
 70
0
 71
0
 91
1
 92
3
 72
0
 73
1
 93
4
 10
25.03
 20
-11.8
 10
25.03
 20
-11.15
 10
25.18
 20
-11.15
 10
25.18
 20
-11.8
 97
0
 75
1
 76
1
 52
0.0
 41
0.03
 77
0
 78
1
 53
45.0
 43
0.0
 44
0.0
 45
-0.0020205576
 46
0.0020205576
 79
0
 98
0
  0
LINE
  5
15C
330
17
100
AcDbEntity
  8
A-VENTANA
100
AcDbLine
 10
25.03
 20
-19.3
 30
0.0
 11
25.03
 21
-17.1
 31
0.0
  0
LINE
  5
15D
330
17
100
AcDbEntity
  8
A-VENTANA
100
AcDbLine
 10
25.18
 20
-19.3
 30
0.0
 11
25.18
 21
-17.1
 31
0.0
  0
LINE
  5
15E
330
17
100
AcDbEntity
  8
A-VENTANA
100
AcDbLine
 10
25.105
 20
-19.3
 30
0.0
 11
25.105
 21
-17.1
 31
0.0
  0
LINE
  5
15F
330
17
100
AcDbEntity
  8
A-VENTANA
100
AcDbLine
 10
25.03
 20
-19.3
 30
0.0
 11
25.18
 21
-19.3
 31
0.0
  0
LINE
  5
160
330
17
100
AcDbEntity
  8
A-VENTANA
100
AcDbLine
 10
25.03
 20
-17.1
 30
0.0
 11
25.18
 21
-17.1
 31
0.0
  0
LINE
  5
161
330
17
100
AcDbEntity
  8
A-VENTANA
100
AcDbLine
 10
25.03
 20
-16.15
 30
0.0
 11
25.03
 21
-15.4
 31
0.0
  0
LINE
  5
162
330
17
100
AcDbEntity
  8
A-VENTANA
100
AcDbLine
 10
25.18
 20
-16.15
 30
0.0
 11
25.18
 21
-15.4
 31
0.0
  0
LINE
  5
163
330
17
100
AcDbEntity
  8
A-VENTANA
100
AcDbLine
 10
25.105
 20
-16.15
 30
0.0
 11
25.105
 21
-15.4
 31
0.0
  0
LINE
  5
164
330
17
100
AcDbEntity
  8
A-VENTANA
100
AcDbLine
 10
25.03
 20
-16.15
 30
0.0
 11
25.18
 21
-16.15
 31
0.0
  0
LINE
  5
165
330
17
100
AcDbEntity
  8
A-VENTANA
100
AcDbLine
 10
25.03
 20
-15.4
 30
0.0
 11
25.18
 21
-15.4
 31
0.0
  0
LINE
  5
166
330
17
100
AcDbEntity
  8
A-VENTANA
100
AcDbLine
 10
25.03
 20
-13.6
 30
0.0
 11
25.03
 21
-11.8
 31
0.0
  0
LINE
  5
167
330
17
100
AcDbEntity
  8
A-VENTANA
100
AcDbLine
 10
25.18
 20
-13.6
 30
0.0
 11
25.18
 21
-11.8
 31
0.0
  0
LINE
  5
168
330
17
100
AcDbEntity
  8
A-VENTANA
100
AcDbLine
 10
25.105
 20
-13.6
 30
0.0
 11
25.105
 21
-11.8
 31
0.0
  0
LINE
  5
169
330
17
100
AcDbEntity
  8
A-VENTANA
100
AcDbLine
 10
25.03
 20
-13.6
 30
0.0
 11
25.18
 21
-13.6
 31
0.0
  0
LINE
  5
16A
330
17
100
AcDbEntity
  8
A-VENTANA
100
AcDbLine
 10
25.03
 20
-11.8
 30
0.0
 11
25.18
 21
-11.8
 31
0.0
  0
LWPOLYLINE
  5
16B
330
17
100
AcDbEntity
  8
A-MURO
100
AcDbPolyline
 90
4
 70
1
 10
7.609999999999999
 20
-19.85
 10
7.609999999999999
 20
-19.75
 10
7.76
 20
-19.75
 10
7.76
 20
-19.85
  0
HATCH
  5
16C
330
17
100
AcDbEntity
  8
A-MURO-TRAMA
 62
7
100
AcDbHatch
 10
0.0
 20
0.0
 30
0.0
210
0.0
220
0.0
230
1.0
  2
ANSI31
 70
0
 71
0
 91
1
 92
3
 72
0
 73
1
 93
4
 10
7.609999999999999
 20
-19.85
 10
7.609999999999999
 20
-19.75
 10
7.76
 20
-19.75
 10
7.76
 20
-19.85
 97
0
 75
1
 76
1
 52
0.0
 41
0.03
 77
0
 78
1
 53
45.0
 43
0.0
 44
0.0
 45
-0.0020205576
 46
0.0020205576
 79
0
 98
0
  0
LWPOLYLINE
  5
16D
330
17
100
AcDbEntity
  8
A-MURO
100
AcDbPolyline
 90
4
 70
1
 10
7.609999999999999
 20
-18.85
 10
7.609999999999999
 20
-18.0
 10
7.76
 20
-18.0
 10
7.76
 20
-18.85
  0
HATCH
  5
16E
330
17
100
AcDbEntity
  8
A-MURO-TRAMA
 62
7
100
AcDbHatch
 10
0.0
 20
0.0
 30
0.0
210
0.0
220
0.0
230
1.0
  2
ANSI31
 70
0
 71
0
 91
1
 92
3
 72
0
 73
1
 93
4
 10
7.609999999999999
 20
-18.85
 10
7.609999999999999
 20
-18.0
 10
7.76
 20
-18.0
 10
7.76
 20
-18.85
 97
0
 75
1
 76
1
 52
0.0
 41
0.03
 77
0
 78
1
 53
45.0
 43
0.0
 44
0.0
 45
-0.0020205576
 46
0.0020205576
 79
0
 98
0
  0
LWPOLYLINE
  5
16F
330
17
100
AcDbEntity
  8
A-MURO
100
AcDbPolyline
 90
4
 70
1
 10
7.609999999999999
 20
-15.6
 10
7.609999999999999
 20
-14.4
 10
7.76
 20
-14.4
 10
7.76
 20
-15.6
  0
HATCH
  5
170
330
17
100
AcDbEntity
  8
A-MURO-TRAMA
 62
7
100
AcDbHatch
 10
0.0
 20
0.0
 30
0.0
210
0.0
220
0.0
230
1.0
  2
ANSI31
 70
0
 71
0
 91
1
 92
3
 72
0
 73
1
 93
4
 10
7.609999999999999
 20
-15.6
 10
7.609999999999999
 20
-14.4
 10
7.76
 20
-14.4
 10
7.76
 20
-15.6
 97
0
 75
1
 76
1
 52
0.0
 41
0.03
 77
0
 78
1
 53
45.0
 43
0.0
 44
0.0
 45
-0.0020205576
 46
0.0020205576
 79
0
 98
0
  0
LWPOLYLINE
  5
171
330
17
100
AcDbEntity
  8
A-MURO
100
AcDbPolyline
 90
4
 70
1
 10
7.609999999999999
 20
-11.8
 10
7.609999999999999
 20
-11.15
 10
7.76
 20
-11.15
 10
7.76
 20
-11.8
  0
HATCH
  5
172
330
17
100
AcDbEntity
  8
A-MURO-TRAMA
 62
7
100
AcDbHatch
 10
0.0
 20
0.0
 30
0.0
210
0.0
220
0.0
230
1.0
  2
ANSI31
 70
0
 71
0
 91
1
 92
3
 72
0
 73
1
 93
4
 10
7.609999999999999
 20
-11.8
 10
7.609999999999999
 20
-11.15
 10
7.76
 20
-11.15
 10
7.76
 20
-11.8
 97
0
 75
1
 76
1
 52
0.0
 41
0.03
 77
0
 78
1
 53
45.0
 43
0.0
 44
0.0
 45
-0.0020205576
 46
0.0020205576
 79
0
 98
0
  0
LINE
  5
173
330
17
100
AcDbEntity
  8
A-VENTANA
100
AcDbLine
 10
7.609999999999999
 20
-18.0
 30
0.0
 11
7.609999999999999
 21
-15.6
 31
0.0
  0
LINE
  5
174
330
17
100
AcDbEntity
  8
A-VENTANA
100
AcDbLine
 10
7.76
 20
-18.0
 30
0.0
 11
7.76
 21
-15.6
 31
0.0
  0
LINE
  5
175
330
17
100
AcDbEntity
  8
A-VENTANA
100
AcDbLine
 10
7.685
 20
-18.0
 30
0.0
 11
7.685
 21
-15.6
 31
0.0
  0
LINE
  5
176
330
17
100
AcDbEntity
  8
A-VENTANA
100
AcDbLine
 10
7.609999999999999
 20
-18.0
 30
0.0
 11
7.76
 21
-18.0
 31
0.0
  0
LINE
  5
177
330
17
100
AcDbEntity
  8
A-VENTANA
100
AcDbLine
 10
7.609999999999999
 20
-15.6
 30
0.0
 11
7.76
 21
-15.6
 31
0.0
  0
LINE
  5
178
330
17
100
AcDbEntity
  8
A-VENTANA
100
AcDbLine
 10
7.609999999999999
 20
-14.4
 30
0.0
 11
7.609999999999999
 21
-11.8
 31
0.0
  0
LINE
  5
179
330
17
100
AcDbEntity
  8
A-VENTANA
100
AcDbLine
 10
7.76
 20
-14.4
 30
0.0
 11
7.76
 21
-11.8
 31
0.0
  0
LINE
  5
17A
330
17
100
AcDbEntity
  8
A-VENTANA
100
AcDbLine
 10
7.685
 20
-14.4
 30
0.0
 11
7.685
 21
-11.8
 31
0.0
  0
LINE
  5
17B
330
17
100
AcDbEntity
  8
A-VENTANA
100
AcDbLine
 10
7.609999999999999
 20
-14.4
 30
0.0
 11
7.76
 21
-14.4
 31
0.0
  0
LINE
  5
17C
330
17
100
AcDbEntity
  8
A-VENTANA
100
AcDbLine
 10
7.609999999999999
 20
-11.8
 30
0.0
 11
7.76
 21
-11.8
 31
0.0
  0
LWPOLYLINE
  5
17D
330
17
100
AcDbEntity
  8
A-MURO
100
AcDbPolyline
 90
4
 70
1
 10
10.26
 20
-18.53
 10
10.26
 20
-17.3
 10
10.41
 20
-17.3
 10
10.41
 20
-18.53
  0
HATCH
  5
17E
330
17
100
AcDbEntity
  8
A-MURO-TRAMA
 62
7
100
AcDbHatch
 10
0.0
 20
0.0
 30
0.0
210
0.0
220
0.0
230
1.0
  2
ANSI31
 70
0
 71
0
 91
1
 92
3
 72
0
 73
1
 93
4
 10
10.26
 20
-18.53
 10
10.26
 20
-17.3
 10
10.41
 20
-17.3
 10
10.41
 20
-18.53
 97
0
 75
1
 76
1
 52
0.0
 41
0.03
 77
0
 78
1
 53
45.0
 43
0.0
 44
0.0
 45
-0.0020205576
 46
0.0020205576
 79
0
 98
0
  0
LWPOLYLINE
  5
17F
330
17
100
AcDbEntity
  8
A-MURO
100
AcDbPolyline
 90
4
 70
1
 10
10.26
 20
-15.7
 10
10.26
 20
-14.3
 10
10.41
 20
-14.3
 10
10.41
 20
-15.7
  0
HATCH
  5
180
330
17
100
AcDbEntity
  8
A-MURO-TRAMA
 62
7
100
AcDbHatch
 10
0.0
 20
0.0
 30
0.0
210
0.0
220
0.0
230
1.0
  2
ANSI31
 70
0
 71
0
 91
1
 92
3
 72
0
 73
1
 93
4
 10
10.26
 20
-15.7
 10
10.26
 20
-14.3
 10
10.41
 20
-14.3
 10
10.41
 20
-15.7
 97
0
 75
1
 76
1
 52
0.0
 41
0.03
 77
0
 78
1
 53
45.0
 43
0.0
 44
0.0
 45
-0.0020205576
 46
0.0020205576
 79
0
 98
0
  0
LWPOLYLINE
  5
181
330
17
100
AcDbEntity
  8
A-MURO
100
AcDbPolyline
 90
4
 70
1
 10
10.26
 20
-12.1
 10
10.26
 20
-11.15
 10
10.41
 20
-11.15
 10
10.41
 20
-12.1
  0
HATCH
  5
182
330
17
100
AcDbEntity
  8
A-MURO-TRAMA
 62
7
100
AcDbHatch
 10
0.0
 20
0.0
 30
0.0
210
0.0
220
0.0
230
1.0
  2
ANSI31
 70
0
 71
0
 91
1
 92
3
 72
0
 73
1
 93
4
 10
10.26
 20
-12.1
 10
10.26
 20
-11.15
 10
10.41
 20
-11.15
 10
10.41
 20
-12.1
 97
0
 75
1
 76
1
 52
0.0
 41
0.03
 77
0
 78
1
 53
45.0
 43
0.0
 44
0.0
 45
-0.0020205576
 46
0.0020205576
 79
0
 98
0
  0
LINE
  5
183
330
17
100
AcDbEntity
  8
A-VENTANA
100
AcDbLine
 10
10.26
 20
-17.3
 30
0.0
 11
10.26
 21
-15.7
 31
0.0
  0
LINE
  5
184
330
17
100
AcDbEntity
  8
A-VENTANA
100
AcDbLine
 10
10.41
 20
-17.3
 30
0.0
 11
10.41
 21
-15.7
 31
0.0
  0
LINE
  5
185
330
17
100
AcDbEntity
  8
A-VENTANA
100
AcDbLine
 10
10.335
 20
-17.3
 30
0.0
 11
10.335
 21
-15.7
 31
0.0
  0
LINE
  5
186
330
17
100
AcDbEntity
  8
A-VENTANA
100
AcDbLine
 10
10.26
 20
-17.3
 30
0.0
 11
10.41
 21
-17.3
 31
0.0
  0
LINE
  5
187
330
17
100
AcDbEntity
  8
A-VENTANA
100
AcDbLine
 10
10.26
 20
-15.7
 30
0.0
 11
10.41
 21
-15.7
 31
0.0
  0
LINE
  5
188
330
17
100
AcDbEntity
  8
A-VENTANA
100
AcDbLine
 10
10.26
 20
-14.3
 30
0.0
 11
10.26
 21
-12.1
 31
0.0
  0
LINE
  5
189
330
17
100
AcDbEntity
  8
A-VENTANA
100
AcDbLine
 10
10.41
 20
-14.3
 30
0.0
 11
10.41
 21
-12.1
 31
0.0
  0
LINE
  5
18A
330
17
100
AcDbEntity
  8
A-VENTANA
100
AcDbLine
 10
10.335
 20
-14.3
 30
0.0
 11
10.335
 21
-12.1
 31
0.0
  0
LINE
  5
18B
330
17
100
AcDbEntity
  8
A-VENTANA
100
AcDbLine
 10
10.26
 20
-14.3
 30
0.0
 11
10.41
 21
-14.3
 31
0.0
  0
LINE
  5
18C
330
17
100
AcDbEntity
  8
A-VENTANA
100
AcDbLine
 10
10.26
 20
-12.1
 30
0.0
 11
10.41
 21
-12.1
 31
0.0
  0
LINE
  5
18D
330
17
100
AcDbEntity
  8
A-VENTANA
100
AcDbLine
 10
7.859999999999999
 20
-18.65
 30
0.0
 11
10.16
 21
-18.65
 31
0.0
  0
LINE
  5
18E
330
17
100
AcDbEntity
  8
A-VENTANA
100
AcDbLine
 10
7.859999999999999
 20
-18.53
 30
0.0
 11
10.16
 21
-18.53
 31
0.0
  0
LINE
  5
18F
330
17
100
AcDbEntity
  8
A-VENTANA
100
AcDbLine
 10
7.859999999999999
 20
-18.59
 30
0.0
 11
10.16
 21
-18.59
 31
0.0
  0
LINE
  5
190
330
17
100
AcDbEntity
  8
A-VENTANA
100
AcDbLine
 10
7.859999999999999
 20
-18.65
 30
0.0
 11
7.859999999999999
 21
-18.53
 31
0.0
  0
LINE
  5
191
330
17
100
AcDbEntity
  8
A-VENTANA
100
AcDbLine
 10
10.16
 20
-18.65
 30
0.0
 11
10.16
 21
-18.53
 31
0.0
  0
LWPOLYLINE
  5
192
330
17
100
AcDbEntity
  8
A-MURO
100
AcDbPolyline
 90
4
 70
1
 10
7.76
 20
-18.65
 10
7.76
 20
-18.53
 10
7.859999999999999
 20
-18.53
 10
7.859999999999999
 20
-18.65
  0
HATCH
  5
193
330
17
100
AcDbEntity
  8
A-MURO-TRAMA
 62
7
100
AcDbHatch
 10
0.0
 20
0.0
 30
0.0
210
0.0
220
0.0
230
1.0
  2
ANSI31
 70
0
 71
0
 91
1
 92
3
 72
0
 73
1
 93
4
 10
7.76
 20
-18.65
 10
7.76
 20
-18.53
 10
7.859999999999999
 20
-18.53
 10
7.859999999999999
 20
-18.65
 97
0
 75
1
 76
1
 52
0.0
 41
0.03
 77
0
 78
1
 53
45.0
 43
0.0
 44
0.0
 45
-0.0020205576
 46
0.0020205576
 79
0
 98
0
  0
LWPOLYLINE
  5
194
330
17
100
AcDbEntity
  8
A-MURO
100
AcDbPolyline
 90
4
 70
1
 10
10.16
 20
-18.65
 10
10.16
 20
-18.53
 10
10.41
 20
-18.53
 10
10.41
 20
-18.65
  0
HATCH
  5
195
330
17
100
AcDbEntity
  8
A-MURO-TRAMA
 62
7
100
AcDbHatch
 10
0.0
 20
0.0
 30
0.0
210
0.0
220
0.0
230
1.0
  2
ANSI31
 70
0
 71
0
 91
1
 92
3
 72
0
 73
1
 93
4
 10
10.16
 20
-18.65
 10
10.16
 20
-18.53
 10
10.41
 20
-18.53
 10
10.41
 20
-18.65
 97
0
 75
1
 76
1
 52
0.0
 41
0.03
 77
0
 78
1
 53
45.0
 43
0.0
 44
0.0
 45
-0.0020205576
 46
0.0020205576
 79
0
 98
0
  0
LWPOLYLINE
  5
196
330
17
100
AcDbEntity
  8
A-MURO
100
AcDbPolyline
 90
4
 70
1
 10
16.830000000000002
 20
-18.65
 10
16.830000000000002
 20
-14.6
 10
16.98
 20
-14.6
 10
16.98
 20
-18.65
  0
HATCH
  5
197
330
17
100
AcDbEntity
  8
A-MURO-TRAMA
 62
7
100
AcDbHatch
 10
0.0
 20
0.0
 30
0.0
210
0.0
220
0.0
230
1.0
  2
ANSI31
 70
0
 71
0
 91
1
 92
3
 72
0
 73
1
 93
4
 10
16.830000000000002
 20
-18.65
 10
16.830000000000002
 20
-14.6
 10
16.98
 20
-14.6
 10
16.98
 20
-18.65
 97
0
 75
1
 76
1
 52
0.0
 41
0.03
 77
0
 78
1
 53
45.0
 43
0.0
 44
0.0
 45
-0.0020205576
 46
0.0020205576
 79
0
 98
0
  0
LWPOLYLINE
  5
198
330
17
100
AcDbEntity
  8
A-MURO
100
AcDbPolyline
 90
4
 70
1
 10
16.830000000000002
 20
-11.8
 10
16.830000000000002
 20
-11.15
 10
16.98
 20
-11.15
 10
16.98
 20
-11.8
  0
HATCH
  5
199
330
17
100
AcDbEntity
  8
A-MURO-TRAMA
 62
7
100
AcDbHatch
 10
0.0
 20
0.0
 30
0.0
210
0.0
220
0.0
230
1.0
  2
ANSI31
 70
0
 71
0
 91
1
 92
3
 72
0
 73
1
 93
4
 10
16.830000000000002
 20
-11.8
 10
16.830000000000002
 20
-11.15
 10
16.98
 20
-11.15
 10
16.98
 20
-11.8
 97
0
 75
1
 76
1
 52
0.0
 41
0.03
 77
0
 78
1
 53
45.0
 43
0.0
 44
0.0
 45
-0.0020205576
 46
0.0020205576
 79
0
 98
0
  0
LINE
  5
19A
330
17
100
AcDbEntity
  8
A-VENTANA
100
AcDbLine
 10
16.830000000000002
 20
-14.6
 30
0.0
 11
16.830000000000002
 21
-11.8
 31
0.0
  0
LINE
  5
19B
330
17
100
AcDbEntity
  8
A-VENTANA
100
AcDbLine
 10
16.98
 20
-14.6
 30
0.0
 11
16.98
 21
-11.8
 31
0.0
  0
LINE
  5
19C
330
17
100
AcDbEntity
  8
A-VENTANA
100
AcDbLine
 10
16.905
 20
-14.6
 30
0.0
 11
16.905
 21
-11.8
 31
0.0
  0
LINE
  5
19D
330
17
100
AcDbEntity
  8
A-VENTANA
100
AcDbLine
 10
16.830000000000002
 20
-14.6
 30
0.0
 11
16.98
 21
-14.6
 31
0.0
  0
LINE
  5
19E
330
17
100
AcDbEntity
  8
A-VENTANA
100
AcDbLine
 10
16.830000000000002
 20
-11.8
 30
0.0
 11
16.98
 21
-11.8
 31
0.0
  0
LWPOLYLINE
  5
19F
330
17
100
AcDbEntity
  8
A-MURO
100
AcDbPolyline
 90
4
 70
1
 10
16.98
 20
-15.309999999999999
 10
16.98
 20
-15.190000000000001
 10
19.48
 20
-15.190000000000001
 10
19.48
 20
-15.309999999999999
  0
HATCH
  5
1A0
330
17
100
AcDbEntity
  8
A-MURO-TRAMA
 62
7
100
AcDbHatch
 10
0.0
 20
0.0
 30
0.0
210
0.0
220
0.0
230
1.0
  2
ANSI31
 70
0
 71
0
 91
1
 92
3
 72
0
 73
1
 93
4
 10
16.98
 20
-15.309999999999999
 10
16.98
 20
-15.190000000000001
 10
19.48
 20
-15.190000000000001
 10
19.48
 20
-15.309999999999999
 97
0
 75
1
 76
1
 52
0.0
 41
0.03
 77
0
 78
1
 53
45.0
 43
0.0
 44
0.0
 45
-0.0020205576
 46
0.0020205576
 79
0
 98
0
  0
LWPOLYLINE
  5
1A1
330
17
100
AcDbEntity
  8
A-MURO
100
AcDbPolyline
 90
4
 70
1
 10
19.48
 20
-18.65
 10
19.48
 20
-14.6
 10
19.63
 20
-14.6
 10
19.63
 20
-18.65
  0
HATCH
  5
1A2
330
17
100
AcDbEntity
  8
A-MURO-TRAMA
 62
7
100
AcDbHatch
 10
0.0
 20
0.0
 30
0.0
210
0.0
220
0.0
230
1.0
  2
ANSI31
 70
0
 71
0
 91
1
 92
3
 72
0
 73
1
 93
4
 10
19.48
 20
-18.65
 10
19.48
 20
-14.6
 10
19.63
 20
-14.6
 10
19.63
 20
-18.65
 97
0
 75
1
 76
1
 52
0.0
 41
0.03
 77
0
 78
1
 53
45.0
 43
0.0
 44
0.0
 45
-0.0020205576
 46
0.0020205576
 79
0
 98
0
  0
LWPOLYLINE
  5
1A3
330
17
100
AcDbEntity
  8
A-MURO
100
AcDbPolyline
 90
4
 70
1
 10
19.48
 20
-11.6
 10
19.48
 20
-11.15
 10
19.63
 20
-11.15
 10
19.63
 20
-11.6
  0
HATCH
  5
1A4
330
17
100
AcDbEntity
  8
A-MURO-TRAMA
 62
7
100
AcDbHatch
 10
0.0
 20
0.0
 30
0.0
210
0.0
220
0.0
230
1.0
  2
ANSI31
 70
0
 71
0
 91
1
 92
3
 72
0
 73
1
 93
4
 10
19.48
 20
-11.6
 10
19.48
 20
-11.15
 10
19.63
 20
-11.15
 10
19.63
 20
-11.6
 97
0
 75
1
 76
1
 52
0.0
 41
0.03
 77
0
 78
1
 53
45.0
 43
0.0
 44
0.0
 45
-0.0020205576
 46
0.0020205576
 79
0
 98
0
  0
LINE
  5
1A5
330
17
100
AcDbEntity
  8
A-VENTANA
100
AcDbLine
 10
19.48
 20
-14.6
 30
0.0
 11
19.48
 21
-11.6
 31
0.0
  0
LINE
  5
1A6
330
17
100
AcDbEntity
  8
A-VENTANA
100
AcDbLine
 10
19.63
 20
-14.6
 30
0.0
 11
19.63
 21
-11.6
 31
0.0
  0
LINE
  5
1A7
330
17
100
AcDbEntity
  8
A-VENTANA
100
AcDbLine
 10
19.555
 20
-14.6
 30
0.0
 11
19.555
 21
-11.6
 31
0.0
  0
LINE
  5
1A8
330
17
100
AcDbEntity
  8
A-VENTANA
100
AcDbLine
 10
19.48
 20
-14.6
 30
0.0
 11
19.63
 21
-14.6
 31
0.0
  0
LINE
  5
1A9
330
17
100
AcDbEntity
  8
A-VENTANA
100
AcDbLine
 10
19.48
 20
-11.6
 30
0.0
 11
19.63
 21
-11.6
 31
0.0
  0
LWPOLYLINE
  5
1AA
330
17
100
AcDbEntity
  8
A-MURO
100
AcDbPolyline
 90
4
 70
1
 10
2.21
 20
-16.4
 10
2.21
 20
-16.28
 10
4.53
 20
-16.28
 10
4.53
 20
-16.4
  0
HATCH
  5
1AB
330
17
100
AcDbEntity
  8
A-MURO-TRAMA
 62
7
100
AcDbHatch
 10
0.0
 20
0.0
 30
0.0
210
0.0
220
0.0
230
1.0
  2
ANSI31
 70
0
 71
0
 91
1
 92
3
 72
0
 73
1
 93
4
 10
2.21
 20
-16.4
 10
2.21
 20
-16.28
 10
4.53
 20
-16.28
 10
4.53
 20
-16.4
 97
0
 75
1
 76
1
 52
0.0
 41
0.03
 77
0
 78
1
 53
45.0
 43
0.0
 44
0.0
 45
-0.0020205576
 46
0.0020205576
 79
0
 98
0
  0
LWPOLYLINE
  5
1AC
330
17
100
AcDbEntity
  8
A-MURO
100
AcDbPolyline
 90
4
 70
1
 10
4.41
 20
-15.48
 10
4.41
 20
-14.73
 10
4.53
 20
-14.73
 10
4.53
 20
-15.48
  0
HATCH
  5
1AD
330
17
100
AcDbEntity
  8
A-MURO-TRAMA
 62
7
100
AcDbHatch
 10
0.0
 20
0.0
 30
0.0
210
0.0
220
0.0
230
1.0
  2
ANSI31
 70
0
 71
0
 91
1
 92
3
 72
0
 73
1
 93
4
 10
4.41
 20
-15.48
 10
4.41
 20
-14.73
 10
4.53
 20
-14.73
 10
4.53
 20
-15.48
 97
0
 75
1
 76
1
 52
0.0
 41
0.03
 77
0
 78
1
 53
45.0
 43
0.0
 44
0.0
 45
-0.0020205576
 46
0.0020205576
 79
0
 98
0
  0
LWPOLYLINE
  5
1AE
330
17
100
AcDbEntity
  8
A-MURO
100
AcDbPolyline
 90
4
 70
1
 10
2.21
 20
-14.73
 10
2.21
 20
-14.61
 10
5.58
 20
-14.61
 10
5.58
 20
-14.73
  0
HATCH
  5
1AF
330
17
100
AcDbEntity
  8
A-MURO-TRAMA
 62
7
100
AcDbHatch
 10
0.0
 20
0.0
 30
0.0
210
0.0
220
0.0
230
1.0
  2
ANSI31
 70
0
 71
0
 91
1
 92
3
 72
0
 73
1
 93
4
 10
2.21
 20
-14.73
 10
2.21
 20
-14.61
 10
5.58
 20
-14.61
 10
5.58
 20
-14.73
 97
0
 75
1
 76
1
 52
0.0
 41
0.03
 77
0
 78
1
 53
45.0
 43
0.0
 44
0.0
 45
-0.0020205576
 46
0.0020205576
 79
0
 98
0
  0
LWPOLYLINE
  5
1B0
330
17
100
AcDbEntity
  8
A-MURO
100
AcDbPolyline
 90
4
 70
1
 10
5.46
 20
-14.61
 10
5.46
 20
-14.0
 10
5.58
 20
-14.0
 10
5.58
 20
-14.61
  0
HATCH
  5
1B1
330
17
100
AcDbEntity
  8
A-MURO-TRAMA
 62
7
100
AcDbHatch
 10
0.0
 20
0.0
 30
0.0
210
0.0
220
0.0
230
1.0
  2
ANSI31
 70
0
 71
0
 91
1
 92
3
 72
0
 73
1
 93
4
 10
5.46
 20
-14.61
 10
5.46
 20
-14.0
 10
5.58
 20
-14.0
 10
5.58
 20
-14.61
 97
0
 75
1
 76
1
 52
0.0
 41
0.03
 77
0
 78
1
 53
45.0
 43
0.0
 44
0.0
 45
-0.0020205576
 46
0.0020205576
 79
0
 98
0
  0
LWPOLYLINE
  5
1B2
330
17
100
AcDbEntity
  8
A-MURO
100
AcDbPolyline
 90
4
 70
1
 10
5.46
 20
-13.2
 10
5.46
 20
-11.15
 10
5.58
 20
-11.15
 10
5.58
 20
-13.2
  0
HATCH
  5
1B3
330
17
100
AcDbEntity
  8
A-MURO-TRAMA
 62
7
100
AcDbHatch
 10
0.0
 20
0.0
 30
0.0
210
0.0
220
0.0
230
1.0
  2
ANSI31
 70
0
 71
0
 91
1
 92
3
 72
0
 73
1
 93
4
 10
5.46
 20
-13.2
 10
5.46
 20
-11.15
 10
5.58
 20
-11.15
 10
5.58
 20
-13.2
 97
0
 75
1
 76
1
 52
0.0
 41
0.03
 77
0
 78
1
 53
45.0
 43
0.0
 44
0.0
 45
-0.0020205576
 46
0.0020205576
 79
0
 98
0
  0
LINE
  5
1B4
330
17
100
AcDbEntity
  8
A-PUERTA
100
AcDbLine
 10
7.609999999999999
 20
-18.85
 30
0.0
 11
6.709999999999999
 21
-18.85
 31
0.0
  0
ARC
  5
1B5
330
17
100
AcDbEntity
  8
A-PUERTA
100
AcDbCircle
 10
7.609999999999999
 20
-18.85
 30
0.0
 40
0.9
100
AcDbArc
 50
180.0
 51
-90.0
  0
LINE
  5
1B6
330
17
100
AcDbEntity
  8
A-PUERTA
100
AcDbLine
 10
4.53
 20
-16.28
 30
0.0
 11
5.33
 21
-16.28
 31
0.0
  0
ARC
  5
1B7
330
17
100
AcDbEntity
  8
A-PUERTA
100
AcDbCircle
 10
4.53
 20
-16.28
 30
0.0
 40
0.8
100
AcDbArc
 50
0.0
 51
90.0
  0
LINE
  5
1B8
330
17
100
AcDbEntity
  8
A-PUERTA
100
AcDbLine
 10
5.46
 20
-14.0
 30
0.0
 11
4.66
 21
-14.0
 31
0.0
  0
ARC
  5
1B9
330
17
100
AcDbEntity
  8
A-PUERTA
100
AcDbCircle
 10
5.46
 20
-14.0
 30
0.0
 40
0.8
100
AcDbArc
 50
90.0
 51
180.0
  0
LINE
  5
1BA
330
17
100
AcDbEntity
  8
A-ESCALERA
100
AcDbLine
 10
16.98
 20
-18.65
 30
0.0
 11
18.080000000000002
 21
-18.65
 31
0.0
  0
LINE
  5
1BB
330
17
100
AcDbEntity
  8
A-ESCALERA
100
AcDbLine
 10
16.98
 20
-18.37
 30
0.0
 11
18.080000000000002
 21
-18.37
 31
0.0
  0
LINE
  5
1BC
330
17
100
AcDbEntity
  8
A-ESCALERA
100
AcDbLine
 10
16.98
 20
-18.09
 30
0.0
 11
18.080000000000002
 21
-18.09
 31
0.0
  0
LINE
  5
1BD
330
17
100
AcDbEntity
  8
A-ESCALERA
100
AcDbLine
 10
16.98
 20
-17.81
 30
0.0
 11
18.080000000000002
 21
-17.81
 31
0.0
  0
LINE
  5
1BE
330
17
100
AcDbEntity
  8
A-ESCALERA
100
AcDbLine
 10
16.98
 20
-17.53
 30
0.0
 11
18.080000000000002
 21
-17.53
 31
0.0
  0
LINE
  5
1BF
330
17
100
AcDbEntity
  8
A-ESCALERA
100
AcDbLine
 10
16.98
 20
-17.25
 30
0.0
 11
18.080000000000002
 21
-17.25
 31
0.0
  0
LINE
  5
1C0
330
17
100
AcDbEntity
  8
A-ESCALERA
100
AcDbLine
 10
16.98
 20
-16.97
 30
0.0
 11
18.080000000000002
 21
-16.97
 31
0.0
  0
LINE
  5
1C1
330
17
100
AcDbEntity
  8
A-PROYECCION
 48
0.1
100
AcDbLine
 10
16.98
 20
-16.689999999999998
 30
0.0
 11
18.080000000000002
 21
-16.689999999999998
 31
0.0
  0
LINE
  5
1C2
330
17
100
AcDbEntity
  8
A-PROYECCION
 48
0.1
100
AcDbLine
 10
16.98
 20
-16.41
 30
0.0
 11
18.080000000000002
 21
-16.41
 31
0.0
  0
LINE
  5
1C3
330
17
100
AcDbEntity
  8
A-ESCALERA
100
AcDbLine
 10
18.080000000000002
 20
-18.65
 30
0.0
 11
18.080000000000002
 21
-16.97
 31
0.0
  0
LINE
  5
1C4
330
17
100
AcDbEntity
  8
A-PROYECCION
 48
0.1
100
AcDbLine
 10
18.080000000000002
 20
-16.97
 30
0.0
 11
18.080000000000002
 21
-16.41
 31
0.0
  0
LINE
  5
1C5
330
17
100
AcDbEntity
  8
A-ESCALERA
100
AcDbLine
 10
16.98
 20
-17.22
 30
0.0
 11
18.080000000000002
 21
-16.72
 31
0.0
  0
LINE
  5
1C6
330
17
100
AcDbEntity
  8
A-ESCALERA
100
AcDbLine
 10
18.38
 20
-16.41
 30
0.0
 11
19.48
 21
-16.41
 31
0.0
  0
LINE
  5
1C7
330
17
100
AcDbEntity
  8
A-ESCALERA
100
AcDbLine
 10
18.38
 20
-16.689999999999998
 30
0.0
 11
19.48
 21
-16.689999999999998
 31
0.0
  0
LINE
  5
1C8
330
17
100
AcDbEntity
  8
A-ESCALERA
100
AcDbLine
 10
18.38
 20
-16.97
 30
0.0
 11
19.48
 21
-16.97
 31
0.0
  0
LINE
  5
1C9
330
17
100
AcDbEntity
  8
A-ESCALERA
100
AcDbLine
 10
18.38
 20
-17.25
 30
0.0
 11
19.48
 21
-17.25
 31
0.0
  0
LINE
  5
1CA
330
17
100
AcDbEntity
  8
A-ESCALERA
100
AcDbLine
 10
18.38
 20
-17.53
 30
0.0
 11
19.48
 21
-17.53
 31
0.0
  0
LINE
  5
1CB
330
17
100
AcDbEntity
  8
A-ESCALERA
100
AcDbLine
 10
18.38
 20
-17.81
 30
0.0
 11
19.48
 21
-17.81
 31
0.0
  0
LINE
  5
1CC
330
17
100
AcDbEntity
  8
A-ESCALERA
100
AcDbLine
 10
18.38
 20
-18.09
 30
0.0
 11
19.48
 21
-18.09
 31
0.0
  0
LINE
  5
1CD
330
17
100
AcDbEntity
  8
A-ESCALERA
100
AcDbLine
 10
18.38
 20
-18.37
 30
0.0
 11
19.48
 21
-18.37
 31
0.0
  0
LINE
  5
1CE
330
17
100
AcDbEntity
  8
A-ESCALERA
100
AcDbLine
 10
18.38
 20
-18.37
 30
0.0
 11
18.38
 21
-16.41
 31
0.0
  0
LINE
  5
1CF
330
17
100
AcDbEntity
  8
A-PROYECCION
 48
0.1
100
AcDbLine
 10
16.98
 20
-16.41
 30
0.0
 11
19.48
 21
-16.41
 31
0.0
  0
LINE
  5
1D0
330
17
100
AcDbEntity
  8
A-ESCALERA
100
AcDbLine
 10
18.23
 20
-18.37
 30
0.0
 11
18.23
 21
-16.41
 31
0.0
  0
LINE
  5
1D1
330
17
100
AcDbEntity
  8
A-ESCALERA
100
AcDbLine
 10
17.53
 20
-18.5
 30
0.0
 11
17.53
 21
-17.12
 31
0.0
  0
SOLID
  5
1D2
330
17
100
AcDbEntity
  8
A-ESCALERA
100
AcDbTrace
 10
17.53
 20
-17.12
 30
0.0
 11
17.41
 21
-17.32
 31
0.0
 12
17.650000000000002
 22
-17.32
 32
0.0
 13
17.650000000000002
 23
-17.32
 33
0.0
  0
TEXT
  5
1D3
330
17
100
AcDbEntity
  8
A-ESCALERA
100
AcDbText
 10
17.71
 20
-17.81
 30
0.0
 40
0.12
  1
SUBE
  7
ARIAL
 72
1
 11
17.71
 21
-17.81
 31
0.0
100
AcDbText
 73
2
  0
LINE
  5
1D4
330
17
100
AcDbEntity
  8
A-ESCALERA
100
AcDbLine
 10
18.93
 20
-18.2
 30
0.0
 11
18.93
 21
-16.56
 31
0.0
  0
SOLID
  5
1D5
330
17
100
AcDbEntity
  8
A-ESCALERA
100
AcDbTrace
 10
18.93
 20
-16.56
 30
0.0
 11
18.81
 21
-16.759999999999998
 31
0.0
 12
19.05
 22
-16.759999999999998
 32
0.0
 13
19.05
 23
-16.759999999999998
 33
0.0
  0
TEXT
  5
1D6
330
17
100
AcDbEntity
  8
A-ESCALERA
100
AcDbText
 10
19.11
 20
-17.38
 30
0.0
 40
0.12
  1
BAJA
  7
ARIAL
 72
1
 11
19.11
 21
-17.38
 31
0.0
100
AcDbText
 73
2
  0
LWPOLYLINE
  5
1D7
330
17
100
AcDbEntity
  8
E-COLUMNA
100
AcDbPolyline
 90
4
 70
1
 10
2.06
 20
-15.31
 10
2.06
 20
-15.01
 10
2.36
 20
-15.01
 10
2.36
 20
-15.31
  0
HATCH
  5
1D8
330
17
100
AcDbEntity
  8
E-COLUMNA
 62
7
100
AcDbHatch
 10
0.0
 20
0.0
 30
0.0
210
0.0
220
0.0
230
1.0
  2
SOLID
 70
1
 71
0
 91
1
 92
3
 72
0
 73
1
 93
4
 10
2.06
 20
-15.31
 10
2.06
 20
-15.01
 10
2.36
 20
-15.01
 10
2.36
 20
-15.31
 97
0
 75
0
 76
1
 98
0
  0
TEXT
  5
1D9
330
17
100
AcDbEntity
  8
E-COLUMNA
100
AcDbText
 10
2.48
 20
-14.89
 30
0.0
 40
0.1
  1
C1
  7
ARIAL
 11
2.48
 21
-14.89
 31
0.0
100
AcDbText
 73
2
  0
LWPOLYLINE
  5
1DA
330
17
100
AcDbEntity
  8
E-COLUMNA
100
AcDbPolyline
 90
4
 70
1
 10
7.534999999999999
 20
-15.31
 10
7.534999999999999
 20
-15.01
 10
7.835
 20
-15.01
 10
7.835
 20
-15.31
  0
HATCH
  5
1DB
330
17
100
AcDbEntity
  8
E-COLUMNA
 62
7
100
AcDbHatch
 10
0.0
 20
0.0
 30
0.0
210
0.0
220
0.0
230
1.0
  2
SOLID
 70
1
 71
0
 91
1
 92
3
 72
0
 73
1
 93
4
 10
7.534999999999999
 20
-15.31
 10
7.534999999999999
 20
-15.01
 10
7.835
 20
-15.01
 10
7.835
 20
-15.31
 97
0
 75
0
 76
1
 98
0
  0
TEXT
  5
1DC
330
17
100
AcDbEntity
  8
E-COLUMNA
100
AcDbText
 10
7.955
 20
-14.89
 30
0.0
 40
0.1
  1
C2
  7
ARIAL
 11
7.955
 21
-14.89
 31
0.0
100
AcDbText
 73
2
  0
LWPOLYLINE
  5
1DD
330
17
100
AcDbEntity
  8
E-COLUMNA
100
AcDbPolyline
 90
4
 70
1
 10
10.185
 20
-15.31
 10
10.185
 20
-15.01
 10
10.485000000000001
 20
-15.01
 10
10.485000000000001
 20
-15.31
  0
HATCH
  5
1DE
330
17
100
AcDbEntity
  8
E-COLUMNA
 62
7
100
AcDbHatch
 10
0.0
 20
0.0
 30
0.0
210
0.0
220
0.0
230
1.0
  2
SOLID
 70
1
 71
0
 91
1
 92
3
 72
0
 73
1
 93
4
 10
10.185
 20
-15.31
 10
10.185
 20
-15.01
 10
10.485000000000001
 20
-15.01
 10
10.485000000000001
 20
-15.31
 97
0
 75
0
 76
1
 98
0
  0
TEXT
  5
1DF
330
17
100
AcDbEntity
  8
E-COLUMNA
100
AcDbText
 10
10.605
 20
-14.89
 30
0.0
 40
0.1
  1
C3
  7
ARIAL
 11
10.605
 21
-14.89
 31
0.0
100
AcDbText
 73
2
  0
LWPOLYLINE
  5
1E0
330
17
100
AcDbEntity
  8
E-COLUMNA
100
AcDbPolyline
 90
4
 70
1
 10
16.755000000000003
 20
-15.31
 10
16.755000000000003
 20
-15.01
 10
17.055
 20
-15.01
 10
17.055
 20
-15.31
  0
HATCH
  5
1E1
330
17
100
AcDbEntity
  8
E-COLUMNA
 62
7
100
AcDbHatch
 10
0.0
 20
0.0
 30
0.0
210
0.0
220
0.0
230
1.0
  2
SOLID
 70
1
 71
0
 91
1
 92
3
 72
0
 73
1
 93
4
 10
16.755000000000003
 20
-15.31
 10
16.755000000000003
 20
-15.01
 10
17.055
 20
-15.01
 10
17.055
 20
-15.31
 97
0
 75
0
 76
1
 98
0
  0
TEXT
  5
1E2
330
17
100
AcDbEntity
  8
E-COLUMNA
100
AcDbText
 10
17.175
 20
-14.89
 30
0.0
 40
0.1
  1
C4
  7
ARIAL
 11
17.175
 21
-14.89
 31
0.0
100
AcDbText
 73
2
  0
LWPOLYLINE
  5
1E3
330
17
100
AcDbEntity
  8
E-COLUMNA
100
AcDbPolyline
 90
4
 70
1
 10
19.405
 20
-15.31
 10
19.405
 20
-15.01
 10
19.705
 20
-15.01
 10
19.705
 20
-15.31
  0
HATCH
  5
1E4
330
17
100
AcDbEntity
  8
E-COLUMNA
 62
7
100
AcDbHatch
 10
0.0
 20
0.0
 30
0.0
210
0.0
220
0.0
230
1.0
  2
SOLID
 70
1
 71
0
 91
1
 92
3
 72
0
 73
1
 93
4
 10
19.405
 20
-15.31
 10
19.405
 20
-15.01
 10
19.705
 20
-15.01
 10
19.705
 20
-15.31
 97
0
 75
0
 76
1
 98
0
  0
TEXT
  5
1E5
330
17
100
AcDbEntity
  8
E-COLUMNA
100
AcDbText
 10
19.825
 20
-14.89
 30
0.0
 40
0.1
  1
C5
  7
ARIAL
 11
19.825
 21
-14.89
 31
0.0
100
AcDbText
 73
2
  0
LWPOLYLINE
  5
1E6
330
17
100
AcDbEntity
  8
E-COLUMNA
100
AcDbPolyline
 90
4
 70
1
 10
24.880000000000003
 20
-15.31
 10
24.880000000000003
 20
-15.01
 10
25.18
 20
-15.01
 10
25.18
 20
-15.31
  0
HATCH
  5
1E7
330
17
100
AcDbEntity
  8
E-COLUMNA
 62
7
100
AcDbHatch
 10
0.0
 20
0.0
 30
0.0
210
0.0
220
0.0
230
1.0
  2
SOLID
 70
1
 71
0
 91
1
 92
3
 72
0
 73
1
 93
4
 10
24.880000000000003
 20
-15.31
 10
24.880000000000003
 20
-15.01
 10
25.18
 20
-15.01
 10
25.18
 20
-15.31
 97
0
 75
0
 76
1
 98
0
  0
TEXT
  5
1E8
330
17
100
AcDbEntity
  8
E-COLUMNA
100
AcDbText
 10
25.3
 20
-14.89
 30
0.0
 40
0.1
  1
C6
  7
ARIAL
 11
25.3
 21
-14.89
 31
0.0
100
AcDbText
 73
2
  0
LINE
  5
1E9
330
17
100
AcDbEntity
  8
A-PROYECCION
 48
0.1
100
AcDbLine
 10
7.76
 20
-18.53
 30
0.0
 11
10.26
 21
-11.15
 31
0.0
  0
LINE
  5
1EA
330
17
100
AcDbEntity
  8
A-PROYECCION
 48
0.1
100
AcDbLine
 10
7.76
 20
-11.15
 30
0.0
 11
10.26
 21
-18.53
 31
0.0
  0
LINE
  5
1EB
330
17
100
AcDbEntity
  8
A-PROYECCION
 48
0.1
100
AcDbLine
 10
16.98
 20
-15.190000000000001
 30
0.0
 11
19.48
 21
-11.15
 31
0.0
  0
LINE
  5
1EC
330
17
100
AcDbEntity
  8
A-PROYECCION
 48
0.1
100
AcDbLine
 10
16.98
 20
-11.15
 30
0.0
 11
19.48
 21
-15.190000000000001
 31
0.0
  0
MTEXT
  5
1ED
330
17
100
AcDbEntity
  8
A-ESPACIOS
100
AcDbMText
 10
5.25
 20
-18.05
 30
0.0
 40
0.15
 41
4.0
 71
5
  1
SUITE 1\PDORMITORIO Y ESTAR
  7
ARIAL
  0
MTEXT
  5
1EE
330
17
100
AcDbEntity
  8
A-ESPACIOS
100
AcDbMText
 10
4.05
 20
-15.879999999999999
 30
0.0
 40
0.1
 41
4.0
 71
5
  1
BAÑO\P3,41 m²
  7
ARIAL
  0
MTEXT
  5
1EF
330
17
100
AcDbEntity
  8
A-ESPACIOS
100
AcDbMText
 10
3.85
 20
-12.9
 30
0.0
 40
0.12
 41
4.0
 71
5
  1
WALK-IN CLOSET\P3.46 x 3.25\P11,24 m²
  7
ARIAL
  0
MTEXT
  5
1F0
330
17
100
AcDbEntity
  8
A-ESPACIOS
100
AcDbMText
 10
14.9
 20
-17.1
 30
0.0
 40
0.15
 41
4.0
 71
5
  1
COCINA - COMEDOR\P7.38 x 6.42\P47,38 m²
  7
ARIAL
  0
MTEXT
  5
1F1
330
17
100
AcDbEntity
  8
A-ESPACIOS
100
AcDbMText
 10
20.7
 20
-13.8
 30
0.0
 40
0.15
 41
4.0
 71
5
  1
SALA FAMILIAR\P8.70 x 5.40\P46,98 m²
  7
ARIAL
  0
TEXT
  5
1F2
330
17
100
AcDbEntity
  8
A-ESPACIOS
100
AcDbText
 10
13.0
 20
-19.25
 30
0.0
 40
0.13
  1
PASILLO
  7
ARIAL
 72
1
 11
13.0
 21
-19.25
 31
0.0
100
AcDbText
 73
2
  0
MTEXT
  5
1F3
330
17
100
AcDbEntity
  8
A-ESPACIOS
100
AcDbMText
 10
9.0
 20
-14.84
 30
0.0
 40
0.14
 41
3.0
 71
5
  1
PATIO DE LUZ P1\P(ABIERTO)
  7
ARIAL
  0
MTEXT
  5
1F4
330
17
100
AcDbEntity
  8
A-ESPACIOS
100
AcDbMText
 10
18.25
 20
-13.17
 30
0.0
 40
0.14
 41
3.0
 71
5
  1
PATIO P2\P(ABIERTO)
  7
ARIAL
  0
TEXT
  5
1F5
330
17
100
AcDbEntity
  8
A-ESPACIOS
100
AcDbText
 10
-2.15
 20
-15.5
 30
0.0
 40
0.22
  1
CALLE PÚBLICA
 50
90.0
  7
ARIAL
 72
1
 11
-2.15
 21
-15.5
 31
0.0
100
AcDbText
 73
2
  0
LINE
  5
1F6
330
17
100
AcDbEntity
  8
A-EJES
 48
0.05
100
AcDbLine
 10
-0.2
 20
-19.925
 30
0.0
 11
29.85
 21
-19.925
 31
0.0
  0
CIRCLE
  5
1F7
330
17
100
AcDbEntity
  8
A-EJES-TXT
100
AcDbCircle
 10
30.130000000000003
 20
-19.925
 30
0.0
 40
0.28
  0
TEXT
  5
1F8
330
17
100
AcDbEntity
  8
A-EJES-TXT
100
AcDbText
 10
30.130000000000003
 20
-19.925
 30
0.0
 40
0.22
  1
A
  7
ARIAL
 72
1
 11
30.130000000000003
 21
-19.925
 31
0.0
100
AcDbText
 73
2
  0
LINE
  5
1F9
330
17
100
AcDbEntity
  8
A-EJES
 48
0.05
100
AcDbLine
 10
-0.2
 20
-18.59
 30
0.0
 11
29.85
 21
-18.59
 31
0.0
  0
CIRCLE
  5
1FA
330
17
100
AcDbEntity
  8
A-EJES-TXT
100
AcDbCircle
 10
30.130000000000003
 20
-18.59
 30
0.0
 40
0.28
  0
TEXT
  5
1FB
330
17
100
AcDbEntity
  8
A-EJES-TXT
100
AcDbText
 10
30.130000000000003
 20
-18.59
 30
0.0
 40
0.22
  1
B
  7
ARIAL
 72
1
 11
30.130000000000003
 21
-18.59
 31
0.0
100
AcDbText
 73
2
  0
LINE
  5
1FC
330
17
100
AcDbEntity
  8
A-EJES
 48
0.05
100
AcDbLine
 10
-0.2
 20
-15.16
 30
0.0
 11
29.85
 21
-15.16
 31
0.0
  0
CIRCLE
  5
1FD
330
17
100
AcDbEntity
  8
A-EJES-TXT
100
AcDbCircle
 10
30.130000000000003
 20
-15.16
 30
0.0
 40
0.28
  0
TEXT
  5
1FE
330
17
100
AcDbEntity
  8
A-EJES-TXT
100
AcDbText
 10
30.130000000000003
 20
-15.16
 30
0.0
 40
0.22
  1
C
  7
ARIAL
 72
1
 11
30.130000000000003
 21
-15.16
 31
0.0
100
AcDbText
 73
2
  0
LINE
  5
1FF
330
17
100
AcDbEntity
  8
A-EJES
 48
0.05
100
AcDbLine
 10
-0.2
 20
-11.075
 30
0.0
 11
29.85
 21
-11.075
 31
0.0
  0
CIRCLE
  5
200
330
17
100
AcDbEntity
  8
A-EJES-TXT
100
AcDbCircle
 10
30.130000000000003
 20
-11.075
 30
0.0
 40
0.28
  0
TEXT
  5
201
330
17
100
AcDbEntity
  8
A-EJES-TXT
100
AcDbText
 10
30.130000000000003
 20
-11.075
 30
0.0
 40
0.22
  1
D
  7
ARIAL
 72
1
 11
30.130000000000003
 21
-11.075
 31
0.0
100
AcDbText
 73
2
  0
LINE
  5
202
330
17
100
AcDbEntity
  8
A-EJES
 48
0.05
100
AcDbLine
 10
2.1350000000000002
 20
-22.35
 30
0.0
 11
2.1350000000000002
 21
-9.8
 31
0.0
  0
CIRCLE
  5
203
330
17
100
AcDbEntity
  8
A-EJES-TXT
100
AcDbCircle
 10
2.1350000000000002
 20
-22.63
 30
0.0
 40
0.28
  0
TEXT
  5
204
330
17
100
AcDbEntity
  8
A-EJES-TXT
100
AcDbText
 10
2.1350000000000002
 20
-22.63
 30
0.0
 40
0.22
  1
1
  7
ARIAL
 72
1
 11
2.1350000000000002
 21
-22.63
 31
0.0
100
AcDbText
 73
2
  0
LINE
  5
205
330
17
100
AcDbEntity
  8
A-EJES
 48
0.05
100
AcDbLine
 10
7.685
 20
-22.35
 30
0.0
 11
7.685
 21
-9.8
 31
0.0
  0
CIRCLE
  5
206
330
17
100
AcDbEntity
  8
A-EJES-TXT
100
AcDbCircle
 10
7.685
 20
-22.63
 30
0.0
 40
0.28
  0
TEXT
  5
207
330
17
100
AcDbEntity
  8
A-EJES-TXT
100
AcDbText
 10
7.685
 20
-22.63
 30
0.0
 40
0.22
  1
2
  7
ARIAL
 72
1
 11
7.685
 21
-22.63
 31
0.0
100
AcDbText
 73
2
  0
LINE
  5
208
330
17
100
AcDbEntity
  8
A-EJES
 48
0.05
100
AcDbLine
 10
10.335
 20
-22.35
 30
0.0
 11
10.335
 21
-9.8
 31
0.0
  0
CIRCLE
  5
209
330
17
100
AcDbEntity
  8
A-EJES-TXT
100
AcDbCircle
 10
10.335
 20
-22.63
 30
0.0
 40
0.28
  0
TEXT
  5
20A
330
17
100
AcDbEntity
  8
A-EJES-TXT
100
AcDbText
 10
10.335
 20
-22.63
 30
0.0
 40
0.22
  1
3
  7
ARIAL
 72
1
 11
10.335
 21
-22.63
 31
0.0
100
AcDbText
 73
2
  0
LINE
  5
20B
330
17
100
AcDbEntity
  8
A-EJES
 48
0.05
100
AcDbLine
 10
16.905
 20
-22.35
 30
0.0
 11
16.905
 21
-9.8
 31
0.0
  0
CIRCLE
  5
20C
330
17
100
AcDbEntity
  8
A-EJES-TXT
100
AcDbCircle
 10
16.905
 20
-22.63
 30
0.0
 40
0.28
  0
TEXT
  5
20D
330
17
100
AcDbEntity
  8
A-EJES-TXT
100
AcDbText
 10
16.905
 20
-22.63
 30
0.0
 40
0.22
  1
4
  7
ARIAL
 72
1
 11
16.905
 21
-22.63
 31
0.0
100
AcDbText
 73
2
  0
LINE
  5
20E
330
17
100
AcDbEntity
  8
A-EJES
 48
0.05
100
AcDbLine
 10
19.555
 20
-22.35
 30
0.0
 11
19.555
 21
-9.8
 31
0.0
  0
CIRCLE
  5
20F
330
17
100
AcDbEntity
  8
A-EJES-TXT
100
AcDbCircle
 10
19.555
 20
-22.63
 30
0.0
 40
0.28
  0
TEXT
  5
210
330
17
100
AcDbEntity
  8
A-EJES-TXT
100
AcDbText
 10
19.555
 20
-22.63
 30
0.0
 40
0.22
  1
5
  7
ARIAL
 72
1
 11
19.555
 21
-22.63
 31
0.0
100
AcDbText
 73
2
  0
LINE
  5
211
330
17
100
AcDbEntity
  8
A-EJES
 48
0.05
100
AcDbLine
 10
25.105
 20
-22.35
 30
0.0
 11
25.105
 21
-9.8
 31
0.0
  0
CIRCLE
  5
212
330
17
100
AcDbEntity
  8
A-EJES-TXT
100
AcDbCircle
 10
25.105
 20
-22.63
 30
0.0
 40
0.28
  0
TEXT
  5
213
330
17
100
AcDbEntity
  8
A-EJES-TXT
100
AcDbText
 10
25.105
 20
-22.63
 30
0.0
 40
0.22
  1
6
  7
ARIAL
 72
1
 11
25.105
 21
-22.63
 31
0.0
100
AcDbText
 73
2
  0
LWPOLYLINE
  5
214
330
17
100
AcDbEntity
  8
T-LINDERO
100
AcDbPolyline
 90
5
 70
1
 10
0.0
 20
-40.0
 10
0.010879637986303953
 20
-35.33528332765827
 10
0.05655167053563409
 20
-30.992575178851485
 10
28.51811244861565
 20
-31.000196537113997
 10
28.511978184595964
 20
-40.0
  0
LWPOLYLINE
  5
215
330
17
100
AcDbEntity
  8
A-MURO
100
AcDbPolyline
 90
4
 70
1
 10
2.06
 20
-40.0
 10
2.06
 20
-39.85
 10
25.18
 20
-39.85
 10
25.18
 20
-40.0
  0
HATCH
  5
216
330
17
100
AcDbEntity
  8
A-MURO-TRAMA
 62
7
100
AcDbHatch
 10
0.0
 20
0.0
 30
0.0
210
0.0
220
0.0
230
1.0
  2
ANSI31
 70
0
 71
0
 91
1
 92
3
 72
0
 73
1
 93
4
 10
2.06
 20
-40.0
 10
2.06
 20
-39.85
 10
25.18
 20
-39.85
 10
25.18
 20
-40.0
 97
0
 75
1
 76
1
 52
0.0
 41
0.03
 77
0
 78
1
 53
45.0
 43
0.0
 44
0.0
 45
-0.0020205576
 46
0.0020205576
 79
0
 98
0
  0
LWPOLYLINE
  5
217
330
17
100
AcDbEntity
  8
A-MURO
100
AcDbPolyline
 90
4
 70
1
 10
2.06
 20
-31.15
 10
2.06
 20
-31.0
 10
25.18
 20
-31.0
 10
25.18
 20
-31.15
  0
HATCH
  5
218
330
17
100
AcDbEntity
  8
A-MURO-TRAMA
 62
7
100
AcDbHatch
 10
0.0
 20
0.0
 30
0.0
210
0.0
220
0.0
230
1.0
  2
ANSI31
 70
0
 71
0
 91
1
 92
3
 72
0
 73
1
 93
4
 10
2.06
 20
-31.15
 10
2.06
 20
-31.0
 10
25.18
 20
-31.0
 10
25.18
 20
-31.15
 97
0
 75
1
 76
1
 52
0.0
 41
0.03
 77
0
 78
1
 53
45.0
 43
0.0
 44
0.0
 45
-0.0020205576
 46
0.0020205576
 79
0
 98
0
  0
LWPOLYLINE
  5
219
330
17
100
AcDbEntity
  8
A-MURO
100
AcDbPolyline
 90
4
 70
1
 10
2.06
 20
-39.85
 10
2.06
 20
-39.3
 10
2.21
 20
-39.3
 10
2.21
 20
-39.85
  0
HATCH
  5
21A
330
17
100
AcDbEntity
  8
A-MURO-TRAMA
 62
7
100
AcDbHatch
 10
0.0
 20
0.0
 30
0.0
210
0.0
220
0.0
230
1.0
  2
ANSI31
 70
0
 71
0
 91
1
 92
3
 72
0
 73
1
 93
4
 10
2.06
 20
-39.85
 10
2.06
 20
-39.3
 10
2.21
 20
-39.3
 10
2.21
 20
-39.85
 97
0
 75
1
 76
1
 52
0.0
 41
0.03
 77
0
 78
1
 53
45.0
 43
0.0
 44
0.0
 45
-0.0020205576
 46
0.0020205576
 79
0
 98
0
  0
LWPOLYLINE
  5
21B
330
17
100
AcDbEntity
  8
A-MURO
100
AcDbPolyline
 90
4
 70
1
 10
2.06
 20
-37.1
 10
2.06
 20
-36.24
 10
2.21
 20
-36.24
 10
2.21
 20
-37.1
  0
HATCH
  5
21C
330
17
100
AcDbEntity
  8
A-MURO-TRAMA
 62
7
100
AcDbHatch
 10
0.0
 20
0.0
 30
0.0
210
0.0
220
0.0
230
1.0
  2
ANSI31
 70
0
 71
0
 91
1
 92
3
 72
0
 73
1
 93
4
 10
2.06
 20
-37.1
 10
2.06
 20
-36.24
 10
2.21
 20
-36.24
 10
2.21
 20
-37.1
 97
0
 75
1
 76
1
 52
0.0
 41
0.03
 77
0
 78
1
 53
45.0
 43
0.0
 44
0.0
 45
-0.0020205576
 46
0.0020205576
 79
0
 98
0
  0
LWPOLYLINE
  5
21D
330
17
100
AcDbEntity
  8
A-MURO
100
AcDbPolyline
 90
4
 70
1
 10
2.06
 20
-35.34
 10
2.06
 20
-33.6
 10
2.21
 20
-33.6
 10
2.21
 20
-35.34
  0
HATCH
  5
21E
330
17
100
AcDbEntity
  8
A-MURO-TRAMA
 62
7
100
AcDbHatch
 10
0.0
 20
0.0
 30
0.0
210
0.0
220
0.0
230
1.0
  2
ANSI31
 70
0
 71
0
 91
1
 92
3
 72
0
 73
1
 93
4
 10
2.06
 20
-35.34
 10
2.06
 20
-33.6
 10
2.21
 20
-33.6
 10
2.21
 20
-35.34
 97
0
 75
1
 76
1
 52
0.0
 41
0.03
 77
0
 78
1
 53
45.0
 43
0.0
 44
0.0
 45
-0.0020205576
 46
0.0020205576
 79
0
 98
0
  0
LWPOLYLINE
  5
21F
330
17
100
AcDbEntity
  8
A-MURO
100
AcDbPolyline
 90
4
 70
1
 10
2.06
 20
-31.8
 10
2.06
 20
-31.15
 10
2.21
 20
-31.15
 10
2.21
 20
-31.8
  0
HATCH
  5
220
330
17
100
AcDbEntity
  8
A-MURO-TRAMA
 62
7
100
AcDbHatch
 10
0.0
 20
0.0
 30
0.0
210
0.0
220
0.0
230
1.0
  2
ANSI31
 70
0
 71
0
 91
1
 92
3
 72
0
 73
1
 93
4
 10
2.06
 20
-31.8
 10
2.06
 20
-31.15
 10
2.21
 20
-31.15
 10
2.21
 20
-31.8
 97
0
 75
1
 76
1
 52
0.0
 41
0.03
 77
0
 78
1
 53
45.0
 43
0.0
 44
0.0
 45
-0.0020205576
 46
0.0020205576
 79
0
 98
0
  0
LINE
  5
221
330
17
100
AcDbEntity
  8
A-VENTANA
100
AcDbLine
 10
2.06
 20
-39.3
 30
0.0
 11
2.06
 21
-37.1
 31
0.0
  0
LINE
  5
222
330
17
100
AcDbEntity
  8
A-VENTANA
100
AcDbLine
 10
2.21
 20
-39.3
 30
0.0
 11
2.21
 21
-37.1
 31
0.0
  0
LINE
  5
223
330
17
100
AcDbEntity
  8
A-VENTANA
100
AcDbLine
 10
2.135
 20
-39.3
 30
0.0
 11
2.135
 21
-37.1
 31
0.0
  0
LINE
  5
224
330
17
100
AcDbEntity
  8
A-VENTANA
100
AcDbLine
 10
2.06
 20
-39.3
 30
0.0
 11
2.21
 21
-39.3
 31
0.0
  0
LINE
  5
225
330
17
100
AcDbEntity
  8
A-VENTANA
100
AcDbLine
 10
2.06
 20
-37.1
 30
0.0
 11
2.21
 21
-37.1
 31
0.0
  0
LINE
  5
226
330
17
100
AcDbEntity
  8
A-VENTANA
100
AcDbLine
 10
2.06
 20
-36.24
 30
0.0
 11
2.06
 21
-35.34
 31
0.0
  0
LINE
  5
227
330
17
100
AcDbEntity
  8
A-VENTANA
100
AcDbLine
 10
2.21
 20
-36.24
 30
0.0
 11
2.21
 21
-35.34
 31
0.0
  0
LINE
  5
228
330
17
100
AcDbEntity
  8
A-VENTANA
100
AcDbLine
 10
2.135
 20
-36.24
 30
0.0
 11
2.135
 21
-35.34
 31
0.0
  0
LINE
  5
229
330
17
100
AcDbEntity
  8
A-VENTANA
100
AcDbLine
 10
2.06
 20
-36.24
 30
0.0
 11
2.21
 21
-36.24
 31
0.0
  0
LINE
  5
22A
330
17
100
AcDbEntity
  8
A-VENTANA
100
AcDbLine
 10
2.06
 20
-35.34
 30
0.0
 11
2.21
 21
-35.34
 31
0.0
  0
LINE
  5
22B
330
17
100
AcDbEntity
  8
A-VENTANA
100
AcDbLine
 10
2.06
 20
-33.6
 30
0.0
 11
2.06
 21
-31.8
 31
0.0
  0
LINE
  5
22C
330
17
100
AcDbEntity
  8
A-VENTANA
100
AcDbLine
 10
2.21
 20
-33.6
 30
0.0
 11
2.21
 21
-31.8
 31
0.0
  0
LINE
  5
22D
330
17
100
AcDbEntity
  8
A-VENTANA
100
AcDbLine
 10
2.135
 20
-33.6
 30
0.0
 11
2.135
 21
-31.8
 31
0.0
  0
LINE
  5
22E
330
17
100
AcDbEntity
  8
A-VENTANA
100
AcDbLine
 10
2.06
 20
-33.6
 30
0.0
 11
2.21
 21
-33.6
 31
0.0
  0
LINE
  5
22F
330
17
100
AcDbEntity
  8
A-VENTANA
100
AcDbLine
 10
2.06
 20
-31.8
 30
0.0
 11
2.21
 21
-31.8
 31
0.0
  0
LWPOLYLINE
  5
230
330
17
100
AcDbEntity
  8
A-MURO
100
AcDbPolyline
 90
4
 70
1
 10
25.03
 20
-39.85
 10
25.03
 20
-39.3
 10
25.18
 20
-39.3
 10
25.18
 20
-39.85
  0
HATCH
  5
231
330
17
100
AcDbEntity
  8
A-MURO-TRAMA
 62
7
100
AcDbHatch
 10
0.0
 20
0.0
 30
0.0
210
0.0
220
0.0
230
1.0
  2
ANSI31
 70
0
 71
0
 91
1
 92
3
 72
0
 73
1
 93
4
 10
25.03
 20
-39.85
 10
25.03
 20
-39.3
 10
25.18
 20
-39.3
 10
25.18
 20
-39.85
 97
0
 75
1
 76
1
 52
0.0
 41
0.03
 77
0
 78
1
 53
45.0
 43
0.0
 44
0.0
 45
-0.0020205576
 46
0.0020205576
 79
0
 98
0
  0
LWPOLYLINE
  5
232
330
17
100
AcDbEntity
  8
A-MURO
100
AcDbPolyline
 90
4
 70
1
 10
25.03
 20
-37.1
 10
25.03
 20
-36.15
 10
25.18
 20
-36.15
 10
25.18
 20
-37.1
  0
HATCH
  5
233
330
17
100
AcDbEntity
  8
A-MURO-TRAMA
 62
7
100
AcDbHatch
 10
0.0
 20
0.0
 30
0.0
210
0.0
220
0.0
230
1.0
  2
ANSI31
 70
0
 71
0
 91
1
 92
3
 72
0
 73
1
 93
4
 10
25.03
 20
-37.1
 10
25.03
 20
-36.15
 10
25.18
 20
-36.15
 10
25.18
 20
-37.1
 97
0
 75
1
 76
1
 52
0.0
 41
0.03
 77
0
 78
1
 53
45.0
 43
0.0
 44
0.0
 45
-0.0020205576
 46
0.0020205576
 79
0
 98
0
  0
LWPOLYLINE
  5
234
330
17
100
AcDbEntity
  8
A-MURO
100
AcDbPolyline
 90
4
 70
1
 10
25.03
 20
-35.4
 10
25.03
 20
-33.6
 10
25.18
 20
-33.6
 10
25.18
 20
-35.4
  0
HATCH
  5
235
330
17
100
AcDbEntity
  8
A-MURO-TRAMA
 62
7
100
AcDbHatch
 10
0.0
 20
0.0
 30
0.0
210
0.0
220
0.0
230
1.0
  2
ANSI31
 70
0
 71
0
 91
1
 92
3
 72
0
 73
1
 93
4
 10
25.03
 20
-35.4
 10
25.03
 20
-33.6
 10
25.18
 20
-33.6
 10
25.18
 20
-35.4
 97
0
 75
1
 76
1
 52
0.0
 41
0.03
 77
0
 78
1
 53
45.0
 43
0.0
 44
0.0
 45
-0.0020205576
 46
0.0020205576
 79
0
 98
0
  0
LWPOLYLINE
  5
236
330
17
100
AcDbEntity
  8
A-MURO
100
AcDbPolyline
 90
4
 70
1
 10
25.03
 20
-31.8
 10
25.03
 20
-31.15
 10
25.18
 20
-31.15
 10
25.18
 20
-31.8
  0
HATCH
  5
237
330
17
100
AcDbEntity
  8
A-MURO-TRAMA
 62
7
100
AcDbHatch
 10
0.0
 20
0.0
 30
0.0
210
0.0
220
0.0
230
1.0
  2
ANSI31
 70
0
 71
0
 91
1
 92
3
 72
0
 73
1
 93
4
 10
25.03
 20
-31.8
 10
25.03
 20
-31.15
 10
25.18
 20
-31.15
 10
25.18
 20
-31.8
 97
0
 75
1
 76
1
 52
0.0
 41
0.03
 77
0
 78
1
 53
45.0
 43
0.0
 44
0.0
 45
-0.0020205576
 46
0.0020205576
 79
0
 98
0
  0
LINE
  5
238
330
17
100
AcDbEntity
  8
A-VENTANA
100
AcDbLine
 10
25.03
 20
-39.3
 30
0.0
 11
25.03
 21
-37.1
 31
0.0
  0
LINE
  5
239
330
17
100
AcDbEntity
  8
A-VENTANA
100
AcDbLine
 10
25.18
 20
-39.3
 30
0.0
 11
25.18
 21
-37.1
 31
0.0
  0
LINE
  5
23A
330
17
100
AcDbEntity
  8
A-VENTANA
100
AcDbLine
 10
25.105
 20
-39.3
 30
0.0
 11
25.105
 21
-37.1
 31
0.0
  0
LINE
  5
23B
330
17
100
AcDbEntity
  8
A-VENTANA
100
AcDbLine
 10
25.03
 20
-39.3
 30
0.0
 11
25.18
 21
-39.3
 31
0.0
  0
LINE
  5
23C
330
17
100
AcDbEntity
  8
A-VENTANA
100
AcDbLine
 10
25.03
 20
-37.1
 30
0.0
 11
25.18
 21
-37.1
 31
0.0
  0
LINE
  5
23D
330
17
100
AcDbEntity
  8
A-VENTANA
100
AcDbLine
 10
25.03
 20
-36.15
 30
0.0
 11
25.03
 21
-35.4
 31
0.0
  0
LINE
  5
23E
330
17
100
AcDbEntity
  8
A-VENTANA
100
AcDbLine
 10
25.18
 20
-36.15
 30
0.0
 11
25.18
 21
-35.4
 31
0.0
  0
LINE
  5
23F
330
17
100
AcDbEntity
  8
A-VENTANA
100
AcDbLine
 10
25.105
 20
-36.15
 30
0.0
 11
25.105
 21
-35.4
 31
0.0
  0
LINE
  5
240
330
17
100
AcDbEntity
  8
A-VENTANA
100
AcDbLine
 10
25.03
 20
-36.15
 30
0.0
 11
25.18
 21
-36.15
 31
0.0
  0
LINE
  5
241
330
17
100
AcDbEntity
  8
A-VENTANA
100
AcDbLine
 10
25.03
 20
-35.4
 30
0.0
 11
25.18
 21
-35.4
 31
0.0
  0
LINE
  5
242
330
17
100
AcDbEntity
  8
A-VENTANA
100
AcDbLine
 10
25.03
 20
-33.6
 30
0.0
 11
25.03
 21
-31.8
 31
0.0
  0
LINE
  5
243
330
17
100
AcDbEntity
  8
A-VENTANA
100
AcDbLine
 10
25.18
 20
-33.6
 30
0.0
 11
25.18
 21
-31.8
 31
0.0
  0
LINE
  5
244
330
17
100
AcDbEntity
  8
A-VENTANA
100
AcDbLine
 10
25.105
 20
-33.6
 30
0.0
 11
25.105
 21
-31.8
 31
0.0
  0
LINE
  5
245
330
17
100
AcDbEntity
  8
A-VENTANA
100
AcDbLine
 10
25.03
 20
-33.6
 30
0.0
 11
25.18
 21
-33.6
 31
0.0
  0
LINE
  5
246
330
17
100
AcDbEntity
  8
A-VENTANA
100
AcDbLine
 10
25.03
 20
-31.8
 30
0.0
 11
25.18
 21
-31.8
 31
0.0
  0
LWPOLYLINE
  5
247
330
17
100
AcDbEntity
  8
A-MURO
100
AcDbPolyline
 90
4
 70
1
 10
7.609999999999999
 20
-39.85
 10
7.609999999999999
 20
-39.75
 10
7.76
 20
-39.75
 10
7.76
 20
-39.85
  0
HATCH
  5
248
330
17
100
AcDbEntity
  8
A-MURO-TRAMA
 62
7
100
AcDbHatch
 10
0.0
 20
0.0
 30
0.0
210
0.0
220
0.0
230
1.0
  2
ANSI31
 70
0
 71
0
 91
1
 92
3
 72
0
 73
1
 93
4
 10
7.609999999999999
 20
-39.85
 10
7.609999999999999
 20
-39.75
 10
7.76
 20
-39.75
 10
7.76
 20
-39.85
 97
0
 75
1
 76
1
 52
0.0
 41
0.03
 77
0
 78
1
 53
45.0
 43
0.0
 44
0.0
 45
-0.0020205576
 46
0.0020205576
 79
0
 98
0
  0
LWPOLYLINE
  5
249
330
17
100
AcDbEntity
  8
A-MURO
100
AcDbPolyline
 90
4
 70
1
 10
7.609999999999999
 20
-38.85
 10
7.609999999999999
 20
-38.0
 10
7.76
 20
-38.0
 10
7.76
 20
-38.85
  0
HATCH
  5
24A
330
17
100
AcDbEntity
  8
A-MURO-TRAMA
 62
7
100
AcDbHatch
 10
0.0
 20
0.0
 30
0.0
210
0.0
220
0.0
230
1.0
  2
ANSI31
 70
0
 71
0
 91
1
 92
3
 72
0
 73
1
 93
4
 10
7.609999999999999
 20
-38.85
 10
7.609999999999999
 20
-38.0
 10
7.76
 20
-38.0
 10
7.76
 20
-38.85
 97
0
 75
1
 76
1
 52
0.0
 41
0.03
 77
0
 78
1
 53
45.0
 43
0.0
 44
0.0
 45
-0.0020205576
 46
0.0020205576
 79
0
 98
0
  0
LWPOLYLINE
  5
24B
330
17
100
AcDbEntity
  8
A-MURO
100
AcDbPolyline
 90
4
 70
1
 10
7.609999999999999
 20
-35.6
 10
7.609999999999999
 20
-34.4
 10
7.76
 20
-34.4
 10
7.76
 20
-35.6
  0
HATCH
  5
24C
330
17
100
AcDbEntity
  8
A-MURO-TRAMA
 62
7
100
AcDbHatch
 10
0.0
 20
0.0
 30
0.0
210
0.0
220
0.0
230
1.0
  2
ANSI31
 70
0
 71
0
 91
1
 92
3
 72
0
 73
1
 93
4
 10
7.609999999999999
 20
-35.6
 10
7.609999999999999
 20
-34.4
 10
7.76
 20
-34.4
 10
7.76
 20
-35.6
 97
0
 75
1
 76
1
 52
0.0
 41
0.03
 77
0
 78
1
 53
45.0
 43
0.0
 44
0.0
 45
-0.0020205576
 46
0.0020205576
 79
0
 98
0
  0
LWPOLYLINE
  5
24D
330
17
100
AcDbEntity
  8
A-MURO
100
AcDbPolyline
 90
4
 70
1
 10
7.609999999999999
 20
-31.8
 10
7.609999999999999
 20
-31.15
 10
7.76
 20
-31.15
 10
7.76
 20
-31.8
  0
HATCH
  5
24E
330
17
100
AcDbEntity
  8
A-MURO-TRAMA
 62
7
100
AcDbHatch
 10
0.0
 20
0.0
 30
0.0
210
0.0
220
0.0
230
1.0
  2
ANSI31
 70
0
 71
0
 91
1
 92
3
 72
0
 73
1
 93
4
 10
7.609999999999999
 20
-31.8
 10
7.609999999999999
 20
-31.15
 10
7.76
 20
-31.15
 10
7.76
 20
-31.8
 97
0
 75
1
 76
1
 52
0.0
 41
0.03
 77
0
 78
1
 53
45.0
 43
0.0
 44
0.0
 45
-0.0020205576
 46
0.0020205576
 79
0
 98
0
  0
LINE
  5
24F
330
17
100
AcDbEntity
  8
A-VENTANA
100
AcDbLine
 10
7.609999999999999
 20
-38.0
 30
0.0
 11
7.609999999999999
 21
-35.6
 31
0.0
  0
LINE
  5
250
330
17
100
AcDbEntity
  8
A-VENTANA
100
AcDbLine
 10
7.76
 20
-38.0
 30
0.0
 11
7.76
 21
-35.6
 31
0.0
  0
LINE
  5
251
330
17
100
AcDbEntity
  8
A-VENTANA
100
AcDbLine
 10
7.685
 20
-38.0
 30
0.0
 11
7.685
 21
-35.6
 31
0.0
  0
LINE
  5
252
330
17
100
AcDbEntity
  8
A-VENTANA
100
AcDbLine
 10
7.609999999999999
 20
-38.0
 30
0.0
 11
7.76
 21
-38.0
 31
0.0
  0
LINE
  5
253
330
17
100
AcDbEntity
  8
A-VENTANA
100
AcDbLine
 10
7.609999999999999
 20
-35.6
 30
0.0
 11
7.76
 21
-35.6
 31
0.0
  0
LINE
  5
254
330
17
100
AcDbEntity
  8
A-VENTANA
100
AcDbLine
 10
7.609999999999999
 20
-34.4
 30
0.0
 11
7.609999999999999
 21
-31.8
 31
0.0
  0
LINE
  5
255
330
17
100
AcDbEntity
  8
A-VENTANA
100
AcDbLine
 10
7.76
 20
-34.4
 30
0.0
 11
7.76
 21
-31.8
 31
0.0
  0
LINE
  5
256
330
17
100
AcDbEntity
  8
A-VENTANA
100
AcDbLine
 10
7.685
 20
-34.4
 30
0.0
 11
7.685
 21
-31.8
 31
0.0
  0
LINE
  5
257
330
17
100
AcDbEntity
  8
A-VENTANA
100
AcDbLine
 10
7.609999999999999
 20
-34.4
 30
0.0
 11
7.76
 21
-34.4
 31
0.0
  0
LINE
  5
258
330
17
100
AcDbEntity
  8
A-VENTANA
100
AcDbLine
 10
7.609999999999999
 20
-31.8
 30
0.0
 11
7.76
 21
-31.8
 31
0.0
  0
LWPOLYLINE
  5
259
330
17
100
AcDbEntity
  8
A-MURO
100
AcDbPolyline
 90
4
 70
1
 10
10.26
 20
-38.53
 10
10.26
 20
-37.3
 10
10.41
 20
-37.3
 10
10.41
 20
-38.53
  0
HATCH
  5
25A
330
17
100
AcDbEntity
  8
A-MURO-TRAMA
 62
7
100
AcDbHatch
 10
0.0
 20
0.0
 30
0.0
210
0.0
220
0.0
230
1.0
  2
ANSI31
 70
0
 71
0
 91
1
 92
3
 72
0
 73
1
 93
4
 10
10.26
 20
-38.53
 10
10.26
 20
-37.3
 10
10.41
 20
-37.3
 10
10.41
 20
-38.53
 97
0
 75
1
 76
1
 52
0.0
 41
0.03
 77
0
 78
1
 53
45.0
 43
0.0
 44
0.0
 45
-0.0020205576
 46
0.0020205576
 79
0
 98
0
  0
LWPOLYLINE
  5
25B
330
17
100
AcDbEntity
  8
A-MURO
100
AcDbPolyline
 90
4
 70
1
 10
10.26
 20
-35.7
 10
10.26
 20
-33.4
 10
10.41
 20
-33.4
 10
10.41
 20
-35.7
  0
HATCH
  5
25C
330
17
100
AcDbEntity
  8
A-MURO-TRAMA
 62
7
100
AcDbHatch
 10
0.0
 20
0.0
 30
0.0
210
0.0
220
0.0
230
1.0
  2
ANSI31
 70
0
 71
0
 91
1
 92
3
 72
0
 73
1
 93
4
 10
10.26
 20
-35.7
 10
10.26
 20
-33.4
 10
10.41
 20
-33.4
 10
10.41
 20
-35.7
 97
0
 75
1
 76
1
 52
0.0
 41
0.03
 77
0
 78
1
 53
45.0
 43
0.0
 44
0.0
 45
-0.0020205576
 46
0.0020205576
 79
0
 98
0
  0
LWPOLYLINE
  5
25D
330
17
100
AcDbEntity
  8
A-MURO
100
AcDbPolyline
 90
4
 70
1
 10
10.26
 20
-31.6
 10
10.26
 20
-31.15
 10
10.41
 20
-31.15
 10
10.41
 20
-31.6
  0
HATCH
  5
25E
330
17
100
AcDbEntity
  8
A-MURO-TRAMA
 62
7
100
AcDbHatch
 10
0.0
 20
0.0
 30
0.0
210
0.0
220
0.0
230
1.0
  2
ANSI31
 70
0
 71
0
 91
1
 92
3
 72
0
 73
1
 93
4
 10
10.26
 20
-31.6
 10
10.26
 20
-31.15
 10
10.41
 20
-31.15
 10
10.41
 20
-31.6
 97
0
 75
1
 76
1
 52
0.0
 41
0.03
 77
0
 78
1
 53
45.0
 43
0.0
 44
0.0
 45
-0.0020205576
 46
0.0020205576
 79
0
 98
0
  0
LINE
  5
25F
330
17
100
AcDbEntity
  8
A-VENTANA
100
AcDbLine
 10
10.26
 20
-37.3
 30
0.0
 11
10.26
 21
-35.7
 31
0.0
  0
LINE
  5
260
330
17
100
AcDbEntity
  8
A-VENTANA
100
AcDbLine
 10
10.41
 20
-37.3
 30
0.0
 11
10.41
 21
-35.7
 31
0.0
  0
LINE
  5
261
330
17
100
AcDbEntity
  8
A-VENTANA
100
AcDbLine
 10
10.335
 20
-37.3
 30
0.0
 11
10.335
 21
-35.7
 31
0.0
  0
LINE
  5
262
330
17
100
AcDbEntity
  8
A-VENTANA
100
AcDbLine
 10
10.26
 20
-37.3
 30
0.0
 11
10.41
 21
-37.3
 31
0.0
  0
LINE
  5
263
330
17
100
AcDbEntity
  8
A-VENTANA
100
AcDbLine
 10
10.26
 20
-35.7
 30
0.0
 11
10.41
 21
-35.7
 31
0.0
  0
LINE
  5
264
330
17
100
AcDbEntity
  8
A-VENTANA
100
AcDbLine
 10
10.26
 20
-33.4
 30
0.0
 11
10.26
 21
-31.6
 31
0.0
  0
LINE
  5
265
330
17
100
AcDbEntity
  8
A-VENTANA
100
AcDbLine
 10
10.41
 20
-33.4
 30
0.0
 11
10.41
 21
-31.6
 31
0.0
  0
LINE
  5
266
330
17
100
AcDbEntity
  8
A-VENTANA
100
AcDbLine
 10
10.335
 20
-33.4
 30
0.0
 11
10.335
 21
-31.6
 31
0.0
  0
LINE
  5
267
330
17
100
AcDbEntity
  8
A-VENTANA
100
AcDbLine
 10
10.26
 20
-33.4
 30
0.0
 11
10.41
 21
-33.4
 31
0.0
  0
LINE
  5
268
330
17
100
AcDbEntity
  8
A-VENTANA
100
AcDbLine
 10
10.26
 20
-31.6
 30
0.0
 11
10.41
 21
-31.6
 31
0.0
  0
LINE
  5
269
330
17
100
AcDbEntity
  8
A-VENTANA
100
AcDbLine
 10
7.859999999999999
 20
-38.65
 30
0.0
 11
10.16
 21
-38.65
 31
0.0
  0
LINE
  5
26A
330
17
100
AcDbEntity
  8
A-VENTANA
100
AcDbLine
 10
7.859999999999999
 20
-38.53
 30
0.0
 11
10.16
 21
-38.53
 31
0.0
  0
LINE
  5
26B
330
17
100
AcDbEntity
  8
A-VENTANA
100
AcDbLine
 10
7.859999999999999
 20
-38.59
 30
0.0
 11
10.16
 21
-38.59
 31
0.0
  0
LINE
  5
26C
330
17
100
AcDbEntity
  8
A-VENTANA
100
AcDbLine
 10
7.859999999999999
 20
-38.65
 30
0.0
 11
7.859999999999999
 21
-38.53
 31
0.0
  0
LINE
  5
26D
330
17
100
AcDbEntity
  8
A-VENTANA
100
AcDbLine
 10
10.16
 20
-38.65
 30
0.0
 11
10.16
 21
-38.53
 31
0.0
  0
LWPOLYLINE
  5
26E
330
17
100
AcDbEntity
  8
A-MURO
100
AcDbPolyline
 90
4
 70
1
 10
7.76
 20
-38.65
 10
7.76
 20
-38.53
 10
7.859999999999999
 20
-38.53
 10
7.859999999999999
 20
-38.65
  0
HATCH
  5
26F
330
17
100
AcDbEntity
  8
A-MURO-TRAMA
 62
7
100
AcDbHatch
 10
0.0
 20
0.0
 30
0.0
210
0.0
220
0.0
230
1.0
  2
ANSI31
 70
0
 71
0
 91
1
 92
3
 72
0
 73
1
 93
4
 10
7.76
 20
-38.65
 10
7.76
 20
-38.53
 10
7.859999999999999
 20
-38.53
 10
7.859999999999999
 20
-38.65
 97
0
 75
1
 76
1
 52
0.0
 41
0.03
 77
0
 78
1
 53
45.0
 43
0.0
 44
0.0
 45
-0.0020205576
 46
0.0020205576
 79
0
 98
0
  0
LWPOLYLINE
  5
270
330
17
100
AcDbEntity
  8
A-MURO
100
AcDbPolyline
 90
4
 70
1
 10
10.16
 20
-38.65
 10
10.16
 20
-38.53
 10
10.41
 20
-38.53
 10
10.41
 20
-38.65
  0
HATCH
  5
271
330
17
100
AcDbEntity
  8
A-MURO-TRAMA
 62
7
100
AcDbHatch
 10
0.0
 20
0.0
 30
0.0
210
0.0
220
0.0
230
1.0
  2
ANSI31
 70
0
 71
0
 91
1
 92
3
 72
0
 73
1
 93
4
 10
10.16
 20
-38.65
 10
10.16
 20
-38.53
 10
10.41
 20
-38.53
 10
10.41
 20
-38.65
 97
0
 75
1
 76
1
 52
0.0
 41
0.03
 77
0
 78
1
 53
45.0
 43
0.0
 44
0.0
 45
-0.0020205576
 46
0.0020205576
 79
0
 98
0
  0
LWPOLYLINE
  5
272
330
17
100
AcDbEntity
  8
A-MURO
100
AcDbPolyline
 90
4
 70
1
 10
10.41
 20
-38.65
 10
10.41
 20
-38.53
 10
15.55
 20
-38.53
 10
15.55
 20
-38.65
  0
HATCH
  5
273
330
17
100
AcDbEntity
  8
A-MURO-TRAMA
 62
7
100
AcDbHatch
 10
0.0
 20
0.0
 30
0.0
210
0.0
220
0.0
230
1.0
  2
ANSI31
 70
0
 71
0
 91
1
 92
3
 72
0
 73
1
 93
4
 10
10.41
 20
-38.65
 10
10.41
 20
-38.53
 10
15.55
 20
-38.53
 10
15.55
 20
-38.65
 97
0
 75
1
 76
1
 52
0.0
 41
0.03
 77
0
 78
1
 53
45.0
 43
0.0
 44
0.0
 45
-0.0020205576
 46
0.0020205576
 79
0
 98
0
  0
LWPOLYLINE
  5
274
330
17
100
AcDbEntity
  8
A-MURO
100
AcDbPolyline
 90
4
 70
1
 10
16.45
 20
-38.65
 10
16.45
 20
-38.53
 10
16.830000000000002
 20
-38.53
 10
16.830000000000002
 20
-38.65
  0
HATCH
  5
275
330
17
100
AcDbEntity
  8
A-MURO-TRAMA
 62
7
100
AcDbHatch
 10
0.0
 20
0.0
 30
0.0
210
0.0
220
0.0
230
1.0
  2
ANSI31
 70
0
 71
0
 91
1
 92
3
 72
0
 73
1
 93
4
 10
16.45
 20
-38.65
 10
16.45
 20
-38.53
 10
16.830000000000002
 20
-38.53
 10
16.830000000000002
 20
-38.65
 97
0
 75
1
 76
1
 52
0.0
 41
0.03
 77
0
 78
1
 53
45.0
 43
0.0
 44
0.0
 45
-0.0020205576
 46
0.0020205576
 79
0
 98
0
  0
LWPOLYLINE
  5
276
330
17
100
AcDbEntity
  8
A-MURO
100
AcDbPolyline
 90
4
 70
1
 10
16.830000000000002
 20
-38.65
 10
16.830000000000002
 20
-34.6
 10
16.98
 20
-34.6
 10
16.98
 20
-38.65
  0
HATCH
  5
277
330
17
100
AcDbEntity
  8
A-MURO-TRAMA
 62
7
100
AcDbHatch
 10
0.0
 20
0.0
 30
0.0
210
0.0
220
0.0
230
1.0
  2
ANSI31
 70
0
 71
0
 91
1
 92
3
 72
0
 73
1
 93
4
 10
16.830000000000002
 20
-38.65
 10
16.830000000000002
 20
-34.6
 10
16.98
 20
-34.6
 10
16.98
 20
-38.65
 97
0
 75
1
 76
1
 52
0.0
 41
0.03
 77
0
 78
1
 53
45.0
 43
0.0
 44
0.0
 45
-0.0020205576
 46
0.0020205576
 79
0
 98
0
  0
LWPOLYLINE
  5
278
330
17
100
AcDbEntity
  8
A-MURO
100
AcDbPolyline
 90
4
 70
1
 10
16.830000000000002
 20
-33.0
 10
16.830000000000002
 20
-32.5
 10
16.98
 20
-32.5
 10
16.98
 20
-33.0
  0
HATCH
  5
279
330
17
100
AcDbEntity
  8
A-MURO-TRAMA
 62
7
100
AcDbHatch
 10
0.0
 20
0.0
 30
0.0
210
0.0
220
0.0
230
1.0
  2
ANSI31
 70
0
 71
0
 91
1
 92
3
 72
0
 73
1
 93
4
 10
16.830000000000002
 20
-33.0
 10
16.830000000000002
 20
-32.5
 10
16.98
 20
-32.5
 10
16.98
 20
-33.0
 97
0
 75
1
 76
1
 52
0.0
 41
0.03
 77
0
 78
1
 53
45.0
 43
0.0
 44
0.0
 45
-0.0020205576
 46
0.0020205576
 79
0
 98
0
  0
LWPOLYLINE
  5
27A
330
17
100
AcDbEntity
  8
A-MURO
100
AcDbPolyline
 90
4
 70
1
 10
16.830000000000002
 20
-31.4
 10
16.830000000000002
 20
-31.15
 10
16.98
 20
-31.15
 10
16.98
 20
-31.4
  0
HATCH
  5
27B
330
17
100
AcDbEntity
  8
A-MURO-TRAMA
 62
7
100
AcDbHatch
 10
0.0
 20
0.0
 30
0.0
210
0.0
220
0.0
230
1.0
  2
ANSI31
 70
0
 71
0
 91
1
 92
3
 72
0
 73
1
 93
4
 10
16.830000000000002
 20
-31.4
 10
16.830000000000002
 20
-31.15
 10
16.98
 20
-31.15
 10
16.98
 20
-31.4
 97
0
 75
1
 76
1
 52
0.0
 41
0.03
 77
0
 78
1
 53
45.0
 43
0.0
 44
0.0
 45
-0.0020205576
 46
0.0020205576
 79
0
 98
0
  0
LINE
  5
27C
330
17
100
AcDbEntity
  8
A-VENTANA
100
AcDbLine
 10
16.830000000000002
 20
-34.6
 30
0.0
 11
16.830000000000002
 21
-33.0
 31
0.0
  0
LINE
  5
27D
330
17
100
AcDbEntity
  8
A-VENTANA
100
AcDbLine
 10
16.98
 20
-34.6
 30
0.0
 11
16.98
 21
-33.0
 31
0.0
  0
LINE
  5
27E
330
17
100
AcDbEntity
  8
A-VENTANA
100
AcDbLine
 10
16.905
 20
-34.6
 30
0.0
 11
16.905
 21
-33.0
 31
0.0
  0
LINE
  5
27F
330
17
100
AcDbEntity
  8
A-VENTANA
100
AcDbLine
 10
16.830000000000002
 20
-34.6
 30
0.0
 11
16.98
 21
-34.6
 31
0.0
  0
LINE
  5
280
330
17
100
AcDbEntity
  8
A-VENTANA
100
AcDbLine
 10
16.830000000000002
 20
-33.0
 30
0.0
 11
16.98
 21
-33.0
 31
0.0
  0
LINE
  5
281
330
17
100
AcDbEntity
  8
A-VENTANA
100
AcDbLine
 10
16.830000000000002
 20
-32.5
 30
0.0
 11
16.830000000000002
 21
-31.4
 31
0.0
  0
LINE
  5
282
330
17
100
AcDbEntity
  8
A-VENTANA
100
AcDbLine
 10
16.98
 20
-32.5
 30
0.0
 11
16.98
 21
-31.4
 31
0.0
  0
LINE
  5
283
330
17
100
AcDbEntity
  8
A-VENTANA
100
AcDbLine
 10
16.905
 20
-32.5
 30
0.0
 11
16.905
 21
-31.4
 31
0.0
  0
LINE
  5
284
330
17
100
AcDbEntity
  8
A-VENTANA
100
AcDbLine
 10
16.830000000000002
 20
-32.5
 30
0.0
 11
16.98
 21
-32.5
 31
0.0
  0
LINE
  5
285
330
17
100
AcDbEntity
  8
A-VENTANA
100
AcDbLine
 10
16.830000000000002
 20
-31.4
 30
0.0
 11
16.98
 21
-31.4
 31
0.0
  0
LWPOLYLINE
  5
286
330
17
100
AcDbEntity
  8
A-MURO
100
AcDbPolyline
 90
4
 70
1
 10
16.98
 20
-35.31
 10
16.98
 20
-35.19
 10
19.48
 20
-35.19
 10
19.48
 20
-35.31
  0
HATCH
  5
287
330
17
100
AcDbEntity
  8
A-MURO-TRAMA
 62
7
100
AcDbHatch
 10
0.0
 20
0.0
 30
0.0
210
0.0
220
0.0
230
1.0
  2
ANSI31
 70
0
 71
0
 91
1
 92
3
 72
0
 73
1
 93
4
 10
16.98
 20
-35.31
 10
16.98
 20
-35.19
 10
19.48
 20
-35.19
 10
19.48
 20
-35.31
 97
0
 75
1
 76
1
 52
0.0
 41
0.03
 77
0
 78
1
 53
45.0
 43
0.0
 44
0.0
 45
-0.0020205576
 46
0.0020205576
 79
0
 98
0
  0
LWPOLYLINE
  5
288
330
17
100
AcDbEntity
  8
A-MURO
100
AcDbPolyline
 90
4
 70
1
 10
19.48
 20
-39.85
 10
19.48
 20
-39.75
 10
19.63
 20
-39.75
 10
19.63
 20
-39.85
  0
HATCH
  5
289
330
17
100
AcDbEntity
  8
A-MURO-TRAMA
 62
7
100
AcDbHatch
 10
0.0
 20
0.0
 30
0.0
210
0.0
220
0.0
230
1.0
  2
ANSI31
 70
0
 71
0
 91
1
 92
3
 72
0
 73
1
 93
4
 10
19.48
 20
-39.85
 10
19.48
 20
-39.75
 10
19.63
 20
-39.75
 10
19.63
 20
-39.85
 97
0
 75
1
 76
1
 52
0.0
 41
0.03
 77
0
 78
1
 53
45.0
 43
0.0
 44
0.0
 45
-0.0020205576
 46
0.0020205576
 79
0
 98
0
  0
LWPOLYLINE
  5
28A
330
17
100
AcDbEntity
  8
A-MURO
100
AcDbPolyline
 90
4
 70
1
 10
19.48
 20
-38.85
 10
19.48
 20
-34.6
 10
19.63
 20
-34.6
 10
19.63
 20
-38.85
  0
HATCH
  5
28B
330
17
100
AcDbEntity
  8
A-MURO-TRAMA
 62
7
100
AcDbHatch
 10
0.0
 20
0.0
 30
0.0
210
0.0
220
0.0
230
1.0
  2
ANSI31
 70
0
 71
0
 91
1
 92
3
 72
0
 73
1
 93
4
 10
19.48
 20
-38.85
 10
19.48
 20
-34.6
 10
19.63
 20
-34.6
 10
19.63
 20
-38.85
 97
0
 75
1
 76
1
 52
0.0
 41
0.03
 77
0
 78
1
 53
45.0
 43
0.0
 44
0.0
 45
-0.0020205576
 46
0.0020205576
 79
0
 98
0
  0
LWPOLYLINE
  5
28C
330
17
100
AcDbEntity
  8
A-MURO
100
AcDbPolyline
 90
4
 70
1
 10
19.48
 20
-31.6
 10
19.48
 20
-31.15
 10
19.63
 20
-31.15
 10
19.63
 20
-31.6
  0
HATCH
  5
28D
330
17
100
AcDbEntity
  8
A-MURO-TRAMA
 62
7
100
AcDbHatch
 10
0.0
 20
0.0
 30
0.0
210
0.0
220
0.0
230
1.0
  2
ANSI31
 70
0
 71
0
 91
1
 92
3
 72
0
 73
1
 93
4
 10
19.48
 20
-31.6
 10
19.48
 20
-31.15
 10
19.63
 20
-31.15
 10
19.63
 20
-31.6
 97
0
 75
1
 76
1
 52
0.0
 41
0.03
 77
0
 78
1
 53
45.0
 43
0.0
 44
0.0
 45
-0.0020205576
 46
0.0020205576
 79
0
 98
0
  0
LINE
  5
28E
330
17
100
AcDbEntity
  8
A-VENTANA
100
AcDbLine
 10
19.48
 20
-34.6
 30
0.0
 11
19.48
 21
-31.6
 31
0.0
  0
LINE
  5
28F
330
17
100
AcDbEntity
  8
A-VENTANA
100
AcDbLine
 10
19.63
 20
-34.6
 30
0.0
 11
19.63
 21
-31.6
 31
0.0
  0
LINE
  5
290
330
17
100
AcDbEntity
  8
A-VENTANA
100
AcDbLine
 10
19.555
 20
-34.6
 30
0.0
 11
19.555
 21
-31.6
 31
0.0
  0
LINE
  5
291
330
17
100
AcDbEntity
  8
A-VENTANA
100
AcDbLine
 10
19.48
 20
-34.6
 30
0.0
 11
19.63
 21
-34.6
 31
0.0
  0
LINE
  5
292
330
17
100
AcDbEntity
  8
A-VENTANA
100
AcDbLine
 10
19.48
 20
-31.6
 30
0.0
 11
19.63
 21
-31.6
 31
0.0
  0
LWPOLYLINE
  5
293
330
17
100
AcDbEntity
  8
A-MURO
100
AcDbPolyline
 90
4
 70
1
 10
2.21
 20
-36.4
 10
2.21
 20
-36.28
 10
4.53
 20
-36.28
 10
4.53
 20
-36.4
  0
HATCH
  5
294
330
17
100
AcDbEntity
  8
A-MURO-TRAMA
 62
7
100
AcDbHatch
 10
0.0
 20
0.0
 30
0.0
210
0.0
220
0.0
230
1.0
  2
ANSI31
 70
0
 71
0
 91
1
 92
3
 72
0
 73
1
 93
4
 10
2.21
 20
-36.4
 10
2.21
 20
-36.28
 10
4.53
 20
-36.28
 10
4.53
 20
-36.4
 97
0
 75
1
 76
1
 52
0.0
 41
0.03
 77
0
 78
1
 53
45.0
 43
0.0
 44
0.0
 45
-0.0020205576
 46
0.0020205576
 79
0
 98
0
  0
LWPOLYLINE
  5
295
330
17
100
AcDbEntity
  8
A-MURO
100
AcDbPolyline
 90
4
 70
1
 10
4.41
 20
-35.48
 10
4.41
 20
-34.730000000000004
 10
4.53
 20
-34.730000000000004
 10
4.53
 20
-35.48
  0
HATCH
  5
296
330
17
100
AcDbEntity
  8
A-MURO-TRAMA
 62
7
100
AcDbHatch
 10
0.0
 20
0.0
 30
0.0
210
0.0
220
0.0
230
1.0
  2
ANSI31
 70
0
 71
0
 91
1
 92
3
 72
0
 73
1
 93
4
 10
4.41
 20
-35.48
 10
4.41
 20
-34.730000000000004
 10
4.53
 20
-34.730000000000004
 10
4.53
 20
-35.48
 97
0
 75
1
 76
1
 52
0.0
 41
0.03
 77
0
 78
1
 53
45.0
 43
0.0
 44
0.0
 45
-0.0020205576
 46
0.0020205576
 79
0
 98
0
  0
LWPOLYLINE
  5
297
330
17
100
AcDbEntity
  8
A-MURO
100
AcDbPolyline
 90
4
 70
1
 10
2.21
 20
-34.730000000000004
 10
2.21
 20
-34.61
 10
5.58
 20
-34.61
 10
5.58
 20
-34.730000000000004
  0
HATCH
  5
298
330
17
100
AcDbEntity
  8
A-MURO-TRAMA
 62
7
100
AcDbHatch
 10
0.0
 20
0.0
 30
0.0
210
0.0
220
0.0
230
1.0
  2
ANSI31
 70
0
 71
0
 91
1
 92
3
 72
0
 73
1
 93
4
 10
2.21
 20
-34.730000000000004
 10
2.21
 20
-34.61
 10
5.58
 20
-34.61
 10
5.58
 20
-34.730000000000004
 97
0
 75
1
 76
1
 52
0.0
 41
0.03
 77
0
 78
1
 53
45.0
 43
0.0
 44
0.0
 45
-0.0020205576
 46
0.0020205576
 79
0
 98
0
  0
LWPOLYLINE
  5
299
330
17
100
AcDbEntity
  8
A-MURO
100
AcDbPolyline
 90
4
 70
1
 10
5.46
 20
-34.61
 10
5.46
 20
-34.0
 10
5.58
 20
-34.0
 10
5.58
 20
-34.61
  0
HATCH
  5
29A
330
17
100
AcDbEntity
  8
A-MURO-TRAMA
 62
7
100
AcDbHatch
 10
0.0
 20
0.0
 30
0.0
210
0.0
220
0.0
230
1.0
  2
ANSI31
 70
0
 71
0
 91
1
 92
3
 72
0
 73
1
 93
4
 10
5.46
 20
-34.61
 10
5.46
 20
-34.0
 10
5.58
 20
-34.0
 10
5.58
 20
-34.61
 97
0
 75
1
 76
1
 52
0.0
 41
0.03
 77
0
 78
1
 53
45.0
 43
0.0
 44
0.0
 45
-0.0020205576
 46
0.0020205576
 79
0
 98
0
  0
LWPOLYLINE
  5
29B
330
17
100
AcDbEntity
  8
A-MURO
100
AcDbPolyline
 90
4
 70
1
 10
5.46
 20
-33.2
 10
5.46
 20
-31.15
 10
5.58
 20
-31.15
 10
5.58
 20
-33.2
  0
HATCH
  5
29C
330
17
100
AcDbEntity
  8
A-MURO-TRAMA
 62
7
100
AcDbHatch
 10
0.0
 20
0.0
 30
0.0
210
0.0
220
0.0
230
1.0
  2
ANSI31
 70
0
 71
0
 91
1
 92
3
 72
0
 73
1
 93
4
 10
5.46
 20
-33.2
 10
5.46
 20
-31.15
 10
5.58
 20
-31.15
 10
5.58
 20
-33.2
 97
0
 75
1
 76
1
 52
0.0
 41
0.03
 77
0
 78
1
 53
45.0
 43
0.0
 44
0.0
 45
-0.0020205576
 46
0.0020205576
 79
0
 98
0
  0
LINE
  5
29D
330
17
100
AcDbEntity
  8
A-PUERTA
100
AcDbLine
 10
7.609999999999999
 20
-38.85
 30
0.0
 11
6.709999999999999
 21
-38.85
 31
0.0
  0
ARC
  5
29E
330
17
100
AcDbEntity
  8
A-PUERTA
100
AcDbCircle
 10
7.609999999999999
 20
-38.85
 30
0.0
 40
0.9
100
AcDbArc
 50
180.0
 51
-90.0
  0
LINE
  5
29F
330
17
100
AcDbEntity
  8
A-PUERTA
100
AcDbLine
 10
4.53
 20
-36.28
 30
0.0
 11
5.33
 21
-36.28
 31
0.0
  0
ARC
  5
2A0
330
17
100
AcDbEntity
  8
A-PUERTA
100
AcDbCircle
 10
4.53
 20
-36.28
 30
0.0
 40
0.8
100
AcDbArc
 50
0.0
 51
90.0
  0
LINE
  5
2A1
330
17
100
AcDbEntity
  8
A-PUERTA
100
AcDbLine
 10
5.46
 20
-34.0
 30
0.0
 11
4.66
 21
-34.0
 31
0.0
  0
ARC
  5
2A2
330
17
100
AcDbEntity
  8
A-PUERTA
100
AcDbCircle
 10
5.46
 20
-34.0
 30
0.0
 40
0.8
100
AcDbArc
 50
90.0
 51
180.0
  0
LWPOLYLINE
  5
2A3
330
17
100
AcDbEntity
  8
A-MURO
100
AcDbPolyline
 90
4
 70
1
 10
14.510000000000003
 20
-32.82
 10
14.510000000000003
 20
-32.7
 10
14.630000000000003
 20
-32.7
 10
14.630000000000003
 20
-32.82
  0
HATCH
  5
2A4
330
17
100
AcDbEntity
  8
A-MURO-TRAMA
 62
7
100
AcDbHatch
 10
0.0
 20
0.0
 30
0.0
210
0.0
220
0.0
230
1.0
  2
ANSI31
 70
0
 71
0
 91
1
 92
3
 72
0
 73
1
 93
4
 10
14.510000000000003
 20
-32.82
 10
14.510000000000003
 20
-32.7
 10
14.630000000000003
 20
-32.7
 10
14.630000000000003
 20
-32.82
 97
0
 75
1
 76
1
 52
0.0
 41
0.03
 77
0
 78
1
 53
45.0
 43
0.0
 44
0.0
 45
-0.0020205576
 46
0.0020205576
 79
0
 98
0
  0
LWPOLYLINE
  5
2A5
330
17
100
AcDbEntity
  8
A-MURO
100
AcDbPolyline
 90
4
 70
1
 10
14.630000000000003
 20
-32.82
 10
14.630000000000003
 20
-32.7
 10
15.1
 20
-32.7
 10
15.1
 20
-32.82
  0
HATCH
  5
2A6
330
17
100
AcDbEntity
  8
A-MURO-TRAMA
 62
7
100
AcDbHatch
 10
0.0
 20
0.0
 30
0.0
210
0.0
220
0.0
230
1.0
  2
ANSI31
 70
0
 71
0
 91
1
 92
3
 72
0
 73
1
 93
4
 10
14.630000000000003
 20
-32.82
 10
14.630000000000003
 20
-32.7
 10
15.1
 20
-32.7
 10
15.1
 20
-32.82
 97
0
 75
1
 76
1
 52
0.0
 41
0.03
 77
0
 78
1
 53
45.0
 43
0.0
 44
0.0
 45
-0.0020205576
 46
0.0020205576
 79
0
 98
0
  0
LWPOLYLINE
  5
2A7
330
17
100
AcDbEntity
  8
A-MURO
100
AcDbPolyline
 90
4
 70
1
 10
15.9
 20
-32.82
 10
15.9
 20
-32.7
 10
16.830000000000002
 20
-32.7
 10
16.830000000000002
 20
-32.82
  0
HATCH
  5
2A8
330
17
100
AcDbEntity
  8
A-MURO-TRAMA
 62
7
100
AcDbHatch
 10
0.0
 20
0.0
 30
0.0
210
0.0
220
0.0
230
1.0
  2
ANSI31
 70
0
 71
0
 91
1
 92
3
 72
0
 73
1
 93
4
 10
15.9
 20
-32.82
 10
15.9
 20
-32.7
 10
16.830000000000002
 20
-32.7
 10
16.830000000000002
 20
-32.82
 97
0
 75
1
 76
1
 52
0.0
 41
0.03
 77
0
 78
1
 53
45.0
 43
0.0
 44
0.0
 45
-0.0020205576
 46
0.0020205576
 79
0
 98
0
  0
LWPOLYLINE
  5
2A9
330
17
100
AcDbEntity
  8
A-MURO
100
AcDbPolyline
 90
4
 70
1
 10
14.510000000000003
 20
-34.02
 10
14.510000000000003
 20
-31.15
 10
14.630000000000003
 20
-31.15
 10
14.630000000000003
 20
-34.02
  0
HATCH
  5
2AA
330
17
100
AcDbEntity
  8
A-MURO-TRAMA
 62
7
100
AcDbHatch
 10
0.0
 20
0.0
 30
0.0
210
0.0
220
0.0
230
1.0
  2
ANSI31
 70
0
 71
0
 91
1
 92
3
 72
0
 73
1
 93
4
 10
14.510000000000003
 20
-34.02
 10
14.510000000000003
 20
-31.15
 10
14.630000000000003
 20
-31.15
 10
14.630000000000003
 20
-34.02
 97
0
 75
1
 76
1
 52
0.0
 41
0.03
 77
0
 78
1
 53
45.0
 43
0.0
 44
0.0
 45
-0.0020205576
 46
0.0020205576
 79
0
 98
0
  0
LWPOLYLINE
  5
2AB
330
17
100
AcDbEntity
  8
A-MURO
100
AcDbPolyline
 90
4
 70
1
 10
10.41
 20
-34.02
 10
10.41
 20
-33.9
 10
12.3
 20
-33.9
 10
12.3
 20
-34.02
  0
HATCH
  5
2AC
330
17
100
AcDbEntity
  8
A-MURO-TRAMA
 62
7
100
AcDbHatch
 10
0.0
 20
0.0
 30
0.0
210
0.0
220
0.0
230
1.0
  2
ANSI31
 70
0
 71
0
 91
1
 92
3
 72
0
 73
1
 93
4
 10
10.41
 20
-34.02
 10
10.41
 20
-33.9
 10
12.3
 20
-33.9
 10
12.3
 20
-34.02
 97
0
 75
1
 76
1
 52
0.0
 41
0.03
 77
0
 78
1
 53
45.0
 43
0.0
 44
0.0
 45
-0.0020205576
 46
0.0020205576
 79
0
 98
0
  0
LWPOLYLINE
  5
2AD
330
17
100
AcDbEntity
  8
A-MURO
100
AcDbPolyline
 90
4
 70
1
 10
13.1
 20
-34.02
 10
13.1
 20
-33.9
 10
14.510000000000003
 20
-33.9
 10
14.510000000000003
 20
-34.02
  0
HATCH
  5
2AE
330
17
100
AcDbEntity
  8
A-MURO-TRAMA
 62
7
100
AcDbHatch
 10
0.0
 20
0.0
 30
0.0
210
0.0
220
0.0
230
1.0
  2
ANSI31
 70
0
 71
0
 91
1
 92
3
 72
0
 73
1
 93
4
 10
13.1
 20
-34.02
 10
13.1
 20
-33.9
 10
14.510000000000003
 20
-33.9
 10
14.510000000000003
 20
-34.02
 97
0
 75
1
 76
1
 52
0.0
 41
0.03
 77
0
 78
1
 53
45.0
 43
0.0
 44
0.0
 45
-0.0020205576
 46
0.0020205576
 79
0
 98
0
  0
LINE
  5
2AF
330
17
100
AcDbEntity
  8
A-PUERTA
100
AcDbLine
 10
16.45
 20
-38.53
 30
0.0
 11
16.45
 21
-37.63
 31
0.0
  0
ARC
  5
2B0
330
17
100
AcDbEntity
  8
A-PUERTA
100
AcDbCircle
 10
16.45
 20
-38.53
 30
0.0
 40
0.9
100
AcDbArc
 50
90.0
 51
180.0
  0
LINE
  5
2B1
330
17
100
AcDbEntity
  8
A-PUERTA
100
AcDbLine
 10
15.1
 20
-32.82
 30
0.0
 11
15.1
 21
-33.62
 31
0.0
  0
ARC
  5
2B2
330
17
100
AcDbEntity
  8
A-PUERTA
100
AcDbCircle
 10
15.1
 20
-32.82
 30
0.0
 40
0.8
100
AcDbArc
 50
-90.0
 51
0.0
  0
LINE
  5
2B3
330
17
100
AcDbEntity
  8
A-PUERTA
100
AcDbLine
 10
13.1
 20
-33.9
 30
0.0
 11
13.1
 21
-33.1
 31
0.0
  0
ARC
  5
2B4
330
17
100
AcDbEntity
  8
A-PUERTA
100
AcDbCircle
 10
13.1
 20
-33.9
 30
0.0
 40
0.8
100
AcDbArc
 50
90.0
 51
180.0
  0
LWPOLYLINE
  5
2B5
330
17
100
AcDbEntity
  8
A-MURO
100
AcDbPolyline
 90
4
 70
1
 10
22.71
 20
-36.4
 10
22.71
 20
-36.28
 10
25.03
 20
-36.28
 10
25.03
 20
-36.4
  0
HATCH
  5
2B6
330
17
100
AcDbEntity
  8
A-MURO-TRAMA
 62
7
100
AcDbHatch
 10
0.0
 20
0.0
 30
0.0
210
0.0
220
0.0
230
1.0
  2
ANSI31
 70
0
 71
0
 91
1
 92
3
 72
0
 73
1
 93
4
 10
22.71
 20
-36.4
 10
22.71
 20
-36.28
 10
25.03
 20
-36.28
 10
25.03
 20
-36.4
 97
0
 75
1
 76
1
 52
0.0
 41
0.03
 77
0
 78
1
 53
45.0
 43
0.0
 44
0.0
 45
-0.0020205576
 46
0.0020205576
 79
0
 98
0
  0
LWPOLYLINE
  5
2B7
330
17
100
AcDbEntity
  8
A-MURO
100
AcDbPolyline
 90
4
 70
1
 10
22.71
 20
-35.48
 10
22.71
 20
-34.730000000000004
 10
22.830000000000002
 20
-34.730000000000004
 10
22.830000000000002
 20
-35.48
  0
HATCH
  5
2B8
330
17
100
AcDbEntity
  8
A-MURO-TRAMA
 62
7
100
AcDbHatch
 10
0.0
 20
0.0
 30
0.0
210
0.0
220
0.0
230
1.0
  2
ANSI31
 70
0
 71
0
 91
1
 92
3
 72
0
 73
1
 93
4
 10
22.71
 20
-35.48
 10
22.71
 20
-34.730000000000004
 10
22.830000000000002
 20
-34.730000000000004
 10
22.830000000000002
 20
-35.48
 97
0
 75
1
 76
1
 52
0.0
 41
0.03
 77
0
 78
1
 53
45.0
 43
0.0
 44
0.0
 45
-0.0020205576
 46
0.0020205576
 79
0
 98
0
  0
LWPOLYLINE
  5
2B9
330
17
100
AcDbEntity
  8
A-MURO
100
AcDbPolyline
 90
4
 70
1
 10
21.66
 20
-34.730000000000004
 10
21.66
 20
-34.61
 10
25.03
 20
-34.61
 10
25.03
 20
-34.730000000000004
  0
HATCH
  5
2BA
330
17
100
AcDbEntity
  8
A-MURO-TRAMA
 62
7
100
AcDbHatch
 10
0.0
 20
0.0
 30
0.0
210
0.0
220
0.0
230
1.0
  2
ANSI31
 70
0
 71
0
 91
1
 92
3
 72
0
 73
1
 93
4
 10
21.66
 20
-34.730000000000004
 10
21.66
 20
-34.61
 10
25.03
 20
-34.61
 10
25.03
 20
-34.730000000000004
 97
0
 75
1
 76
1
 52
0.0
 41
0.03
 77
0
 78
1
 53
45.0
 43
0.0
 44
0.0
 45
-0.0020205576
 46
0.0020205576
 79
0
 98
0
  0
LWPOLYLINE
  5
2BB
330
17
100
AcDbEntity
  8
A-MURO
100
AcDbPolyline
 90
4
 70
1
 10
21.66
 20
-34.61
 10
21.66
 20
-34.0
 10
21.78
 20
-34.0
 10
21.78
 20
-34.61
  0
HATCH
  5
2BC
330
17
100
AcDbEntity
  8
A-MURO-TRAMA
 62
7
100
AcDbHatch
 10
0.0
 20
0.0
 30
0.0
210
0.0
220
0.0
230
1.0
  2
ANSI31
 70
0
 71
0
 91
1
 92
3
 72
0
 73
1
 93
4
 10
21.66
 20
-34.61
 10
21.66
 20
-34.0
 10
21.78
 20
-34.0
 10
21.78
 20
-34.61
 97
0
 75
1
 76
1
 52
0.0
 41
0.03
 77
0
 78
1
 53
45.0
 43
0.0
 44
0.0
 45
-0.0020205576
 46
0.0020205576
 79
0
 98
0
  0
LWPOLYLINE
  5
2BD
330
17
100
AcDbEntity
  8
A-MURO
100
AcDbPolyline
 90
4
 70
1
 10
21.66
 20
-33.2
 10
21.66
 20
-31.15
 10
21.78
 20
-31.15
 10
21.78
 20
-33.2
  0
HATCH
  5
2BE
330
17
100
AcDbEntity
  8
A-MURO-TRAMA
 62
7
100
AcDbHatch
 10
0.0
 20
0.0
 30
0.0
210
0.0
220
0.0
230
1.0
  2
ANSI31
 70
0
 71
0
 91
1
 92
3
 72
0
 73
1
 93
4
 10
21.66
 20
-33.2
 10
21.66
 20
-31.15
 10
21.78
 20
-31.15
 10
21.78
 20
-33.2
 97
0
 75
1
 76
1
 52
0.0
 41
0.03
 77
0
 78
1
 53
45.0
 43
0.0
 44
0.0
 45
-0.0020205576
 46
0.0020205576
 79
0
 98
0
  0
LINE
  5
2BF
330
17
100
AcDbEntity
  8
A-PUERTA
100
AcDbLine
 10
19.63
 20
-38.85
 30
0.0
 11
20.529999999999998
 21
-38.85
 31
0.0
  0
ARC
  5
2C0
330
17
100
AcDbEntity
  8
A-PUERTA
100
AcDbCircle
 10
19.63
 20
-38.85
 30
0.0
 40
0.9
100
AcDbArc
 50
-90.0
 51
0.0
  0
LINE
  5
2C1
330
17
100
AcDbEntity
  8
A-PUERTA
100
AcDbLine
 10
22.71
 20
-36.28
 30
0.0
 11
21.91
 21
-36.28
 31
0.0
  0
ARC
  5
2C2
330
17
100
AcDbEntity
  8
A-PUERTA
100
AcDbCircle
 10
22.71
 20
-36.28
 30
0.0
 40
0.8
100
AcDbArc
 50
90.0
 51
180.0
  0
LINE
  5
2C3
330
17
100
AcDbEntity
  8
A-PUERTA
100
AcDbLine
 10
21.78
 20
-34.0
 30
0.0
 11
22.580000000000002
 21
-34.0
 31
0.0
  0
ARC
  5
2C4
330
17
100
AcDbEntity
  8
A-PUERTA
100
AcDbCircle
 10
21.78
 20
-34.0
 30
0.0
 40
0.8
100
AcDbArc
 50
0.0
 51
90.0
  0
LINE
  5
2C5
330
17
100
AcDbEntity
  8
A-ESCALERA
100
AcDbLine
 10
16.98
 20
-38.65
 30
0.0
 11
18.080000000000002
 21
-38.65
 31
0.0
  0
LINE
  5
2C6
330
17
100
AcDbEntity
  8
A-ESCALERA
100
AcDbLine
 10
16.98
 20
-38.37
 30
0.0
 11
18.080000000000002
 21
-38.37
 31
0.0
  0
LINE
  5
2C7
330
17
100
AcDbEntity
  8
A-ESCALERA
100
AcDbLine
 10
16.98
 20
-38.09
 30
0.0
 11
18.080000000000002
 21
-38.09
 31
0.0
  0
LINE
  5
2C8
330
17
100
AcDbEntity
  8
A-ESCALERA
100
AcDbLine
 10
16.98
 20
-37.81
 30
0.0
 11
18.080000000000002
 21
-37.81
 31
0.0
  0
LINE
  5
2C9
330
17
100
AcDbEntity
  8
A-ESCALERA
100
AcDbLine
 10
16.98
 20
-37.53
 30
0.0
 11
18.080000000000002
 21
-37.53
 31
0.0
  0
LINE
  5
2CA
330
17
100
AcDbEntity
  8
A-ESCALERA
100
AcDbLine
 10
16.98
 20
-37.25
 30
0.0
 11
18.080000000000002
 21
-37.25
 31
0.0
  0
LINE
  5
2CB
330
17
100
AcDbEntity
  8
A-ESCALERA
100
AcDbLine
 10
16.98
 20
-36.97
 30
0.0
 11
18.080000000000002
 21
-36.97
 31
0.0
  0
LINE
  5
2CC
330
17
100
AcDbEntity
  8
A-ESCALERA
100
AcDbLine
 10
16.98
 20
-36.69
 30
0.0
 11
18.080000000000002
 21
-36.69
 31
0.0
  0
LINE
  5
2CD
330
17
100
AcDbEntity
  8
A-ESCALERA
100
AcDbLine
 10
16.98
 20
-36.41
 30
0.0
 11
18.080000000000002
 21
-36.41
 31
0.0
  0
LINE
  5
2CE
330
17
100
AcDbEntity
  8
A-ESCALERA
100
AcDbLine
 10
18.080000000000002
 20
-38.65
 30
0.0
 11
18.080000000000002
 21
-36.41
 31
0.0
  0
LINE
  5
2CF
330
17
100
AcDbEntity
  8
A-ESCALERA
100
AcDbLine
 10
18.38
 20
-36.41
 30
0.0
 11
19.48
 21
-36.41
 31
0.0
  0
LINE
  5
2D0
330
17
100
AcDbEntity
  8
A-ESCALERA
100
AcDbLine
 10
18.38
 20
-36.69
 30
0.0
 11
19.48
 21
-36.69
 31
0.0
  0
LINE
  5
2D1
330
17
100
AcDbEntity
  8
A-ESCALERA
100
AcDbLine
 10
18.38
 20
-36.97
 30
0.0
 11
19.48
 21
-36.97
 31
0.0
  0
LINE
  5
2D2
330
17
100
AcDbEntity
  8
A-ESCALERA
100
AcDbLine
 10
18.38
 20
-37.25
 30
0.0
 11
19.48
 21
-37.25
 31
0.0
  0
LINE
  5
2D3
330
17
100
AcDbEntity
  8
A-ESCALERA
100
AcDbLine
 10
18.38
 20
-37.53
 30
0.0
 11
19.48
 21
-37.53
 31
0.0
  0
LINE
  5
2D4
330
17
100
AcDbEntity
  8
A-ESCALERA
100
AcDbLine
 10
18.38
 20
-37.81
 30
0.0
 11
19.48
 21
-37.81
 31
0.0
  0
LINE
  5
2D5
330
17
100
AcDbEntity
  8
A-ESCALERA
100
AcDbLine
 10
18.38
 20
-38.09
 30
0.0
 11
19.48
 21
-38.09
 31
0.0
  0
LINE
  5
2D6
330
17
100
AcDbEntity
  8
A-ESCALERA
100
AcDbLine
 10
18.38
 20
-38.37
 30
0.0
 11
19.48
 21
-38.37
 31
0.0
  0
LINE
  5
2D7
330
17
100
AcDbEntity
  8
A-ESCALERA
100
AcDbLine
 10
18.38
 20
-38.37
 30
0.0
 11
18.38
 21
-36.41
 31
0.0
  0
LINE
  5
2D8
330
17
100
AcDbEntity
  8
A-ESCALERA
100
AcDbLine
 10
16.98
 20
-36.41
 30
0.0
 11
19.48
 21
-36.41
 31
0.0
  0
LINE
  5
2D9
330
17
100
AcDbEntity
  8
A-ESCALERA
100
AcDbLine
 10
18.23
 20
-38.37
 30
0.0
 11
18.23
 21
-36.41
 31
0.0
  0
LWPOLYLINE
  5
2DA
330
17
100
AcDbEntity
  8
A-ESCALERA
100
AcDbPolyline
 90
3
 70
0
 10
16.98
 20
-38.65
 10
18.38
 20
-38.65
 10
18.38
 20
-38.37
  0
LWPOLYLINE
  5
2DB
330
17
100
AcDbEntity
  8
A-ESCALERA
100
AcDbPolyline
 90
3
 70
0
 10
16.98
 20
-38.6
 10
18.33
 20
-38.6
 10
18.33
 20
-38.37
  0
LINE
  5
2DC
330
17
100
AcDbEntity
  8
A-ESCALERA
100
AcDbLine
 10
18.93
 20
-38.22
 30
0.0
 11
18.93
 21
-36.56
 31
0.0
  0
SOLID
  5
2DD
330
17
100
AcDbEntity
  8
A-ESCALERA
100
AcDbTrace
 10
18.93
 20
-36.56
 30
0.0
 11
18.81
 21
-36.76
 31
0.0
 12
19.05
 22
-36.76
 32
0.0
 13
19.05
 23
-36.76
 33
0.0
  0
TEXT
  5
2DE
330
17
100
AcDbEntity
  8
A-ESCALERA
100
AcDbText
 10
19.11
 20
-37.39
 30
0.0
 40
0.12
  1
BAJA
  7
ARIAL
 72
1
 11
19.11
 21
-37.39
 31
0.0
100
AcDbText
 73
2
  0
LWPOLYLINE
  5
2DF
330
17
100
AcDbEntity
  8
E-COLUMNA
100
AcDbPolyline
 90
4
 70
1
 10
2.06
 20
-35.31
 10
2.06
 20
-35.01
 10
2.36
 20
-35.01
 10
2.36
 20
-35.31
  0
HATCH
  5
2E0
330
17
100
AcDbEntity
  8
E-COLUMNA
 62
7
100
AcDbHatch
 10
0.0
 20
0.0
 30
0.0
210
0.0
220
0.0
230
1.0
  2
SOLID
 70
1
 71
0
 91
1
 92
3
 72
0
 73
1
 93
4
 10
2.06
 20
-35.31
 10
2.06
 20
-35.01
 10
2.36
 20
-35.01
 10
2.36
 20
-35.31
 97
0
 75
0
 76
1
 98
0
  0
TEXT
  5
2E1
330
17
100
AcDbEntity
  8
E-COLUMNA
100
AcDbText
 10
2.48
 20
-34.89
 30
0.0
 40
0.1
  1
C1
  7
ARIAL
 11
2.48
 21
-34.89
 31
0.0
100
AcDbText
 73
2
  0
LWPOLYLINE
  5
2E2
330
17
100
AcDbEntity
  8
E-COLUMNA
100
AcDbPolyline
 90
4
 70
1
 10
7.534999999999999
 20
-35.31
 10
7.534999999999999
 20
-35.01
 10
7.835
 20
-35.01
 10
7.835
 20
-35.31
  0
HATCH
  5
2E3
330
17
100
AcDbEntity
  8
E-COLUMNA
 62
7
100
AcDbHatch
 10
0.0
 20
0.0
 30
0.0
210
0.0
220
0.0
230
1.0
  2
SOLID
 70
1
 71
0
 91
1
 92
3
 72
0
 73
1
 93
4
 10
7.534999999999999
 20
-35.31
 10
7.534999999999999
 20
-35.01
 10
7.835
 20
-35.01
 10
7.835
 20
-35.31
 97
0
 75
0
 76
1
 98
0
  0
TEXT
  5
2E4
330
17
100
AcDbEntity
  8
E-COLUMNA
100
AcDbText
 10
7.955
 20
-34.89
 30
0.0
 40
0.1
  1
C2
  7
ARIAL
 11
7.955
 21
-34.89
 31
0.0
100
AcDbText
 73
2
  0
LWPOLYLINE
  5
2E5
330
17
100
AcDbEntity
  8
E-COLUMNA
100
AcDbPolyline
 90
4
 70
1
 10
10.185
 20
-35.31
 10
10.185
 20
-35.01
 10
10.485000000000001
 20
-35.01
 10
10.485000000000001
 20
-35.31
  0
HATCH
  5
2E6
330
17
100
AcDbEntity
  8
E-COLUMNA
 62
7
100
AcDbHatch
 10
0.0
 20
0.0
 30
0.0
210
0.0
220
0.0
230
1.0
  2
SOLID
 70
1
 71
0
 91
1
 92
3
 72
0
 73
1
 93
4
 10
10.185
 20
-35.31
 10
10.185
 20
-35.01
 10
10.485000000000001
 20
-35.01
 10
10.485000000000001
 20
-35.31
 97
0
 75
0
 76
1
 98
0
  0
TEXT
  5
2E7
330
17
100
AcDbEntity
  8
E-COLUMNA
100
AcDbText
 10
10.605
 20
-34.89
 30
0.0
 40
0.1
  1
C3
  7
ARIAL
 11
10.605
 21
-34.89
 31
0.0
100
AcDbText
 73
2
  0
LWPOLYLINE
  5
2E8
330
17
100
AcDbEntity
  8
E-COLUMNA
100
AcDbPolyline
 90
4
 70
1
 10
16.755000000000003
 20
-35.31
 10
16.755000000000003
 20
-35.01
 10
17.055
 20
-35.01
 10
17.055
 20
-35.31
  0
HATCH
  5
2E9
330
17
100
AcDbEntity
  8
E-COLUMNA
 62
7
100
AcDbHatch
 10
0.0
 20
0.0
 30
0.0
210
0.0
220
0.0
230
1.0
  2
SOLID
 70
1
 71
0
 91
1
 92
3
 72
0
 73
1
 93
4
 10
16.755000000000003
 20
-35.31
 10
16.755000000000003
 20
-35.01
 10
17.055
 20
-35.01
 10
17.055
 20
-35.31
 97
0
 75
0
 76
1
 98
0
  0
TEXT
  5
2EA
330
17
100
AcDbEntity
  8
E-COLUMNA
100
AcDbText
 10
17.175
 20
-34.89
 30
0.0
 40
0.1
  1
C4
  7
ARIAL
 11
17.175
 21
-34.89
 31
0.0
100
AcDbText
 73
2
  0
LWPOLYLINE
  5
2EB
330
17
100
AcDbEntity
  8
E-COLUMNA
100
AcDbPolyline
 90
4
 70
1
 10
19.405
 20
-35.31
 10
19.405
 20
-35.01
 10
19.705
 20
-35.01
 10
19.705
 20
-35.31
  0
HATCH
  5
2EC
330
17
100
AcDbEntity
  8
E-COLUMNA
 62
7
100
AcDbHatch
 10
0.0
 20
0.0
 30
0.0
210
0.0
220
0.0
230
1.0
  2
SOLID
 70
1
 71
0
 91
1
 92
3
 72
0
 73
1
 93
4
 10
19.405
 20
-35.31
 10
19.405
 20
-35.01
 10
19.705
 20
-35.01
 10
19.705
 20
-35.31
 97
0
 75
0
 76
1
 98
0
  0
TEXT
  5
2ED
330
17
100
AcDbEntity
  8
E-COLUMNA
100
AcDbText
 10
19.825
 20
-34.89
 30
0.0
 40
0.1
  1
C5
  7
ARIAL
 11
19.825
 21
-34.89
 31
0.0
100
AcDbText
 73
2
  0
LWPOLYLINE
  5
2EE
330
17
100
AcDbEntity
  8
E-COLUMNA
100
AcDbPolyline
 90
4
 70
1
 10
24.880000000000003
 20
-35.31
 10
24.880000000000003
 20
-35.01
 10
25.18
 20
-35.01
 10
25.18
 20
-35.31
  0
HATCH
  5
2EF
330
17
100
AcDbEntity
  8
E-COLUMNA
 62
7
100
AcDbHatch
 10
0.0
 20
0.0
 30
0.0
210
0.0
220
0.0
230
1.0
  2
SOLID
 70
1
 71
0
 91
1
 92
3
 72
0
 73
1
 93
4
 10
24.880000000000003
 20
-35.31
 10
24.880000000000003
 20
-35.01
 10
25.18
 20
-35.01
 10
25.18
 20
-35.31
 97
0
 75
0
 76
1
 98
0
  0
TEXT
  5
2F0
330
17
100
AcDbEntity
  8
E-COLUMNA
100
AcDbText
 10
25.3
 20
-34.89
 30
0.0
 40
0.1
  1
C6
  7
ARIAL
 11
25.3
 21
-34.89
 31
0.0
100
AcDbText
 73
2
  0
LINE
  5
2F1
330
17
100
AcDbEntity
  8
A-PROYECCION
 48
0.1
100
AcDbLine
 10
7.76
 20
-38.53
 30
0.0
 11
10.26
 21
-31.15
 31
0.0
  0
LINE
  5
2F2
330
17
100
AcDbEntity
  8
A-PROYECCION
 48
0.1
100
AcDbLine
 10
7.76
 20
-31.15
 30
0.0
 11
10.26
 21
-38.53
 31
0.0
  0
LINE
  5
2F3
330
17
100
AcDbEntity
  8
A-PROYECCION
 48
0.1
100
AcDbLine
 10
16.98
 20
-35.19
 30
0.0
 11
19.48
 21
-31.15
 31
0.0
  0
LINE
  5
2F4
330
17
100
AcDbEntity
  8
A-PROYECCION
 48
0.1
100
AcDbLine
 10
16.98
 20
-31.15
 30
0.0
 11
19.48
 21
-35.19
 31
0.0
  0
MTEXT
  5
2F5
330
17
100
AcDbEntity
  8
A-ESPACIOS
100
AcDbMText
 10
5.25
 20
-38.05
 30
0.0
 40
0.15
 41
4.0
 71
5
  1
SUITE 1\PDORMITORIO Y ESTAR
  7
ARIAL
  0
MTEXT
  5
2F6
330
17
100
AcDbEntity
  8
A-ESPACIOS
100
AcDbMText
 10
4.05
 20
-35.88
 30
0.0
 40
0.1
 41
4.0
 71
5
  1
BAÑO\P3,41 m²
  7
ARIAL
  0
MTEXT
  5
2F7
330
17
100
AcDbEntity
  8
A-ESPACIOS
100
AcDbMText
 10
3.85
 20
-32.9
 30
0.0
 40
0.12
 41
4.0
 71
5
  1
WALK-IN CLOSET\P3.46 x 3.25\P11,24 m²
  7
ARIAL
  0
MTEXT
  5
2F8
330
17
100
AcDbEntity
  8
A-ESPACIOS
100
AcDbMText
 10
12.0
 20
-35.45
 30
0.0
 40
0.15
 41
4.0
 71
5
  1
SUITE 2\PDORMITORIO Y ESTAR
  7
ARIAL
  0
MTEXT
  5
2F9
330
17
100
AcDbEntity
  8
A-ESPACIOS
100
AcDbMText
 10
15.55
 20
-32.25
 30
0.0
 40
0.1
 41
4.0
 71
5
  1
BAÑO\P3,41 m²
  7
ARIAL
  0
MTEXT
  5
2FA
330
17
100
AcDbEntity
  8
A-ESPACIOS
100
AcDbMText
 10
11.3
 20
-33.0
 30
0.0
 40
0.12
 41
4.0
 71
5
  1
WALK-IN CLOSET\P2.75 x 4.10\P11,28 m²
  7
ARIAL
  0
MTEXT
  5
2FB
330
17
100
AcDbEntity
  8
A-ESPACIOS
100
AcDbMText
 10
21.55
 20
-38.05
 30
0.0
 40
0.15
 41
4.0
 71
5
  1
SUITE 3\PDORMITORIO Y ESTAR
  7
ARIAL
  0
MTEXT
  5
2FC
330
17
100
AcDbEntity
  8
A-ESPACIOS
100
AcDbMText
 10
23.15
 20
-35.88
 30
0.0
 40
0.1
 41
4.0
 71
5
  1
BAÑO\P3,41 m²
  7
ARIAL
  0
MTEXT
  5
2FD
330
17
100
AcDbEntity
  8
A-ESPACIOS
100
AcDbMText
 10
23.35
 20
-32.9
 30
0.0
 40
0.12
 41
4.0
 71
5
  1
WALK-IN CLOSET\P3.46 x 3.25\P11,24 m²
  7
ARIAL
  0
TEXT
  5
2FE
330
17
100
AcDbEntity
  8
A-ESPACIOS
100
AcDbText
 10
13.0
 20
-39.25
 30
0.0
 40
0.13
  1
PASILLO
  7
ARIAL
 72
1
 11
13.0
 21
-39.25
 31
0.0
100
AcDbText
 73
2
  0
MTEXT
  5
2FF
330
17
100
AcDbEntity
  8
A-ESPACIOS
100
AcDbMText
 10
9.0
 20
-34.84
 30
0.0
 40
0.14
 41
3.0
 71
5
  1
PATIO DE LUZ P1\P(ABIERTO)
  7
ARIAL
  0
MTEXT
  5
300
330
17
100
AcDbEntity
  8
A-ESPACIOS
100
AcDbMText
 10
18.25
 20
-33.17
 30
0.0
 40
0.14
 41
3.0
 71
5
  1
PATIO P2\P(ABIERTO)
  7
ARIAL
  0
TEXT
  5
301
330
17
100
AcDbEntity
  8
A-ESPACIOS
100
AcDbText
 10
-2.15
 20
-35.5
 30
0.0
 40
0.22
  1
CALLE PÚBLICA
 50
90.0
  7
ARIAL
 72
1
 11
-2.15
 21
-35.5
 31
0.0
100
AcDbText
 73
2
  0
LINE
  5
302
330
17
100
AcDbEntity
  8
A-EJES
 48
0.05
100
AcDbLine
 10
-0.2
 20
-39.925
 30
0.0
 11
29.85
 21
-39.925
 31
0.0
  0
CIRCLE
  5
303
330
17
100
AcDbEntity
  8
A-EJES-TXT
100
AcDbCircle
 10
30.130000000000003
 20
-39.925
 30
0.0
 40
0.28
  0
TEXT
  5
304
330
17
100
AcDbEntity
  8
A-EJES-TXT
100
AcDbText
 10
30.130000000000003
 20
-39.925
 30
0.0
 40
0.22
  1
A
  7
ARIAL
 72
1
 11
30.130000000000003
 21
-39.925
 31
0.0
100
AcDbText
 73
2
  0
LINE
  5
305
330
17
100
AcDbEntity
  8
A-EJES
 48
0.05
100
AcDbLine
 10
-0.2
 20
-38.59
 30
0.0
 11
29.85
 21
-38.59
 31
0.0
  0
CIRCLE
  5
306
330
17
100
AcDbEntity
  8
A-EJES-TXT
100
AcDbCircle
 10
30.130000000000003
 20
-38.59
 30
0.0
 40
0.28
  0
TEXT
  5
307
330
17
100
AcDbEntity
  8
A-EJES-TXT
100
AcDbText
 10
30.130000000000003
 20
-38.59
 30
0.0
 40
0.22
  1
B
  7
ARIAL
 72
1
 11
30.130000000000003
 21
-38.59
 31
0.0
100
AcDbText
 73
2
  0
LINE
  5
308
330
17
100
AcDbEntity
  8
A-EJES
 48
0.05
100
AcDbLine
 10
-0.2
 20
-35.16
 30
0.0
 11
29.85
 21
-35.16
 31
0.0
  0
CIRCLE
  5
309
330
17
100
AcDbEntity
  8
A-EJES-TXT
100
AcDbCircle
 10
30.130000000000003
 20
-35.16
 30
0.0
 40
0.28
  0
TEXT
  5
30A
330
17
100
AcDbEntity
  8
A-EJES-TXT
100
AcDbText
 10
30.130000000000003
 20
-35.16
 30
0.0
 40
0.22
  1
C
  7
ARIAL
 72
1
 11
30.130000000000003
 21
-35.16
 31
0.0
100
AcDbText
 73
2
  0
LINE
  5
30B
330
17
100
AcDbEntity
  8
A-EJES
 48
0.05
100
AcDbLine
 10
-0.2
 20
-31.075
 30
0.0
 11
29.85
 21
-31.075
 31
0.0
  0
CIRCLE
  5
30C
330
17
100
AcDbEntity
  8
A-EJES-TXT
100
AcDbCircle
 10
30.130000000000003
 20
-31.075
 30
0.0
 40
0.28
  0
TEXT
  5
30D
330
17
100
AcDbEntity
  8
A-EJES-TXT
100
AcDbText
 10
30.130000000000003
 20
-31.075
 30
0.0
 40
0.22
  1
D
  7
ARIAL
 72
1
 11
30.130000000000003
 21
-31.075
 31
0.0
100
AcDbText
 73
2
  0
LINE
  5
30E
330
17
100
AcDbEntity
  8
A-EJES
 48
0.05
100
AcDbLine
 10
2.1350000000000002
 20
-42.35
 30
0.0
 11
2.1350000000000002
 21
-29.8
 31
0.0
  0
CIRCLE
  5
30F
330
17
100
AcDbEntity
  8
A-EJES-TXT
100
AcDbCircle
 10
2.1350000000000002
 20
-42.63
 30
0.0
 40
0.28
  0
TEXT
  5
310
330
17
100
AcDbEntity
  8
A-EJES-TXT
100
AcDbText
 10
2.1350000000000002
 20
-42.63
 30
0.0
 40
0.22
  1
1
  7
ARIAL
 72
1
 11
2.1350000000000002
 21
-42.63
 31
0.0
100
AcDbText
 73
2
  0
LINE
  5
311
330
17
100
AcDbEntity
  8
A-EJES
 48
0.05
100
AcDbLine
 10
7.685
 20
-42.35
 30
0.0
 11
7.685
 21
-29.8
 31
0.0
  0
CIRCLE
  5
312
330
17
100
AcDbEntity
  8
A-EJES-TXT
100
AcDbCircle
 10
7.685
 20
-42.63
 30
0.0
 40
0.28
  0
TEXT
  5
313
330
17
100
AcDbEntity
  8
A-EJES-TXT
100
AcDbText
 10
7.685
 20
-42.63
 30
0.0
 40
0.22
  1
2
  7
ARIAL
 72
1
 11
7.685
 21
-42.63
 31
0.0
100
AcDbText
 73
2
  0
LINE
  5
314
330
17
100
AcDbEntity
  8
A-EJES
 48
0.05
100
AcDbLine
 10
10.335
 20
-42.35
 30
0.0
 11
10.335
 21
-29.8
 31
0.0
  0
CIRCLE
  5
315
330
17
100
AcDbEntity
  8
A-EJES-TXT
100
AcDbCircle
 10
10.335
 20
-42.63
 30
0.0
 40
0.28
  0
TEXT
  5
316
330
17
100
AcDbEntity
  8
A-EJES-TXT
100
AcDbText
 10
10.335
 20
-42.63
 30
0.0
 40
0.22
  1
3
  7
ARIAL
 72
1
 11
10.335
 21
-42.63
 31
0.0
100
AcDbText
 73
2
  0
LINE
  5
317
330
17
100
AcDbEntity
  8
A-EJES
 48
0.05
100
AcDbLine
 10
16.905
 20
-42.35
 30
0.0
 11
16.905
 21
-29.8
 31
0.0
  0
CIRCLE
  5
318
330
17
100
AcDbEntity
  8
A-EJES-TXT
100
AcDbCircle
 10
16.905
 20
-42.63
 30
0.0
 40
0.28
  0
TEXT
  5
319
330
17
100
AcDbEntity
  8
A-EJES-TXT
100
AcDbText
 10
16.905
 20
-42.63
 30
0.0
 40
0.22
  1
4
  7
ARIAL
 72
1
 11
16.905
 21
-42.63
 31
0.0
100
AcDbText
 73
2
  0
LINE
  5
31A
330
17
100
AcDbEntity
  8
A-EJES
 48
0.05
100
AcDbLine
 10
19.555
 20
-42.35
 30
0.0
 11
19.555
 21
-29.8
 31
0.0
  0
CIRCLE
  5
31B
330
17
100
AcDbEntity
  8
A-EJES-TXT
100
AcDbCircle
 10
19.555
 20
-42.63
 30
0.0
 40
0.28
  0
TEXT
  5
31C
330
17
100
AcDbEntity
  8
A-EJES-TXT
100
AcDbText
 10
19.555
 20
-42.63
 30
0.0
 40
0.22
  1
5
  7
ARIAL
 72
1
 11
19.555
 21
-42.63
 31
0.0
100
AcDbText
 73
2
  0
LINE
  5
31D
330
17
100
AcDbEntity
  8
A-EJES
 48
0.05
100
AcDbLine
 10
25.105
 20
-42.35
 30
0.0
 11
25.105
 21
-29.8
 31
0.0
  0
CIRCLE
  5
31E
330
17
100
AcDbEntity
  8
A-EJES-TXT
100
AcDbCircle
 10
25.105
 20
-42.63
 30
0.0
 40
0.28
  0
TEXT
  5
31F
330
17
100
AcDbEntity
  8
A-EJES-TXT
100
AcDbText
 10
25.105
 20
-42.63
 30
0.0
 40
0.22
  1
6
  7
ARIAL
 72
1
 11
25.105
 21
-42.63
 31
0.0
100
AcDbText
 73
2
  0
CIRCLE
  5
320
330
17
100
AcDbEntity
  8
A-ETIQUETA
100
AcDbCircle
 10
1.0
 20
3.0
 30
0.0
 40
0.36
  0
TEXT
  5
321
330
17
100
AcDbEntity
  8
A-ETIQUETA
100
AcDbText
 10
1.0
 20
3.0
 30
0.0
 40
0.15
  1
P-06
  7
ARIAL
 72
1
 11
1.0
 21
3.0
 31
0.0
100
AcDbText
 73
2
  0
CIRCLE
  5
322
330
17
100
AcDbEntity
  8
A-ETIQUETA
100
AcDbCircle
 10
0.75
 20
0.7
 30
0.0
 40
0.36
  0
TEXT
  5
323
330
17
100
AcDbEntity
  8
A-ETIQUETA
100
AcDbText
 10
0.75
 20
0.7
 30
0.0
 40
0.15
  1
P-05
  7
ARIAL
 72
1
 11
0.75
 21
0.7
 31
0.0
100
AcDbText
 73
2
  0
CIRCLE
  5
324
330
17
100
AcDbEntity
  8
A-ETIQUETA
100
AcDbCircle
 10
16.25
 20
0.75
 30
0.0
 40
0.36
  0
TEXT
  5
325
330
17
100
AcDbEntity
  8
A-ETIQUETA
100
AcDbText
 10
16.25
 20
0.75
 30
0.0
 40
0.15
  1
P-01
  7
ARIAL
 72
1
 11
16.25
 21
0.75
 31
0.0
100
AcDbText
 73
2
  0
LWPOLYLINE
  5
326
330
17
100
AcDbEntity
  8
A-ETIQUETA
100
AcDbPolyline
 90
4
 70
1
 10
0.65
 20
7.46
 10
1.35
 20
7.46
 10
1.35
 20
7.739999999999999
 10
0.65
 20
7.739999999999999
  0
TEXT
  5
327
330
17
100
AcDbEntity
  8
A-ETIQUETA
100
AcDbText
 10
1.0
 20
7.6
 30
0.0
 40
0.13
  1
PI-C
  7
ARIAL
 72
1
 11
1.0
 21
7.6
 31
0.0
100
AcDbText
 73
2
  0
LWPOLYLINE
  5
328
330
17
100
AcDbEntity
  8
A-ETIQUETA
100
AcDbPolyline
 90
4
 70
1
 10
6.25
 20
3.71
 10
6.949999999999999
 20
3.71
 10
6.949999999999999
 20
3.99
 10
6.25
 20
3.99
  0
TEXT
  5
329
330
17
100
AcDbEntity
  8
A-ETIQUETA
100
AcDbText
 10
6.6
 20
3.85
 30
0.0
 40
0.13
  1
PI-B
  7
ARIAL
 72
1
 11
6.6
 21
3.85
 31
0.0
100
AcDbText
 73
2
  0
LWPOLYLINE
  5
32A
330
17
100
AcDbEntity
  8
A-ETIQUETA
100
AcDbPolyline
 90
4
 70
1
 10
8.65
 20
0.61
 10
9.35
 20
0.61
 10
9.35
 20
0.89
 10
8.65
 20
0.89
  0
TEXT
  5
32B
330
17
100
AcDbEntity
  8
A-ETIQUETA
100
AcDbText
 10
9.0
 20
0.75
 30
0.0
 40
0.13
  1
PI-B
  7
ARIAL
 72
1
 11
9.0
 21
0.75
 31
0.0
100
AcDbText
 73
2
  0
LWPOLYLINE
  5
32C
330
17
100
AcDbEntity
  8
A-ETIQUETA
100
AcDbPolyline
 90
4
 70
1
 10
17.88
 20
2.21
 10
18.580000000000002
 20
2.21
 10
18.580000000000002
 20
2.49
 10
17.88
 20
2.49
  0
TEXT
  5
32D
330
17
100
AcDbEntity
  8
A-ETIQUETA
100
AcDbText
 10
18.23
 20
2.35
 30
0.0
 40
0.13
  1
PI-B
  7
ARIAL
 72
1
 11
18.23
 21
2.35
 31
0.0
100
AcDbText
 73
2
  0
LWPOLYLINE
  5
32E
330
17
100
AcDbEntity
  8
A-ETIQUETA
100
AcDbPolyline
 90
4
 70
1
 10
12.25
 20
5.86
 10
12.95
 20
5.86
 10
12.95
 20
6.14
 10
12.25
 20
6.14
  0
TEXT
  5
32F
330
17
100
AcDbEntity
  8
A-ETIQUETA
100
AcDbText
 10
12.6
 20
6.0
 30
0.0
 40
0.13
  1
PI-D
  7
ARIAL
 72
1
 11
12.6
 21
6.0
 31
0.0
100
AcDbText
 73
2
  0
LWPOLYLINE
  5
330
330
17
100
AcDbEntity
  8
A-ETIQUETA
100
AcDbPolyline
 90
4
 70
1
 10
21.65
 20
6.36
 10
22.35
 20
6.36
 10
22.35
 20
6.64
 10
21.65
 20
6.64
  0
TEXT
  5
331
330
17
100
AcDbEntity
  8
A-ETIQUETA
100
AcDbText
 10
22.0
 20
6.5
 30
0.0
 40
0.13
  1
PI-D
  7
ARIAL
 72
1
 11
22.0
 21
6.5
 31
0.0
100
AcDbText
 73
2
  0
LWPOLYLINE
  5
332
330
17
100
AcDbEntity
  8
A-ETIQUETA
100
AcDbPolyline
 90
4
 70
1
 10
26.45
 20
5.86
 10
27.150000000000002
 20
5.86
 10
27.150000000000002
 20
6.14
 10
26.45
 20
6.14
  0
TEXT
  5
333
330
17
100
AcDbEntity
  8
A-ETIQUETA
100
AcDbText
 10
26.8
 20
6.0
 30
0.0
 40
0.13
  1
PI-D
  7
ARIAL
 72
1
 11
26.8
 21
6.0
 31
0.0
100
AcDbText
 73
2
  0
LWPOLYLINE
  5
334
330
17
100
AcDbEntity
  8
A-ETIQUETA
100
AcDbPolyline
 90
4
 70
1
 10
8.65
 20
7.46
 10
9.35
 20
7.46
 10
9.35
 20
7.739999999999999
 10
8.65
 20
7.739999999999999
  0
TEXT
  5
335
330
17
100
AcDbEntity
  8
A-ETIQUETA
100
AcDbText
 10
9.0
 20
7.6
 30
0.0
 40
0.13
  1
Pd-D
  7
ARIAL
 72
1
 11
9.0
 21
7.6
 31
0.0
100
AcDbText
 73
2
  0
LINE
  5
336
330
17
100
AcDbEntity
  8
A-ETIQUETA
100
AcDbLine
 10
9.0
 20
7.739999999999999
 30
0.0
 11
9.0
 21
8.85
 31
0.0
  0
SOLID
  5
337
330
17
100
AcDbEntity
  8
A-ETIQUETA
100
AcDbTrace
 10
9.0
 20
8.85
 30
0.0
 11
9.07
 21
8.67
 31
0.0
 12
8.93
 22
8.67
 32
0.0
 13
8.93
 23
8.67
 33
0.0
  0
LWPOLYLINE
  5
338
330
17
100
AcDbEntity
  8
A-ETIQUETA
100
AcDbPolyline
 90
4
 70
1
 10
13.65
 20
2.06
 10
14.35
 20
2.06
 10
14.35
 20
2.3400000000000003
 10
13.65
 20
2.3400000000000003
  0
TEXT
  5
339
330
17
100
AcDbEntity
  8
A-ETIQUETA
100
AcDbText
 10
14.0
 20
2.2
 30
0.0
 40
0.13
  1
Pd-D
  7
ARIAL
 72
1
 11
14.0
 21
2.2
 31
0.0
100
AcDbText
 73
2
  0
LINE
  5
33A
330
17
100
AcDbEntity
  8
A-ETIQUETA
100
AcDbLine
 10
14.0
 20
2.06
 30
0.0
 11
14.0
 21
0.15
 31
0.0
  0
SOLID
  5
33B
330
17
100
AcDbEntity
  8
A-ETIQUETA
100
AcDbTrace
 10
14.0
 20
0.15
 30
0.0
 11
13.93
 21
0.32999999999999996
 31
0.0
 12
14.07
 22
0.32999999999999996
 32
0.0
 13
14.07
 23
0.32999999999999996
 33
0.0
  0
LWPOLYLINE
  5
33C
330
17
100
AcDbEntity
  8
A-ETIQUETA
100
AcDbPolyline
 90
4
 70
1
 10
20.25
 20
2.26
 10
20.950000000000003
 20
2.26
 10
20.950000000000003
 20
2.54
 10
20.25
 20
2.54
  0
TEXT
  5
33D
330
17
100
AcDbEntity
  8
A-ETIQUETA
100
AcDbText
 10
20.6
 20
2.4
 30
0.0
 40
0.13
  1
Pd-D
  7
ARIAL
 72
1
 11
20.6
 21
2.4
 31
0.0
100
AcDbText
 73
2
  0
LINE
  5
33E
330
17
100
AcDbEntity
  8
A-ETIQUETA
100
AcDbLine
 10
20.25
 20
2.4
 30
0.0
 11
19.6
 21
2.4
 31
0.0
  0
SOLID
  5
33F
330
17
100
AcDbEntity
  8
A-ETIQUETA
100
AcDbTrace
 10
19.6
 20
2.4
 30
0.0
 11
19.78
 21
2.4699999999999998
 31
0.0
 12
19.78
 22
2.33
 32
0.0
 13
19.78
 23
2.33
 33
0.0
  0
LWPOLYLINE
  5
340
330
17
100
AcDbEntity
  8
A-ETIQUETA
100
AcDbPolyline
 90
4
 70
1
 10
17.88
 20
3.61
 10
18.580000000000002
 20
3.61
 10
18.580000000000002
 20
3.89
 10
17.88
 20
3.89
  0
TEXT
  5
341
330
17
100
AcDbEntity
  8
A-ETIQUETA
100
AcDbText
 10
18.23
 20
3.75
 30
0.0
 40
0.13
  1
Pd-A
  7
ARIAL
 72
1
 11
18.23
 21
3.75
 31
0.0
100
AcDbText
 73
2
  0
LINE
  5
342
330
17
100
AcDbEntity
  8
A-ETIQUETA
100
AcDbLine
 10
18.23
 20
3.89
 30
0.0
 11
18.23
 21
4.69
 31
0.0
  0
SOLID
  5
343
330
17
100
AcDbEntity
  8
A-ETIQUETA
100
AcDbTrace
 10
18.23
 20
4.69
 30
0.0
 11
18.3
 21
4.510000000000001
 31
0.0
 12
18.16
 22
4.510000000000001
 32
0.0
 13
18.16
 23
4.510000000000001
 33
0.0
  0
LWPOLYLINE
  5
344
330
17
100
AcDbEntity
  8
A-ETIQUETA
100
AcDbPolyline
 90
4
 70
1
 10
1.0499999999999998
 20
-18.37
 10
1.85
 20
-18.37
 10
1.85
 20
-18.029999999999998
 10
1.0499999999999998
 20
-18.029999999999998
  0
TEXT
  5
345
330
17
100
AcDbEntity
  8
A-ETIQUETA
100
AcDbText
 10
1.45
 20
-18.2
 30
0.0
 40
0.15
  1
V-01
  7
ARIAL
 72
1
 11
1.45
 21
-18.2
 31
0.0
100
AcDbText
 73
2
  0
LWPOLYLINE
  5
346
330
17
100
AcDbEntity
  8
A-ETIQUETA
100
AcDbPolyline
 90
4
 70
1
 10
1.0499999999999998
 20
-15.959999999999999
 10
1.85
 20
-15.959999999999999
 10
1.85
 20
-15.62
 10
1.0499999999999998
 20
-15.62
  0
TEXT
  5
347
330
17
100
AcDbEntity
  8
A-ETIQUETA
100
AcDbText
 10
1.45
 20
-15.79
 30
0.0
 40
0.15
  1
V-03
  7
ARIAL
 72
1
 11
1.45
 21
-15.79
 31
0.0
100
AcDbText
 73
2
  0
LWPOLYLINE
  5
348
330
17
100
AcDbEntity
  8
A-ETIQUETA
100
AcDbPolyline
 90
4
 70
1
 10
1.0499999999999998
 20
-12.87
 10
1.85
 20
-12.87
 10
1.85
 20
-12.53
 10
1.0499999999999998
 20
-12.53
  0
TEXT
  5
349
330
17
100
AcDbEntity
  8
A-ETIQUETA
100
AcDbText
 10
1.45
 20
-12.7
 30
0.0
 40
0.15
  1
V-02
  7
ARIAL
 72
1
 11
1.45
 21
-12.7
 31
0.0
100
AcDbText
 73
2
  0
LWPOLYLINE
  5
34A
330
17
100
AcDbEntity
  8
A-ETIQUETA
100
AcDbPolyline
 90
4
 70
1
 10
25.400000000000002
 20
-18.37
 10
26.2
 20
-18.37
 10
26.2
 20
-18.029999999999998
 10
25.400000000000002
 20
-18.029999999999998
  0
TEXT
  5
34B
330
17
100
AcDbEntity
  8
A-ETIQUETA
100
AcDbText
 10
25.8
 20
-18.2
 30
0.0
 40
0.15
  1
V-04
  7
ARIAL
 72
1
 11
25.8
 21
-18.2
 31
0.0
100
AcDbText
 73
2
  0
LWPOLYLINE
  5
34C
330
17
100
AcDbEntity
  8
A-ETIQUETA
100
AcDbPolyline
 90
4
 70
1
 10
25.400000000000002
 20
-15.950000000000001
 10
26.2
 20
-15.950000000000001
 10
26.2
 20
-15.610000000000001
 10
25.400000000000002
 20
-15.610000000000001
  0
TEXT
  5
34D
330
17
100
AcDbEntity
  8
A-ETIQUETA
100
AcDbText
 10
25.8
 20
-15.780000000000001
 30
0.0
 40
0.15
  1
V-05
  7
ARIAL
 72
1
 11
25.8
 21
-15.780000000000001
 31
0.0
100
AcDbText
 73
2
  0
LWPOLYLINE
  5
34E
330
17
100
AcDbEntity
  8
A-ETIQUETA
100
AcDbPolyline
 90
4
 70
1
 10
25.400000000000002
 20
-12.87
 10
26.2
 20
-12.87
 10
26.2
 20
-12.53
 10
25.400000000000002
 20
-12.53
  0
TEXT
  5
34F
330
17
100
AcDbEntity
  8
A-ETIQUETA
100
AcDbText
 10
25.8
 20
-12.7
 30
0.0
 40
0.15
  1
V-06
  7
ARIAL
 72
1
 11
25.8
 21
-12.7
 31
0.0
100
AcDbText
 73
2
  0
LWPOLYLINE
  5
350
330
17
100
AcDbEntity
  8
A-ETIQUETA
100
AcDbPolyline
 90
4
 70
1
 10
7.85
 20
-16.970000000000002
 10
8.65
 20
-16.970000000000002
 10
8.65
 20
-16.63
 10
7.85
 20
-16.63
  0
TEXT
  5
351
330
17
100
AcDbEntity
  8
A-ETIQUETA
100
AcDbText
 10
8.25
 20
-16.8
 30
0.0
 40
0.15
  1
V-07
  7
ARIAL
 72
1
 11
8.25
 21
-16.8
 31
0.0
100
AcDbText
 73
2
  0
LWPOLYLINE
  5
352
330
17
100
AcDbEntity
  8
A-ETIQUETA
100
AcDbPolyline
 90
4
 70
1
 10
7.85
 20
-13.27
 10
8.65
 20
-13.27
 10
8.65
 20
-12.93
 10
7.85
 20
-12.93
  0
TEXT
  5
353
330
17
100
AcDbEntity
  8
A-ETIQUETA
100
AcDbText
 10
8.25
 20
-13.1
 30
0.0
 40
0.15
  1
V-08
  7
ARIAL
 72
1
 11
8.25
 21
-13.1
 31
0.0
100
AcDbText
 73
2
  0
LWPOLYLINE
  5
354
330
17
100
AcDbEntity
  8
A-ETIQUETA
100
AcDbPolyline
 90
4
 70
1
 10
9.049999999999999
 20
-18.020000000000003
 10
9.85
 20
-18.020000000000003
 10
9.85
 20
-17.68
 10
9.049999999999999
 20
-17.68
  0
TEXT
  5
355
330
17
100
AcDbEntity
  8
A-ETIQUETA
100
AcDbText
 10
9.45
 20
-17.85
 30
0.0
 40
0.15
  1
V-13
  7
ARIAL
 72
1
 11
9.45
 21
-17.85
 31
0.0
100
AcDbText
 73
2
  0
LWPOLYLINE
  5
356
330
17
100
AcDbEntity
  8
A-ETIQUETA
100
AcDbPolyline
 90
4
 70
1
 10
18.650000000000002
 20
-13.27
 10
19.45
 20
-13.27
 10
19.45
 20
-12.93
 10
18.650000000000002
 20
-12.93
  0
TEXT
  5
357
330
17
100
AcDbEntity
  8
A-ETIQUETA
100
AcDbText
 10
19.05
 20
-13.1
 30
0.0
 40
0.15
  1
V-12
  7
ARIAL
 72
1
 11
19.05
 21
-13.1
 31
0.0
100
AcDbText
 73
2
  0
CIRCLE
  5
358
330
17
100
AcDbEntity
  8
A-ETIQUETA
100
AcDbCircle
 10
8.45
 20
-19.25
 30
0.0
 40
0.36
  0
TEXT
  5
359
330
17
100
AcDbEntity
  8
A-ETIQUETA
100
AcDbText
 10
8.45
 20
-19.25
 30
0.0
 40
0.15
  1
P-02
  7
ARIAL
 72
1
 11
8.45
 21
-19.25
 31
0.0
100
AcDbText
 73
2
  0
CIRCLE
  5
35A
330
17
100
AcDbEntity
  8
A-ETIQUETA
100
AcDbCircle
 10
5.0
 20
-15.85
 30
0.0
 40
0.36
  0
TEXT
  5
35B
330
17
100
AcDbEntity
  8
A-ETIQUETA
100
AcDbText
 10
5.0
 20
-15.85
 30
0.0
 40
0.15
  1
P-03
  7
ARIAL
 72
1
 11
5.0
 21
-15.85
 31
0.0
100
AcDbText
 73
2
  0
CIRCLE
  5
35C
330
17
100
AcDbEntity
  8
A-ETIQUETA
100
AcDbCircle
 10
6.0
 20
-13.6
 30
0.0
 40
0.36
  0
TEXT
  5
35D
330
17
100
AcDbEntity
  8
A-ETIQUETA
100
AcDbText
 10
6.0
 20
-13.6
 30
0.0
 40
0.15
  1
P-04
  7
ARIAL
 72
1
 11
6.0
 21
-13.6
 31
0.0
100
AcDbText
 73
2
  0
LWPOLYLINE
  5
35E
330
17
100
AcDbEntity
  8
A-ETIQUETA
100
AcDbPolyline
 90
4
 70
1
 10
2.4499999999999997
 20
-17.54
 10
3.15
 20
-17.54
 10
3.15
 20
-17.259999999999998
 10
2.4499999999999997
 20
-17.259999999999998
  0
TEXT
  5
35F
330
17
100
AcDbEntity
  8
A-ETIQUETA
100
AcDbText
 10
2.8
 20
-17.4
 30
0.0
 40
0.13
  1
PI-A
  7
ARIAL
 72
1
 11
2.8
 21
-17.4
 31
0.0
100
AcDbText
 73
2
  0
LWPOLYLINE
  5
360
330
17
100
AcDbEntity
  8
A-ETIQUETA
100
AcDbPolyline
 90
4
 70
1
 10
2.6999999999999997
 20
-15.99
 10
3.4
 20
-15.99
 10
3.4
 20
-15.709999999999999
 10
2.6999999999999997
 20
-15.709999999999999
  0
TEXT
  5
361
330
17
100
AcDbEntity
  8
A-ETIQUETA
100
AcDbText
 10
3.05
 20
-15.85
 30
0.0
 40
0.13
  1
PI-A
  7
ARIAL
 72
1
 11
3.05
 21
-15.85
 31
0.0
100
AcDbText
 73
2
  0
LWPOLYLINE
  5
362
330
17
100
AcDbEntity
  8
A-ETIQUETA
100
AcDbPolyline
 90
4
 70
1
 10
2.6999999999999997
 20
-15.34
 10
3.4
 20
-15.34
 10
3.4
 20
-15.059999999999999
 10
2.6999999999999997
 20
-15.059999999999999
  0
TEXT
  5
363
330
17
100
AcDbEntity
  8
A-ETIQUETA
100
AcDbText
 10
3.05
 20
-15.2
 30
0.0
 40
0.13
  1
Pd-B
  7
ARIAL
 72
1
 11
3.05
 21
-15.2
 31
0.0
100
AcDbText
 73
2
  0
LINE
  5
364
330
17
100
AcDbEntity
  8
A-ETIQUETA
100
AcDbLine
 10
3.05
 20
-15.059999999999999
 30
0.0
 11
3.05
 21
-14.73
 31
0.0
  0
SOLID
  5
365
330
17
100
AcDbEntity
  8
A-ETIQUETA
100
AcDbTrace
 10
3.05
 20
-14.73
 30
0.0
 11
3.1199999999999997
 21
-14.91
 31
0.0
 12
2.98
 22
-14.91
 32
0.0
 13
2.98
 23
-14.91
 33
0.0
  0
LWPOLYLINE
  5
366
330
17
100
AcDbEntity
  8
A-ETIQUETA
100
AcDbPolyline
 90
4
 70
1
 10
6.25
 20
-17.54
 10
6.949999999999999
 20
-17.54
 10
6.949999999999999
 20
-17.259999999999998
 10
6.25
 20
-17.259999999999998
  0
TEXT
  5
367
330
17
100
AcDbEntity
  8
A-ETIQUETA
100
AcDbText
 10
6.6
 20
-17.4
 30
0.0
 40
0.13
  1
Pd-A
  7
ARIAL
 72
1
 11
6.6
 21
-17.4
 31
0.0
100
AcDbText
 73
2
  0
LINE
  5
368
330
17
100
AcDbEntity
  8
A-ETIQUETA
100
AcDbLine
 10
6.949999999999999
 20
-17.4
 30
0.0
 11
7.61
 21
-17.4
 31
0.0
  0
SOLID
  5
369
330
17
100
AcDbEntity
  8
A-ETIQUETA
100
AcDbTrace
 10
7.61
 20
-17.4
 30
0.0
 11
7.430000000000001
 21
-17.47
 31
0.0
 12
7.430000000000001
 22
-17.33
 32
0.0
 13
7.430000000000001
 23
-17.33
 33
0.0
  0
LWPOLYLINE
  5
36A
330
17
100
AcDbEntity
  8
A-ETIQUETA
100
AcDbPolyline
 90
4
 70
1
 10
1.1
 20
-17.14
 10
1.7999999999999998
 20
-17.14
 10
1.7999999999999998
 20
-16.86
 10
1.1
 20
-16.86
  0
TEXT
  5
36B
330
17
100
AcDbEntity
  8
A-ETIQUETA
100
AcDbText
 10
1.45
 20
-17.0
 30
0.0
 40
0.13
  1
Pd-D
  7
ARIAL
 72
1
 11
1.45
 21
-17.0
 31
0.0
100
AcDbText
 73
2
  0
LINE
  5
36C
330
17
100
AcDbEntity
  8
A-ETIQUETA
100
AcDbLine
 10
1.7999999999999998
 20
-17.0
 30
0.0
 11
2.06
 21
-17.0
 31
0.0
  0
SOLID
  5
36D
330
17
100
AcDbEntity
  8
A-ETIQUETA
100
AcDbTrace
 10
2.06
 20
-17.0
 30
0.0
 11
1.8800000000000001
 21
-17.07
 31
0.0
 12
1.8800000000000001
 22
-16.93
 32
0.0
 13
1.8800000000000001
 23
-16.93
 33
0.0
  0
LWPOLYLINE
  5
36E
330
17
100
AcDbEntity
  8
A-ETIQUETA
100
AcDbPolyline
 90
4
 70
1
 10
25.45
 20
-17.09
 10
26.150000000000002
 20
-17.09
 10
26.150000000000002
 20
-16.81
 10
25.45
 20
-16.81
  0
TEXT
  5
36F
330
17
100
AcDbEntity
  8
A-ETIQUETA
100
AcDbText
 10
25.8
 20
-16.95
 30
0.0
 40
0.13
  1
Pd-D
  7
ARIAL
 72
1
 11
25.8
 21
-16.95
 31
0.0
100
AcDbText
 73
2
  0
LINE
  5
370
330
17
100
AcDbEntity
  8
A-ETIQUETA
100
AcDbLine
 10
25.45
 20
-16.95
 30
0.0
 11
25.18
 21
-16.95
 31
0.0
  0
SOLID
  5
371
330
17
100
AcDbEntity
  8
A-ETIQUETA
100
AcDbTrace
 10
25.18
 20
-16.95
 30
0.0
 11
25.36
 21
-16.88
 31
0.0
 12
25.36
 22
-17.02
 32
0.0
 13
25.36
 23
-17.02
 33
0.0
  0
LWPOLYLINE
  5
372
330
17
100
AcDbEntity
  8
A-ETIQUETA
100
AcDbPolyline
 90
4
 70
1
 10
9.1
 20
-14.540000000000001
 10
9.799999999999999
 20
-14.540000000000001
 10
9.799999999999999
 20
-14.26
 10
9.1
 20
-14.26
  0
TEXT
  5
373
330
17
100
AcDbEntity
  8
A-ETIQUETA
100
AcDbText
 10
9.45
 20
-14.4
 30
0.0
 40
0.13
  1
Pd-D
  7
ARIAL
 72
1
 11
9.45
 21
-14.4
 31
0.0
100
AcDbText
 73
2
  0
LINE
  5
374
330
17
100
AcDbEntity
  8
A-ETIQUETA
100
AcDbLine
 10
9.799999999999999
 20
-14.4
 30
0.0
 11
10.26
 21
-14.4
 31
0.0
  0
SOLID
  5
375
330
17
100
AcDbEntity
  8
A-ETIQUETA
100
AcDbTrace
 10
10.26
 20
-14.4
 30
0.0
 11
10.08
 21
-14.47
 31
0.0
 12
10.08
 22
-14.33
 32
0.0
 13
10.08
 23
-14.33
 33
0.0
  0
LWPOLYLINE
  5
376
330
17
100
AcDbEntity
  8
A-ETIQUETA
100
AcDbPolyline
 90
4
 70
1
 10
17.9
 20
-11.99
 10
18.6
 20
-11.99
 10
18.6
 20
-11.709999999999999
 10
17.9
 20
-11.709999999999999
  0
TEXT
  5
377
330
17
100
AcDbEntity
  8
A-ETIQUETA
100
AcDbText
 10
18.25
 20
-11.85
 30
0.0
 40
0.13
  1
Pd-D
  7
ARIAL
 72
1
 11
18.25
 21
-11.85
 31
0.0
100
AcDbText
 73
2
  0
LINE
  5
378
330
17
100
AcDbEntity
  8
A-ETIQUETA
100
AcDbLine
 10
18.25
 20
-11.709999999999999
 30
0.0
 11
18.25
 21
-11.15
 31
0.0
  0
SOLID
  5
379
330
17
100
AcDbEntity
  8
A-ETIQUETA
100
AcDbTrace
 10
18.25
 20
-11.15
 30
0.0
 11
18.32
 21
-11.33
 31
0.0
 12
18.18
 22
-11.33
 32
0.0
 13
18.18
 23
-11.33
 33
0.0
  0
LWPOLYLINE
  5
37A
330
17
100
AcDbEntity
  8
A-ETIQUETA
100
AcDbPolyline
 90
4
 70
1
 10
13.6
 20
-19.39
 10
14.299999999999999
 20
-19.39
 10
14.299999999999999
 20
-19.11
 10
13.6
 20
-19.11
  0
TEXT
  5
37B
330
17
100
AcDbEntity
  8
A-ETIQUETA
100
AcDbText
 10
13.95
 20
-19.25
 30
0.0
 40
0.13
  1
PI-A
  7
ARIAL
 72
1
 11
13.95
 21
-19.25
 31
0.0
100
AcDbText
 73
2
  0
LWPOLYLINE
  5
37C
330
17
100
AcDbEntity
  8
A-ETIQUETA
100
AcDbPolyline
 90
4
 70
1
 10
1.0499999999999998
 20
-38.370000000000005
 10
1.85
 20
-38.370000000000005
 10
1.85
 20
-38.03
 10
1.0499999999999998
 20
-38.03
  0
TEXT
  5
37D
330
17
100
AcDbEntity
  8
A-ETIQUETA
100
AcDbText
 10
1.45
 20
-38.2
 30
0.0
 40
0.15
  1
V-01
  7
ARIAL
 72
1
 11
1.45
 21
-38.2
 31
0.0
100
AcDbText
 73
2
  0
LWPOLYLINE
  5
37E
330
17
100
AcDbEntity
  8
A-ETIQUETA
100
AcDbPolyline
 90
4
 70
1
 10
1.0499999999999998
 20
-35.96
 10
1.85
 20
-35.96
 10
1.85
 20
-35.62
 10
1.0499999999999998
 20
-35.62
  0
TEXT
  5
37F
330
17
100
AcDbEntity
  8
A-ETIQUETA
100
AcDbText
 10
1.45
 20
-35.79
 30
0.0
 40
0.15
  1
V-03
  7
ARIAL
 72
1
 11
1.45
 21
-35.79
 31
0.0
100
AcDbText
 73
2
  0
LWPOLYLINE
  5
380
330
17
100
AcDbEntity
  8
A-ETIQUETA
100
AcDbPolyline
 90
4
 70
1
 10
1.0499999999999998
 20
-32.870000000000005
 10
1.85
 20
-32.870000000000005
 10
1.85
 20
-32.53
 10
1.0499999999999998
 20
-32.53
  0
TEXT
  5
381
330
17
100
AcDbEntity
  8
A-ETIQUETA
100
AcDbText
 10
1.45
 20
-32.7
 30
0.0
 40
0.15
  1
V-02
  7
ARIAL
 72
1
 11
1.45
 21
-32.7
 31
0.0
100
AcDbText
 73
2
  0
LWPOLYLINE
  5
382
330
17
100
AcDbEntity
  8
A-ETIQUETA
100
AcDbPolyline
 90
4
 70
1
 10
25.400000000000002
 20
-38.370000000000005
 10
26.2
 20
-38.370000000000005
 10
26.2
 20
-38.03
 10
25.400000000000002
 20
-38.03
  0
TEXT
  5
383
330
17
100
AcDbEntity
  8
A-ETIQUETA
100
AcDbText
 10
25.8
 20
-38.2
 30
0.0
 40
0.15
  1
V-04
  7
ARIAL
 72
1
 11
25.8
 21
-38.2
 31
0.0
100
AcDbText
 73
2
  0
LWPOLYLINE
  5
384
330
17
100
AcDbEntity
  8
A-ETIQUETA
100
AcDbPolyline
 90
4
 70
1
 10
25.400000000000002
 20
-35.95
 10
26.2
 20
-35.95
 10
26.2
 20
-35.61
 10
25.400000000000002
 20
-35.61
  0
TEXT
  5
385
330
17
100
AcDbEntity
  8
A-ETIQUETA
100
AcDbText
 10
25.8
 20
-35.78
 30
0.0
 40
0.15
  1
V-05
  7
ARIAL
 72
1
 11
25.8
 21
-35.78
 31
0.0
100
AcDbText
 73
2
  0
LWPOLYLINE
  5
386
330
17
100
AcDbEntity
  8
A-ETIQUETA
100
AcDbPolyline
 90
4
 70
1
 10
25.400000000000002
 20
-32.870000000000005
 10
26.2
 20
-32.870000000000005
 10
26.2
 20
-32.53
 10
25.400000000000002
 20
-32.53
  0
TEXT
  5
387
330
17
100
AcDbEntity
  8
A-ETIQUETA
100
AcDbText
 10
25.8
 20
-32.7
 30
0.0
 40
0.15
  1
V-06
  7
ARIAL
 72
1
 11
25.8
 21
-32.7
 31
0.0
100
AcDbText
 73
2
  0
LWPOLYLINE
  5
388
330
17
100
AcDbEntity
  8
A-ETIQUETA
100
AcDbPolyline
 90
4
 70
1
 10
7.85
 20
-36.97
 10
8.65
 20
-36.97
 10
8.65
 20
-36.629999999999995
 10
7.85
 20
-36.629999999999995
  0
TEXT
  5
389
330
17
100
AcDbEntity
  8
A-ETIQUETA
100
AcDbText
 10
8.25
 20
-36.8
 30
0.0
 40
0.15
  1
V-07
  7
ARIAL
 72
1
 11
8.25
 21
-36.8
 31
0.0
100
AcDbText
 73
2
  0
LWPOLYLINE
  5
38A
330
17
100
AcDbEntity
  8
A-ETIQUETA
100
AcDbPolyline
 90
4
 70
1
 10
7.85
 20
-33.27
 10
8.65
 20
-33.27
 10
8.65
 20
-32.93
 10
7.85
 20
-32.93
  0
TEXT
  5
38B
330
17
100
AcDbEntity
  8
A-ETIQUETA
100
AcDbText
 10
8.25
 20
-33.1
 30
0.0
 40
0.15
  1
V-08
  7
ARIAL
 72
1
 11
8.25
 21
-33.1
 31
0.0
100
AcDbText
 73
2
  0
LWPOLYLINE
  5
38C
330
17
100
AcDbEntity
  8
A-ETIQUETA
100
AcDbPolyline
 90
4
 70
1
 10
9.049999999999999
 20
-38.02
 10
9.85
 20
-38.02
 10
9.85
 20
-37.68
 10
9.049999999999999
 20
-37.68
  0
TEXT
  5
38D
330
17
100
AcDbEntity
  8
A-ETIQUETA
100
AcDbText
 10
9.45
 20
-37.85
 30
0.0
 40
0.15
  1
V-13
  7
ARIAL
 72
1
 11
9.45
 21
-37.85
 31
0.0
100
AcDbText
 73
2
  0
LWPOLYLINE
  5
38E
330
17
100
AcDbEntity
  8
A-ETIQUETA
100
AcDbPolyline
 90
4
 70
1
 10
18.650000000000002
 20
-33.27
 10
19.45
 20
-33.27
 10
19.45
 20
-32.93
 10
18.650000000000002
 20
-32.93
  0
TEXT
  5
38F
330
17
100
AcDbEntity
  8
A-ETIQUETA
100
AcDbText
 10
19.05
 20
-33.1
 30
0.0
 40
0.15
  1
V-12
  7
ARIAL
 72
1
 11
19.05
 21
-33.1
 31
0.0
100
AcDbText
 73
2
  0
CIRCLE
  5
390
330
17
100
AcDbEntity
  8
A-ETIQUETA
100
AcDbCircle
 10
8.45
 20
-39.25
 30
0.0
 40
0.36
  0
TEXT
  5
391
330
17
100
AcDbEntity
  8
A-ETIQUETA
100
AcDbText
 10
8.45
 20
-39.25
 30
0.0
 40
0.15
  1
P-02
  7
ARIAL
 72
1
 11
8.45
 21
-39.25
 31
0.0
100
AcDbText
 73
2
  0
CIRCLE
  5
392
330
17
100
AcDbEntity
  8
A-ETIQUETA
100
AcDbCircle
 10
5.0
 20
-35.85
 30
0.0
 40
0.36
  0
TEXT
  5
393
330
17
100
AcDbEntity
  8
A-ETIQUETA
100
AcDbText
 10
5.0
 20
-35.85
 30
0.0
 40
0.15
  1
P-03
  7
ARIAL
 72
1
 11
5.0
 21
-35.85
 31
0.0
100
AcDbText
 73
2
  0
CIRCLE
  5
394
330
17
100
AcDbEntity
  8
A-ETIQUETA
100
AcDbCircle
 10
6.0
 20
-33.6
 30
0.0
 40
0.36
  0
TEXT
  5
395
330
17
100
AcDbEntity
  8
A-ETIQUETA
100
AcDbText
 10
6.0
 20
-33.6
 30
0.0
 40
0.15
  1
P-04
  7
ARIAL
 72
1
 11
6.0
 21
-33.6
 31
0.0
100
AcDbText
 73
2
  0
LWPOLYLINE
  5
396
330
17
100
AcDbEntity
  8
A-ETIQUETA
100
AcDbPolyline
 90
4
 70
1
 10
2.4499999999999997
 20
-37.54
 10
3.15
 20
-37.54
 10
3.15
 20
-37.26
 10
2.4499999999999997
 20
-37.26
  0
TEXT
  5
397
330
17
100
AcDbEntity
  8
A-ETIQUETA
100
AcDbText
 10
2.8
 20
-37.4
 30
0.0
 40
0.13
  1
PI-A
  7
ARIAL
 72
1
 11
2.8
 21
-37.4
 31
0.0
100
AcDbText
 73
2
  0
LWPOLYLINE
  5
398
330
17
100
AcDbEntity
  8
A-ETIQUETA
100
AcDbPolyline
 90
4
 70
1
 10
2.6999999999999997
 20
-35.99
 10
3.4
 20
-35.99
 10
3.4
 20
-35.71
 10
2.6999999999999997
 20
-35.71
  0
TEXT
  5
399
330
17
100
AcDbEntity
  8
A-ETIQUETA
100
AcDbText
 10
3.05
 20
-35.85
 30
0.0
 40
0.13
  1
PI-A
  7
ARIAL
 72
1
 11
3.05
 21
-35.85
 31
0.0
100
AcDbText
 73
2
  0
LWPOLYLINE
  5
39A
330
17
100
AcDbEntity
  8
A-ETIQUETA
100
AcDbPolyline
 90
4
 70
1
 10
2.6999999999999997
 20
-35.34
 10
3.4
 20
-35.34
 10
3.4
 20
-35.06
 10
2.6999999999999997
 20
-35.06
  0
TEXT
  5
39B
330
17
100
AcDbEntity
  8
A-ETIQUETA
100
AcDbText
 10
3.05
 20
-35.2
 30
0.0
 40
0.13
  1
Pd-B
  7
ARIAL
 72
1
 11
3.05
 21
-35.2
 31
0.0
100
AcDbText
 73
2
  0
LINE
  5
39C
330
17
100
AcDbEntity
  8
A-ETIQUETA
100
AcDbLine
 10
3.05
 20
-35.06
 30
0.0
 11
3.05
 21
-34.730000000000004
 31
0.0
  0
SOLID
  5
39D
330
17
100
AcDbEntity
  8
A-ETIQUETA
100
AcDbTrace
 10
3.05
 20
-34.730000000000004
 30
0.0
 11
3.1199999999999997
 21
-34.910000000000004
 31
0.0
 12
2.98
 22
-34.910000000000004
 32
0.0
 13
2.98
 23
-34.910000000000004
 33
0.0
  0
LWPOLYLINE
  5
39E
330
17
100
AcDbEntity
  8
A-ETIQUETA
100
AcDbPolyline
 90
4
 70
1
 10
6.25
 20
-37.54
 10
6.949999999999999
 20
-37.54
 10
6.949999999999999
 20
-37.26
 10
6.25
 20
-37.26
  0
TEXT
  5
39F
330
17
100
AcDbEntity
  8
A-ETIQUETA
100
AcDbText
 10
6.6
 20
-37.4
 30
0.0
 40
0.13
  1
Pd-A
  7
ARIAL
 72
1
 11
6.6
 21
-37.4
 31
0.0
100
AcDbText
 73
2
  0
LINE
  5
3A0
330
17
100
AcDbEntity
  8
A-ETIQUETA
100
AcDbLine
 10
6.949999999999999
 20
-37.4
 30
0.0
 11
7.61
 21
-37.4
 31
0.0
  0
SOLID
  5
3A1
330
17
100
AcDbEntity
  8
A-ETIQUETA
100
AcDbTrace
 10
7.61
 20
-37.4
 30
0.0
 11
7.430000000000001
 21
-37.47
 31
0.0
 12
7.430000000000001
 22
-37.33
 32
0.0
 13
7.430000000000001
 23
-37.33
 33
0.0
  0
LWPOLYLINE
  5
3A2
330
17
100
AcDbEntity
  8
A-ETIQUETA
100
AcDbPolyline
 90
4
 70
1
 10
1.1
 20
-37.14
 10
1.7999999999999998
 20
-37.14
 10
1.7999999999999998
 20
-36.86
 10
1.1
 20
-36.86
  0
TEXT
  5
3A3
330
17
100
AcDbEntity
  8
A-ETIQUETA
100
AcDbText
 10
1.45
 20
-37.0
 30
0.0
 40
0.13
  1
Pd-D
  7
ARIAL
 72
1
 11
1.45
 21
-37.0
 31
0.0
100
AcDbText
 73
2
  0
LINE
  5
3A4
330
17
100
AcDbEntity
  8
A-ETIQUETA
100
AcDbLine
 10
1.7999999999999998
 20
-37.0
 30
0.0
 11
2.06
 21
-37.0
 31
0.0
  0
SOLID
  5
3A5
330
17
100
AcDbEntity
  8
A-ETIQUETA
100
AcDbTrace
 10
2.06
 20
-37.0
 30
0.0
 11
1.8800000000000001
 21
-37.07
 31
0.0
 12
1.8800000000000001
 22
-36.93
 32
0.0
 13
1.8800000000000001
 23
-36.93
 33
0.0
  0
LWPOLYLINE
  5
3A6
330
17
100
AcDbEntity
  8
A-ETIQUETA
100
AcDbPolyline
 90
4
 70
1
 10
25.45
 20
-37.09
 10
26.150000000000002
 20
-37.09
 10
26.150000000000002
 20
-36.81
 10
25.45
 20
-36.81
  0
TEXT
  5
3A7
330
17
100
AcDbEntity
  8
A-ETIQUETA
100
AcDbText
 10
25.8
 20
-36.95
 30
0.0
 40
0.13
  1
Pd-D
  7
ARIAL
 72
1
 11
25.8
 21
-36.95
 31
0.0
100
AcDbText
 73
2
  0
LINE
  5
3A8
330
17
100
AcDbEntity
  8
A-ETIQUETA
100
AcDbLine
 10
25.45
 20
-36.95
 30
0.0
 11
25.18
 21
-36.95
 31
0.0
  0
SOLID
  5
3A9
330
17
100
AcDbEntity
  8
A-ETIQUETA
100
AcDbTrace
 10
25.18
 20
-36.95
 30
0.0
 11
25.36
 21
-36.88
 31
0.0
 12
25.36
 22
-37.02
 32
0.0
 13
25.36
 23
-37.02
 33
0.0
  0
LWPOLYLINE
  5
3AA
330
17
100
AcDbEntity
  8
A-ETIQUETA
100
AcDbPolyline
 90
4
 70
1
 10
9.1
 20
-34.54
 10
9.799999999999999
 20
-34.54
 10
9.799999999999999
 20
-34.26
 10
9.1
 20
-34.26
  0
TEXT
  5
3AB
330
17
100
AcDbEntity
  8
A-ETIQUETA
100
AcDbText
 10
9.45
 20
-34.4
 30
0.0
 40
0.13
  1
Pd-D
  7
ARIAL
 72
1
 11
9.45
 21
-34.4
 31
0.0
100
AcDbText
 73
2
  0
LINE
  5
3AC
330
17
100
AcDbEntity
  8
A-ETIQUETA
100
AcDbLine
 10
9.799999999999999
 20
-34.4
 30
0.0
 11
10.26
 21
-34.4
 31
0.0
  0
SOLID
  5
3AD
330
17
100
AcDbEntity
  8
A-ETIQUETA
100
AcDbTrace
 10
10.26
 20
-34.4
 30
0.0
 11
10.08
 21
-34.47
 31
0.0
 12
10.08
 22
-34.33
 32
0.0
 13
10.08
 23
-34.33
 33
0.0
  0
LWPOLYLINE
  5
3AE
330
17
100
AcDbEntity
  8
A-ETIQUETA
100
AcDbPolyline
 90
4
 70
1
 10
17.9
 20
-31.990000000000002
 10
18.6
 20
-31.990000000000002
 10
18.6
 20
-31.71
 10
17.9
 20
-31.71
  0
TEXT
  5
3AF
330
17
100
AcDbEntity
  8
A-ETIQUETA
100
AcDbText
 10
18.25
 20
-31.85
 30
0.0
 40
0.13
  1
Pd-D
  7
ARIAL
 72
1
 11
18.25
 21
-31.85
 31
0.0
100
AcDbText
 73
2
  0
LINE
  5
3B0
330
17
100
AcDbEntity
  8
A-ETIQUETA
100
AcDbLine
 10
18.25
 20
-31.71
 30
0.0
 11
18.25
 21
-31.15
 31
0.0
  0
SOLID
  5
3B1
330
17
100
AcDbEntity
  8
A-ETIQUETA
100
AcDbTrace
 10
18.25
 20
-31.15
 30
0.0
 11
18.32
 21
-31.33
 31
0.0
 12
18.18
 22
-31.33
 32
0.0
 13
18.18
 23
-31.33
 33
0.0
  0
LWPOLYLINE
  5
3B2
330
17
100
AcDbEntity
  8
A-ETIQUETA
100
AcDbPolyline
 90
4
 70
1
 10
13.6
 20
-39.39
 10
14.299999999999999
 20
-39.39
 10
14.299999999999999
 20
-39.11
 10
13.6
 20
-39.11
  0
TEXT
  5
3B3
330
17
100
AcDbEntity
  8
A-ETIQUETA
100
AcDbText
 10
13.95
 20
-39.25
 30
0.0
 40
0.13
  1
PI-A
  7
ARIAL
 72
1
 11
13.95
 21
-39.25
 31
0.0
100
AcDbText
 73
2
  0
LWPOLYLINE
  5
3B4
330
17
100
AcDbEntity
  8
A-ETIQUETA
100
AcDbPolyline
 90
4
 70
1
 10
9.45
 20
-16.67
 10
10.25
 20
-16.67
 10
10.25
 20
-16.33
 10
9.45
 20
-16.33
  0
TEXT
  5
3B5
330
17
100
AcDbEntity
  8
A-ETIQUETA
100
AcDbText
 10
9.85
 20
-16.5
 30
0.0
 40
0.15
  1
V-09
  7
ARIAL
 72
1
 11
9.85
 21
-16.5
 31
0.0
100
AcDbText
 73
2
  0
LWPOLYLINE
  5
3B6
330
17
100
AcDbEntity
  8
A-ETIQUETA
100
AcDbPolyline
 90
4
 70
1
 10
9.45
 20
-13.37
 10
10.25
 20
-13.37
 10
10.25
 20
-13.03
 10
9.45
 20
-13.03
  0
TEXT
  5
3B7
330
17
100
AcDbEntity
  8
A-ETIQUETA
100
AcDbText
 10
9.85
 20
-13.2
 30
0.0
 40
0.15
  1
V-04
  7
ARIAL
 72
1
 11
9.85
 21
-13.2
 31
0.0
100
AcDbText
 73
2
  0
LWPOLYLINE
  5
3B8
330
17
100
AcDbEntity
  8
A-ETIQUETA
100
AcDbPolyline
 90
4
 70
1
 10
17.05
 20
-13.37
 10
17.849999999999998
 20
-13.37
 10
17.849999999999998
 20
-13.03
 10
17.05
 20
-13.03
  0
TEXT
  5
3B9
330
17
100
AcDbEntity
  8
A-ETIQUETA
100
AcDbText
 10
17.45
 20
-13.2
 30
0.0
 40
0.15
  1
V-10
  7
ARIAL
 72
1
 11
17.45
 21
-13.2
 31
0.0
100
AcDbText
 73
2
  0
LWPOLYLINE
  5
3BA
330
17
100
AcDbEntity
  8
A-ETIQUETA
100
AcDbPolyline
 90
4
 70
1
 10
13.25
 20
-16.44
 10
13.95
 20
-16.44
 10
13.95
 20
-16.16
 10
13.25
 20
-16.16
  0
TEXT
  5
3BB
330
17
100
AcDbEntity
  8
A-ETIQUETA
100
AcDbText
 10
13.6
 20
-16.3
 30
0.0
 40
0.13
  1
PI-A
  7
ARIAL
 72
1
 11
13.6
 21
-16.3
 31
0.0
100
AcDbText
 73
2
  0
LWPOLYLINE
  5
3BC
330
17
100
AcDbEntity
  8
A-ETIQUETA
100
AcDbPolyline
 90
4
 70
1
 10
12.950000000000001
 20
-12.24
 10
13.65
 20
-12.24
 10
13.65
 20
-11.959999999999999
 10
12.950000000000001
 20
-11.959999999999999
  0
TEXT
  5
3BD
330
17
100
AcDbEntity
  8
A-ETIQUETA
100
AcDbText
 10
13.3
 20
-12.1
 30
0.0
 40
0.13
  1
Pd-C
  7
ARIAL
 72
1
 11
13.3
 21
-12.1
 31
0.0
100
AcDbText
 73
2
  0
LINE
  5
3BE
330
17
100
AcDbEntity
  8
A-ETIQUETA
100
AcDbLine
 10
13.3
 20
-11.959999999999999
 30
0.0
 11
13.3
 21
-11.15
 31
0.0
  0
SOLID
  5
3BF
330
17
100
AcDbEntity
  8
A-ETIQUETA
100
AcDbTrace
 10
13.3
 20
-11.15
 30
0.0
 11
13.370000000000001
 21
-11.33
 31
0.0
 12
13.23
 22
-11.33
 32
0.0
 13
13.23
 23
-11.33
 33
0.0
  0
LWPOLYLINE
  5
3C0
330
17
100
AcDbEntity
  8
A-ETIQUETA
100
AcDbPolyline
 90
4
 70
1
 10
11.85
 20
-17.740000000000002
 10
12.549999999999999
 20
-17.740000000000002
 10
12.549999999999999
 20
-17.46
 10
11.85
 20
-17.46
  0
TEXT
  5
3C1
330
17
100
AcDbEntity
  8
A-ETIQUETA
100
AcDbText
 10
12.2
 20
-17.6
 30
0.0
 40
0.13
  1
Pd-A
  7
ARIAL
 72
1
 11
12.2
 21
-17.6
 31
0.0
100
AcDbText
 73
2
  0
LINE
  5
3C2
330
17
100
AcDbEntity
  8
A-ETIQUETA
100
AcDbLine
 10
11.85
 20
-17.6
 30
0.0
 11
10.41
 21
-17.6
 31
0.0
  0
SOLID
  5
3C3
330
17
100
AcDbEntity
  8
A-ETIQUETA
100
AcDbTrace
 10
10.41
 20
-17.6
 30
0.0
 11
10.59
 21
-17.53
 31
0.0
 12
10.59
 22
-17.67
 32
0.0
 13
10.59
 23
-17.67
 33
0.0
  0
LWPOLYLINE
  5
3C4
330
17
100
AcDbEntity
  8
A-ETIQUETA
100
AcDbPolyline
 90
4
 70
1
 10
21.65
 20
-17.14
 10
22.35
 20
-17.14
 10
22.35
 20
-16.86
 10
21.65
 20
-16.86
  0
TEXT
  5
3C5
330
17
100
AcDbEntity
  8
A-ETIQUETA
100
AcDbText
 10
22.0
 20
-17.0
 30
0.0
 40
0.13
  1
PI-A
  7
ARIAL
 72
1
 11
22.0
 21
-17.0
 31
0.0
100
AcDbText
 73
2
  0
LWPOLYLINE
  5
3C6
330
17
100
AcDbEntity
  8
A-ETIQUETA
100
AcDbPolyline
 90
4
 70
1
 10
24.049999999999997
 20
-17.14
 10
24.75
 20
-17.14
 10
24.75
 20
-16.86
 10
24.049999999999997
 20
-16.86
  0
TEXT
  5
3C7
330
17
100
AcDbEntity
  8
A-ETIQUETA
100
AcDbText
 10
24.4
 20
-17.0
 30
0.0
 40
0.13
  1
Pd-A
  7
ARIAL
 72
1
 11
24.4
 21
-17.0
 31
0.0
100
AcDbText
 73
2
  0
LINE
  5
3C8
330
17
100
AcDbEntity
  8
A-ETIQUETA
100
AcDbLine
 10
24.75
 20
-17.0
 30
0.0
 11
25.03
 21
-17.0
 31
0.0
  0
SOLID
  5
3C9
330
17
100
AcDbEntity
  8
A-ETIQUETA
100
AcDbTrace
 10
25.03
 20
-17.0
 30
0.0
 11
24.85
 21
-17.07
 31
0.0
 12
24.85
 22
-16.93
 32
0.0
 13
24.85
 23
-16.93
 33
0.0
  0
LWPOLYLINE
  5
3CA
330
17
100
AcDbEntity
  8
A-ETIQUETA
100
AcDbPolyline
 90
4
 70
1
 10
9.45
 20
-36.67
 10
10.25
 20
-36.67
 10
10.25
 20
-36.33
 10
9.45
 20
-36.33
  0
TEXT
  5
3CB
330
17
100
AcDbEntity
  8
A-ETIQUETA
100
AcDbText
 10
9.85
 20
-36.5
 30
0.0
 40
0.15
  1
V-09
  7
ARIAL
 72
1
 11
9.85
 21
-36.5
 31
0.0
100
AcDbText
 73
2
  0
LWPOLYLINE
  5
3CC
330
17
100
AcDbEntity
  8
A-ETIQUETA
100
AcDbPolyline
 90
4
 70
1
 10
9.45
 20
-32.67
 10
10.25
 20
-32.67
 10
10.25
 20
-32.33
 10
9.45
 20
-32.33
  0
TEXT
  5
3CD
330
17
100
AcDbEntity
  8
A-ETIQUETA
100
AcDbText
 10
9.85
 20
-32.5
 30
0.0
 40
0.15
  1
V-06
  7
ARIAL
 72
1
 11
9.85
 21
-32.5
 31
0.0
100
AcDbText
 73
2
  0
LWPOLYLINE
  5
3CE
330
17
100
AcDbEntity
  8
A-ETIQUETA
100
AcDbPolyline
 90
4
 70
1
 10
17.05
 20
-33.97
 10
17.849999999999998
 20
-33.97
 10
17.849999999999998
 20
-33.629999999999995
 10
17.05
 20
-33.629999999999995
  0
TEXT
  5
3CF
330
17
100
AcDbEntity
  8
A-ETIQUETA
100
AcDbText
 10
17.45
 20
-33.8
 30
0.0
 40
0.15
  1
V-09
  7
ARIAL
 72
1
 11
17.45
 21
-33.8
 31
0.0
100
AcDbText
 73
2
  0
LWPOLYLINE
  5
3D0
330
17
100
AcDbEntity
  8
A-ETIQUETA
100
AcDbPolyline
 90
4
 70
1
 10
17.05
 20
-32.12
 10
17.849999999999998
 20
-32.12
 10
17.849999999999998
 20
-31.779999999999998
 10
17.05
 20
-31.779999999999998
  0
TEXT
  5
3D1
330
17
100
AcDbEntity
  8
A-ETIQUETA
100
AcDbText
 10
17.45
 20
-31.95
 30
0.0
 40
0.15
  1
V-11
  7
ARIAL
 72
1
 11
17.45
 21
-31.95
 31
0.0
100
AcDbText
 73
2
  0
CIRCLE
  5
3D2
330
17
100
AcDbEntity
  8
A-ETIQUETA
100
AcDbCircle
 10
16.0
 20
-39.25
 30
0.0
 40
0.36
  0
TEXT
  5
3D3
330
17
100
AcDbEntity
  8
A-ETIQUETA
100
AcDbText
 10
16.0
 20
-39.25
 30
0.0
 40
0.15
  1
P-02
  7
ARIAL
 72
1
 11
16.0
 21
-39.25
 31
0.0
100
AcDbText
 73
2
  0
CIRCLE
  5
3D4
330
17
100
AcDbEntity
  8
A-ETIQUETA
100
AcDbCircle
 10
19.1
 20
-39.25
 30
0.0
 40
0.36
  0
TEXT
  5
3D5
330
17
100
AcDbEntity
  8
A-ETIQUETA
100
AcDbText
 10
19.1
 20
-39.25
 30
0.0
 40
0.15
  1
P-02
  7
ARIAL
 72
1
 11
19.1
 21
-39.25
 31
0.0
100
AcDbText
 73
2
  0
CIRCLE
  5
3D6
330
17
100
AcDbEntity
  8
A-ETIQUETA
100
AcDbCircle
 10
15.5
 20
-33.25
 30
0.0
 40
0.36
  0
TEXT
  5
3D7
330
17
100
AcDbEntity
  8
A-ETIQUETA
100
AcDbText
 10
15.5
 20
-33.25
 30
0.0
 40
0.15
  1
P-03
  7
ARIAL
 72
1
 11
15.5
 21
-33.25
 31
0.0
100
AcDbText
 73
2
  0
CIRCLE
  5
3D8
330
17
100
AcDbEntity
  8
A-ETIQUETA
100
AcDbCircle
 10
22.2
 20
-35.85
 30
0.0
 40
0.36
  0
TEXT
  5
3D9
330
17
100
AcDbEntity
  8
A-ETIQUETA
100
AcDbText
 10
22.2
 20
-35.85
 30
0.0
 40
0.15
  1
P-03
  7
ARIAL
 72
1
 11
22.2
 21
-35.85
 31
0.0
100
AcDbText
 73
2
  0
CIRCLE
  5
3DA
330
17
100
AcDbEntity
  8
A-ETIQUETA
100
AcDbCircle
 10
12.7
 20
-34.35
 30
0.0
 40
0.36
  0
TEXT
  5
3DB
330
17
100
AcDbEntity
  8
A-ETIQUETA
100
AcDbText
 10
12.7
 20
-34.35
 30
0.0
 40
0.15
  1
P-04
  7
ARIAL
 72
1
 11
12.7
 21
-34.35
 31
0.0
100
AcDbText
 73
2
  0
CIRCLE
  5
3DC
330
17
100
AcDbEntity
  8
A-ETIQUETA
100
AcDbCircle
 10
21.25
 20
-33.6
 30
0.0
 40
0.36
  0
TEXT
  5
3DD
330
17
100
AcDbEntity
  8
A-ETIQUETA
100
AcDbText
 10
21.25
 20
-33.6
 30
0.0
 40
0.15
  1
P-04
  7
ARIAL
 72
1
 11
21.25
 21
-33.6
 31
0.0
100
AcDbText
 73
2
  0
LWPOLYLINE
  5
3DE
330
17
100
AcDbEntity
  8
A-ETIQUETA
100
AcDbPolyline
 90
4
 70
1
 10
13.25
 20
-36.44
 10
13.95
 20
-36.44
 10
13.95
 20
-36.16
 10
13.25
 20
-36.16
  0
TEXT
  5
3DF
330
17
100
AcDbEntity
  8
A-ETIQUETA
100
AcDbText
 10
13.6
 20
-36.3
 30
0.0
 40
0.13
  1
PI-A
  7
ARIAL
 72
1
 11
13.6
 21
-36.3
 31
0.0
100
AcDbText
 73
2
  0
LWPOLYLINE
  5
3E0
330
17
100
AcDbEntity
  8
A-ETIQUETA
100
AcDbPolyline
 90
4
 70
1
 10
11.85
 20
-37.74
 10
12.549999999999999
 20
-37.74
 10
12.549999999999999
 20
-37.46
 10
11.85
 20
-37.46
  0
TEXT
  5
3E1
330
17
100
AcDbEntity
  8
A-ETIQUETA
100
AcDbText
 10
12.2
 20
-37.6
 30
0.0
 40
0.13
  1
Pd-A
  7
ARIAL
 72
1
 11
12.2
 21
-37.6
 31
0.0
100
AcDbText
 73
2
  0
LINE
  5
3E2
330
17
100
AcDbEntity
  8
A-ETIQUETA
100
AcDbLine
 10
11.85
 20
-37.6
 30
0.0
 11
10.41
 21
-37.6
 31
0.0
  0
SOLID
  5
3E3
330
17
100
AcDbEntity
  8
A-ETIQUETA
100
AcDbTrace
 10
10.41
 20
-37.6
 30
0.0
 11
10.59
 21
-37.53
 31
0.0
 12
10.59
 22
-37.67
 32
0.0
 13
10.59
 23
-37.67
 33
0.0
  0
LWPOLYLINE
  5
3E4
330
17
100
AcDbEntity
  8
A-ETIQUETA
100
AcDbPolyline
 90
4
 70
1
 10
16.0
 20
-32.39
 10
16.700000000000003
 20
-32.39
 10
16.700000000000003
 20
-32.11
 10
16.0
 20
-32.11
  0
TEXT
  5
3E5
330
17
100
AcDbEntity
  8
A-ETIQUETA
100
AcDbText
 10
16.35
 20
-32.25
 30
0.0
 40
0.13
  1
PI-A
  7
ARIAL
 72
1
 11
16.35
 21
-32.25
 31
0.0
100
AcDbText
 73
2
  0
LWPOLYLINE
  5
3E6
330
17
100
AcDbEntity
  8
A-ETIQUETA
100
AcDbPolyline
 90
4
 70
1
 10
16.0
 20
-31.740000000000002
 10
16.700000000000003
 20
-31.740000000000002
 10
16.700000000000003
 20
-31.46
 10
16.0
 20
-31.46
  0
TEXT
  5
3E7
330
17
100
AcDbEntity
  8
A-ETIQUETA
100
AcDbText
 10
16.35
 20
-31.6
 30
0.0
 40
0.13
  1
Pd-B
  7
ARIAL
 72
1
 11
16.35
 21
-31.6
 31
0.0
100
AcDbText
 73
2
  0
LINE
  5
3E8
330
17
100
AcDbEntity
  8
A-ETIQUETA
100
AcDbLine
 10
16.35
 20
-31.46
 30
0.0
 11
16.35
 21
-31.15
 31
0.0
  0
SOLID
  5
3E9
330
17
100
AcDbEntity
  8
A-ETIQUETA
100
AcDbTrace
 10
16.35
 20
-31.15
 30
0.0
 11
16.42
 21
-31.33
 31
0.0
 12
16.28
 22
-31.33
 32
0.0
 13
16.28
 23
-31.33
 33
0.0
  0
LWPOLYLINE
  5
3EA
330
17
100
AcDbEntity
  8
A-ETIQUETA
100
AcDbPolyline
 90
4
 70
1
 10
21.65
 20
-36.54
 10
22.35
 20
-36.54
 10
22.35
 20
-36.26
 10
21.65
 20
-36.26
  0
TEXT
  5
3EB
330
17
100
AcDbEntity
  8
A-ETIQUETA
100
AcDbText
 10
22.0
 20
-36.4
 30
0.0
 40
0.13
  1
PI-A
  7
ARIAL
 72
1
 11
22.0
 21
-36.4
 31
0.0
100
AcDbText
 73
2
  0
LWPOLYLINE
  5
3EC
330
17
100
AcDbEntity
  8
A-ETIQUETA
100
AcDbPolyline
 90
4
 70
1
 10
23.849999999999998
 20
-35.99
 10
24.55
 20
-35.99
 10
24.55
 20
-35.71
 10
23.849999999999998
 20
-35.71
  0
TEXT
  5
3ED
330
17
100
AcDbEntity
  8
A-ETIQUETA
100
AcDbText
 10
24.2
 20
-35.85
 30
0.0
 40
0.13
  1
PI-A
  7
ARIAL
 72
1
 11
24.2
 21
-35.85
 31
0.0
100
AcDbText
 73
2
  0
LWPOLYLINE
  5
3EE
330
17
100
AcDbEntity
  8
A-ETIQUETA
100
AcDbPolyline
 90
4
 70
1
 10
23.849999999999998
 20
-35.34
 10
24.55
 20
-35.34
 10
24.55
 20
-35.06
 10
23.849999999999998
 20
-35.06
  0
TEXT
  5
3EF
330
17
100
AcDbEntity
  8
A-ETIQUETA
100
AcDbText
 10
24.2
 20
-35.2
 30
0.0
 40
0.13
  1
Pd-B
  7
ARIAL
 72
1
 11
24.2
 21
-35.2
 31
0.0
100
AcDbText
 73
2
  0
LINE
  5
3F0
330
17
100
AcDbEntity
  8
A-ETIQUETA
100
AcDbLine
 10
24.2
 20
-35.06
 30
0.0
 11
24.2
 21
-34.730000000000004
 31
0.0
  0
SOLID
  5
3F1
330
17
100
AcDbEntity
  8
A-ETIQUETA
100
AcDbTrace
 10
24.2
 20
-34.730000000000004
 30
0.0
 11
24.27
 21
-34.910000000000004
 31
0.0
 12
24.13
 22
-34.910000000000004
 32
0.0
 13
24.13
 23
-34.910000000000004
 33
0.0
  0
LWPOLYLINE
  5
3F2
330
17
100
AcDbEntity
  8
A-ETIQUETA
100
AcDbPolyline
 90
4
 70
1
 10
20.65
 20
-37.74
 10
21.35
 20
-37.74
 10
21.35
 20
-37.46
 10
20.65
 20
-37.46
  0
TEXT
  5
3F3
330
17
100
AcDbEntity
  8
A-ETIQUETA
100
AcDbText
 10
21.0
 20
-37.6
 30
0.0
 40
0.13
  1
Pd-A
  7
ARIAL
 72
1
 11
21.0
 21
-37.6
 31
0.0
100
AcDbText
 73
2
  0
LINE
  5
3F4
330
17
100
AcDbEntity
  8
A-ETIQUETA
100
AcDbLine
 10
20.65
 20
-37.6
 30
0.0
 11
19.63
 21
-37.6
 31
0.0
  0
SOLID
  5
3F5
330
17
100
AcDbEntity
  8
A-ETIQUETA
100
AcDbTrace
 10
19.63
 20
-37.6
 30
0.0
 11
19.81
 21
-37.53
 31
0.0
 12
19.81
 22
-37.67
 32
0.0
 13
19.81
 23
-37.67
 33
0.0
  0
LWPOLYLINE
  5
3F6
330
17
100
AcDbEntity
  8
D-CONTORNO
100
AcDbPolyline
 90
4
 70
1
 10
199.95
 20
0.0
 10
201.05
 20
0.0
 10
201.05
 20
2.15
 10
199.95
 20
2.15
  0
LWPOLYLINE
  5
3F7
330
17
100
AcDbEntity
  8
D-LINEAS
100
AcDbPolyline
 90
4
 70
1
 10
200.0
 20
0.0
 10
201.0
 20
0.0
 10
201.0
 20
2.1
 10
200.0
 20
2.1
  0
LWPOLYLINE
  5
3F8
330
17
100
AcDbEntity
  8
D-LINEAS
100
AcDbPolyline
 90
4
 70
1
 10
200.15
 20
0.15
 10
200.85
 20
0.15
 10
200.85
 20
0.95
 10
200.15
 20
0.95
  0
LWPOLYLINE
  5
3F9
330
17
100
AcDbEntity
  8
D-LINEAS
100
AcDbPolyline
 90
4
 70
1
 10
200.15
 20
1.1
 10
200.85
 20
1.1
 10
200.85
 20
1.95
 10
200.15
 20
1.95
  0
LINE
  5
3FA
330
17
100
AcDbEntity
  8
D-CONTORNO
100
AcDbLine
 10
200.88
 20
0.95
 30
0.0
 11
200.88
 21
1.15
 31
0.0
  0
LINE
  5
3FB
330
17
100
AcDbEntity
  8
D-OCULTO
 48
0.020000000000000004
100
AcDbLine
 10
200.94
 20
0.06
 30
0.0
 11
200.06
 21
1.05
 31
0.0
  0
LINE
  5
3FC
330
17
100
AcDbEntity
  8
D-OCULTO
 48
0.020000000000000004
100
AcDbLine
 10
200.94
 20
2.04
 30
0.0
 11
200.06
 21
1.05
 31
0.0
  0
DIMENSION
  5
3FD
330
17
100
AcDbEntity
  8
D-COTA
100
AcDbDimension
280
0
  2
*D1
  3
COTA-50
 10
200.0
 20
2.45
 30
0.0
 11
200.5
 21
2.5450000000000004
 31
0.0
 70
32
 71
5
  1
<>
100
AcDbAlignedDimension
 13
200.0
 23
2.45
 33
0.0
 14
201.0
 24
2.45
 34
0.0
 50
0.0
100
AcDbRotatedDimension
  0
DIMENSION
  5
410
330
17
100
AcDbEntity
  8
D-COTA
100
AcDbDimension
280
0
  2
*D2
  3
COTA-50
 10
199.7
 20
0.0
 30
0.0
 11
199.605
 21
1.05
 31
0.0
 70
32
 71
5
  1
<>
100
AcDbAlignedDimension
 13
199.7
 23
0.0
 33
0.0
 14
199.7
 24
2.1
 34
0.0
 50
90.0
100
AcDbRotatedDimension
  0
TEXT
  5
41F
330
17
100
AcDbEntity
  8
D-TXT
100
AcDbText
 10
200.5
 20
-0.3
 30
0.0
 40
0.1
  1
ACCESO PPAL.
  7
ARIAL
 72
1
 11
200.5
 21
-0.3
 31
0.0
100
AcDbText
 73
2
  0
TEXT
  5
420
330
17
100
AcDbEntity
  8
D-TXT
100
AcDbText
 10
200.5
 20
-0.52
 30
0.0
 40
0.1
  1
P-01
  7
ARIAL
 72
1
 11
200.5
 21
-0.52
 31
0.0
100
AcDbText
 73
2
  0
LWPOLYLINE
  5
421
330
17
100
AcDbEntity
  8
D-CONTORNO
100
AcDbPolyline
 90
4
 70
1
 10
201.9
 20
0.0
 10
202.9
 20
0.0
 10
202.9
 20
2.15
 10
201.9
 20
2.15
  0
LWPOLYLINE
  5
422
330
17
100
AcDbEntity
  8
D-LINEAS
100
AcDbPolyline
 90
4
 70
1
 10
201.95
 20
0.0
 10
202.85
 20
0.0
 10
202.85
 20
2.1
 10
201.95
 20
2.1
  0
LINE
  5
423
330
17
100
AcDbEntity
  8
D-CONTORNO
100
AcDbLine
 10
202.73
 20
0.95
 30
0.0
 11
202.73
 21
1.15
 31
0.0
  0
LINE
  5
424
330
17
100
AcDbEntity
  8
D-OCULTO
 48
0.020000000000000004
100
AcDbLine
 10
202.79
 20
0.06
 30
0.0
 11
202.01
 21
1.05
 31
0.0
  0
LINE
  5
425
330
17
100
AcDbEntity
  8
D-OCULTO
 48
0.020000000000000004
100
AcDbLine
 10
202.79
 20
2.04
 30
0.0
 11
202.01
 21
1.05
 31
0.0
  0
DIMENSION
  5
426
330
17
100
AcDbEntity
  8
D-COTA
100
AcDbDimension
280
0
  2
*D3
  3
COTA-50
 10
201.95
 20
2.45
 30
0.0
 11
202.39999999999998
 21
2.5450000000000004
 31
0.0
 70
32
 71
5
  1
<>
100
AcDbAlignedDimension
 13
201.95
 23
2.45
 33
0.0
 14
202.85
 24
2.45
 34
0.0
 50
0.0
100
AcDbRotatedDimension
  0
DIMENSION
  5
435
330
17
100
AcDbEntity
  8
D-COTA
100
AcDbDimension
280
0
  2
*D4
  3
COTA-50
 10
201.65
 20
0.0
 30
0.0
 11
201.555
 21
1.05
 31
0.0
 70
32
 71
5
  1
<>
100
AcDbAlignedDimension
 13
201.65
 23
0.0
 33
0.0
 14
201.65
 24
2.1
 34
0.0
 50
90.0
100
AcDbRotatedDimension
  0
TEXT
  5
444
330
17
100
AcDbEntity
  8
D-TXT
100
AcDbText
 10
202.4
 20
-0.3
 30
0.0
 40
0.1
  1
HABITACIONES
  7
ARIAL
 72
1
 11
202.4
 21
-0.3
 31
0.0
100
AcDbText
 73
2
  0
TEXT
  5
445
330
17
100
AcDbEntity
  8
D-TXT
100
AcDbText
 10
202.4
 20
-0.52
 30
0.0
 40
0.1
  1
P-02
  7
ARIAL
 72
1
 11
202.4
 21
-0.52
 31
0.0
100
AcDbText
 73
2
  0
LWPOLYLINE
  5
446
330
17
100
AcDbEntity
  8
D-CONTORNO
100
AcDbPolyline
 90
4
 70
1
 10
203.75
 20
0.0
 10
204.65
 20
0.0
 10
204.65
 20
2.15
 10
203.75
 20
2.15
  0
LWPOLYLINE
  5
447
330
17
100
AcDbEntity
  8
D-LINEAS
100
AcDbPolyline
 90
4
 70
1
 10
203.8
 20
0.0
 10
204.6
 20
0.0
 10
204.6
 20
2.1
 10
203.8
 20
2.1
  0
LINE
  5
448
330
17
100
AcDbEntity
  8
D-LINEAS
100
AcDbLine
 10
203.92
 20
0.15
 30
0.0
 11
204.48
 21
0.15
 31
0.0
  0
LINE
  5
449
330
17
100
AcDbEntity
  8
D-LINEAS
100
AcDbLine
 10
203.92
 20
0.2
 30
0.0
 11
204.48
 21
0.2
 31
0.0
  0
LINE
  5
44A
330
17
100
AcDbEntity
  8
D-LINEAS
100
AcDbLine
 10
203.92
 20
0.25
 30
0.0
 11
204.48
 21
0.25
 31
0.0
  0
LINE
  5
44B
330
17
100
AcDbEntity
  8
D-LINEAS
100
AcDbLine
 10
203.92
 20
0.30000000000000004
 30
0.0
 11
204.48
 21
0.30000000000000004
 31
0.0
  0
LINE
  5
44C
330
17
100
AcDbEntity
  8
D-LINEAS
100
AcDbLine
 10
203.92
 20
0.35
 30
0.0
 11
204.48
 21
0.35
 31
0.0
  0
LINE
  5
44D
330
17
100
AcDbEntity
  8
D-LINEAS
100
AcDbLine
 10
203.92
 20
0.4
 30
0.0
 11
204.48
 21
0.4
 31
0.0
  0
LINE
  5
44E
330
17
100
AcDbEntity
  8
D-LINEAS
100
AcDbLine
 10
203.92
 20
0.45000000000000007
 30
0.0
 11
204.48
 21
0.45000000000000007
 31
0.0
  0
LWPOLYLINE
  5
44F
330
17
100
AcDbEntity
  8
D-LINEAS
100
AcDbPolyline
 90
4
 70
1
 10
203.92
 20
0.15
 10
204.48
 20
0.15
 10
204.48
 20
0.5
 10
203.92
 20
0.5
  0
LINE
  5
450
330
17
100
AcDbEntity
  8
D-CONTORNO
100
AcDbLine
 10
204.48
 20
0.95
 30
0.0
 11
204.48
 21
1.15
 31
0.0
  0
LINE
  5
451
330
17
100
AcDbEntity
  8
D-OCULTO
 48
0.020000000000000004
100
AcDbLine
 10
204.54
 20
0.06
 30
0.0
 11
203.86
 21
1.05
 31
0.0
  0
LINE
  5
452
330
17
100
AcDbEntity
  8
D-OCULTO
 48
0.020000000000000004
100
AcDbLine
 10
204.54
 20
2.04
 30
0.0
 11
203.86
 21
1.05
 31
0.0
  0
DIMENSION
  5
453
330
17
100
AcDbEntity
  8
D-COTA
100
AcDbDimension
280
0
  2
*D5
  3
COTA-50
 10
203.8
 20
2.45
 30
0.0
 11
204.2
 21
2.5450000000000004
 31
0.0
 70
32
 71
5
  1
<>
100
AcDbAlignedDimension
 13
203.8
 23
2.45
 33
0.0
 14
204.6
 24
2.45
 34
0.0
 50
0.0
100
AcDbRotatedDimension
  0
DIMENSION
  5
462
330
17
100
AcDbEntity
  8
D-COTA
100
AcDbDimension
280
0
  2
*D6
  3
COTA-50
 10
203.5
 20
0.0
 30
0.0
 11
203.405
 21
1.05
 31
0.0
 70
32
 71
5
  1
<>
100
AcDbAlignedDimension
 13
203.5
 23
0.0
 33
0.0
 14
203.5
 24
2.1
 34
0.0
 50
90.0
100
AcDbRotatedDimension
  0
TEXT
  5
471
330
17
100
AcDbEntity
  8
D-TXT
100
AcDbText
 10
204.2
 20
-0.3
 30
0.0
 40
0.1
  1
BAÑOS
  7
ARIAL
 72
1
 11
204.2
 21
-0.3
 31
0.0
100
AcDbText
 73
2
  0
TEXT
  5
472
330
17
100
AcDbEntity
  8
D-TXT
100
AcDbText
 10
204.2
 20
-0.52
 30
0.0
 40
0.1
  1
P-03
  7
ARIAL
 72
1
 11
204.2
 21
-0.52
 31
0.0
100
AcDbText
 73
2
  0
LWPOLYLINE
  5
473
330
17
100
AcDbEntity
  8
D-CONTORNO
100
AcDbPolyline
 90
4
 70
1
 10
205.5
 20
0.0
 10
206.4
 20
0.0
 10
206.4
 20
2.15
 10
205.5
 20
2.15
  0
LWPOLYLINE
  5
474
330
17
100
AcDbEntity
  8
D-LINEAS
100
AcDbPolyline
 90
4
 70
1
 10
205.55
 20
0.0
 10
206.35
 20
0.0
 10
206.35
 20
2.1
 10
205.55
 20
2.1
  0
LINE
  5
475
330
17
100
AcDbEntity
  8
D-CONTORNO
100
AcDbLine
 10
206.23
 20
0.95
 30
0.0
 11
206.23
 21
1.15
 31
0.0
  0
LINE
  5
476
330
17
100
AcDbEntity
  8
D-OCULTO
 48
0.020000000000000004
100
AcDbLine
 10
206.29
 20
0.06
 30
0.0
 11
205.61
 21
1.05
 31
0.0
  0
LINE
  5
477
330
17
100
AcDbEntity
  8
D-OCULTO
 48
0.020000000000000004
100
AcDbLine
 10
206.29
 20
2.04
 30
0.0
 11
205.61
 21
1.05
 31
0.0
  0
DIMENSION
  5
478
330
17
100
AcDbEntity
  8
D-COTA
100
AcDbDimension
280
0
  2
*D7
  3
COTA-50
 10
205.55
 20
2.45
 30
0.0
 11
205.95
 21
2.5450000000000004
 31
0.0
 70
32
 71
5
  1
<>
100
AcDbAlignedDimension
 13
205.55
 23
2.45
 33
0.0
 14
206.35
 24
2.45
 34
0.0
 50
0.0
100
AcDbRotatedDimension
  0
DIMENSION
  5
487
330
17
100
AcDbEntity
  8
D-COTA
100
AcDbDimension
280
0
  2
*D8
  3
COTA-50
 10
205.25
 20
0.0
 30
0.0
 11
205.155
 21
1.05
 31
0.0
 70
32
 71
5
  1
<>
100
AcDbAlignedDimension
 13
205.25
 23
0.0
 33
0.0
 14
205.25
 24
2.1
 34
0.0
 50
90.0
100
AcDbRotatedDimension
  0
TEXT
  5
496
330
17
100
AcDbEntity
  8
D-TXT
100
AcDbText
 10
205.95
 20
-0.3
 30
0.0
 40
0.1
  1
WALK-IN
  7
ARIAL
 72
1
 11
205.95
 21
-0.3
 31
0.0
100
AcDbText
 73
2
  0
TEXT
  5
497
330
17
100
AcDbEntity
  8
D-TXT
100
AcDbText
 10
205.95
 20
-0.52
 30
0.0
 40
0.1
  1
P-04
  7
ARIAL
 72
1
 11
205.95
 21
-0.52
 31
0.0
100
AcDbText
 73
2
  0
LWPOLYLINE
  5
498
330
17
100
AcDbEntity
  8
D-CONTORNO
100
AcDbPolyline
 90
4
 70
1
 10
207.25
 20
0.0
 10
208.35
 20
0.0
 10
208.35
 20
2.4499999999999997
 10
207.25
 20
2.4499999999999997
  0
LWPOLYLINE
  5
499
330
17
100
AcDbEntity
  8
D-LINEAS
100
AcDbPolyline
 90
4
 70
1
 10
207.3
 20
0.0
 10
208.3
 20
0.0
 10
208.3
 20
2.4
 10
207.3
 20
2.4
  0
LINE
  5
49A
330
17
100
AcDbEntity
  8
D-LINEAS
100
AcDbLine
 10
207.34
 20
0.19999999999999998
 30
0.0
 11
208.26
 21
0.19999999999999998
 31
0.0
  0
LINE
  5
49B
330
17
100
AcDbEntity
  8
D-LINEAS
100
AcDbLine
 10
207.34
 20
0.39999999999999997
 30
0.0
 11
208.26
 21
0.39999999999999997
 31
0.0
  0
LINE
  5
49C
330
17
100
AcDbEntity
  8
D-LINEAS
100
AcDbLine
 10
207.34
 20
0.6
 30
0.0
 11
208.26
 21
0.6
 31
0.0
  0
LINE
  5
49D
330
17
100
AcDbEntity
  8
D-LINEAS
100
AcDbLine
 10
207.34
 20
0.7999999999999999
 30
0.0
 11
208.26
 21
0.7999999999999999
 31
0.0
  0
LINE
  5
49E
330
17
100
AcDbEntity
  8
D-LINEAS
100
AcDbLine
 10
207.34
 20
1.0
 30
0.0
 11
208.26
 21
1.0
 31
0.0
  0
LINE
  5
49F
330
17
100
AcDbEntity
  8
D-LINEAS
100
AcDbLine
 10
207.34
 20
1.2
 30
0.0
 11
208.26
 21
1.2
 31
0.0
  0
LINE
  5
4A0
330
17
100
AcDbEntity
  8
D-LINEAS
100
AcDbLine
 10
207.34
 20
1.4000000000000001
 30
0.0
 11
208.26
 21
1.4000000000000001
 31
0.0
  0
LINE
  5
4A1
330
17
100
AcDbEntity
  8
D-LINEAS
100
AcDbLine
 10
207.34
 20
1.5999999999999999
 30
0.0
 11
208.26
 21
1.5999999999999999
 31
0.0
  0
LINE
  5
4A2
330
17
100
AcDbEntity
  8
D-LINEAS
100
AcDbLine
 10
207.34
 20
1.7999999999999998
 30
0.0
 11
208.26
 21
1.7999999999999998
 31
0.0
  0
LINE
  5
4A3
330
17
100
AcDbEntity
  8
D-LINEAS
100
AcDbLine
 10
207.34
 20
2.0
 30
0.0
 11
208.26
 21
2.0
 31
0.0
  0
LINE
  5
4A4
330
17
100
AcDbEntity
  8
D-LINEAS
100
AcDbLine
 10
207.34
 20
2.1999999999999997
 30
0.0
 11
208.26
 21
2.1999999999999997
 31
0.0
  0
LINE
  5
4A5
330
17
100
AcDbEntity
  8
D-CONTORNO
100
AcDbLine
 10
208.18
 20
0.95
 30
0.0
 11
208.18
 21
1.15
 31
0.0
  0
LINE
  5
4A6
330
17
100
AcDbEntity
  8
D-OCULTO
 48
0.020000000000000004
100
AcDbLine
 10
208.24
 20
0.06
 30
0.0
 11
207.36
 21
1.2
 31
0.0
  0
LINE
  5
4A7
330
17
100
AcDbEntity
  8
D-OCULTO
 48
0.020000000000000004
100
AcDbLine
 10
208.24
 20
2.34
 30
0.0
 11
207.36
 21
1.2
 31
0.0
  0
DIMENSION
  5
4A8
330
17
100
AcDbEntity
  8
D-COTA
100
AcDbDimension
280
0
  2
*D9
  3
COTA-50
 10
207.3
 20
2.75
 30
0.0
 11
207.8
 21
2.845
 31
0.0
 70
32
 71
5
  1
<>
100
AcDbAlignedDimension
 13
207.3
 23
2.75
 33
0.0
 14
208.3
 24
2.75
 34
0.0
 50
0.0
100
AcDbRotatedDimension
  0
DIMENSION
  5
4B7
330
17
100
AcDbEntity
  8
D-COTA
100
AcDbDimension
280
0
  2
*D10
  3
COTA-50
 10
207.0
 20
0.0
 30
0.0
 11
206.905
 21
1.2
 31
0.0
 70
32
 71
5
  1
<>
100
AcDbAlignedDimension
 13
207.0
 23
0.0
 33
0.0
 14
207.0
 24
2.4
 34
0.0
 50
90.0
100
AcDbRotatedDimension
  0
TEXT
  5
4C6
330
17
100
AcDbEntity
  8
D-TXT
100
AcDbText
 10
207.8
 20
-0.3
 30
0.0
 40
0.1
  1
PUERTA PEATONAL
  7
ARIAL
 72
1
 11
207.8
 21
-0.3
 31
0.0
100
AcDbText
 73
2
  0
TEXT
  5
4C7
330
17
100
AcDbEntity
  8
D-TXT
100
AcDbText
 10
207.8
 20
-0.52
 30
0.0
 40
0.1
  1
P-05
  7
ARIAL
 72
1
 11
207.8
 21
-0.52
 31
0.0
100
AcDbText
 73
2
  0
LWPOLYLINE
  5
4C8
330
17
100
AcDbEntity
  8
D-CONTORNO
100
AcDbPolyline
 90
4
 70
1
 10
209.2
 20
0.0
 10
216.59
 20
0.0
 10
216.59
 20
2.4499999999999997
 10
209.2
 20
2.4499999999999997
  0
LWPOLYLINE
  5
4C9
330
17
100
AcDbEntity
  8
D-LINEAS
100
AcDbPolyline
 90
4
 70
1
 10
209.25
 20
0.0
 10
216.54
 20
0.0
 10
216.54
 20
2.4
 10
209.25
 20
2.4
  0
LINE
  5
4CA
330
17
100
AcDbEntity
  8
D-CONTORNO
100
AcDbLine
 10
211.0725
 20
0.0
 30
0.0
 11
211.0725
 21
2.4
 31
0.0
  0
LINE
  5
4CB
330
17
100
AcDbEntity
  8
D-CONTORNO
100
AcDbLine
 10
212.895
 20
0.0
 30
0.0
 11
212.895
 21
2.4
 31
0.0
  0
LINE
  5
4CC
330
17
100
AcDbEntity
  8
D-CONTORNO
100
AcDbLine
 10
214.7175
 20
0.0
 30
0.0
 11
214.7175
 21
2.4
 31
0.0
  0
LINE
  5
4CD
330
17
100
AcDbEntity
  8
D-LINEAS
100
AcDbLine
 10
209.29
 20
0.19999999999999998
 30
0.0
 11
216.5
 21
0.19999999999999998
 31
0.0
  0
LINE
  5
4CE
330
17
100
AcDbEntity
  8
D-LINEAS
100
AcDbLine
 10
209.29
 20
0.39999999999999997
 30
0.0
 11
216.5
 21
0.39999999999999997
 31
0.0
  0
LINE
  5
4CF
330
17
100
AcDbEntity
  8
D-LINEAS
100
AcDbLine
 10
209.29
 20
0.6
 30
0.0
 11
216.5
 21
0.6
 31
0.0
  0
LINE
  5
4D0
330
17
100
AcDbEntity
  8
D-LINEAS
100
AcDbLine
 10
209.29
 20
0.7999999999999999
 30
0.0
 11
216.5
 21
0.7999999999999999
 31
0.0
  0
LINE
  5
4D1
330
17
100
AcDbEntity
  8
D-LINEAS
100
AcDbLine
 10
209.29
 20
1.0
 30
0.0
 11
216.5
 21
1.0
 31
0.0
  0
LINE
  5
4D2
330
17
100
AcDbEntity
  8
D-LINEAS
100
AcDbLine
 10
209.29
 20
1.2
 30
0.0
 11
216.5
 21
1.2
 31
0.0
  0
LINE
  5
4D3
330
17
100
AcDbEntity
  8
D-LINEAS
100
AcDbLine
 10
209.29
 20
1.4000000000000001
 30
0.0
 11
216.5
 21
1.4000000000000001
 31
0.0
  0
LINE
  5
4D4
330
17
100
AcDbEntity
  8
D-LINEAS
100
AcDbLine
 10
209.29
 20
1.5999999999999999
 30
0.0
 11
216.5
 21
1.5999999999999999
 31
0.0
  0
LINE
  5
4D5
330
17
100
AcDbEntity
  8
D-LINEAS
100
AcDbLine
 10
209.29
 20
1.7999999999999998
 30
0.0
 11
216.5
 21
1.7999999999999998
 31
0.0
  0
LINE
  5
4D6
330
17
100
AcDbEntity
  8
D-LINEAS
100
AcDbLine
 10
209.29
 20
2.0
 30
0.0
 11
216.5
 21
2.0
 31
0.0
  0
LINE
  5
4D7
330
17
100
AcDbEntity
  8
D-LINEAS
100
AcDbLine
 10
209.29
 20
2.1999999999999997
 30
0.0
 11
216.5
 21
2.1999999999999997
 31
0.0
  0
DIMENSION
  5
4D8
330
17
100
AcDbEntity
  8
D-COTA
100
AcDbDimension
280
0
  2
*D11
  3
COTA-50
 10
209.25
 20
2.75
 30
0.0
 11
212.89499999999998
 21
2.845
 31
0.0
 70
32
 71
5
  1
<>
100
AcDbAlignedDimension
 13
209.25
 23
2.75
 33
0.0
 14
216.54
 24
2.75
 34
0.0
 50
0.0
100
AcDbRotatedDimension
  0
DIMENSION
  5
4E7
330
17
100
AcDbEntity
  8
D-COTA
100
AcDbDimension
280
0
  2
*D12
  3
COTA-50
 10
208.95
 20
0.0
 30
0.0
 11
208.855
 21
1.2
 31
0.0
 70
32
 71
5
  1
<>
100
AcDbAlignedDimension
 13
208.95
 23
0.0
 33
0.0
 14
208.95
 24
2.4
 34
0.0
 50
90.0
100
AcDbRotatedDimension
  0
TEXT
  5
4F6
330
17
100
AcDbEntity
  8
D-TXT
100
AcDbText
 10
212.895
 20
-0.3
 30
0.0
 40
0.1
  1
PORTÓN VEHICULAR
  7
ARIAL
 72
1
 11
212.895
 21
-0.3
 31
0.0
100
AcDbText
 73
2
  0
TEXT
  5
4F7
330
17
100
AcDbEntity
  8
D-TXT
100
AcDbText
 10
212.895
 20
-0.52
 30
0.0
 40
0.1
  1
P-06
  7
ARIAL
 72
1
 11
212.895
 21
-0.52
 31
0.0
100
AcDbText
 73
2
  0
LINE
  5
4F8
330
17
100
AcDbEntity
  8
D-CONTORNO
100
AcDbLine
 10
199.4
 20
0.0
 30
0.0
 11
216.84
 21
0.0
 31
0.0
  0
LWPOLYLINE
  5
4F9
330
17
100
AcDbEntity
  8
D-CONTORNO
100
AcDbPolyline
 90
4
 70
1
 10
230.0
 20
3.95
 10
232.2
 20
3.95
 10
232.2
 20
6.15
 10
230.0
 20
6.15
  0
LWPOLYLINE
  5
4FA
330
17
100
AcDbEntity
  8
D-LINEAS
100
AcDbPolyline
 90
4
 70
1
 10
230.04
 20
3.99
 10
232.16
 20
3.99
 10
232.16
 20
6.11
 10
230.04
 20
6.11
  0
LINE
  5
4FB
330
17
100
AcDbEntity
  8
D-CONTORNO
100
AcDbLine
 10
231.1
 20
3.95
 30
0.0
 11
231.1
 21
6.15
 31
0.0
  0
LINE
  5
4FC
330
17
100
AcDbEntity
  8
D-CONTORNO
100
AcDbLine
 10
230.0
 20
4.8500000000000005
 30
0.0
 11
232.2
 21
4.8500000000000005
 31
0.0
  0
TEXT
  5
4FD
330
17
100
AcDbEntity
  8
D-TXT
100
AcDbText
 10
230.55
 20
4.4
 30
0.0
 40
0.17
  1
F
  7
ARIAL
 72
1
 11
230.55
 21
4.4
 31
0.0
100
AcDbText
 73
2
  0
TEXT
  5
4FE
330
17
100
AcDbEntity
  8
D-TXT
100
AcDbText
 10
231.65
 20
4.4
 30
0.0
 40
0.17
  1
F
  7
ARIAL
 72
1
 11
231.65
 21
4.4
 31
0.0
100
AcDbText
 73
2
  0
LINE
  5
4FF
330
17
100
AcDbEntity
  8
D-OCULTO
 48
0.03
100
AcDbLine
 10
230.06
 20
6.090000000000001
 30
0.0
 11
230.55
 21
4.91
 31
0.0
  0
LINE
  5
500
330
17
100
AcDbEntity
  8
D-OCULTO
 48
0.03
100
AcDbLine
 10
231.04
 20
6.090000000000001
 30
0.0
 11
230.55
 21
4.91
 31
0.0
  0
LINE
  5
501
330
17
100
AcDbEntity
  8
D-OCULTO
 48
0.03
100
AcDbLine
 10
231.16
 20
6.090000000000001
 30
0.0
 11
231.65
 21
4.91
 31
0.0
  0
LINE
  5
502
330
17
100
AcDbEntity
  8
D-OCULTO
 48
0.03
100
AcDbLine
 10
232.14
 20
6.090000000000001
 30
0.0
 11
231.65
 21
4.91
 31
0.0
  0
DIMENSION
  5
503
330
17
100
AcDbEntity
  8
D-COTA
100
AcDbDimension
280
0
  2
*D13
  3
COTA-75
 10
230.0
 20
6.45
 30
0.0
 11
231.1
 21
6.5925
 31
0.0
 70
32
 71
5
  1
<>
100
AcDbAlignedDimension
 13
230.0
 23
6.45
 33
0.0
 14
232.2
 24
6.45
 34
0.0
 50
0.0
100
AcDbRotatedDimension
  0
DIMENSION
  5
512
330
17
100
AcDbEntity
  8
D-COTA
100
AcDbDimension
280
0
  2
*D14
  3
COTA-75
 10
229.75
 20
3.95
 30
0.0
 11
229.6075
 21
5.050000000000001
 31
0.0
 70
32
 71
5
  1
<>
100
AcDbAlignedDimension
 13
229.75
 23
3.95
 33
0.0
 14
229.75
 24
6.15
 34
0.0
 50
90.0
100
AcDbRotatedDimension
  0
TEXT
  5
521
330
17
100
AcDbEntity
  8
D-TXT
100
AcDbText
 10
231.1
 20
3.6
 30
0.0
 40
0.15
  1
V-01
  7
ARIAL
 72
1
 11
231.1
 21
3.6
 31
0.0
100
AcDbText
 73
2
  0
LWPOLYLINE
  5
522
330
17
100
AcDbEntity
  8
D-CONTORNO
100
AcDbPolyline
 90
4
 70
1
 10
233.15
 20
3.95
 10
234.95
 20
3.95
 10
234.95
 20
6.15
 10
233.15
 20
6.15
  0
LWPOLYLINE
  5
523
330
17
100
AcDbEntity
  8
D-LINEAS
100
AcDbPolyline
 90
4
 70
1
 10
233.19
 20
3.99
 10
234.91
 20
3.99
 10
234.91
 20
6.11
 10
233.19
 20
6.11
  0
LINE
  5
524
330
17
100
AcDbEntity
  8
D-CONTORNO
100
AcDbLine
 10
234.05
 20
3.95
 30
0.0
 11
234.05
 21
6.15
 31
0.0
  0
LINE
  5
525
330
17
100
AcDbEntity
  8
D-CONTORNO
100
AcDbLine
 10
233.15
 20
4.8500000000000005
 30
0.0
 11
234.95
 21
4.8500000000000005
 31
0.0
  0
TEXT
  5
526
330
17
100
AcDbEntity
  8
D-TXT
100
AcDbText
 10
233.6
 20
4.4
 30
0.0
 40
0.17
  1
F
  7
ARIAL
 72
1
 11
233.6
 21
4.4
 31
0.0
100
AcDbText
 73
2
  0
TEXT
  5
527
330
17
100
AcDbEntity
  8
D-TXT
100
AcDbText
 10
234.5
 20
4.4
 30
0.0
 40
0.17
  1
F
  7
ARIAL
 72
1
 11
234.5
 21
4.4
 31
0.0
100
AcDbText
 73
2
  0
LINE
  5
528
330
17
100
AcDbEntity
  8
D-OCULTO
 48
0.03
100
AcDbLine
 10
233.21
 20
6.090000000000001
 30
0.0
 11
233.6
 21
4.91
 31
0.0
  0
LINE
  5
529
330
17
100
AcDbEntity
  8
D-OCULTO
 48
0.03
100
AcDbLine
 10
233.99
 20
6.090000000000001
 30
0.0
 11
233.6
 21
4.91
 31
0.0
  0
LINE
  5
52A
330
17
100
AcDbEntity
  8
D-OCULTO
 48
0.03
100
AcDbLine
 10
234.11
 20
6.090000000000001
 30
0.0
 11
234.5
 21
4.91
 31
0.0
  0
LINE
  5
52B
330
17
100
AcDbEntity
  8
D-OCULTO
 48
0.03
100
AcDbLine
 10
234.89
 20
6.090000000000001
 30
0.0
 11
234.5
 21
4.91
 31
0.0
  0
DIMENSION
  5
52C
330
17
100
AcDbEntity
  8
D-COTA
100
AcDbDimension
280
0
  2
*D15
  3
COTA-75
 10
233.15
 20
6.45
 30
0.0
 11
234.05
 21
6.5925
 31
0.0
 70
32
 71
5
  1
<>
100
AcDbAlignedDimension
 13
233.15
 23
6.45
 33
0.0
 14
234.95
 24
6.45
 34
0.0
 50
0.0
100
AcDbRotatedDimension
  0
DIMENSION
  5
53B
330
17
100
AcDbEntity
  8
D-COTA
100
AcDbDimension
280
0
  2
*D16
  3
COTA-75
 10
232.9
 20
3.95
 30
0.0
 11
232.7575
 21
5.050000000000001
 31
0.0
 70
32
 71
5
  1
<>
100
AcDbAlignedDimension
 13
232.9
 23
3.95
 33
0.0
 14
232.9
 24
6.15
 34
0.0
 50
90.0
100
AcDbRotatedDimension
  0
TEXT
  5
54A
330
17
100
AcDbEntity
  8
D-TXT
100
AcDbText
 10
234.05
 20
3.6
 30
0.0
 40
0.15
  1
V-02
  7
ARIAL
 72
1
 11
234.05
 21
3.6
 31
0.0
100
AcDbText
 73
2
  0
LWPOLYLINE
  5
54B
330
17
100
AcDbEntity
  8
D-CONTORNO
100
AcDbPolyline
 90
4
 70
1
 10
235.9
 20
3.95
 10
236.8
 20
3.95
 10
236.8
 20
6.15
 10
235.9
 20
6.15
  0
LWPOLYLINE
  5
54C
330
17
100
AcDbEntity
  8
D-LINEAS
100
AcDbPolyline
 90
4
 70
1
 10
235.94
 20
3.99
 10
236.76
 20
3.99
 10
236.76
 20
6.11
 10
235.94
 20
6.11
  0
LINE
  5
54D
330
17
100
AcDbEntity
  8
D-CONTORNO
100
AcDbLine
 10
235.9
 20
4.8500000000000005
 30
0.0
 11
236.8
 21
4.8500000000000005
 31
0.0
  0
TEXT
  5
54E
330
17
100
AcDbEntity
  8
D-TXT
100
AcDbText
 10
236.35
 20
4.4
 30
0.0
 40
0.17
  1
F
  7
ARIAL
 72
1
 11
236.35
 21
4.4
 31
0.0
100
AcDbText
 73
2
  0
LINE
  5
54F
330
17
100
AcDbEntity
  8
D-OCULTO
 48
0.03
100
AcDbLine
 10
235.96
 20
6.090000000000001
 30
0.0
 11
236.35
 21
4.91
 31
0.0
  0
LINE
  5
550
330
17
100
AcDbEntity
  8
D-OCULTO
 48
0.03
100
AcDbLine
 10
236.74
 20
6.090000000000001
 30
0.0
 11
236.35
 21
4.91
 31
0.0
  0
HATCH
  5
551
330
17
100
AcDbEntity
  8
D-TRAMA
 62
7
100
AcDbHatch
 10
0.0
 20
0.0
 30
0.0
210
0.0
220
0.0
230
1.0
  2
DOTS
 70
0
 71
0
 91
1
 92
3
 72
0
 73
1
 93
4
 10
235.94
 20
3.99
 10
236.76
 20
3.99
 10
236.76
 20
6.11
 10
235.94
 20
6.11
 97
0
 75
1
 76
1
 52
0.0
 41
0.07
 77
0
 78
1
 53
0.0
 43
0.0
 44
0.0
 45
0.0555625
 46
0.111125
 79
2
 49
0.0
 49
-0.111125
 98
0
  0
DIMENSION
  5
552
330
17
100
AcDbEntity
  8
D-COTA
100
AcDbDimension
280
0
  2
*D17
  3
COTA-75
 10
235.9
 20
6.45
 30
0.0
 11
236.35000000000002
 21
6.5925
 31
0.0
 70
32
 71
5
  1
<>
100
AcDbAlignedDimension
 13
235.9
 23
6.45
 33
0.0
 14
236.8
 24
6.45
 34
0.0
 50
0.0
100
AcDbRotatedDimension
  0
DIMENSION
  5
561
330
17
100
AcDbEntity
  8
D-COTA
100
AcDbDimension
280
0
  2
*D18
  3
COTA-75
 10
235.65
 20
3.95
 30
0.0
 11
235.5075
 21
5.050000000000001
 31
0.0
 70
32
 71
5
  1
<>
100
AcDbAlignedDimension
 13
235.65
 23
3.95
 33
0.0
 14
235.65
 24
6.15
 34
0.0
 50
90.0
100
AcDbRotatedDimension
  0
TEXT
  5
570
330
17
100
AcDbEntity
  8
D-TXT
100
AcDbText
 10
236.35
 20
3.6
 30
0.0
 40
0.15
  1
V-03
  7
ARIAL
 72
1
 11
236.35
 21
3.6
 31
0.0
100
AcDbText
 73
2
  0
LWPOLYLINE
  5
571
330
17
100
AcDbEntity
  8
D-CONTORNO
100
AcDbPolyline
 90
4
 70
1
 10
237.75
 20
3.95
 10
239.95
 20
3.95
 10
239.95
 20
5.25
 10
237.75
 20
5.25
  0
LWPOLYLINE
  5
572
330
17
100
AcDbEntity
  8
D-LINEAS
100
AcDbPolyline
 90
4
 70
1
 10
237.79
 20
3.99
 10
239.91
 20
3.99
 10
239.91
 20
5.21
 10
237.79
 20
5.21
  0
LINE
  5
573
330
17
100
AcDbEntity
  8
D-CONTORNO
100
AcDbLine
 10
238.85
 20
3.95
 30
0.0
 11
238.85
 21
5.25
 31
0.0
  0
LINE
  5
574
330
17
100
AcDbEntity
  8
D-OCULTO
 48
0.03
100
AcDbLine
 10
237.81
 20
5.19
 30
0.0
 11
238.3
 21
4.01
 31
0.0
  0
LINE
  5
575
330
17
100
AcDbEntity
  8
D-OCULTO
 48
0.03
100
AcDbLine
 10
238.79
 20
5.19
 30
0.0
 11
238.3
 21
4.01
 31
0.0
  0
LINE
  5
576
330
17
100
AcDbEntity
  8
D-OCULTO
 48
0.03
100
AcDbLine
 10
238.91
 20
5.19
 30
0.0
 11
239.4
 21
4.01
 31
0.0
  0
LINE
  5
577
330
17
100
AcDbEntity
  8
D-OCULTO
 48
0.03
100
AcDbLine
 10
239.89
 20
5.19
 30
0.0
 11
239.4
 21
4.01
 31
0.0
  0
DIMENSION
  5
578
330
17
100
AcDbEntity
  8
D-COTA
100
AcDbDimension
280
0
  2
*D19
  3
COTA-75
 10
237.75
 20
5.55
 30
0.0
 11
238.85
 21
5.6925
 31
0.0
 70
32
 71
5
  1
<>
100
AcDbAlignedDimension
 13
237.75
 23
5.55
 33
0.0
 14
239.95
 24
5.55
 34
0.0
 50
0.0
100
AcDbRotatedDimension
  0
DIMENSION
  5
587
330
17
100
AcDbEntity
  8
D-COTA
100
AcDbDimension
280
0
  2
*D20
  3
COTA-75
 10
237.5
 20
3.95
 30
0.0
 11
237.3575
 21
4.6
 31
0.0
 70
32
 71
5
  1
<>
100
AcDbAlignedDimension
 13
237.5
 23
3.95
 33
0.0
 14
237.5
 24
5.25
 34
0.0
 50
90.0
100
AcDbRotatedDimension
  0
TEXT
  5
596
330
17
100
AcDbEntity
  8
D-TXT
100
AcDbText
 10
238.85
 20
3.6
 30
0.0
 40
0.15
  1
V-04
  7
ARIAL
 72
1
 11
238.85
 21
3.6
 31
0.0
100
AcDbText
 73
2
  0
LWPOLYLINE
  5
597
330
17
100
AcDbEntity
  8
D-CONTORNO
100
AcDbPolyline
 90
4
 70
1
 10
240.9
 20
3.95
 10
241.65
 20
3.95
 10
241.65
 20
5.25
 10
240.9
 20
5.25
  0
LWPOLYLINE
  5
598
330
17
100
AcDbEntity
  8
D-LINEAS
100
AcDbPolyline
 90
4
 70
1
 10
240.94
 20
3.99
 10
241.61
 20
3.99
 10
241.61
 20
5.21
 10
240.94
 20
5.21
  0
LINE
  5
599
330
17
100
AcDbEntity
  8
D-OCULTO
 48
0.03
100
AcDbLine
 10
240.96
 20
5.19
 30
0.0
 11
241.275
 21
4.01
 31
0.0
  0
LINE
  5
59A
330
17
100
AcDbEntity
  8
D-OCULTO
 48
0.03
100
AcDbLine
 10
241.59
 20
5.19
 30
0.0
 11
241.275
 21
4.01
 31
0.0
  0
HATCH
  5
59B
330
17
100
AcDbEntity
  8
D-TRAMA
 62
7
100
AcDbHatch
 10
0.0
 20
0.0
 30
0.0
210
0.0
220
0.0
230
1.0
  2
DOTS
 70
0
 71
0
 91
1
 92
3
 72
0
 73
1
 93
4
 10
240.94
 20
3.99
 10
241.61
 20
3.99
 10
241.61
 20
5.21
 10
240.94
 20
5.21
 97
0
 75
1
 76
1
 52
0.0
 41
0.07
 77
0
 78
1
 53
0.0
 43
0.0
 44
0.0
 45
0.0555625
 46
0.111125
 79
2
 49
0.0
 49
-0.111125
 98
0
  0
DIMENSION
  5
59C
330
17
100
AcDbEntity
  8
D-COTA
100
AcDbDimension
280
0
  2
*D21
  3
COTA-75
 10
240.9
 20
5.55
 30
0.0
 11
241.275
 21
5.6925
 31
0.0
 70
32
 71
5
  1
<>
100
AcDbAlignedDimension
 13
240.9
 23
5.55
 33
0.0
 14
241.65
 24
5.55
 34
0.0
 50
0.0
100
AcDbRotatedDimension
  0
DIMENSION
  5
5AB
330
17
100
AcDbEntity
  8
D-COTA
100
AcDbDimension
280
0
  2
*D22
  3
COTA-75
 10
240.65
 20
3.95
 30
0.0
 11
240.5075
 21
4.6
 31
0.0
 70
32
 71
5
  1
<>
100
AcDbAlignedDimension
 13
240.65
 23
3.95
 33
0.0
 14
240.65
 24
5.25
 34
0.0
 50
90.0
100
AcDbRotatedDimension
  0
TEXT
  5
5BA
330
17
100
AcDbEntity
  8
D-TXT
100
AcDbText
 10
241.275
 20
3.6
 30
0.0
 40
0.15
  1
V-05
  7
ARIAL
 72
1
 11
241.275
 21
3.6
 31
0.0
100
AcDbText
 73
2
  0
LWPOLYLINE
  5
5BB
330
17
100
AcDbEntity
  8
D-CONTORNO
100
AcDbPolyline
 90
4
 70
1
 10
242.6
 20
3.95
 10
244.4
 20
3.95
 10
244.4
 20
5.25
 10
242.6
 20
5.25
  0
LWPOLYLINE
  5
5BC
330
17
100
AcDbEntity
  8
D-LINEAS
100
AcDbPolyline
 90
4
 70
1
 10
242.64
 20
3.99
 10
244.36
 20
3.99
 10
244.36
 20
5.21
 10
242.64
 20
5.21
  0
LINE
  5
5BD
330
17
100
AcDbEntity
  8
D-CONTORNO
100
AcDbLine
 10
243.5
 20
3.95
 30
0.0
 11
243.5
 21
5.25
 31
0.0
  0
LINE
  5
5BE
330
17
100
AcDbEntity
  8
D-OCULTO
 48
0.03
100
AcDbLine
 10
242.66
 20
5.19
 30
0.0
 11
243.05
 21
4.01
 31
0.0
  0
LINE
  5
5BF
330
17
100
AcDbEntity
  8
D-OCULTO
 48
0.03
100
AcDbLine
 10
243.44
 20
5.19
 30
0.0
 11
243.05
 21
4.01
 31
0.0
  0
LINE
  5
5C0
330
17
100
AcDbEntity
  8
D-OCULTO
 48
0.03
100
AcDbLine
 10
243.56
 20
5.19
 30
0.0
 11
243.95
 21
4.01
 31
0.0
  0
LINE
  5
5C1
330
17
100
AcDbEntity
  8
D-OCULTO
 48
0.03
100
AcDbLine
 10
244.34
 20
5.19
 30
0.0
 11
243.95
 21
4.01
 31
0.0
  0
DIMENSION
  5
5C2
330
17
100
AcDbEntity
  8
D-COTA
100
AcDbDimension
280
0
  2
*D23
  3
COTA-75
 10
242.6
 20
5.55
 30
0.0
 11
243.5
 21
5.6925
 31
0.0
 70
32
 71
5
  1
<>
100
AcDbAlignedDimension
 13
242.6
 23
5.55
 33
0.0
 14
244.4
 24
5.55
 34
0.0
 50
0.0
100
AcDbRotatedDimension
  0
DIMENSION
  5
5D1
330
17
100
AcDbEntity
  8
D-COTA
100
AcDbDimension
280
0
  2
*D24
  3
COTA-75
 10
242.35
 20
3.95
 30
0.0
 11
242.20749999999998
 21
4.6
 31
0.0
 70
32
 71
5
  1
<>
100
AcDbAlignedDimension
 13
242.35
 23
3.95
 33
0.0
 14
242.35
 24
5.25
 34
0.0
 50
90.0
100
AcDbRotatedDimension
  0
TEXT
  5
5E0
330
17
100
AcDbEntity
  8
D-TXT
100
AcDbText
 10
243.5
 20
3.6
 30
0.0
 40
0.15
  1
V-06
  7
ARIAL
 72
1
 11
243.5
 21
3.6
 31
0.0
100
AcDbText
 73
2
  0
LWPOLYLINE
  5
5E1
330
17
100
AcDbEntity
  8
D-CONTORNO
100
AcDbPolyline
 90
4
 70
1
 10
245.35
 20
3.95
 10
247.75
 20
3.95
 10
247.75
 20
5.25
 10
245.35
 20
5.25
  0
LWPOLYLINE
  5
5E2
330
17
100
AcDbEntity
  8
D-LINEAS
100
AcDbPolyline
 90
4
 70
1
 10
245.39
 20
3.99
 10
247.71
 20
3.99
 10
247.71
 20
5.21
 10
245.39
 20
5.21
  0
LINE
  5
5E3
330
17
100
AcDbEntity
  8
D-CONTORNO
100
AcDbLine
 10
246.55
 20
3.95
 30
0.0
 11
246.55
 21
5.25
 31
0.0
  0
LINE
  5
5E4
330
17
100
AcDbEntity
  8
D-OCULTO
 48
0.03
100
AcDbLine
 10
245.41
 20
5.19
 30
0.0
 11
245.95
 21
4.01
 31
0.0
  0
LINE
  5
5E5
330
17
100
AcDbEntity
  8
D-OCULTO
 48
0.03
100
AcDbLine
 10
246.49
 20
5.19
 30
0.0
 11
245.95
 21
4.01
 31
0.0
  0
LINE
  5
5E6
330
17
100
AcDbEntity
  8
D-OCULTO
 48
0.03
100
AcDbLine
 10
246.61
 20
5.19
 30
0.0
 11
247.15
 21
4.01
 31
0.0
  0
LINE
  5
5E7
330
17
100
AcDbEntity
  8
D-OCULTO
 48
0.03
100
AcDbLine
 10
247.69
 20
5.19
 30
0.0
 11
247.15
 21
4.01
 31
0.0
  0
DIMENSION
  5
5E8
330
17
100
AcDbEntity
  8
D-COTA
100
AcDbDimension
280
0
  2
*D25
  3
COTA-75
 10
245.35
 20
5.55
 30
0.0
 11
246.55
 21
5.6925
 31
0.0
 70
32
 71
5
  1
<>
100
AcDbAlignedDimension
 13
245.35
 23
5.55
 33
0.0
 14
247.75
 24
5.55
 34
0.0
 50
0.0
100
AcDbRotatedDimension
  0
DIMENSION
  5
5F7
330
17
100
AcDbEntity
  8
D-COTA
100
AcDbDimension
280
0
  2
*D26
  3
COTA-75
 10
245.1
 20
3.95
 30
0.0
 11
244.95749999999998
 21
4.6
 31
0.0
 70
32
 71
5
  1
<>
100
AcDbAlignedDimension
 13
245.1
 23
3.95
 33
0.0
 14
245.1
 24
5.25
 34
0.0
 50
90.0
100
AcDbRotatedDimension
  0
TEXT
  5
606
330
17
100
AcDbEntity
  8
D-TXT
100
AcDbText
 10
246.55
 20
3.6
 30
0.0
 40
0.15
  1
V-07
  7
ARIAL
 72
1
 11
246.55
 21
3.6
 31
0.0
100
AcDbText
 73
2
  0
LWPOLYLINE
  5
607
330
17
100
AcDbEntity
  8
D-CONTORNO
100
AcDbPolyline
 90
4
 70
1
 10
230.0
 20
0.0
 10
232.6
 20
0.0
 10
232.6
 20
1.3
 10
230.0
 20
1.3
  0
LWPOLYLINE
  5
608
330
17
100
AcDbEntity
  8
D-LINEAS
100
AcDbPolyline
 90
4
 70
1
 10
230.04
 20
0.04
 10
232.56
 20
0.04
 10
232.56
 20
1.26
 10
230.04
 20
1.26
  0
LINE
  5
609
330
17
100
AcDbEntity
  8
D-CONTORNO
100
AcDbLine
 10
231.3
 20
0.0
 30
0.0
 11
231.3
 21
1.3
 31
0.0
  0
LINE
  5
60A
330
17
100
AcDbEntity
  8
D-OCULTO
 48
0.03
100
AcDbLine
 10
230.06
 20
1.24
 30
0.0
 11
230.65
 21
0.06
 31
0.0
  0
LINE
  5
60B
330
17
100
AcDbEntity
  8
D-OCULTO
 48
0.03
100
AcDbLine
 10
231.24
 20
1.24
 30
0.0
 11
230.65
 21
0.06
 31
0.0
  0
LINE
  5
60C
330
17
100
AcDbEntity
  8
D-OCULTO
 48
0.03
100
AcDbLine
 10
231.36
 20
1.24
 30
0.0
 11
231.95
 21
0.06
 31
0.0
  0
LINE
  5
60D
330
17
100
AcDbEntity
  8
D-OCULTO
 48
0.03
100
AcDbLine
 10
232.54
 20
1.24
 30
0.0
 11
231.95
 21
0.06
 31
0.0
  0
DIMENSION
  5
60E
330
17
100
AcDbEntity
  8
D-COTA
100
AcDbDimension
280
0
  2
*D27
  3
COTA-75
 10
230.0
 20
1.6
 30
0.0
 11
231.3
 21
1.7425000000000002
 31
0.0
 70
32
 71
5
  1
<>
100
AcDbAlignedDimension
 13
230.0
 23
1.6
 33
0.0
 14
232.6
 24
1.6
 34
0.0
 50
0.0
100
AcDbRotatedDimension
  0
DIMENSION
  5
61D
330
17
100
AcDbEntity
  8
D-COTA
100
AcDbDimension
280
0
  2
*D28
  3
COTA-75
 10
229.75
 20
0.0
 30
0.0
 11
229.6075
 21
0.65
 31
0.0
 70
32
 71
5
  1
<>
100
AcDbAlignedDimension
 13
229.75
 23
0.0
 33
0.0
 14
229.75
 24
1.3
 34
0.0
 50
90.0
100
AcDbRotatedDimension
  0
TEXT
  5
62C
330
17
100
AcDbEntity
  8
D-TXT
100
AcDbText
 10
231.3
 20
-0.35
 30
0.0
 40
0.15
  1
V-08
  7
ARIAL
 72
1
 11
231.3
 21
-0.35
 31
0.0
100
AcDbText
 73
2
  0
LWPOLYLINE
  5
62D
330
17
100
AcDbEntity
  8
D-CONTORNO
100
AcDbPolyline
 90
4
 70
1
 10
233.55
 20
0.0
 10
235.15
 20
0.0
 10
235.15
 20
1.3
 10
233.55
 20
1.3
  0
LWPOLYLINE
  5
62E
330
17
100
AcDbEntity
  8
D-LINEAS
100
AcDbPolyline
 90
4
 70
1
 10
233.59
 20
0.04
 10
235.11
 20
0.04
 10
235.11
 20
1.26
 10
233.59
 20
1.26
  0
LINE
  5
62F
330
17
100
AcDbEntity
  8
D-CONTORNO
100
AcDbLine
 10
234.35
 20
0.0
 30
0.0
 11
234.35
 21
1.3
 31
0.0
  0
LINE
  5
630
330
17
100
AcDbEntity
  8
D-OCULTO
 48
0.03
100
AcDbLine
 10
233.61
 20
1.24
 30
0.0
 11
233.95
 21
0.06
 31
0.0
  0
LINE
  5
631
330
17
100
AcDbEntity
  8
D-OCULTO
 48
0.03
100
AcDbLine
 10
234.29
 20
1.24
 30
0.0
 11
233.95
 21
0.06
 31
0.0
  0
LINE
  5
632
330
17
100
AcDbEntity
  8
D-OCULTO
 48
0.03
100
AcDbLine
 10
234.41
 20
1.24
 30
0.0
 11
234.75
 21
0.06
 31
0.0
  0
LINE
  5
633
330
17
100
AcDbEntity
  8
D-OCULTO
 48
0.03
100
AcDbLine
 10
235.09
 20
1.24
 30
0.0
 11
234.75
 21
0.06
 31
0.0
  0
DIMENSION
  5
634
330
17
100
AcDbEntity
  8
D-COTA
100
AcDbDimension
280
0
  2
*D29
  3
COTA-75
 10
233.55
 20
1.6
 30
0.0
 11
234.35000000000002
 21
1.7425000000000002
 31
0.0
 70
32
 71
5
  1
<>
100
AcDbAlignedDimension
 13
233.55
 23
1.6
 33
0.0
 14
235.15
 24
1.6
 34
0.0
 50
0.0
100
AcDbRotatedDimension
  0
DIMENSION
  5
643
330
17
100
AcDbEntity
  8
D-COTA
100
AcDbDimension
280
0
  2
*D30
  3
COTA-75
 10
233.3
 20
0.0
 30
0.0
 11
233.1575
 21
0.65
 31
0.0
 70
32
 71
5
  1
<>
100
AcDbAlignedDimension
 13
233.3
 23
0.0
 33
0.0
 14
233.3
 24
1.3
 34
0.0
 50
90.0
100
AcDbRotatedDimension
  0
TEXT
  5
652
330
17
100
AcDbEntity
  8
D-TXT
100
AcDbText
 10
234.35
 20
-0.35
 30
0.0
 40
0.15
  1
V-09
  7
ARIAL
 72
1
 11
234.35
 21
-0.35
 31
0.0
100
AcDbText
 73
2
  0
LWPOLYLINE
  5
653
330
17
100
AcDbEntity
  8
D-CONTORNO
100
AcDbPolyline
 90
4
 70
1
 10
236.1
 20
0.0
 10
238.9
 20
0.0
 10
238.9
 20
1.3
 10
236.1
 20
1.3
  0
LWPOLYLINE
  5
654
330
17
100
AcDbEntity
  8
D-LINEAS
100
AcDbPolyline
 90
4
 70
1
 10
236.14
 20
0.04
 10
238.86
 20
0.04
 10
238.86
 20
1.26
 10
236.14
 20
1.26
  0
LINE
  5
655
330
17
100
AcDbEntity
  8
D-CONTORNO
100
AcDbLine
 10
237.03333333333333
 20
0.0
 30
0.0
 11
237.03333333333333
 21
1.3
 31
0.0
  0
LINE
  5
656
330
17
100
AcDbEntity
  8
D-CONTORNO
100
AcDbLine
 10
237.96666666666667
 20
0.0
 30
0.0
 11
237.96666666666667
 21
1.3
 31
0.0
  0
LINE
  5
657
330
17
100
AcDbEntity
  8
D-OCULTO
 48
0.03
100
AcDbLine
 10
236.16
 20
1.24
 30
0.0
 11
236.56666666666666
 21
0.06
 31
0.0
  0
LINE
  5
658
330
17
100
AcDbEntity
  8
D-OCULTO
 48
0.03
100
AcDbLine
 10
236.97333333333333
 20
1.24
 30
0.0
 11
236.56666666666666
 21
0.06
 31
0.0
  0
LINE
  5
659
330
17
100
AcDbEntity
  8
D-OCULTO
 48
0.03
100
AcDbLine
 10
237.09333333333333
 20
1.24
 30
0.0
 11
237.5
 21
0.06
 31
0.0
  0
LINE
  5
65A
330
17
100
AcDbEntity
  8
D-OCULTO
 48
0.03
100
AcDbLine
 10
237.90666666666667
 20
1.24
 30
0.0
 11
237.5
 21
0.06
 31
0.0
  0
LINE
  5
65B
330
17
100
AcDbEntity
  8
D-OCULTO
 48
0.03
100
AcDbLine
 10
238.02666666666667
 20
1.24
 30
0.0
 11
238.43333333333334
 21
0.06
 31
0.0
  0
LINE
  5
65C
330
17
100
AcDbEntity
  8
D-OCULTO
 48
0.03
100
AcDbLine
 10
238.84
 20
1.24
 30
0.0
 11
238.43333333333334
 21
0.06
 31
0.0
  0
DIMENSION
  5
65D
330
17
100
AcDbEntity
  8
D-COTA
100
AcDbDimension
280
0
  2
*D31
  3
COTA-75
 10
236.1
 20
1.6
 30
0.0
 11
237.5
 21
1.7425000000000002
 31
0.0
 70
32
 71
5
  1
<>
100
AcDbAlignedDimension
 13
236.1
 23
1.6
 33
0.0
 14
238.9
 24
1.6
 34
0.0
 50
0.0
100
AcDbRotatedDimension
  0
DIMENSION
  5
66C
330
17
100
AcDbEntity
  8
D-COTA
100
AcDbDimension
280
0
  2
*D32
  3
COTA-75
 10
235.85
 20
0.0
 30
0.0
 11
235.70749999999998
 21
0.65
 31
0.0
 70
32
 71
5
  1
<>
100
AcDbAlignedDimension
 13
235.85
 23
0.0
 33
0.0
 14
235.85
 24
1.3
 34
0.0
 50
90.0
100
AcDbRotatedDimension
  0
TEXT
  5
67B
330
17
100
AcDbEntity
  8
D-TXT
100
AcDbText
 10
237.5
 20
-0.35
 30
0.0
 40
0.15
  1
V-10
  7
ARIAL
 72
1
 11
237.5
 21
-0.35
 31
0.0
100
AcDbText
 73
2
  0
LWPOLYLINE
  5
67C
330
17
100
AcDbEntity
  8
D-CONTORNO
100
AcDbPolyline
 90
4
 70
1
 10
239.85
 20
0.0
 10
240.95
 20
0.0
 10
240.95
 20
1.3
 10
239.85
 20
1.3
  0
LWPOLYLINE
  5
67D
330
17
100
AcDbEntity
  8
D-LINEAS
100
AcDbPolyline
 90
4
 70
1
 10
239.89
 20
0.04
 10
240.91
 20
0.04
 10
240.91
 20
1.26
 10
239.89
 20
1.26
  0
LINE
  5
67E
330
17
100
AcDbEntity
  8
D-OCULTO
 48
0.03
100
AcDbLine
 10
239.91
 20
1.24
 30
0.0
 11
240.4
 21
0.06
 31
0.0
  0
LINE
  5
67F
330
17
100
AcDbEntity
  8
D-OCULTO
 48
0.03
100
AcDbLine
 10
240.89
 20
1.24
 30
0.0
 11
240.4
 21
0.06
 31
0.0
  0
HATCH
  5
680
330
17
100
AcDbEntity
  8
D-TRAMA
 62
7
100
AcDbHatch
 10
0.0
 20
0.0
 30
0.0
210
0.0
220
0.0
230
1.0
  2
DOTS
 70
0
 71
0
 91
1
 92
3
 72
0
 73
1
 93
4
 10
239.89
 20
0.04
 10
240.91
 20
0.04
 10
240.91
 20
1.26
 10
239.89
 20
1.26
 97
0
 75
1
 76
1
 52
0.0
 41
0.07
 77
0
 78
1
 53
0.0
 43
0.0
 44
0.0
 45
0.0555625
 46
0.111125
 79
2
 49
0.0
 49
-0.111125
 98
0
  0
DIMENSION
  5
681
330
17
100
AcDbEntity
  8
D-COTA
100
AcDbDimension
280
0
  2
*D33
  3
COTA-75
 10
239.85
 20
1.6
 30
0.0
 11
240.39999999999998
 21
1.7425000000000002
 31
0.0
 70
32
 71
5
  1
<>
100
AcDbAlignedDimension
 13
239.85
 23
1.6
 33
0.0
 14
240.95
 24
1.6
 34
0.0
 50
0.0
100
AcDbRotatedDimension
  0
DIMENSION
  5
690
330
17
100
AcDbEntity
  8
D-COTA
100
AcDbDimension
280
0
  2
*D34
  3
COTA-75
 10
239.6
 20
0.0
 30
0.0
 11
239.45749999999998
 21
0.65
 31
0.0
 70
32
 71
5
  1
<>
100
AcDbAlignedDimension
 13
239.6
 23
0.0
 33
0.0
 14
239.6
 24
1.3
 34
0.0
 50
90.0
100
AcDbRotatedDimension
  0
TEXT
  5
69F
330
17
100
AcDbEntity
  8
D-TXT
100
AcDbText
 10
240.4
 20
-0.35
 30
0.0
 40
0.15
  1
V-11
  7
ARIAL
 72
1
 11
240.4
 21
-0.35
 31
0.0
100
AcDbText
 73
2
  0
LWPOLYLINE
  5
6A0
330
17
100
AcDbEntity
  8
D-CONTORNO
100
AcDbPolyline
 90
4
 70
1
 10
241.9
 20
0.0
 10
244.9
 20
0.0
 10
244.9
 20
1.3
 10
241.9
 20
1.3
  0
LWPOLYLINE
  5
6A1
330
17
100
AcDbEntity
  8
D-LINEAS
100
AcDbPolyline
 90
4
 70
1
 10
241.94
 20
0.04
 10
244.86
 20
0.04
 10
244.86
 20
1.26
 10
241.94
 20
1.26
  0
LINE
  5
6A2
330
17
100
AcDbEntity
  8
D-CONTORNO
100
AcDbLine
 10
242.9
 20
0.0
 30
0.0
 11
242.9
 21
1.3
 31
0.0
  0
LINE
  5
6A3
330
17
100
AcDbEntity
  8
D-CONTORNO
100
AcDbLine
 10
243.9
 20
0.0
 30
0.0
 11
243.9
 21
1.3
 31
0.0
  0
LINE
  5
6A4
330
17
100
AcDbEntity
  8
D-OCULTO
 48
0.03
100
AcDbLine
 10
241.96
 20
1.24
 30
0.0
 11
242.4
 21
0.06
 31
0.0
  0
LINE
  5
6A5
330
17
100
AcDbEntity
  8
D-OCULTO
 48
0.03
100
AcDbLine
 10
242.84
 20
1.24
 30
0.0
 11
242.4
 21
0.06
 31
0.0
  0
LINE
  5
6A6
330
17
100
AcDbEntity
  8
D-OCULTO
 48
0.03
100
AcDbLine
 10
242.96
 20
1.24
 30
0.0
 11
243.4
 21
0.06
 31
0.0
  0
LINE
  5
6A7
330
17
100
AcDbEntity
  8
D-OCULTO
 48
0.03
100
AcDbLine
 10
243.84
 20
1.24
 30
0.0
 11
243.4
 21
0.06
 31
0.0
  0
LINE
  5
6A8
330
17
100
AcDbEntity
  8
D-OCULTO
 48
0.03
100
AcDbLine
 10
243.96
 20
1.24
 30
0.0
 11
244.4
 21
0.06
 31
0.0
  0
LINE
  5
6A9
330
17
100
AcDbEntity
  8
D-OCULTO
 48
0.03
100
AcDbLine
 10
244.84
 20
1.24
 30
0.0
 11
244.4
 21
0.06
 31
0.0
  0
DIMENSION
  5
6AA
330
17
100
AcDbEntity
  8
D-COTA
100
AcDbDimension
280
0
  2
*D35
  3
COTA-75
 10
241.9
 20
1.6
 30
0.0
 11
243.4
 21
1.7425000000000002
 31
0.0
 70
32
 71
5
  1
<>
100
AcDbAlignedDimension
 13
241.9
 23
1.6
 33
0.0
 14
244.9
 24
1.6
 34
0.0
 50
0.0
100
AcDbRotatedDimension
  0
DIMENSION
  5
6B9
330
17
100
AcDbEntity
  8
D-COTA
100
AcDbDimension
280
0
  2
*D36
  3
COTA-75
 10
241.65
 20
0.0
 30
0.0
 11
241.5075
 21
0.65
 31
0.0
 70
32
 71
5
  1
<>
100
AcDbAlignedDimension
 13
241.65
 23
0.0
 33
0.0
 14
241.65
 24
1.3
 34
0.0
 50
90.0
100
AcDbRotatedDimension
  0
TEXT
  5
6C8
330
17
100
AcDbEntity
  8
D-TXT
100
AcDbText
 10
243.4
 20
-0.35
 30
0.0
 40
0.15
  1
V-12
  7
ARIAL
 72
1
 11
243.4
 21
-0.35
 31
0.0
100
AcDbText
 73
2
  0
LWPOLYLINE
  5
6C9
330
17
100
AcDbEntity
  8
D-CONTORNO
100
AcDbPolyline
 90
4
 70
1
 10
245.85
 20
0.0
 10
248.15
 20
0.0
 10
248.15
 20
2.7
 10
245.85
 20
2.7
  0
LWPOLYLINE
  5
6CA
330
17
100
AcDbEntity
  8
D-LINEAS
100
AcDbPolyline
 90
4
 70
1
 10
245.89
 20
0.04
 10
248.11
 20
0.04
 10
248.11
 20
2.66
 10
245.89
 20
2.66
  0
LINE
  5
6CB
330
17
100
AcDbEntity
  8
D-CONTORNO
100
AcDbLine
 10
247.0
 20
0.0
 30
0.0
 11
247.0
 21
2.7
 31
0.0
  0
TEXT
  5
6CC
330
17
100
AcDbEntity
  8
D-TXT
100
AcDbText
 10
246.425
 20
1.35
 30
0.0
 40
0.17
  1
F
  7
ARIAL
 72
1
 11
246.425
 21
1.35
 31
0.0
100
AcDbText
 73
2
  0
TEXT
  5
6CD
330
17
100
AcDbEntity
  8
D-TXT
100
AcDbText
 10
247.575
 20
1.35
 30
0.0
 40
0.17
  1
F
  7
ARIAL
 72
1
 11
247.575
 21
1.35
 31
0.0
100
AcDbText
 73
2
  0
DIMENSION
  5
6CE
330
17
100
AcDbEntity
  8
D-COTA
100
AcDbDimension
280
0
  2
*D37
  3
COTA-75
 10
245.85
 20
3.0
 30
0.0
 11
247.0
 21
3.1425
 31
0.0
 70
32
 71
5
  1
<>
100
AcDbAlignedDimension
 13
245.85
 23
3.0
 33
0.0
 14
248.15
 24
3.0
 34
0.0
 50
0.0
100
AcDbRotatedDimension
  0
DIMENSION
  5
6DD
330
17
100
AcDbEntity
  8
D-COTA
100
AcDbDimension
280
0
  2
*D38
  3
COTA-75
 10
245.6
 20
0.0
 30
0.0
 11
245.45749999999998
 21
1.35
 31
0.0
 70
32
 71
5
  1
<>
100
AcDbAlignedDimension
 13
245.6
 23
0.0
 33
0.0
 14
245.6
 24
2.7
 34
0.0
 50
90.0
100
AcDbRotatedDimension
  0
TEXT
  5
6EC
330
17
100
AcDbEntity
  8
D-TXT
100
AcDbText
 10
247.0
 20
-0.35
 30
0.0
 40
0.15
  1
V-13
  7
ARIAL
 72
1
 11
247.0
 21
-0.35
 31
0.0
100
AcDbText
 73
2
  0
VIEWPORT
  5
6F1
330
6ED
100
AcDbEntity
 67
1
  8
VIEWPORTS
100
AcDbViewport
 10
420.5
 20
297.0
 30
0.0
 40
925.1
 41
653.4000000000001
 68
1
 69
1
 12
420.5
 22
297.0
 13
0.0
 23
0.0
 14
10.0
 24
10.0
 15
10.0
 25
10.0
 16
0.0
 26
0.0
 36
1.0
 17
0.0
 27
0.0
 37
0.0
 42
50.0
 43
0.0
 44
0.0
 45
653.4000000000001
 50
0.0
 51
0.0
 72
100
 90
557088
  1

281
0
 71
0
 74
0
110
0.0
120
0.0
130
0.0
111
1.0
121
0.0
131
0.0
112
0.0
122
1.0
132
0.0
 79
0
146
0.0
282
0
  0
LWPOLYLINE
  5
6F2
330
6ED
100
AcDbEntity
 67
1
  8
A-VIEWPORT
100
AcDbPolyline
 90
4
 70
1
 10
0.0
 20
0.0
 10
841.0
 20
0.0
 10
841.0
 20
594.0
 10
0.0
 20
594.0
  0
LWPOLYLINE
  5
6F3
330
6ED
100
AcDbEntity
 67
1
  8
A-MARCO
100
AcDbPolyline
 90
4
 70
1
 10
25.0
 20
10.0
 10
831.0
 20
10.0
 10
831.0
 20
584.0
 10
25.0
 20
584.0
  0
TEXT
  5
6F4
330
6ED
100
AcDbEntity
 67
1
  8
A-TEXTO
100
AcDbText
 10
25.0
 20
4.0
 30
0.0
 40
1.8
  1
FORMATO A1  841 mm x 594 mm
  7
ARIAL
 11
25.0
 21
4.0
 31
0.0
100
AcDbText
  0
VIEWPORT
  5
6F5
330
6ED
100
AcDbEntity
 67
1
  8
A-VIEWPORT
100
AcDbViewport
 10
186.0
 20
512.0
 30
0.0
 40
316.0
 41
136.0
 68
2
 69
3
 12
14.8
 22
-36.25
 13
0.0
 23
0.0
 14
10.0
 24
10.0
 15
10.0
 25
10.0
 16
0.0
 26
0.0
 36
1.0
 17
0.0
 27
0.0
 37
0.0
 42
50.0
 43
0.0
 44
0.0
 45
13.6
 50
0.0
 51
0.0
 72
100
 90
16384
  1

281
0
 71
0
 74
0
110
0.0
120
0.0
130
0.0
111
1.0
121
0.0
131
0.0
112
0.0
122
1.0
132
0.0
 79
0
146
0.0
282
0
  0
TEXT
  5
6F6
330
6ED
100
AcDbEntity
 67
1
  8
A-TITULOS
100
AcDbText
 10
30.0
 20
444.0
 30
0.0
 40
4.5
  1
PLANTA NIVEL 3
  7
ARIAL
 11
30.0
 21
444.0
 31
0.0
100
AcDbText
 73
3
  0
TEXT
  5
6F7
330
6ED
100
AcDbEntity
 67
1
  8
A-TEXTO
100
AcDbText
 10
30.0
 20
437.5
 30
0.0
 40
2.5
  1
PUERTAS, VENTANAS Y ACABADOS - Esc. 1:100
  7
ARIAL
 11
30.0
 21
437.5
 31
0.0
100
AcDbText
 73
3
  0
VIEWPORT
  5
6F8
330
6ED
100
AcDbEntity
 67
1
  8
A-VIEWPORT
100
AcDbViewport
 10
186.0
 20
362.0
 30
0.0
 40
316.0
 41
136.0
 68
2
 69
4
 12
14.8
 22
-16.25
 13
0.0
 23
0.0
 14
10.0
 24
10.0
 15
10.0
 25
10.0
 16
0.0
 26
0.0
 36
1.0
 17
0.0
 27
0.0
 37
0.0
 42
50.0
 43
0.0
 44
0.0
 45
13.6
 50
0.0
 51
0.0
 72
100
 90
16384
  1

281
0
 71
0
 74
0
110
0.0
120
0.0
130
0.0
111
1.0
121
0.0
131
0.0
112
0.0
122
1.0
132
0.0
 79
0
146
0.0
282
0
  0
TEXT
  5
6F9
330
6ED
100
AcDbEntity
 67
1
  8
A-TITULOS
100
AcDbText
 10
30.0
 20
294.0
 30
0.0
 40
4.5
  1
PLANTA NIVEL 2
  7
ARIAL
 11
30.0
 21
294.0
 31
0.0
100
AcDbText
 73
3
  0
TEXT
  5
6FA
330
6ED
100
AcDbEntity
 67
1
  8
A-TEXTO
100
AcDbText
 10
30.0
 20
287.5
 30
0.0
 40
2.5
  1
PUERTAS, VENTANAS Y ACABADOS - Esc. 1:100
  7
ARIAL
 11
30.0
 21
287.5
 31
0.0
100
AcDbText
 73
3
  0
VIEWPORT
  5
6FB
330
6ED
100
AcDbEntity
 67
1
  8
A-VIEWPORT
100
AcDbViewport
 10
186.0
 20
212.0
 30
0.0
 40
316.0
 41
136.0
 68
2
 69
5
 12
14.8
 22
3.75
 13
0.0
 23
0.0
 14
10.0
 24
10.0
 15
10.0
 25
10.0
 16
0.0
 26
0.0
 36
1.0
 17
0.0
 27
0.0
 37
0.0
 42
50.0
 43
0.0
 44
0.0
 45
13.6
 50
0.0
 51
0.0
 72
100
 90
16384
  1

281
0
 71
0
 74
0
110
0.0
120
0.0
130
0.0
111
1.0
121
0.0
131
0.0
112
0.0
122
1.0
132
0.0
 79
0
146
0.0
282
0
  0
TEXT
  5
6FC
330
6ED
100
AcDbEntity
 67
1
  8
A-TITULOS
100
AcDbText
 10
30.0
 20
144.0
 30
0.0
 40
4.5
  1
PLANTA NIVEL 1
  7
ARIAL
 11
30.0
 21
144.0
 31
0.0
100
AcDbText
 73
3
  0
TEXT
  5
6FD
330
6ED
100
AcDbEntity
 67
1
  8
A-TEXTO
100
AcDbText
 10
30.0
 20
137.5
 30
0.0
 40
2.5
  1
PUERTAS, VENTANAS Y ACABADOS - Esc. 1:100
  7
ARIAL
 11
30.0
 21
137.5
 31
0.0
100
AcDbText
 73
3
  0
VIEWPORT
  5
6FE
330
6ED
100
AcDbEntity
 67
1
  8
A-VIEWPORT
100
AcDbViewport
 10
186.0
 20
72.0
 30
0.0
 40
316.0
 41
104.0
 68
2
 69
6
 12
238.6
 22
3.3
 13
0.0
 23
0.0
 14
10.0
 24
10.0
 15
10.0
 25
10.0
 16
0.0
 26
0.0
 36
1.0
 17
0.0
 27
0.0
 37
0.0
 42
50.0
 43
0.0
 44
0.0
 45
7.8
 50
0.0
 51
0.0
 72
100
 90
16384
  1

281
0
 71
0
 74
0
110
0.0
120
0.0
130
0.0
111
1.0
121
0.0
131
0.0
112
0.0
122
1.0
132
0.0
 79
0
146
0.0
282
0
  0
TEXT
  5
6FF
330
6ED
100
AcDbEntity
 67
1
  8
A-TITULOS
100
AcDbText
 10
232.0
 20
128.0
 30
0.0
 40
4.5
  1
DETALLE VENTANAS
  7
ARIAL
 11
232.0
 21
128.0
 31
0.0
100
AcDbText
 73
3
  0
TEXT
  5
700
330
6ED
100
AcDbEntity
 67
1
  8
A-TEXTO
100
AcDbText
 10
232.0
 20
121.5
 30
0.0
 40
2.5
  1
Esc. 1:75 - VISTA EXTERIOR
  7
ARIAL
 11
232.0
 21
121.5
 31
0.0
100
AcDbText
 73
3
  0
TEXT
  5
701
330
6ED
100
AcDbEntity
 67
1
  8
A-TITULOS
100
AcDbText
 10
526.0
 20
580.0
 30
0.0
 40
3.2
  1
CUADRO DE PUERTAS
  7
ARIAL
 72
1
 11
526.0
 21
580.0
 31
0.0
100
AcDbText
 73
3
  0
TEXT
  5
702
330
6ED
100
AcDbEntity
 67
1
  8
A-TEXTO
100
AcDbText
 10
526.0
 20
575.4
 30
0.0
 40
2.0
  1
(UNIDADES EN METROS)
  7
ARIAL
 72
1
 11
526.0
 21
575.4
 31
0.0
100
AcDbText
 73
3
  0
LWPOLYLINE
  5
703
330
6ED
100
AcDbEntity
 67
1
  8
A-TABLAS
100
AcDbPolyline
 90
4
 70
1
 10
352.0
 20
535.0999999999997
 10
700.0
 20
535.0999999999997
 10
700.0
 20
571.5
 10
352.0
 20
571.5
  0
TEXT
  5
704
330
6ED
100
AcDbEntity
 67
1
  8
A-TEXTO
100
AcDbText
 10
362.0
 20
568.9
 30
0.0
 40
2.0
  1
PUERTA
  7
ARIAL
 72
1
 11
362.0
 21
568.9
 31
0.0
100
AcDbText
 73
2
  0
LINE
  5
705
330
6ED
100
AcDbEntity
 67
1
  8
A-TABLAS
100
AcDbLine
 10
372.0
 20
571.5
 30
0.0
 11
372.0
 21
566.3
 31
0.0
  0
TEXT
  5
706
330
6ED
100
AcDbEntity
 67
1
  8
A-TEXTO
100
AcDbText
 10
380.0
 20
568.9
 30
0.0
 40
2.0
  1
ANCHO
  7
ARIAL
 72
1
 11
380.0
 21
568.9
 31
0.0
100
AcDbText
 73
2
  0
LINE
  5
707
330
6ED
100
AcDbEntity
 67
1
  8
A-TABLAS
100
AcDbLine
 10
388.0
 20
571.5
 30
0.0
 11
388.0
 21
566.3
 31
0.0
  0
TEXT
  5
708
330
6ED
100
AcDbEntity
 67
1
  8
A-TEXTO
100
AcDbText
 10
395.0
 20
568.9
 30
0.0
 40
2.0
  1
ALTO
  7
ARIAL
 72
1
 11
395.0
 21
568.9
 31
0.0
100
AcDbText
 73
2
  0
LINE
  5
709
330
6ED
100
AcDbEntity
 67
1
  8
A-TABLAS
100
AcDbLine
 10
402.0
 20
571.5
 30
0.0
 11
402.0
 21
566.3
 31
0.0
  0
TEXT
  5
70A
330
6ED
100
AcDbEntity
 67
1
  8
A-TEXTO
100
AcDbText
 10
428.0
 20
568.9
 30
0.0
 40
2.0
  1
TIPO
  7
ARIAL
 72
1
 11
428.0
 21
568.9
 31
0.0
100
AcDbText
 73
2
  0
LINE
  5
70B
330
6ED
100
AcDbEntity
 67
1
  8
A-TABLAS
100
AcDbLine
 10
454.0
 20
571.5
 30
0.0
 11
454.0
 21
566.3
 31
0.0
  0
TEXT
  5
70C
330
6ED
100
AcDbEntity
 67
1
  8
A-TEXTO
100
AcDbText
 10
460.5
 20
568.9
 30
0.0
 40
2.0
  1
CANT
  7
ARIAL
 72
1
 11
460.5
 21
568.9
 31
0.0
100
AcDbText
 73
2
  0
LINE
  5
70D
330
6ED
100
AcDbEntity
 67
1
  8
A-TABLAS
100
AcDbLine
 10
467.0
 20
571.5
 30
0.0
 11
467.0
 21
566.3
 31
0.0
  0
TEXT
  5
70E
330
6ED
100
AcDbEntity
 67
1
  8
A-TEXTO
100
AcDbText
 10
533.0
 20
568.9
 30
0.0
 40
2.0
  1
UBICACIÓN
  7
ARIAL
 72
1
 11
533.0
 21
568.9
 31
0.0
100
AcDbText
 73
2
  0
LINE
  5
70F
330
6ED
100
AcDbEntity
 67
1
  8
A-TABLAS
100
AcDbLine
 10
599.0
 20
571.5
 30
0.0
 11
599.0
 21
566.3
 31
0.0
  0
TEXT
  5
710
330
6ED
100
AcDbEntity
 67
1
  8
A-TEXTO
100
AcDbText
 10
649.5
 20
568.9
 30
0.0
 40
2.0
  1
MATERIAL
  7
ARIAL
 72
1
 11
649.5
 21
568.9
 31
0.0
100
AcDbText
 73
2
  0
LINE
  5
711
330
6ED
100
AcDbEntity
 67
1
  8
A-TABLAS
100
AcDbLine
 10
352.0
 20
566.3
 30
0.0
 11
700.0
 21
566.3
 31
0.0
  0
TEXT
  5
712
330
6ED
100
AcDbEntity
 67
1
  8
A-TEXTO
100
AcDbText
 10
362.0
 20
563.6999999999999
 30
0.0
 40
2.0
  1
P-01
  7
ARIAL
 72
1
 11
362.0
 21
563.6999999999999
 31
0.0
100
AcDbText
 73
2
  0
LINE
  5
713
330
6ED
100
AcDbEntity
 67
1
  8
A-TABLAS
100
AcDbLine
 10
372.0
 20
566.3
 30
0.0
 11
372.0
 21
561.0999999999999
 31
0.0
  0
TEXT
  5
714
330
6ED
100
AcDbEntity
 67
1
  8
A-TEXTO
100
AcDbText
 10
380.0
 20
563.6999999999999
 30
0.0
 40
2.0
  1
1,00
  7
ARIAL
 72
1
 11
380.0
 21
563.6999999999999
 31
0.0
100
AcDbText
 73
2
  0
LINE
  5
715
330
6ED
100
AcDbEntity
 67
1
  8
A-TABLAS
100
AcDbLine
 10
388.0
 20
566.3
 30
0.0
 11
388.0
 21
561.0999999999999
 31
0.0
  0
TEXT
  5
716
330
6ED
100
AcDbEntity
 67
1
  8
A-TEXTO
100
AcDbText
 10
395.0
 20
563.6999999999999
 30
0.0
 40
2.0
  1
2,10
  7
ARIAL
 72
1
 11
395.0
 21
563.6999999999999
 31
0.0
100
AcDbText
 73
2
  0
LINE
  5
717
330
6ED
100
AcDbEntity
 67
1
  8
A-TABLAS
100
AcDbLine
 10
402.0
 20
566.3
 30
0.0
 11
402.0
 21
561.0999999999999
 31
0.0
  0
TEXT
  5
718
330
6ED
100
AcDbEntity
 67
1
  8
A-TEXTO
100
AcDbText
 10
428.0
 20
563.6999999999999
 30
0.0
 40
2.0
  1
BATIENTE
  7
ARIAL
 72
1
 11
428.0
 21
563.6999999999999
 31
0.0
100
AcDbText
 73
2
  0
LINE
  5
719
330
6ED
100
AcDbEntity
 67
1
  8
A-TABLAS
100
AcDbLine
 10
454.0
 20
566.3
 30
0.0
 11
454.0
 21
561.0999999999999
 31
0.0
  0
TEXT
  5
71A
330
6ED
100
AcDbEntity
 67
1
  8
A-TEXTO
100
AcDbText
 10
460.5
 20
563.6999999999999
 30
0.0
 40
2.0
  1
1
  7
ARIAL
 72
1
 11
460.5
 21
563.6999999999999
 31
0.0
100
AcDbText
 73
2
  0
LINE
  5
71B
330
6ED
100
AcDbEntity
 67
1
  8
A-TABLAS
100
AcDbLine
 10
467.0
 20
566.3
 30
0.0
 11
467.0
 21
561.0999999999999
 31
0.0
  0
TEXT
  5
71C
330
6ED
100
AcDbEntity
 67
1
  8
A-TEXTO
100
AcDbText
 10
468.5
 20
563.6999999999999
 30
0.0
 40
2.0
  1
ACCESO PPAL. (VESTÍBULO NIVEL 1)
  7
ARIAL
 11
468.5
 21
563.6999999999999
 31
0.0
100
AcDbText
 73
2
  0
LINE
  5
71D
330
6ED
100
AcDbEntity
 67
1
  8
A-TABLAS
100
AcDbLine
 10
599.0
 20
566.3
 30
0.0
 11
599.0
 21
561.0999999999999
 31
0.0
  0
TEXT
  5
71E
330
6ED
100
AcDbEntity
 67
1
  8
A-TEXTO
100
AcDbText
 10
600.5
 20
563.6999999999999
 30
0.0
 40
2.0
  1
MADERA
  7
ARIAL
 11
600.5
 21
563.6999999999999
 31
0.0
100
AcDbText
 73
2
  0
LINE
  5
71F
330
6ED
100
AcDbEntity
 67
1
  8
A-TABLAS
100
AcDbLine
 10
352.0
 20
561.0999999999999
 30
0.0
 11
700.0
 21
561.0999999999999
 31
0.0
  0
TEXT
  5
720
330
6ED
100
AcDbEntity
 67
1
  8
A-TEXTO
100
AcDbText
 10
362.0
 20
558.4999999999999
 30
0.0
 40
2.0
  1
P-02
  7
ARIAL
 72
1
 11
362.0
 21
558.4999999999999
 31
0.0
100
AcDbText
 73
2
  0
LINE
  5
721
330
6ED
100
AcDbEntity
 67
1
  8
A-TABLAS
100
AcDbLine
 10
372.0
 20
561.0999999999999
 30
0.0
 11
372.0
 21
555.8999999999999
 31
0.0
  0
TEXT
  5
722
330
6ED
100
AcDbEntity
 67
1
  8
A-TEXTO
100
AcDbText
 10
380.0
 20
558.4999999999999
 30
0.0
 40
2.0
  1
0,90
  7
ARIAL
 72
1
 11
380.0
 21
558.4999999999999
 31
0.0
100
AcDbText
 73
2
  0
LINE
  5
723
330
6ED
100
AcDbEntity
 67
1
  8
A-TABLAS
100
AcDbLine
 10
388.0
 20
561.0999999999999
 30
0.0
 11
388.0
 21
555.8999999999999
 31
0.0
  0
TEXT
  5
724
330
6ED
100
AcDbEntity
 67
1
  8
A-TEXTO
100
AcDbText
 10
395.0
 20
558.4999999999999
 30
0.0
 40
2.0
  1
2,10
  7
ARIAL
 72
1
 11
395.0
 21
558.4999999999999
 31
0.0
100
AcDbText
 73
2
  0
LINE
  5
725
330
6ED
100
AcDbEntity
 67
1
  8
A-TABLAS
100
AcDbLine
 10
402.0
 20
561.0999999999999
 30
0.0
 11
402.0
 21
555.8999999999999
 31
0.0
  0
TEXT
  5
726
330
6ED
100
AcDbEntity
 67
1
  8
A-TEXTO
100
AcDbText
 10
428.0
 20
558.4999999999999
 30
0.0
 40
2.0
  1
BATIENTE
  7
ARIAL
 72
1
 11
428.0
 21
558.4999999999999
 31
0.0
100
AcDbText
 73
2
  0
LINE
  5
727
330
6ED
100
AcDbEntity
 67
1
  8
A-TABLAS
100
AcDbLine
 10
454.0
 20
561.0999999999999
 30
0.0
 11
454.0
 21
555.8999999999999
 31
0.0
  0
TEXT
  5
728
330
6ED
100
AcDbEntity
 67
1
  8
A-TEXTO
100
AcDbText
 10
460.5
 20
558.4999999999999
 30
0.0
 40
2.0
  1
4
  7
ARIAL
 72
1
 11
460.5
 21
558.4999999999999
 31
0.0
100
AcDbText
 73
2
  0
LINE
  5
729
330
6ED
100
AcDbEntity
 67
1
  8
A-TABLAS
100
AcDbLine
 10
467.0
 20
561.0999999999999
 30
0.0
 11
467.0
 21
555.8999999999999
 31
0.0
  0
TEXT
  5
72A
330
6ED
100
AcDbEntity
 67
1
  8
A-TEXTO
100
AcDbText
 10
468.5
 20
558.4999999999999
 30
0.0
 40
2.0
  1
HABITACIONES (SUITES 1, 2 Y 3)
  7
ARIAL
 11
468.5
 21
558.4999999999999
 31
0.0
100
AcDbText
 73
2
  0
LINE
  5
72B
330
6ED
100
AcDbEntity
 67
1
  8
A-TABLAS
100
AcDbLine
 10
599.0
 20
561.0999999999999
 30
0.0
 11
599.0
 21
555.8999999999999
 31
0.0
  0
TEXT
  5
72C
330
6ED
100
AcDbEntity
 67
1
  8
A-TEXTO
100
AcDbText
 10
600.5
 20
558.4999999999999
 30
0.0
 40
2.0
  1
MADERA
  7
ARIAL
 11
600.5
 21
558.4999999999999
 31
0.0
100
AcDbText
 73
2
  0
LINE
  5
72D
330
6ED
100
AcDbEntity
 67
1
  8
A-TABLAS
100
AcDbLine
 10
352.0
 20
555.8999999999999
 30
0.0
 11
700.0
 21
555.8999999999999
 31
0.0
  0
TEXT
  5
72E
330
6ED
100
AcDbEntity
 67
1
  8
A-TEXTO
100
AcDbText
 10
362.0
 20
553.2999999999998
 30
0.0
 40
2.0
  1
P-03
  7
ARIAL
 72
1
 11
362.0
 21
553.2999999999998
 31
0.0
100
AcDbText
 73
2
  0
LINE
  5
72F
330
6ED
100
AcDbEntity
 67
1
  8
A-TABLAS
100
AcDbLine
 10
372.0
 20
555.8999999999999
 30
0.0
 11
372.0
 21
550.6999999999998
 31
0.0
  0
TEXT
  5
730
330
6ED
100
AcDbEntity
 67
1
  8
A-TEXTO
100
AcDbText
 10
380.0
 20
553.2999999999998
 30
0.0
 40
2.0
  1
0,80
  7
ARIAL
 72
1
 11
380.0
 21
553.2999999999998
 31
0.0
100
AcDbText
 73
2
  0
LINE
  5
731
330
6ED
100
AcDbEntity
 67
1
  8
A-TABLAS
100
AcDbLine
 10
388.0
 20
555.8999999999999
 30
0.0
 11
388.0
 21
550.6999999999998
 31
0.0
  0
TEXT
  5
732
330
6ED
100
AcDbEntity
 67
1
  8
A-TEXTO
100
AcDbText
 10
395.0
 20
553.2999999999998
 30
0.0
 40
2.0
  1
2,10
  7
ARIAL
 72
1
 11
395.0
 21
553.2999999999998
 31
0.0
100
AcDbText
 73
2
  0
LINE
  5
733
330
6ED
100
AcDbEntity
 67
1
  8
A-TABLAS
100
AcDbLine
 10
402.0
 20
555.8999999999999
 30
0.0
 11
402.0
 21
550.6999999999998
 31
0.0
  0
TEXT
  5
734
330
6ED
100
AcDbEntity
 67
1
  8
A-TEXTO
100
AcDbText
 10
428.0
 20
553.2999999999998
 30
0.0
 40
2.0
  1
BATIENTE
  7
ARIAL
 72
1
 11
428.0
 21
553.2999999999998
 31
0.0
100
AcDbText
 73
2
  0
LINE
  5
735
330
6ED
100
AcDbEntity
 67
1
  8
A-TABLAS
100
AcDbLine
 10
454.0
 20
555.8999999999999
 30
0.0
 11
454.0
 21
550.6999999999998
 31
0.0
  0
TEXT
  5
736
330
6ED
100
AcDbEntity
 67
1
  8
A-TEXTO
100
AcDbText
 10
460.5
 20
553.2999999999998
 30
0.0
 40
2.0
  1
4
  7
ARIAL
 72
1
 11
460.5
 21
553.2999999999998
 31
0.0
100
AcDbText
 73
2
  0
LINE
  5
737
330
6ED
100
AcDbEntity
 67
1
  8
A-TABLAS
100
AcDbLine
 10
467.0
 20
555.8999999999999
 30
0.0
 11
467.0
 21
550.6999999999998
 31
0.0
  0
TEXT
  5
738
330
6ED
100
AcDbEntity
 67
1
  8
A-TEXTO
100
AcDbText
 10
468.5
 20
553.2999999999998
 30
0.0
 40
2.0
  1
BAÑOS
  7
ARIAL
 11
468.5
 21
553.2999999999998
 31
0.0
100
AcDbText
 73
2
  0
LINE
  5
739
330
6ED
100
AcDbEntity
 67
1
  8
A-TABLAS
100
AcDbLine
 10
599.0
 20
555.8999999999999
 30
0.0
 11
599.0
 21
550.6999999999998
 31
0.0
  0
TEXT
  5
73A
330
6ED
100
AcDbEntity
 67
1
  8
A-TEXTO
100
AcDbText
 10
600.5
 20
553.2999999999998
 30
0.0
 40
2.0
  1
MADERA CON ROMANILLA INFERIOR
  7
ARIAL
 11
600.5
 21
553.2999999999998
 31
0.0
100
AcDbText
 73
2
  0
LINE
  5
73B
330
6ED
100
AcDbEntity
 67
1
  8
A-TABLAS
100
AcDbLine
 10
352.0
 20
550.6999999999998
 30
0.0
 11
700.0
 21
550.6999999999998
 31
0.0
  0
TEXT
  5
73C
330
6ED
100
AcDbEntity
 67
1
  8
A-TEXTO
100
AcDbText
 10
362.0
 20
548.0999999999998
 30
0.0
 40
2.0
  1
P-04
  7
ARIAL
 72
1
 11
362.0
 21
548.0999999999998
 31
0.0
100
AcDbText
 73
2
  0
LINE
  5
73D
330
6ED
100
AcDbEntity
 67
1
  8
A-TABLAS
100
AcDbLine
 10
372.0
 20
550.6999999999998
 30
0.0
 11
372.0
 21
545.4999999999998
 31
0.0
  0
TEXT
  5
73E
330
6ED
100
AcDbEntity
 67
1
  8
A-TEXTO
100
AcDbText
 10
380.0
 20
548.0999999999998
 30
0.0
 40
2.0
  1
0,80
  7
ARIAL
 72
1
 11
380.0
 21
548.0999999999998
 31
0.0
100
AcDbText
 73
2
  0
LINE
  5
73F
330
6ED
100
AcDbEntity
 67
1
  8
A-TABLAS
100
AcDbLine
 10
388.0
 20
550.6999999999998
 30
0.0
 11
388.0
 21
545.4999999999998
 31
0.0
  0
TEXT
  5
740
330
6ED
100
AcDbEntity
 67
1
  8
A-TEXTO
100
AcDbText
 10
395.0
 20
548.0999999999998
 30
0.0
 40
2.0
  1
2,10
  7
ARIAL
 72
1
 11
395.0
 21
548.0999999999998
 31
0.0
100
AcDbText
 73
2
  0
LINE
  5
741
330
6ED
100
AcDbEntity
 67
1
  8
A-TABLAS
100
AcDbLine
 10
402.0
 20
550.6999999999998
 30
0.0
 11
402.0
 21
545.4999999999998
 31
0.0
  0
TEXT
  5
742
330
6ED
100
AcDbEntity
 67
1
  8
A-TEXTO
100
AcDbText
 10
428.0
 20
548.0999999999998
 30
0.0
 40
2.0
  1
BATIENTE
  7
ARIAL
 72
1
 11
428.0
 21
548.0999999999998
 31
0.0
100
AcDbText
 73
2
  0
LINE
  5
743
330
6ED
100
AcDbEntity
 67
1
  8
A-TABLAS
100
AcDbLine
 10
454.0
 20
550.6999999999998
 30
0.0
 11
454.0
 21
545.4999999999998
 31
0.0
  0
TEXT
  5
744
330
6ED
100
AcDbEntity
 67
1
  8
A-TEXTO
100
AcDbText
 10
460.5
 20
548.0999999999998
 30
0.0
 40
2.0
  1
4
  7
ARIAL
 72
1
 11
460.5
 21
548.0999999999998
 31
0.0
100
AcDbText
 73
2
  0
LINE
  5
745
330
6ED
100
AcDbEntity
 67
1
  8
A-TABLAS
100
AcDbLine
 10
467.0
 20
550.6999999999998
 30
0.0
 11
467.0
 21
545.4999999999998
 31
0.0
  0
TEXT
  5
746
330
6ED
100
AcDbEntity
 67
1
  8
A-TEXTO
100
AcDbText
 10
468.5
 20
548.0999999999998
 30
0.0
 40
2.0
  1
WALK-IN CLOSET
  7
ARIAL
 11
468.5
 21
548.0999999999998
 31
0.0
100
AcDbText
 73
2
  0
LINE
  5
747
330
6ED
100
AcDbEntity
 67
1
  8
A-TABLAS
100
AcDbLine
 10
599.0
 20
550.6999999999998
 30
0.0
 11
599.0
 21
545.4999999999998
 31
0.0
  0
TEXT
  5
748
330
6ED
100
AcDbEntity
 67
1
  8
A-TEXTO
100
AcDbText
 10
600.5
 20
548.0999999999998
 30
0.0
 40
2.0
  1
MADERA
  7
ARIAL
 11
600.5
 21
548.0999999999998
 31
0.0
100
AcDbText
 73
2
  0
LINE
  5
749
330
6ED
100
AcDbEntity
 67
1
  8
A-TABLAS
100
AcDbLine
 10
352.0
 20
545.4999999999998
 30
0.0
 11
700.0
 21
545.4999999999998
 31
0.0
  0
TEXT
  5
74A
330
6ED
100
AcDbEntity
 67
1
  8
A-TEXTO
100
AcDbText
 10
362.0
 20
542.8999999999997
 30
0.0
 40
2.0
  1
P-05
  7
ARIAL
 72
1
 11
362.0
 21
542.8999999999997
 31
0.0
100
AcDbText
 73
2
  0
LINE
  5
74B
330
6ED
100
AcDbEntity
 67
1
  8
A-TABLAS
100
AcDbLine
 10
372.0
 20
545.4999999999998
 30
0.0
 11
372.0
 21
540.2999999999997
 31
0.0
  0
TEXT
  5
74C
330
6ED
100
AcDbEntity
 67
1
  8
A-TEXTO
100
AcDbText
 10
380.0
 20
542.8999999999997
 30
0.0
 40
2.0
  1
1,00
  7
ARIAL
 72
1
 11
380.0
 21
542.8999999999997
 31
0.0
100
AcDbText
 73
2
  0
LINE
  5
74D
330
6ED
100
AcDbEntity
 67
1
  8
A-TABLAS
100
AcDbLine
 10
388.0
 20
545.4999999999998
 30
0.0
 11
388.0
 21
540.2999999999997
 31
0.0
  0
TEXT
  5
74E
330
6ED
100
AcDbEntity
 67
1
  8
A-TEXTO
100
AcDbText
 10
395.0
 20
542.8999999999997
 30
0.0
 40
2.0
  1
2,40
  7
ARIAL
 72
1
 11
395.0
 21
542.8999999999997
 31
0.0
100
AcDbText
 73
2
  0
LINE
  5
74F
330
6ED
100
AcDbEntity
 67
1
  8
A-TABLAS
100
AcDbLine
 10
402.0
 20
545.4999999999998
 30
0.0
 11
402.0
 21
540.2999999999997
 31
0.0
  0
TEXT
  5
750
330
6ED
100
AcDbEntity
 67
1
  8
A-TEXTO
100
AcDbText
 10
428.0
 20
542.8999999999997
 30
0.0
 40
2.0
  1
BATIENTE
  7
ARIAL
 72
1
 11
428.0
 21
542.8999999999997
 31
0.0
100
AcDbText
 73
2
  0
LINE
  5
751
330
6ED
100
AcDbEntity
 67
1
  8
A-TABLAS
100
AcDbLine
 10
454.0
 20
545.4999999999998
 30
0.0
 11
454.0
 21
540.2999999999997
 31
0.0
  0
TEXT
  5
752
330
6ED
100
AcDbEntity
 67
1
  8
A-TEXTO
100
AcDbText
 10
460.5
 20
542.8999999999997
 30
0.0
 40
2.0
  1
1
  7
ARIAL
 72
1
 11
460.5
 21
542.8999999999997
 31
0.0
100
AcDbText
 73
2
  0
LINE
  5
753
330
6ED
100
AcDbEntity
 67
1
  8
A-TABLAS
100
AcDbLine
 10
467.0
 20
545.4999999999998
 30
0.0
 11
467.0
 21
540.2999999999997
 31
0.0
  0
TEXT
  5
754
330
6ED
100
AcDbEntity
 67
1
  8
A-TEXTO
100
AcDbText
 10
468.5
 20
542.8999999999997
 30
0.0
 40
2.0
  1
PUERTA PEATONAL (FRENTE NIVEL 1)
  7
ARIAL
 11
468.5
 21
542.8999999999997
 31
0.0
100
AcDbText
 73
2
  0
LINE
  5
755
330
6ED
100
AcDbEntity
 67
1
  8
A-TABLAS
100
AcDbLine
 10
599.0
 20
545.4999999999998
 30
0.0
 11
599.0
 21
540.2999999999997
 31
0.0
  0
TEXT
  5
756
330
6ED
100
AcDbEntity
 67
1
  8
A-TEXTO
100
AcDbText
 10
600.5
 20
542.8999999999997
 30
0.0
 40
2.0
  1
METAL (ACERO)
  7
ARIAL
 11
600.5
 21
542.8999999999997
 31
0.0
100
AcDbText
 73
2
  0
LINE
  5
757
330
6ED
100
AcDbEntity
 67
1
  8
A-TABLAS
100
AcDbLine
 10
352.0
 20
540.2999999999997
 30
0.0
 11
700.0
 21
540.2999999999997
 31
0.0
  0
TEXT
  5
758
330
6ED
100
AcDbEntity
 67
1
  8
A-TEXTO
100
AcDbText
 10
362.0
 20
537.6999999999997
 30
0.0
 40
2.0
  1
P-06
  7
ARIAL
 72
1
 11
362.0
 21
537.6999999999997
 31
0.0
100
AcDbText
 73
2
  0
LINE
  5
759
330
6ED
100
AcDbEntity
 67
1
  8
A-TABLAS
100
AcDbLine
 10
372.0
 20
540.2999999999997
 30
0.0
 11
372.0
 21
535.0999999999997
 31
0.0
  0
TEXT
  5
75A
330
6ED
100
AcDbEntity
 67
1
  8
A-TEXTO
100
AcDbText
 10
380.0
 20
537.6999999999997
 30
0.0
 40
2.0
  1
7,29
  7
ARIAL
 72
1
 11
380.0
 21
537.6999999999997
 31
0.0
100
AcDbText
 73
2
  0
LINE
  5
75B
330
6ED
100
AcDbEntity
 67
1
  8
A-TABLAS
100
AcDbLine
 10
388.0
 20
540.2999999999997
 30
0.0
 11
388.0
 21
535.0999999999997
 31
0.0
  0
TEXT
  5
75C
330
6ED
100
AcDbEntity
 67
1
  8
A-TEXTO
100
AcDbText
 10
395.0
 20
537.6999999999997
 30
0.0
 40
2.0
  1
2,40
  7
ARIAL
 72
1
 11
395.0
 21
537.6999999999997
 31
0.0
100
AcDbText
 73
2
  0
LINE
  5
75D
330
6ED
100
AcDbEntity
 67
1
  8
A-TABLAS
100
AcDbLine
 10
402.0
 20
540.2999999999997
 30
0.0
 11
402.0
 21
535.0999999999997
 31
0.0
  0
TEXT
  5
75E
330
6ED
100
AcDbEntity
 67
1
  8
A-TEXTO
100
AcDbText
 10
428.0
 20
537.6999999999997
 30
0.0
 40
2.0
  1
ABATIBLE 4 HOJAS
  7
ARIAL
 72
1
 11
428.0
 21
537.6999999999997
 31
0.0
100
AcDbText
 73
2
  0
LINE
  5
75F
330
6ED
100
AcDbEntity
 67
1
  8
A-TABLAS
100
AcDbLine
 10
454.0
 20
540.2999999999997
 30
0.0
 11
454.0
 21
535.0999999999997
 31
0.0
  0
TEXT
  5
760
330
6ED
100
AcDbEntity
 67
1
  8
A-TEXTO
100
AcDbText
 10
460.5
 20
537.6999999999997
 30
0.0
 40
2.0
  1
1
  7
ARIAL
 72
1
 11
460.5
 21
537.6999999999997
 31
0.0
100
AcDbText
 73
2
  0
LINE
  5
761
330
6ED
100
AcDbEntity
 67
1
  8
A-TABLAS
100
AcDbLine
 10
467.0
 20
540.2999999999997
 30
0.0
 11
467.0
 21
535.0999999999997
 31
0.0
  0
TEXT
  5
762
330
6ED
100
AcDbEntity
 67
1
  8
A-TEXTO
100
AcDbText
 10
468.5
 20
537.6999999999997
 30
0.0
 40
2.0
  1
PORTÓN VEHICULAR (FRENTE NIVEL 1)
  7
ARIAL
 11
468.5
 21
537.6999999999997
 31
0.0
100
AcDbText
 73
2
  0
LINE
  5
763
330
6ED
100
AcDbEntity
 67
1
  8
A-TABLAS
100
AcDbLine
 10
599.0
 20
540.2999999999997
 30
0.0
 11
599.0
 21
535.0999999999997
 31
0.0
  0
TEXT
  5
764
330
6ED
100
AcDbEntity
 67
1
  8
A-TEXTO
100
AcDbText
 10
600.5
 20
537.6999999999997
 30
0.0
 40
2.0
  1
METAL (ACERO)
  7
ARIAL
 11
600.5
 21
537.6999999999997
 31
0.0
100
AcDbText
 73
2
  0
TEXT
  5
765
330
6ED
100
AcDbEntity
 67
1
  8
A-TITULOS
100
AcDbText
 10
526.0
 20
530.0999999999997
 30
0.0
 40
3.2
  1
CUADRO DE VENTANAS
  7
ARIAL
 72
1
 11
526.0
 21
530.0999999999997
 31
0.0
100
AcDbText
 73
3
  0
TEXT
  5
766
330
6ED
100
AcDbEntity
 67
1
  8
A-TEXTO
100
AcDbText
 10
526.0
 20
525.4999999999997
 30
0.0
 40
2.0
  1
(UNIDADES EN METROS)
  7
ARIAL
 72
1
 11
526.0
 21
525.4999999999997
 31
0.0
100
AcDbText
 73
3
  0
LWPOLYLINE
  5
767
330
6ED
100
AcDbEntity
 67
1
  8
A-TABLAS
100
AcDbPolyline
 90
4
 70
1
 10
352.0
 20
448.7999999999998
 10
700.0
 20
448.7999999999998
 10
700.0
 20
521.5999999999997
 10
352.0
 20
521.5999999999997
  0
TEXT
  5
768
330
6ED
100
AcDbEntity
 67
1
  8
A-TEXTO
100
AcDbText
 10
362.0
 20
518.9999999999997
 30
0.0
 40
2.0
  1
VENTANA
  7
ARIAL
 72
1
 11
362.0
 21
518.9999999999997
 31
0.0
100
AcDbText
 73
2
  0
LINE
  5
769
330
6ED
100
AcDbEntity
 67
1
  8
A-TABLAS
100
AcDbLine
 10
372.0
 20
521.5999999999997
 30
0.0
 11
372.0
 21
516.3999999999996
 31
0.0
  0
TEXT
  5
76A
330
6ED
100
AcDbEntity
 67
1
  8
A-TEXTO
100
AcDbText
 10
380.0
 20
518.9999999999997
 30
0.0
 40
2.0
  1
ANCHO
  7
ARIAL
 72
1
 11
380.0
 21
518.9999999999997
 31
0.0
100
AcDbText
 73
2
  0
LINE
  5
76B
330
6ED
100
AcDbEntity
 67
1
  8
A-TABLAS
100
AcDbLine
 10
388.0
 20
521.5999999999997
 30
0.0
 11
388.0
 21
516.3999999999996
 31
0.0
  0
TEXT
  5
76C
330
6ED
100
AcDbEntity
 67
1
  8
A-TEXTO
100
AcDbText
 10
395.0
 20
518.9999999999997
 30
0.0
 40
2.0
  1
ALTO
  7
ARIAL
 72
1
 11
395.0
 21
518.9999999999997
 31
0.0
100
AcDbText
 73
2
  0
LINE
  5
76D
330
6ED
100
AcDbEntity
 67
1
  8
A-TABLAS
100
AcDbLine
 10
402.0
 20
521.5999999999997
 30
0.0
 11
402.0
 21
516.3999999999996
 31
0.0
  0
TEXT
  5
76E
330
6ED
100
AcDbEntity
 67
1
  8
A-TEXTO
100
AcDbText
 10
432.0
 20
518.9999999999997
 30
0.0
 40
2.0
  1
TIPO
  7
ARIAL
 72
1
 11
432.0
 21
518.9999999999997
 31
0.0
100
AcDbText
 73
2
  0
LINE
  5
76F
330
6ED
100
AcDbEntity
 67
1
  8
A-TABLAS
100
AcDbLine
 10
462.0
 20
521.5999999999997
 30
0.0
 11
462.0
 21
516.3999999999996
 31
0.0
  0
TEXT
  5
770
330
6ED
100
AcDbEntity
 67
1
  8
A-TEXTO
100
AcDbText
 10
468.5
 20
518.9999999999997
 30
0.0
 40
2.0
  1
CANT
  7
ARIAL
 72
1
 11
468.5
 21
518.9999999999997
 31
0.0
100
AcDbText
 73
2
  0
LINE
  5
771
330
6ED
100
AcDbEntity
 67
1
  8
A-TABLAS
100
AcDbLine
 10
475.0
 20
521.5999999999997
 30
0.0
 11
475.0
 21
516.3999999999996
 31
0.0
  0
TEXT
  5
772
330
6ED
100
AcDbEntity
 67
1
  8
A-TEXTO
100
AcDbText
 10
561.5
 20
518.9999999999997
 30
0.0
 40
2.0
  1
UBICACIÓN
  7
ARIAL
 72
1
 11
561.5
 21
518.9999999999997
 31
0.0
100
AcDbText
 73
2
  0
LINE
  5
773
330
6ED
100
AcDbEntity
 67
1
  8
A-TABLAS
100
AcDbLine
 10
648.0
 20
521.5999999999997
 30
0.0
 11
648.0
 21
516.3999999999996
 31
0.0
  0
TEXT
  5
774
330
6ED
100
AcDbEntity
 67
1
  8
A-TEXTO
100
AcDbText
 10
674.0
 20
518.9999999999997
 30
0.0
 40
2.0
  1
MATERIAL
  7
ARIAL
 72
1
 11
674.0
 21
518.9999999999997
 31
0.0
100
AcDbText
 73
2
  0
LINE
  5
775
330
6ED
100
AcDbEntity
 67
1
  8
A-TABLAS
100
AcDbLine
 10
352.0
 20
516.3999999999996
 30
0.0
 11
700.0
 21
516.3999999999996
 31
0.0
  0
TEXT
  5
776
330
6ED
100
AcDbEntity
 67
1
  8
A-TEXTO
100
AcDbText
 10
362.0
 20
513.7999999999996
 30
0.0
 40
2.0
  1
V-01
  7
ARIAL
 72
1
 11
362.0
 21
513.7999999999996
 31
0.0
100
AcDbText
 73
2
  0
LINE
  5
777
330
6ED
100
AcDbEntity
 67
1
  8
A-TABLAS
100
AcDbLine
 10
372.0
 20
516.3999999999996
 30
0.0
 11
372.0
 21
511.19999999999965
 31
0.0
  0
TEXT
  5
778
330
6ED
100
AcDbEntity
 67
1
  8
A-TEXTO
100
AcDbText
 10
380.0
 20
513.7999999999996
 30
0.0
 40
2.0
  1
2,20
  7
ARIAL
 72
1
 11
380.0
 21
513.7999999999996
 31
0.0
100
AcDbText
 73
2
  0
LINE
  5
779
330
6ED
100
AcDbEntity
 67
1
  8
A-TABLAS
100
AcDbLine
 10
388.0
 20
516.3999999999996
 30
0.0
 11
388.0
 21
511.19999999999965
 31
0.0
  0
TEXT
  5
77A
330
6ED
100
AcDbEntity
 67
1
  8
A-TEXTO
100
AcDbText
 10
395.0
 20
513.7999999999996
 30
0.0
 40
2.0
  1
2,20
  7
ARIAL
 72
1
 11
395.0
 21
513.7999999999996
 31
0.0
100
AcDbText
 73
2
  0
LINE
  5
77B
330
6ED
100
AcDbEntity
 67
1
  8
A-TABLAS
100
AcDbLine
 10
402.0
 20
516.3999999999996
 30
0.0
 11
402.0
 21
511.19999999999965
 31
0.0
  0
TEXT
  5
77C
330
6ED
100
AcDbEntity
 67
1
  8
A-TEXTO
100
AcDbText
 10
432.0
 20
513.7999999999996
 30
0.0
 40
2.0
  1
FIJA INF. + VENTILA ABATIBLE
  7
ARIAL
 72
1
 11
432.0
 21
513.7999999999996
 31
0.0
100
AcDbText
 73
2
  0
LINE
  5
77D
330
6ED
100
AcDbEntity
 67
1
  8
A-TABLAS
100
AcDbLine
 10
462.0
 20
516.3999999999996
 30
0.0
 11
462.0
 21
511.19999999999965
 31
0.0
  0
TEXT
  5
77E
330
6ED
100
AcDbEntity
 67
1
  8
A-TEXTO
100
AcDbText
 10
468.5
 20
513.7999999999996
 30
0.0
 40
2.0
  1
2
  7
ARIAL
 72
1
 11
468.5
 21
513.7999999999996
 31
0.0
100
AcDbText
 73
2
  0
LINE
  5
77F
330
6ED
100
AcDbEntity
 67
1
  8
A-TABLAS
100
AcDbLine
 10
475.0
 20
516.3999999999996
 30
0.0
 11
475.0
 21
511.19999999999965
 31
0.0
  0
TEXT
  5
780
330
6ED
100
AcDbEntity
 67
1
  8
A-TEXTO
100
AcDbText
 10
476.5
 20
513.7999999999996
 30
0.0
 40
2.0
  1
DORMITORIO SUITE 1, FACHADA PRINCIPAL (N2 Y N3)
  7
ARIAL
 11
476.5
 21
513.7999999999996
 31
0.0
100
AcDbText
 73
2
  0
LINE
  5
781
330
6ED
100
AcDbEntity
 67
1
  8
A-TABLAS
100
AcDbLine
 10
648.0
 20
516.3999999999996
 30
0.0
 11
648.0
 21
511.19999999999965
 31
0.0
  0
TEXT
  5
782
330
6ED
100
AcDbEntity
 67
1
  8
A-TEXTO
100
AcDbText
 10
674.0
 20
513.7999999999996
 30
0.0
 40
2.0
  1
ALUMINIO Y VIDRIO
  7
ARIAL
 72
1
 11
674.0
 21
513.7999999999996
 31
0.0
100
AcDbText
 73
2
  0
LINE
  5
783
330
6ED
100
AcDbEntity
 67
1
  8
A-TABLAS
100
AcDbLine
 10
352.0
 20
511.19999999999965
 30
0.0
 11
700.0
 21
511.19999999999965
 31
0.0
  0
TEXT
  5
784
330
6ED
100
AcDbEntity
 67
1
  8
A-TEXTO
100
AcDbText
 10
362.0
 20
508.5999999999997
 30
0.0
 40
2.0
  1
V-02
  7
ARIAL
 72
1
 11
362.0
 21
508.5999999999997
 31
0.0
100
AcDbText
 73
2
  0
LINE
  5
785
330
6ED
100
AcDbEntity
 67
1
  8
A-TABLAS
100
AcDbLine
 10
372.0
 20
511.19999999999965
 30
0.0
 11
372.0
 21
505.99999999999966
 31
0.0
  0
TEXT
  5
786
330
6ED
100
AcDbEntity
 67
1
  8
A-TEXTO
100
AcDbText
 10
380.0
 20
508.5999999999997
 30
0.0
 40
2.0
  1
1,80
  7
ARIAL
 72
1
 11
380.0
 21
508.5999999999997
 31
0.0
100
AcDbText
 73
2
  0
LINE
  5
787
330
6ED
100
AcDbEntity
 67
1
  8
A-TABLAS
100
AcDbLine
 10
388.0
 20
511.19999999999965
 30
0.0
 11
388.0
 21
505.99999999999966
 31
0.0
  0
TEXT
  5
788
330
6ED
100
AcDbEntity
 67
1
  8
A-TEXTO
100
AcDbText
 10
395.0
 20
508.5999999999997
 30
0.0
 40
2.0
  1
2,20
  7
ARIAL
 72
1
 11
395.0
 21
508.5999999999997
 31
0.0
100
AcDbText
 73
2
  0
LINE
  5
789
330
6ED
100
AcDbEntity
 67
1
  8
A-TABLAS
100
AcDbLine
 10
402.0
 20
511.19999999999965
 30
0.0
 11
402.0
 21
505.99999999999966
 31
0.0
  0
TEXT
  5
78A
330
6ED
100
AcDbEntity
 67
1
  8
A-TEXTO
100
AcDbText
 10
432.0
 20
508.5999999999997
 30
0.0
 40
2.0
  1
FIJA INF. + VENTILA ABATIBLE
  7
ARIAL
 72
1
 11
432.0
 21
508.5999999999997
 31
0.0
100
AcDbText
 73
2
  0
LINE
  5
78B
330
6ED
100
AcDbEntity
 67
1
  8
A-TABLAS
100
AcDbLine
 10
462.0
 20
511.19999999999965
 30
0.0
 11
462.0
 21
505.99999999999966
 31
0.0
  0
TEXT
  5
78C
330
6ED
100
AcDbEntity
 67
1
  8
A-TEXTO
100
AcDbText
 10
468.5
 20
508.5999999999997
 30
0.0
 40
2.0
  1
2
  7
ARIAL
 72
1
 11
468.5
 21
508.5999999999997
 31
0.0
100
AcDbText
 73
2
  0
LINE
  5
78D
330
6ED
100
AcDbEntity
 67
1
  8
A-TABLAS
100
AcDbLine
 10
475.0
 20
511.19999999999965
 30
0.0
 11
475.0
 21
505.99999999999966
 31
0.0
  0
TEXT
  5
78E
330
6ED
100
AcDbEntity
 67
1
  8
A-TEXTO
100
AcDbText
 10
476.5
 20
508.5999999999997
 30
0.0
 40
2.0
  1
WALK-IN SUITE 1, FACHADA PRINCIPAL (N2 Y N3)
  7
ARIAL
 11
476.5
 21
508.5999999999997
 31
0.0
100
AcDbText
 73
2
  0
LINE
  5
78F
330
6ED
100
AcDbEntity
 67
1
  8
A-TABLAS
100
AcDbLine
 10
648.0
 20
511.19999999999965
 30
0.0
 11
648.0
 21
505.99999999999966
 31
0.0
  0
TEXT
  5
790
330
6ED
100
AcDbEntity
 67
1
  8
A-TEXTO
100
AcDbText
 10
674.0
 20
508.5999999999997
 30
0.0
 40
2.0
  1
ALUMINIO Y VIDRIO
  7
ARIAL
 72
1
 11
674.0
 21
508.5999999999997
 31
0.0
100
AcDbText
 73
2
  0
LINE
  5
791
330
6ED
100
AcDbEntity
 67
1
  8
A-TABLAS
100
AcDbLine
 10
352.0
 20
505.99999999999966
 30
0.0
 11
700.0
 21
505.99999999999966
 31
0.0
  0
TEXT
  5
792
330
6ED
100
AcDbEntity
 67
1
  8
A-TEXTO
100
AcDbText
 10
362.0
 20
503.39999999999964
 30
0.0
 40
2.0
  1
V-03
  7
ARIAL
 72
1
 11
362.0
 21
503.39999999999964
 31
0.0
100
AcDbText
 73
2
  0
LINE
  5
793
330
6ED
100
AcDbEntity
 67
1
  8
A-TABLAS
100
AcDbLine
 10
372.0
 20
505.99999999999966
 30
0.0
 11
372.0
 21
500.79999999999967
 31
0.0
  0
TEXT
  5
794
330
6ED
100
AcDbEntity
 67
1
  8
A-TEXTO
100
AcDbText
 10
380.0
 20
503.39999999999964
 30
0.0
 40
2.0
  1
0,90
  7
ARIAL
 72
1
 11
380.0
 21
503.39999999999964
 31
0.0
100
AcDbText
 73
2
  0
LINE
  5
795
330
6ED
100
AcDbEntity
 67
1
  8
A-TABLAS
100
AcDbLine
 10
388.0
 20
505.99999999999966
 30
0.0
 11
388.0
 21
500.79999999999967
 31
0.0
  0
TEXT
  5
796
330
6ED
100
AcDbEntity
 67
1
  8
A-TEXTO
100
AcDbText
 10
395.0
 20
503.39999999999964
 30
0.0
 40
2.0
  1
2,20
  7
ARIAL
 72
1
 11
395.0
 21
503.39999999999964
 31
0.0
100
AcDbText
 73
2
  0
LINE
  5
797
330
6ED
100
AcDbEntity
 67
1
  8
A-TABLAS
100
AcDbLine
 10
402.0
 20
505.99999999999966
 30
0.0
 11
402.0
 21
500.79999999999967
 31
0.0
  0
TEXT
  5
798
330
6ED
100
AcDbEntity
 67
1
  8
A-TEXTO
100
AcDbText
 10
432.0
 20
503.39999999999964
 30
0.0
 40
2.0
  1
FIJA INF. + VENTILA ABATIBLE
  7
ARIAL
 72
1
 11
432.0
 21
503.39999999999964
 31
0.0
100
AcDbText
 73
2
  0
LINE
  5
799
330
6ED
100
AcDbEntity
 67
1
  8
A-TABLAS
100
AcDbLine
 10
462.0
 20
505.99999999999966
 30
0.0
 11
462.0
 21
500.79999999999967
 31
0.0
  0
TEXT
  5
79A
330
6ED
100
AcDbEntity
 67
1
  8
A-TEXTO
100
AcDbText
 10
468.5
 20
503.39999999999964
 30
0.0
 40
2.0
  1
2
  7
ARIAL
 72
1
 11
468.5
 21
503.39999999999964
 31
0.0
100
AcDbText
 73
2
  0
LINE
  5
79B
330
6ED
100
AcDbEntity
 67
1
  8
A-TABLAS
100
AcDbLine
 10
475.0
 20
505.99999999999966
 30
0.0
 11
475.0
 21
500.79999999999967
 31
0.0
  0
TEXT
  5
79C
330
6ED
100
AcDbEntity
 67
1
  8
A-TEXTO
100
AcDbText
 10
476.5
 20
503.39999999999964
 30
0.0
 40
2.0
  1
BAÑO SUITE 1, FACHADA PRINCIPAL (VIDRIO ARENADO)
  7
ARIAL
 11
476.5
 21
503.39999999999964
 31
0.0
100
AcDbText
 73
2
  0
LINE
  5
79D
330
6ED
100
AcDbEntity
 67
1
  8
A-TABLAS
100
AcDbLine
 10
648.0
 20
505.99999999999966
 30
0.0
 11
648.0
 21
500.79999999999967
 31
0.0
  0
TEXT
  5
79E
330
6ED
100
AcDbEntity
 67
1
  8
A-TEXTO
100
AcDbText
 10
674.0
 20
503.39999999999964
 30
0.0
 40
2.0
  1
ALUMINIO Y VIDRIO
  7
ARIAL
 72
1
 11
674.0
 21
503.39999999999964
 31
0.0
100
AcDbText
 73
2
  0
LINE
  5
79F
330
6ED
100
AcDbEntity
 67
1
  8
A-TABLAS
100
AcDbLine
 10
352.0
 20
500.79999999999967
 30
0.0
 11
700.0
 21
500.79999999999967
 31
0.0
  0
TEXT
  5
7A0
330
6ED
100
AcDbEntity
 67
1
  8
A-TEXTO
100
AcDbText
 10
362.0
 20
498.1999999999997
 30
0.0
 40
2.0
  1
V-04
  7
ARIAL
 72
1
 11
362.0
 21
498.1999999999997
 31
0.0
100
AcDbText
 73
2
  0
LINE
  5
7A1
330
6ED
100
AcDbEntity
 67
1
  8
A-TABLAS
100
AcDbLine
 10
372.0
 20
500.79999999999967
 30
0.0
 11
372.0
 21
495.5999999999997
 31
0.0
  0
TEXT
  5
7A2
330
6ED
100
AcDbEntity
 67
1
  8
A-TEXTO
100
AcDbText
 10
380.0
 20
498.1999999999997
 30
0.0
 40
2.0
  1
2,20
  7
ARIAL
 72
1
 11
380.0
 21
498.1999999999997
 31
0.0
100
AcDbText
 73
2
  0
LINE
  5
7A3
330
6ED
100
AcDbEntity
 67
1
  8
A-TABLAS
100
AcDbLine
 10
388.0
 20
500.79999999999967
 30
0.0
 11
388.0
 21
495.5999999999997
 31
0.0
  0
TEXT
  5
7A4
330
6ED
100
AcDbEntity
 67
1
  8
A-TEXTO
100
AcDbText
 10
395.0
 20
498.1999999999997
 30
0.0
 40
2.0
  1
1,30
  7
ARIAL
 72
1
 11
395.0
 21
498.1999999999997
 31
0.0
100
AcDbText
 73
2
  0
LINE
  5
7A5
330
6ED
100
AcDbEntity
 67
1
  8
A-TABLAS
100
AcDbLine
 10
402.0
 20
500.79999999999967
 30
0.0
 11
402.0
 21
495.5999999999997
 31
0.0
  0
TEXT
  5
7A6
330
6ED
100
AcDbEntity
 67
1
  8
A-TEXTO
100
AcDbText
 10
432.0
 20
498.1999999999997
 30
0.0
 40
2.0
  1
VENTILA ABATIBLE
  7
ARIAL
 72
1
 11
432.0
 21
498.1999999999997
 31
0.0
100
AcDbText
 73
2
  0
LINE
  5
7A7
330
6ED
100
AcDbEntity
 67
1
  8
A-TABLAS
100
AcDbLine
 10
462.0
 20
500.79999999999967
 30
0.0
 11
462.0
 21
495.5999999999997
 31
0.0
  0
TEXT
  5
7A8
330
6ED
100
AcDbEntity
 67
1
  8
A-TEXTO
100
AcDbText
 10
468.5
 20
498.1999999999997
 30
0.0
 40
2.0
  1
3
  7
ARIAL
 72
1
 11
468.5
 21
498.1999999999997
 31
0.0
100
AcDbText
 73
2
  0
LINE
  5
7A9
330
6ED
100
AcDbEntity
 67
1
  8
A-TABLAS
100
AcDbLine
 10
475.0
 20
500.79999999999967
 30
0.0
 11
475.0
 21
495.5999999999997
 31
0.0
  0
TEXT
  5
7AA
330
6ED
100
AcDbEntity
 67
1
  8
A-TEXTO
100
AcDbText
 10
476.5
 20
498.1999999999997
 30
0.0
 40
2.0
  1
SALA Y SUITE 3, FACHADA POSTERIOR; COCINA A P1 (N2)
  7
ARIAL
 11
476.5
 21
498.1999999999997
 31
0.0
100
AcDbText
 73
2
  0
LINE
  5
7AB
330
6ED
100
AcDbEntity
 67
1
  8
A-TABLAS
100
AcDbLine
 10
648.0
 20
500.79999999999967
 30
0.0
 11
648.0
 21
495.5999999999997
 31
0.0
  0
TEXT
  5
7AC
330
6ED
100
AcDbEntity
 67
1
  8
A-TEXTO
100
AcDbText
 10
674.0
 20
498.1999999999997
 30
0.0
 40
2.0
  1
ALUMINIO Y VIDRIO
  7
ARIAL
 72
1
 11
674.0
 21
498.1999999999997
 31
0.0
100
AcDbText
 73
2
  0
LINE
  5
7AD
330
6ED
100
AcDbEntity
 67
1
  8
A-TABLAS
100
AcDbLine
 10
352.0
 20
495.5999999999997
 30
0.0
 11
700.0
 21
495.5999999999997
 31
0.0
  0
TEXT
  5
7AE
330
6ED
100
AcDbEntity
 67
1
  8
A-TEXTO
100
AcDbText
 10
362.0
 20
492.99999999999966
 30
0.0
 40
2.0
  1
V-05
  7
ARIAL
 72
1
 11
362.0
 21
492.99999999999966
 31
0.0
100
AcDbText
 73
2
  0
LINE
  5
7AF
330
6ED
100
AcDbEntity
 67
1
  8
A-TABLAS
100
AcDbLine
 10
372.0
 20
495.5999999999997
 30
0.0
 11
372.0
 21
490.3999999999997
 31
0.0
  0
TEXT
  5
7B0
330
6ED
100
AcDbEntity
 67
1
  8
A-TEXTO
100
AcDbText
 10
380.0
 20
492.99999999999966
 30
0.0
 40
2.0
  1
0,75
  7
ARIAL
 72
1
 11
380.0
 21
492.99999999999966
 31
0.0
100
AcDbText
 73
2
  0
LINE
  5
7B1
330
6ED
100
AcDbEntity
 67
1
  8
A-TABLAS
100
AcDbLine
 10
388.0
 20
495.5999999999997
 30
0.0
 11
388.0
 21
490.3999999999997
 31
0.0
  0
TEXT
  5
7B2
330
6ED
100
AcDbEntity
 67
1
  8
A-TEXTO
100
AcDbText
 10
395.0
 20
492.99999999999966
 30
0.0
 40
2.0
  1
1,30
  7
ARIAL
 72
1
 11
395.0
 21
492.99999999999966
 31
0.0
100
AcDbText
 73
2
  0
LINE
  5
7B3
330
6ED
100
AcDbEntity
 67
1
  8
A-TABLAS
100
AcDbLine
 10
402.0
 20
495.5999999999997
 30
0.0
 11
402.0
 21
490.3999999999997
 31
0.0
  0
TEXT
  5
7B4
330
6ED
100
AcDbEntity
 67
1
  8
A-TEXTO
100
AcDbText
 10
432.0
 20
492.99999999999966
 30
0.0
 40
2.0
  1
VENTILA ABATIBLE
  7
ARIAL
 72
1
 11
432.0
 21
492.99999999999966
 31
0.0
100
AcDbText
 73
2
  0
LINE
  5
7B5
330
6ED
100
AcDbEntity
 67
1
  8
A-TABLAS
100
AcDbLine
 10
462.0
 20
495.5999999999997
 30
0.0
 11
462.0
 21
490.3999999999997
 31
0.0
  0
TEXT
  5
7B6
330
6ED
100
AcDbEntity
 67
1
  8
A-TEXTO
100
AcDbText
 10
468.5
 20
492.99999999999966
 30
0.0
 40
2.0
  1
2
  7
ARIAL
 72
1
 11
468.5
 21
492.99999999999966
 31
0.0
100
AcDbText
 73
2
  0
LINE
  5
7B7
330
6ED
100
AcDbEntity
 67
1
  8
A-TABLAS
100
AcDbLine
 10
475.0
 20
495.5999999999997
 30
0.0
 11
475.0
 21
490.3999999999997
 31
0.0
  0
TEXT
  5
7B8
330
6ED
100
AcDbEntity
 67
1
  8
A-TEXTO
100
AcDbText
 10
476.5
 20
492.99999999999966
 30
0.0
 40
2.0
  1
FACHADA POSTERIOR: SALA (N2) Y BAÑO SUITE 3 (VIDRIO ARENADO)
  7
ARIAL
 11
476.5
 21
492.99999999999966
 31
0.0
100
AcDbText
 73
2
  0
LINE
  5
7B9
330
6ED
100
AcDbEntity
 67
1
  8
A-TABLAS
100
AcDbLine
 10
648.0
 20
495.5999999999997
 30
0.0
 11
648.0
 21
490.3999999999997
 31
0.0
  0
TEXT
  5
7BA
330
6ED
100
AcDbEntity
 67
1
  8
A-TEXTO
100
AcDbText
 10
674.0
 20
492.99999999999966
 30
0.0
 40
2.0
  1
ALUMINIO Y VIDRIO
  7
ARIAL
 72
1
 11
674.0
 21
492.99999999999966
 31
0.0
100
AcDbText
 73
2
  0
LINE
  5
7BB
330
6ED
100
AcDbEntity
 67
1
  8
A-TABLAS
100
AcDbLine
 10
352.0
 20
490.3999999999997
 30
0.0
 11
700.0
 21
490.3999999999997
 31
0.0
  0
TEXT
  5
7BC
330
6ED
100
AcDbEntity
 67
1
  8
A-TEXTO
100
AcDbText
 10
362.0
 20
487.7999999999997
 30
0.0
 40
2.0
  1
V-06
  7
ARIAL
 72
1
 11
362.0
 21
487.7999999999997
 31
0.0
100
AcDbText
 73
2
  0
LINE
  5
7BD
330
6ED
100
AcDbEntity
 67
1
  8
A-TABLAS
100
AcDbLine
 10
372.0
 20
490.3999999999997
 30
0.0
 11
372.0
 21
485.1999999999997
 31
0.0
  0
TEXT
  5
7BE
330
6ED
100
AcDbEntity
 67
1
  8
A-TEXTO
100
AcDbText
 10
380.0
 20
487.7999999999997
 30
0.0
 40
2.0
  1
1,80
  7
ARIAL
 72
1
 11
380.0
 21
487.7999999999997
 31
0.0
100
AcDbText
 73
2
  0
LINE
  5
7BF
330
6ED
100
AcDbEntity
 67
1
  8
A-TABLAS
100
AcDbLine
 10
388.0
 20
490.3999999999997
 30
0.0
 11
388.0
 21
485.1999999999997
 31
0.0
  0
TEXT
  5
7C0
330
6ED
100
AcDbEntity
 67
1
  8
A-TEXTO
100
AcDbText
 10
395.0
 20
487.7999999999997
 30
0.0
 40
2.0
  1
1,30
  7
ARIAL
 72
1
 11
395.0
 21
487.7999999999997
 31
0.0
100
AcDbText
 73
2
  0
LINE
  5
7C1
330
6ED
100
AcDbEntity
 67
1
  8
A-TABLAS
100
AcDbLine
 10
402.0
 20
490.3999999999997
 30
0.0
 11
402.0
 21
485.1999999999997
 31
0.0
  0
TEXT
  5
7C2
330
6ED
100
AcDbEntity
 67
1
  8
A-TEXTO
100
AcDbText
 10
432.0
 20
487.7999999999997
 30
0.0
 40
2.0
  1
VENTILA ABATIBLE
  7
ARIAL
 72
1
 11
432.0
 21
487.7999999999997
 31
0.0
100
AcDbText
 73
2
  0
LINE
  5
7C3
330
6ED
100
AcDbEntity
 67
1
  8
A-TABLAS
100
AcDbLine
 10
462.0
 20
490.3999999999997
 30
0.0
 11
462.0
 21
485.1999999999997
 31
0.0
  0
TEXT
  5
7C4
330
6ED
100
AcDbEntity
 67
1
  8
A-TEXTO
100
AcDbText
 10
468.5
 20
487.7999999999997
 30
0.0
 40
2.0
  1
3
  7
ARIAL
 72
1
 11
468.5
 21
487.7999999999997
 31
0.0
100
AcDbText
 73
2
  0
LINE
  5
7C5
330
6ED
100
AcDbEntity
 67
1
  8
A-TABLAS
100
AcDbLine
 10
475.0
 20
490.3999999999997
 30
0.0
 11
475.0
 21
485.1999999999997
 31
0.0
  0
TEXT
  5
7C6
330
6ED
100
AcDbEntity
 67
1
  8
A-TEXTO
100
AcDbText
 10
476.5
 20
487.7999999999997
 30
0.0
 40
2.0
  1
FACHADA POSTERIOR (N2 Y N3); WALK-IN SUITE 2 A P1
  7
ARIAL
 11
476.5
 21
487.7999999999997
 31
0.0
100
AcDbText
 73
2
  0
LINE
  5
7C7
330
6ED
100
AcDbEntity
 67
1
  8
A-TABLAS
100
AcDbLine
 10
648.0
 20
490.3999999999997
 30
0.0
 11
648.0
 21
485.1999999999997
 31
0.0
  0
TEXT
  5
7C8
330
6ED
100
AcDbEntity
 67
1
  8
A-TEXTO
100
AcDbText
 10
674.0
 20
487.7999999999997
 30
0.0
 40
2.0
  1
ALUMINIO Y VIDRIO
  7
ARIAL
 72
1
 11
674.0
 21
487.7999999999997
 31
0.0
100
AcDbText
 73
2
  0
LINE
  5
7C9
330
6ED
100
AcDbEntity
 67
1
  8
A-TABLAS
100
AcDbLine
 10
352.0
 20
485.1999999999997
 30
0.0
 11
700.0
 21
485.1999999999997
 31
0.0
  0
TEXT
  5
7CA
330
6ED
100
AcDbEntity
 67
1
  8
A-TEXTO
100
AcDbText
 10
362.0
 20
482.5999999999997
 30
0.0
 40
2.0
  1
V-07
  7
ARIAL
 72
1
 11
362.0
 21
482.5999999999997
 31
0.0
100
AcDbText
 73
2
  0
LINE
  5
7CB
330
6ED
100
AcDbEntity
 67
1
  8
A-TABLAS
100
AcDbLine
 10
372.0
 20
485.1999999999997
 30
0.0
 11
372.0
 21
479.9999999999997
 31
0.0
  0
TEXT
  5
7CC
330
6ED
100
AcDbEntity
 67
1
  8
A-TEXTO
100
AcDbText
 10
380.0
 20
482.5999999999997
 30
0.0
 40
2.0
  1
2,40
  7
ARIAL
 72
1
 11
380.0
 21
482.5999999999997
 31
0.0
100
AcDbText
 73
2
  0
LINE
  5
7CD
330
6ED
100
AcDbEntity
 67
1
  8
A-TABLAS
100
AcDbLine
 10
388.0
 20
485.1999999999997
 30
0.0
 11
388.0
 21
479.9999999999997
 31
0.0
  0
TEXT
  5
7CE
330
6ED
100
AcDbEntity
 67
1
  8
A-TEXTO
100
AcDbText
 10
395.0
 20
482.5999999999997
 30
0.0
 40
2.0
  1
1,30
  7
ARIAL
 72
1
 11
395.0
 21
482.5999999999997
 31
0.0
100
AcDbText
 73
2
  0
LINE
  5
7CF
330
6ED
100
AcDbEntity
 67
1
  8
A-TABLAS
100
AcDbLine
 10
402.0
 20
485.1999999999997
 30
0.0
 11
402.0
 21
479.9999999999997
 31
0.0
  0
TEXT
  5
7D0
330
6ED
100
AcDbEntity
 67
1
  8
A-TEXTO
100
AcDbText
 10
432.0
 20
482.5999999999997
 30
0.0
 40
2.0
  1
VENTILA ABATIBLE
  7
ARIAL
 72
1
 11
432.0
 21
482.5999999999997
 31
0.0
100
AcDbText
 73
2
  0
LINE
  5
7D1
330
6ED
100
AcDbEntity
 67
1
  8
A-TABLAS
100
AcDbLine
 10
462.0
 20
485.1999999999997
 30
0.0
 11
462.0
 21
479.9999999999997
 31
0.0
  0
TEXT
  5
7D2
330
6ED
100
AcDbEntity
 67
1
  8
A-TEXTO
100
AcDbText
 10
468.5
 20
482.5999999999997
 30
0.0
 40
2.0
  1
2
  7
ARIAL
 72
1
 11
468.5
 21
482.5999999999997
 31
0.0
100
AcDbText
 73
2
  0
LINE
  5
7D3
330
6ED
100
AcDbEntity
 67
1
  8
A-TABLAS
100
AcDbLine
 10
475.0
 20
485.1999999999997
 30
0.0
 11
475.0
 21
479.9999999999997
 31
0.0
  0
TEXT
  5
7D4
330
6ED
100
AcDbEntity
 67
1
  8
A-TEXTO
100
AcDbText
 10
476.5
 20
482.5999999999997
 30
0.0
 40
2.0
  1
SUITE 1 HACIA PATIO P1 (N2 Y N3)
  7
ARIAL
 11
476.5
 21
482.5999999999997
 31
0.0
100
AcDbText
 73
2
  0
LINE
  5
7D5
330
6ED
100
AcDbEntity
 67
1
  8
A-TABLAS
100
AcDbLine
 10
648.0
 20
485.1999999999997
 30
0.0
 11
648.0
 21
479.9999999999997
 31
0.0
  0
TEXT
  5
7D6
330
6ED
100
AcDbEntity
 67
1
  8
A-TEXTO
100
AcDbText
 10
674.0
 20
482.5999999999997
 30
0.0
 40
2.0
  1
ALUMINIO Y VIDRIO
  7
ARIAL
 72
1
 11
674.0
 21
482.5999999999997
 31
0.0
100
AcDbText
 73
2
  0
LINE
  5
7D7
330
6ED
100
AcDbEntity
 67
1
  8
A-TABLAS
100
AcDbLine
 10
352.0
 20
479.9999999999997
 30
0.0
 11
700.0
 21
479.9999999999997
 31
0.0
  0
TEXT
  5
7D8
330
6ED
100
AcDbEntity
 67
1
  8
A-TEXTO
100
AcDbText
 10
362.0
 20
477.39999999999975
 30
0.0
 40
2.0
  1
V-08
  7
ARIAL
 72
1
 11
362.0
 21
477.39999999999975
 31
0.0
100
AcDbText
 73
2
  0
LINE
  5
7D9
330
6ED
100
AcDbEntity
 67
1
  8
A-TABLAS
100
AcDbLine
 10
372.0
 20
479.9999999999997
 30
0.0
 11
372.0
 21
474.7999999999997
 31
0.0
  0
TEXT
  5
7DA
330
6ED
100
AcDbEntity
 67
1
  8
A-TEXTO
100
AcDbText
 10
380.0
 20
477.39999999999975
 30
0.0
 40
2.0
  1
2,60
  7
ARIAL
 72
1
 11
380.0
 21
477.39999999999975
 31
0.0
100
AcDbText
 73
2
  0
LINE
  5
7DB
330
6ED
100
AcDbEntity
 67
1
  8
A-TABLAS
100
AcDbLine
 10
388.0
 20
479.9999999999997
 30
0.0
 11
388.0
 21
474.7999999999997
 31
0.0
  0
TEXT
  5
7DC
330
6ED
100
AcDbEntity
 67
1
  8
A-TEXTO
100
AcDbText
 10
395.0
 20
477.39999999999975
 30
0.0
 40
2.0
  1
1,30
  7
ARIAL
 72
1
 11
395.0
 21
477.39999999999975
 31
0.0
100
AcDbText
 73
2
  0
LINE
  5
7DD
330
6ED
100
AcDbEntity
 67
1
  8
A-TABLAS
100
AcDbLine
 10
402.0
 20
479.9999999999997
 30
0.0
 11
402.0
 21
474.7999999999997
 31
0.0
  0
TEXT
  5
7DE
330
6ED
100
AcDbEntity
 67
1
  8
A-TEXTO
100
AcDbText
 10
432.0
 20
477.39999999999975
 30
0.0
 40
2.0
  1
VENTILA ABATIBLE
  7
ARIAL
 72
1
 11
432.0
 21
477.39999999999975
 31
0.0
100
AcDbText
 73
2
  0
LINE
  5
7DF
330
6ED
100
AcDbEntity
 67
1
  8
A-TABLAS
100
AcDbLine
 10
462.0
 20
479.9999999999997
 30
0.0
 11
462.0
 21
474.7999999999997
 31
0.0
  0
TEXT
  5
7E0
330
6ED
100
AcDbEntity
 67
1
  8
A-TEXTO
100
AcDbText
 10
468.5
 20
477.39999999999975
 30
0.0
 40
2.0
  1
2
  7
ARIAL
 72
1
 11
468.5
 21
477.39999999999975
 31
0.0
100
AcDbText
 73
2
  0
LINE
  5
7E1
330
6ED
100
AcDbEntity
 67
1
  8
A-TABLAS
100
AcDbLine
 10
475.0
 20
479.9999999999997
 30
0.0
 11
475.0
 21
474.7999999999997
 31
0.0
  0
TEXT
  5
7E2
330
6ED
100
AcDbEntity
 67
1
  8
A-TEXTO
100
AcDbText
 10
476.5
 20
477.39999999999975
 30
0.0
 40
2.0
  1
WALK-IN SUITE 1 HACIA PATIO P1 (N2 Y N3)
  7
ARIAL
 11
476.5
 21
477.39999999999975
 31
0.0
100
AcDbText
 73
2
  0
LINE
  5
7E3
330
6ED
100
AcDbEntity
 67
1
  8
A-TABLAS
100
AcDbLine
 10
648.0
 20
479.9999999999997
 30
0.0
 11
648.0
 21
474.7999999999997
 31
0.0
  0
TEXT
  5
7E4
330
6ED
100
AcDbEntity
 67
1
  8
A-TEXTO
100
AcDbText
 10
674.0
 20
477.39999999999975
 30
0.0
 40
2.0
  1
ALUMINIO Y VIDRIO
  7
ARIAL
 72
1
 11
674.0
 21
477.39999999999975
 31
0.0
100
AcDbText
 73
2
  0
LINE
  5
7E5
330
6ED
100
AcDbEntity
 67
1
  8
A-TABLAS
100
AcDbLine
 10
352.0
 20
474.7999999999997
 30
0.0
 11
700.0
 21
474.7999999999997
 31
0.0
  0
TEXT
  5
7E6
330
6ED
100
AcDbEntity
 67
1
  8
A-TEXTO
100
AcDbText
 10
362.0
 20
472.1999999999997
 30
0.0
 40
2.0
  1
V-09
  7
ARIAL
 72
1
 11
362.0
 21
472.1999999999997
 31
0.0
100
AcDbText
 73
2
  0
LINE
  5
7E7
330
6ED
100
AcDbEntity
 67
1
  8
A-TABLAS
100
AcDbLine
 10
372.0
 20
474.7999999999997
 30
0.0
 11
372.0
 21
469.59999999999974
 31
0.0
  0
TEXT
  5
7E8
330
6ED
100
AcDbEntity
 67
1
  8
A-TEXTO
100
AcDbText
 10
380.0
 20
472.1999999999997
 30
0.0
 40
2.0
  1
1,60
  7
ARIAL
 72
1
 11
380.0
 21
472.1999999999997
 31
0.0
100
AcDbText
 73
2
  0
LINE
  5
7E9
330
6ED
100
AcDbEntity
 67
1
  8
A-TABLAS
100
AcDbLine
 10
388.0
 20
474.7999999999997
 30
0.0
 11
388.0
 21
469.59999999999974
 31
0.0
  0
TEXT
  5
7EA
330
6ED
100
AcDbEntity
 67
1
  8
A-TEXTO
100
AcDbText
 10
395.0
 20
472.1999999999997
 30
0.0
 40
2.0
  1
1,30
  7
ARIAL
 72
1
 11
395.0
 21
472.1999999999997
 31
0.0
100
AcDbText
 73
2
  0
LINE
  5
7EB
330
6ED
100
AcDbEntity
 67
1
  8
A-TABLAS
100
AcDbLine
 10
402.0
 20
474.7999999999997
 30
0.0
 11
402.0
 21
469.59999999999974
 31
0.0
  0
TEXT
  5
7EC
330
6ED
100
AcDbEntity
 67
1
  8
A-TEXTO
100
AcDbText
 10
432.0
 20
472.1999999999997
 30
0.0
 40
2.0
  1
VENTILA ABATIBLE
  7
ARIAL
 72
1
 11
432.0
 21
472.1999999999997
 31
0.0
100
AcDbText
 73
2
  0
LINE
  5
7ED
330
6ED
100
AcDbEntity
 67
1
  8
A-TABLAS
100
AcDbLine
 10
462.0
 20
474.7999999999997
 30
0.0
 11
462.0
 21
469.59999999999974
 31
0.0
  0
TEXT
  5
7EE
330
6ED
100
AcDbEntity
 67
1
  8
A-TEXTO
100
AcDbText
 10
468.5
 20
472.1999999999997
 30
0.0
 40
2.0
  1
3
  7
ARIAL
 72
1
 11
468.5
 21
472.1999999999997
 31
0.0
100
AcDbText
 73
2
  0
LINE
  5
7EF
330
6ED
100
AcDbEntity
 67
1
  8
A-TABLAS
100
AcDbLine
 10
475.0
 20
474.7999999999997
 30
0.0
 11
475.0
 21
469.59999999999974
 31
0.0
  0
TEXT
  5
7F0
330
6ED
100
AcDbEntity
 67
1
  8
A-TEXTO
100
AcDbText
 10
476.5
 20
472.1999999999997
 30
0.0
 40
2.0
  1
COCINA (N2) Y SUITE 2 (N3) A P1; SUITE 2 A P2
  7
ARIAL
 11
476.5
 21
472.1999999999997
 31
0.0
100
AcDbText
 73
2
  0
LINE
  5
7F1
330
6ED
100
AcDbEntity
 67
1
  8
A-TABLAS
100
AcDbLine
 10
648.0
 20
474.7999999999997
 30
0.0
 11
648.0
 21
469.59999999999974
 31
0.0
  0
TEXT
  5
7F2
330
6ED
100
AcDbEntity
 67
1
  8
A-TEXTO
100
AcDbText
 10
674.0
 20
472.1999999999997
 30
0.0
 40
2.0
  1
ALUMINIO Y VIDRIO
  7
ARIAL
 72
1
 11
674.0
 21
472.1999999999997
 31
0.0
100
AcDbText
 73
2
  0
LINE
  5
7F3
330
6ED
100
AcDbEntity
 67
1
  8
A-TABLAS
100
AcDbLine
 10
352.0
 20
469.59999999999974
 30
0.0
 11
700.0
 21
469.59999999999974
 31
0.0
  0
TEXT
  5
7F4
330
6ED
100
AcDbEntity
 67
1
  8
A-TEXTO
100
AcDbText
 10
362.0
 20
466.9999999999998
 30
0.0
 40
2.0
  1
V-10
  7
ARIAL
 72
1
 11
362.0
 21
466.9999999999998
 31
0.0
100
AcDbText
 73
2
  0
LINE
  5
7F5
330
6ED
100
AcDbEntity
 67
1
  8
A-TABLAS
100
AcDbLine
 10
372.0
 20
469.59999999999974
 30
0.0
 11
372.0
 21
464.39999999999975
 31
0.0
  0
TEXT
  5
7F6
330
6ED
100
AcDbEntity
 67
1
  8
A-TEXTO
100
AcDbText
 10
380.0
 20
466.9999999999998
 30
0.0
 40
2.0
  1
2,80
  7
ARIAL
 72
1
 11
380.0
 21
466.9999999999998
 31
0.0
100
AcDbText
 73
2
  0
LINE
  5
7F7
330
6ED
100
AcDbEntity
 67
1
  8
A-TABLAS
100
AcDbLine
 10
388.0
 20
469.59999999999974
 30
0.0
 11
388.0
 21
464.39999999999975
 31
0.0
  0
TEXT
  5
7F8
330
6ED
100
AcDbEntity
 67
1
  8
A-TEXTO
100
AcDbText
 10
395.0
 20
466.9999999999998
 30
0.0
 40
2.0
  1
1,30
  7
ARIAL
 72
1
 11
395.0
 21
466.9999999999998
 31
0.0
100
AcDbText
 73
2
  0
LINE
  5
7F9
330
6ED
100
AcDbEntity
 67
1
  8
A-TABLAS
100
AcDbLine
 10
402.0
 20
469.59999999999974
 30
0.0
 11
402.0
 21
464.39999999999975
 31
0.0
  0
TEXT
  5
7FA
330
6ED
100
AcDbEntity
 67
1
  8
A-TEXTO
100
AcDbText
 10
432.0
 20
466.9999999999998
 30
0.0
 40
2.0
  1
VENTILA ABATIBLE
  7
ARIAL
 72
1
 11
432.0
 21
466.9999999999998
 31
0.0
100
AcDbText
 73
2
  0
LINE
  5
7FB
330
6ED
100
AcDbEntity
 67
1
  8
A-TABLAS
100
AcDbLine
 10
462.0
 20
469.59999999999974
 30
0.0
 11
462.0
 21
464.39999999999975
 31
0.0
  0
TEXT
  5
7FC
330
6ED
100
AcDbEntity
 67
1
  8
A-TEXTO
100
AcDbText
 10
468.5
 20
466.9999999999998
 30
0.0
 40
2.0
  1
1
  7
ARIAL
 72
1
 11
468.5
 21
466.9999999999998
 31
0.0
100
AcDbText
 73
2
  0
LINE
  5
7FD
330
6ED
100
AcDbEntity
 67
1
  8
A-TABLAS
100
AcDbLine
 10
475.0
 20
469.59999999999974
 30
0.0
 11
475.0
 21
464.39999999999975
 31
0.0
  0
TEXT
  5
7FE
330
6ED
100
AcDbEntity
 67
1
  8
A-TEXTO
100
AcDbText
 10
476.5
 20
466.9999999999998
 30
0.0
 40
2.0
  1
COCINA HACIA PATIO P2 (N2)
  7
ARIAL
 11
476.5
 21
466.9999999999998
 31
0.0
100
AcDbText
 73
2
  0
LINE
  5
7FF
330
6ED
100
AcDbEntity
 67
1
  8
A-TABLAS
100
AcDbLine
 10
648.0
 20
469.59999999999974
 30
0.0
 11
648.0
 21
464.39999999999975
 31
0.0
  0
TEXT
  5
800
330
6ED
100
AcDbEntity
 67
1
  8
A-TEXTO
100
AcDbText
 10
674.0
 20
466.9999999999998
 30
0.0
 40
2.0
  1
ALUMINIO Y VIDRIO
  7
ARIAL
 72
1
 11
674.0
 21
466.9999999999998
 31
0.0
100
AcDbText
 73
2
  0
LINE
  5
801
330
6ED
100
AcDbEntity
 67
1
  8
A-TABLAS
100
AcDbLine
 10
352.0
 20
464.39999999999975
 30
0.0
 11
700.0
 21
464.39999999999975
 31
0.0
  0
TEXT
  5
802
330
6ED
100
AcDbEntity
 67
1
  8
A-TEXTO
100
AcDbText
 10
362.0
 20
461.7999999999997
 30
0.0
 40
2.0
  1
V-11
  7
ARIAL
 72
1
 11
362.0
 21
461.7999999999997
 31
0.0
100
AcDbText
 73
2
  0
LINE
  5
803
330
6ED
100
AcDbEntity
 67
1
  8
A-TABLAS
100
AcDbLine
 10
372.0
 20
464.39999999999975
 30
0.0
 11
372.0
 21
459.19999999999976
 31
0.0
  0
TEXT
  5
804
330
6ED
100
AcDbEntity
 67
1
  8
A-TEXTO
100
AcDbText
 10
380.0
 20
461.7999999999997
 30
0.0
 40
2.0
  1
1,10
  7
ARIAL
 72
1
 11
380.0
 21
461.7999999999997
 31
0.0
100
AcDbText
 73
2
  0
LINE
  5
805
330
6ED
100
AcDbEntity
 67
1
  8
A-TABLAS
100
AcDbLine
 10
388.0
 20
464.39999999999975
 30
0.0
 11
388.0
 21
459.19999999999976
 31
0.0
  0
TEXT
  5
806
330
6ED
100
AcDbEntity
 67
1
  8
A-TEXTO
100
AcDbText
 10
395.0
 20
461.7999999999997
 30
0.0
 40
2.0
  1
1,30
  7
ARIAL
 72
1
 11
395.0
 21
461.7999999999997
 31
0.0
100
AcDbText
 73
2
  0
LINE
  5
807
330
6ED
100
AcDbEntity
 67
1
  8
A-TABLAS
100
AcDbLine
 10
402.0
 20
464.39999999999975
 30
0.0
 11
402.0
 21
459.19999999999976
 31
0.0
  0
TEXT
  5
808
330
6ED
100
AcDbEntity
 67
1
  8
A-TEXTO
100
AcDbText
 10
432.0
 20
461.7999999999997
 30
0.0
 40
2.0
  1
VENTILA ABATIBLE
  7
ARIAL
 72
1
 11
432.0
 21
461.7999999999997
 31
0.0
100
AcDbText
 73
2
  0
LINE
  5
809
330
6ED
100
AcDbEntity
 67
1
  8
A-TABLAS
100
AcDbLine
 10
462.0
 20
464.39999999999975
 30
0.0
 11
462.0
 21
459.19999999999976
 31
0.0
  0
TEXT
  5
80A
330
6ED
100
AcDbEntity
 67
1
  8
A-TEXTO
100
AcDbText
 10
468.5
 20
461.7999999999997
 30
0.0
 40
2.0
  1
1
  7
ARIAL
 72
1
 11
468.5
 21
461.7999999999997
 31
0.0
100
AcDbText
 73
2
  0
LINE
  5
80B
330
6ED
100
AcDbEntity
 67
1
  8
A-TABLAS
100
AcDbLine
 10
475.0
 20
464.39999999999975
 30
0.0
 11
475.0
 21
459.19999999999976
 31
0.0
  0
TEXT
  5
80C
330
6ED
100
AcDbEntity
 67
1
  8
A-TEXTO
100
AcDbText
 10
476.5
 20
461.7999999999997
 30
0.0
 40
2.0
  1
BAÑO SUITE 2 HACIA PATIO P2 (N3, VIDRIO ARENADO)
  7
ARIAL
 11
476.5
 21
461.7999999999997
 31
0.0
100
AcDbText
 73
2
  0
LINE
  5
80D
330
6ED
100
AcDbEntity
 67
1
  8
A-TABLAS
100
AcDbLine
 10
648.0
 20
464.39999999999975
 30
0.0
 11
648.0
 21
459.19999999999976
 31
0.0
  0
TEXT
  5
80E
330
6ED
100
AcDbEntity
 67
1
  8
A-TEXTO
100
AcDbText
 10
674.0
 20
461.7999999999997
 30
0.0
 40
2.0
  1
ALUMINIO Y VIDRIO
  7
ARIAL
 72
1
 11
674.0
 21
461.7999999999997
 31
0.0
100
AcDbText
 73
2
  0
LINE
  5
80F
330
6ED
100
AcDbEntity
 67
1
  8
A-TABLAS
100
AcDbLine
 10
352.0
 20
459.19999999999976
 30
0.0
 11
700.0
 21
459.19999999999976
 31
0.0
  0
TEXT
  5
810
330
6ED
100
AcDbEntity
 67
1
  8
A-TEXTO
100
AcDbText
 10
362.0
 20
456.5999999999998
 30
0.0
 40
2.0
  1
V-12
  7
ARIAL
 72
1
 11
362.0
 21
456.5999999999998
 31
0.0
100
AcDbText
 73
2
  0
LINE
  5
811
330
6ED
100
AcDbEntity
 67
1
  8
A-TABLAS
100
AcDbLine
 10
372.0
 20
459.19999999999976
 30
0.0
 11
372.0
 21
453.9999999999998
 31
0.0
  0
TEXT
  5
812
330
6ED
100
AcDbEntity
 67
1
  8
A-TEXTO
100
AcDbText
 10
380.0
 20
456.5999999999998
 30
0.0
 40
2.0
  1
3,00
  7
ARIAL
 72
1
 11
380.0
 21
456.5999999999998
 31
0.0
100
AcDbText
 73
2
  0
LINE
  5
813
330
6ED
100
AcDbEntity
 67
1
  8
A-TABLAS
100
AcDbLine
 10
388.0
 20
459.19999999999976
 30
0.0
 11
388.0
 21
453.9999999999998
 31
0.0
  0
TEXT
  5
814
330
6ED
100
AcDbEntity
 67
1
  8
A-TEXTO
100
AcDbText
 10
395.0
 20
456.5999999999998
 30
0.0
 40
2.0
  1
1,30
  7
ARIAL
 72
1
 11
395.0
 21
456.5999999999998
 31
0.0
100
AcDbText
 73
2
  0
LINE
  5
815
330
6ED
100
AcDbEntity
 67
1
  8
A-TABLAS
100
AcDbLine
 10
402.0
 20
459.19999999999976
 30
0.0
 11
402.0
 21
453.9999999999998
 31
0.0
  0
TEXT
  5
816
330
6ED
100
AcDbEntity
 67
1
  8
A-TEXTO
100
AcDbText
 10
432.0
 20
456.5999999999998
 30
0.0
 40
2.0
  1
VENTILA ABATIBLE
  7
ARIAL
 72
1
 11
432.0
 21
456.5999999999998
 31
0.0
100
AcDbText
 73
2
  0
LINE
  5
817
330
6ED
100
AcDbEntity
 67
1
  8
A-TABLAS
100
AcDbLine
 10
462.0
 20
459.19999999999976
 30
0.0
 11
462.0
 21
453.9999999999998
 31
0.0
  0
TEXT
  5
818
330
6ED
100
AcDbEntity
 67
1
  8
A-TEXTO
100
AcDbText
 10
468.5
 20
456.5999999999998
 30
0.0
 40
2.0
  1
2
  7
ARIAL
 72
1
 11
468.5
 21
456.5999999999998
 31
0.0
100
AcDbText
 73
2
  0
LINE
  5
819
330
6ED
100
AcDbEntity
 67
1
  8
A-TABLAS
100
AcDbLine
 10
475.0
 20
459.19999999999976
 30
0.0
 11
475.0
 21
453.9999999999998
 31
0.0
  0
TEXT
  5
81A
330
6ED
100
AcDbEntity
 67
1
  8
A-TEXTO
100
AcDbText
 10
476.5
 20
456.5999999999998
 30
0.0
 40
2.0
  1
SALA (N2) Y SUITE 3 (N3) HACIA PATIO P2
  7
ARIAL
 11
476.5
 21
456.5999999999998
 31
0.0
100
AcDbText
 73
2
  0
LINE
  5
81B
330
6ED
100
AcDbEntity
 67
1
  8
A-TABLAS
100
AcDbLine
 10
648.0
 20
459.19999999999976
 30
0.0
 11
648.0
 21
453.9999999999998
 31
0.0
  0
TEXT
  5
81C
330
6ED
100
AcDbEntity
 67
1
  8
A-TEXTO
100
AcDbText
 10
674.0
 20
456.5999999999998
 30
0.0
 40
2.0
  1
ALUMINIO Y VIDRIO
  7
ARIAL
 72
1
 11
674.0
 21
456.5999999999998
 31
0.0
100
AcDbText
 73
2
  0
LINE
  5
81D
330
6ED
100
AcDbEntity
 67
1
  8
A-TABLAS
100
AcDbLine
 10
352.0
 20
453.9999999999998
 30
0.0
 11
700.0
 21
453.9999999999998
 31
0.0
  0
TEXT
  5
81E
330
6ED
100
AcDbEntity
 67
1
  8
A-TEXTO
100
AcDbText
 10
362.0
 20
451.39999999999975
 30
0.0
 40
2.0
  1
V-13
  7
ARIAL
 72
1
 11
362.0
 21
451.39999999999975
 31
0.0
100
AcDbText
 73
2
  0
LINE
  5
81F
330
6ED
100
AcDbEntity
 67
1
  8
A-TABLAS
100
AcDbLine
 10
372.0
 20
453.9999999999998
 30
0.0
 11
372.0
 21
448.7999999999998
 31
0.0
  0
TEXT
  5
820
330
6ED
100
AcDbEntity
 67
1
  8
A-TEXTO
100
AcDbText
 10
380.0
 20
451.39999999999975
 30
0.0
 40
2.0
  1
2,30
  7
ARIAL
 72
1
 11
380.0
 21
451.39999999999975
 31
0.0
100
AcDbText
 73
2
  0
LINE
  5
821
330
6ED
100
AcDbEntity
 67
1
  8
A-TABLAS
100
AcDbLine
 10
388.0
 20
453.9999999999998
 30
0.0
 11
388.0
 21
448.7999999999998
 31
0.0
  0
TEXT
  5
822
330
6ED
100
AcDbEntity
 67
1
  8
A-TEXTO
100
AcDbText
 10
395.0
 20
451.39999999999975
 30
0.0
 40
2.0
  1
2,70
  7
ARIAL
 72
1
 11
395.0
 21
451.39999999999975
 31
0.0
100
AcDbText
 73
2
  0
LINE
  5
823
330
6ED
100
AcDbEntity
 67
1
  8
A-TABLAS
100
AcDbLine
 10
402.0
 20
453.9999999999998
 30
0.0
 11
402.0
 21
448.7999999999998
 31
0.0
  0
TEXT
  5
824
330
6ED
100
AcDbEntity
 67
1
  8
A-TEXTO
100
AcDbText
 10
432.0
 20
451.39999999999975
 30
0.0
 40
2.0
  1
FIJA
  7
ARIAL
 72
1
 11
432.0
 21
451.39999999999975
 31
0.0
100
AcDbText
 73
2
  0
LINE
  5
825
330
6ED
100
AcDbEntity
 67
1
  8
A-TABLAS
100
AcDbLine
 10
462.0
 20
453.9999999999998
 30
0.0
 11
462.0
 21
448.7999999999998
 31
0.0
  0
TEXT
  5
826
330
6ED
100
AcDbEntity
 67
1
  8
A-TEXTO
100
AcDbText
 10
468.5
 20
451.39999999999975
 30
0.0
 40
2.0
  1
2
  7
ARIAL
 72
1
 11
468.5
 21
451.39999999999975
 31
0.0
100
AcDbText
 73
2
  0
LINE
  5
827
330
6ED
100
AcDbEntity
 67
1
  8
A-TABLAS
100
AcDbLine
 10
475.0
 20
453.9999999999998
 30
0.0
 11
475.0
 21
448.7999999999998
 31
0.0
  0
TEXT
  5
828
330
6ED
100
AcDbEntity
 67
1
  8
A-TEXTO
100
AcDbText
 10
476.5
 20
451.39999999999975
 30
0.0
 40
2.0
  1
GALERÍA DEL PASILLO HACIA PATIO P1 (N2 Y N3)
  7
ARIAL
 11
476.5
 21
451.39999999999975
 31
0.0
100
AcDbText
 73
2
  0
LINE
  5
829
330
6ED
100
AcDbEntity
 67
1
  8
A-TABLAS
100
AcDbLine
 10
648.0
 20
453.9999999999998
 30
0.0
 11
648.0
 21
448.7999999999998
 31
0.0
  0
TEXT
  5
82A
330
6ED
100
AcDbEntity
 67
1
  8
A-TEXTO
100
AcDbText
 10
674.0
 20
451.39999999999975
 30
0.0
 40
2.0
  1
ALUMINIO Y VIDRIO
  7
ARIAL
 72
1
 11
674.0
 21
451.39999999999975
 31
0.0
100
AcDbText
 73
2
  0
TEXT
  5
82B
330
6ED
100
AcDbEntity
 67
1
  8
A-TITULOS
100
AcDbText
 10
526.0
 20
443.7999999999998
 30
0.0
 40
3.2
  1
ACABADO EN PAREDES
  7
ARIAL
 72
1
 11
526.0
 21
443.7999999999998
 31
0.0
100
AcDbText
 73
3
  0
LWPOLYLINE
  5
82C
330
6ED
100
AcDbEntity
 67
1
  8
A-TABLAS
100
AcDbPolyline
 90
4
 70
1
 10
352.0
 20
403.5999999999998
 10
700.0
 20
403.5999999999998
 10
700.0
 20
438.7999999999998
 10
352.0
 20
438.7999999999998
  0
TEXT
  5
82D
330
6ED
100
AcDbEntity
 67
1
  8
A-TEXTO
100
AcDbText
 10
362.0
 20
436.1999999999998
 30
0.0
 40
2.0
  1
ITEM
  7
ARIAL
 72
1
 11
362.0
 21
436.1999999999998
 31
0.0
100
AcDbText
 73
2
  0
LINE
  5
82E
330
6ED
100
AcDbEntity
 67
1
  8
A-TABLAS
100
AcDbLine
 10
372.0
 20
438.7999999999998
 30
0.0
 11
372.0
 21
433.5999999999998
 31
0.0
  0
TEXT
  5
82F
330
6ED
100
AcDbEntity
 67
1
  8
A-TEXTO
100
AcDbText
 10
503.0
 20
436.1999999999998
 30
0.0
 40
2.0
  1
TIPO DE ACABADO
  7
ARIAL
 72
1
 11
503.0
 21
436.1999999999998
 31
0.0
100
AcDbText
 73
2
  0
LINE
  5
830
330
6ED
100
AcDbEntity
 67
1
  8
A-TABLAS
100
AcDbLine
 10
634.0
 20
438.7999999999998
 30
0.0
 11
634.0
 21
433.5999999999998
 31
0.0
  0
TEXT
  5
831
330
6ED
100
AcDbEntity
 67
1
  8
A-TEXTO
100
AcDbText
 10
667.0
 20
436.1999999999998
 30
0.0
 40
2.0
  1
COLOR
  7
ARIAL
 72
1
 11
667.0
 21
436.1999999999998
 31
0.0
100
AcDbText
 73
2
  0
LINE
  5
832
330
6ED
100
AcDbEntity
 67
1
  8
A-TABLAS
100
AcDbLine
 10
352.0
 20
433.5999999999998
 30
0.0
 11
700.0
 21
433.5999999999998
 31
0.0
  0
TEXT
  5
833
330
6ED
100
AcDbEntity
 67
1
  8
A-TEXTO
100
AcDbText
 10
362.0
 20
429.5999999999998
 30
0.0
 40
2.0
  1
Pd - A
  7
ARIAL
 72
1
 11
362.0
 21
429.5999999999998
 31
0.0
100
AcDbText
 73
2
  0
LINE
  5
834
330
6ED
100
AcDbEntity
 67
1
  8
A-TABLAS
100
AcDbLine
 10
372.0
 20
433.5999999999998
 30
0.0
 11
372.0
 21
425.5999999999998
 31
0.0
  0
TEXT
  5
835
330
6ED
100
AcDbEntity
 67
1
  8
A-TEXTO
100
AcDbText
 10
373.5
 20
431.0999999999998
 30
0.0
 40
2.0
  1
PAREDES INTERNAS: REPELLO GRUESO, ACABADO LISO, CON DOS MANOS DE
  7
ARIAL
 11
373.5
 21
431.0999999999998
 31
0.0
100
AcDbText
 73
2
  0
TEXT
  5
836
330
6ED
100
AcDbEntity
 67
1
  8
A-TEXTO
100
AcDbText
 10
373.5
 20
428.0999999999998
 30
0.0
 40
2.0
  1
PINTURA CLASE A, CON BASE SATINADO.
  7
ARIAL
 11
373.5
 21
428.0999999999998
 31
0.0
100
AcDbText
 73
2
  0
LINE
  5
837
330
6ED
100
AcDbEntity
 67
1
  8
A-TABLAS
100
AcDbLine
 10
634.0
 20
433.5999999999998
 30
0.0
 11
634.0
 21
425.5999999999998
 31
0.0
  0
TEXT
  5
838
330
6ED
100
AcDbEntity
 67
1
  8
A-TEXTO
100
AcDbText
 10
667.0
 20
431.0999999999998
 30
0.0
 40
2.0
  1
REFERENCIA: PANTONE,
  7
ARIAL
 72
1
 11
667.0
 21
431.0999999999998
 31
0.0
100
AcDbText
 73
2
  0
TEXT
  5
839
330
6ED
100
AcDbEntity
 67
1
  8
A-TEXTO
100
AcDbText
 10
667.0
 20
428.0999999999998
 30
0.0
 40
2.0
  1
ALMOND MILK
  7
ARIAL
 72
1
 11
667.0
 21
428.0999999999998
 31
0.0
100
AcDbText
 73
2
  0
LINE
  5
83A
330
6ED
100
AcDbEntity
 67
1
  8
A-TABLAS
100
AcDbLine
 10
352.0
 20
425.5999999999998
 30
0.0
 11
700.0
 21
425.5999999999998
 31
0.0
  0
TEXT
  5
83B
330
6ED
100
AcDbEntity
 67
1
  8
A-TEXTO
100
AcDbText
 10
362.0
 20
421.5999999999998
 30
0.0
 40
2.0
  1
Pd - B
  7
ARIAL
 72
1
 11
362.0
 21
421.5999999999998
 31
0.0
100
AcDbText
 73
2
  0
LINE
  5
83C
330
6ED
100
AcDbEntity
 67
1
  8
A-TABLAS
100
AcDbLine
 10
372.0
 20
425.5999999999998
 30
0.0
 11
372.0
 21
417.5999999999998
 31
0.0
  0
TEXT
  5
83D
330
6ED
100
AcDbEntity
 67
1
  8
A-TEXTO
100
AcDbText
 10
373.5
 20
423.0999999999998
 30
0.0
 40
2.0
  1
BAÑOS: REPELLO GRUESO, ACABADO CON CERÁMICA O PORCELANATO.
  7
ARIAL
 11
373.5
 21
423.0999999999998
 31
0.0
100
AcDbText
 73
2
  0
TEXT
  5
83E
330
6ED
100
AcDbEntity
 67
1
  8
A-TEXTO
100
AcDbText
 10
373.5
 20
420.0999999999998
 30
0.0
 40
2.0
  1
1,80 m EN DUCHAS.
  7
ARIAL
 11
373.5
 21
420.0999999999998
 31
0.0
100
AcDbText
 73
2
  0
LINE
  5
83F
330
6ED
100
AcDbEntity
 67
1
  8
A-TABLAS
100
AcDbLine
 10
634.0
 20
425.5999999999998
 30
0.0
 11
634.0
 21
417.5999999999998
 31
0.0
  0
TEXT
  5
840
330
6ED
100
AcDbEntity
 67
1
  8
A-TEXTO
100
AcDbText
 10
667.0
 20
421.5999999999998
 30
0.0
 40
2.0
  1
BLANCO
  7
ARIAL
 72
1
 11
667.0
 21
421.5999999999998
 31
0.0
100
AcDbText
 73
2
  0
LINE
  5
841
330
6ED
100
AcDbEntity
 67
1
  8
A-TABLAS
100
AcDbLine
 10
352.0
 20
417.5999999999998
 30
0.0
 11
700.0
 21
417.5999999999998
 31
0.0
  0
TEXT
  5
842
330
6ED
100
AcDbEntity
 67
1
  8
A-TEXTO
100
AcDbText
 10
362.0
 20
413.5999999999998
 30
0.0
 40
2.0
  1
Pd - C
  7
ARIAL
 72
1
 11
362.0
 21
413.5999999999998
 31
0.0
100
AcDbText
 73
2
  0
LINE
  5
843
330
6ED
100
AcDbEntity
 67
1
  8
A-TABLAS
100
AcDbLine
 10
372.0
 20
417.5999999999998
 30
0.0
 11
372.0
 21
409.5999999999998
 31
0.0
  0
TEXT
  5
844
330
6ED
100
AcDbEntity
 67
1
  8
A-TEXTO
100
AcDbText
 10
373.5
 20
415.0999999999998
 30
0.0
 40
2.0
  1
COCINA: REPELLO GRUESO, ACABADO CON CERÁMICA O PORCELANATO
  7
ARIAL
 11
373.5
 21
415.0999999999998
 31
0.0
100
AcDbText
 73
2
  0
TEXT
  5
845
330
6ED
100
AcDbEntity
 67
1
  8
A-TEXTO
100
AcDbText
 10
373.5
 20
412.0999999999998
 30
0.0
 40
2.0
  1
EN SALPICADERO.
  7
ARIAL
 11
373.5
 21
412.0999999999998
 31
0.0
100
AcDbText
 73
2
  0
LINE
  5
846
330
6ED
100
AcDbEntity
 67
1
  8
A-TABLAS
100
AcDbLine
 10
634.0
 20
417.5999999999998
 30
0.0
 11
634.0
 21
409.5999999999998
 31
0.0
  0
TEXT
  5
847
330
6ED
100
AcDbEntity
 67
1
  8
A-TEXTO
100
AcDbText
 10
667.0
 20
413.5999999999998
 30
0.0
 40
2.0
  1
BLANCO
  7
ARIAL
 72
1
 11
667.0
 21
413.5999999999998
 31
0.0
100
AcDbText
 73
2
  0
LINE
  5
848
330
6ED
100
AcDbEntity
 67
1
  8
A-TABLAS
100
AcDbLine
 10
352.0
 20
409.5999999999998
 30
0.0
 11
700.0
 21
409.5999999999998
 31
0.0
  0
TEXT
  5
849
330
6ED
100
AcDbEntity
 67
1
  8
A-TEXTO
100
AcDbText
 10
362.0
 20
406.5999999999998
 30
0.0
 40
2.0
  1
Pd - D
  7
ARIAL
 72
1
 11
362.0
 21
406.5999999999998
 31
0.0
100
AcDbText
 73
2
  0
LINE
  5
84A
330
6ED
100
AcDbEntity
 67
1
  8
A-TABLAS
100
AcDbLine
 10
372.0
 20
409.5999999999998
 30
0.0
 11
372.0
 21
403.5999999999998
 31
0.0
  0
TEXT
  5
84B
330
6ED
100
AcDbEntity
 67
1
  8
A-TEXTO
100
AcDbText
 10
373.5
 20
406.5999999999998
 30
0.0
 40
2.0
  1
PAREDES EXTERNAS: REPELLO GRUESO, ACABADO ESTUCO PULIDO.
  7
ARIAL
 11
373.5
 21
406.5999999999998
 31
0.0
100
AcDbText
 73
2
  0
LINE
  5
84C
330
6ED
100
AcDbEntity
 67
1
  8
A-TABLAS
100
AcDbLine
 10
634.0
 20
409.5999999999998
 30
0.0
 11
634.0
 21
403.5999999999998
 31
0.0
  0
TEXT
  5
84D
330
6ED
100
AcDbEntity
 67
1
  8
A-TEXTO
100
AcDbText
 10
667.0
 20
406.5999999999998
 30
0.0
 40
2.0
  1
GRIS CONCRETO
  7
ARIAL
 72
1
 11
667.0
 21
406.5999999999998
 31
0.0
100
AcDbText
 73
2
  0
TEXT
  5
84E
330
6ED
100
AcDbEntity
 67
1
  8
A-TITULOS
100
AcDbText
 10
526.0
 20
398.5999999999998
 30
0.0
 40
3.2
  1
ACABADO EN PISOS
  7
ARIAL
 72
1
 11
526.0
 21
398.5999999999998
 31
0.0
100
AcDbText
 73
3
  0
LWPOLYLINE
  5
84F
330
6ED
100
AcDbEntity
 67
1
  8
A-TABLAS
100
AcDbPolyline
 90
4
 70
1
 10
352.0
 20
361.3999999999998
 10
700.0
 20
361.3999999999998
 10
700.0
 20
393.5999999999998
 10
352.0
 20
393.5999999999998
  0
TEXT
  5
850
330
6ED
100
AcDbEntity
 67
1
  8
A-TEXTO
100
AcDbText
 10
362.0
 20
390.9999999999998
 30
0.0
 40
2.0
  1
ITEM
  7
ARIAL
 72
1
 11
362.0
 21
390.9999999999998
 31
0.0
100
AcDbText
 73
2
  0
LINE
  5
851
330
6ED
100
AcDbEntity
 67
1
  8
A-TABLAS
100
AcDbLine
 10
372.0
 20
393.5999999999998
 30
0.0
 11
372.0
 21
388.3999999999998
 31
0.0
  0
TEXT
  5
852
330
6ED
100
AcDbEntity
 67
1
  8
A-TEXTO
100
AcDbText
 10
503.0
 20
390.9999999999998
 30
0.0
 40
2.0
  1
TIPO DE ACABADO
  7
ARIAL
 72
1
 11
503.0
 21
390.9999999999998
 31
0.0
100
AcDbText
 73
2
  0
LINE
  5
853
330
6ED
100
AcDbEntity
 67
1
  8
A-TABLAS
100
AcDbLine
 10
634.0
 20
393.5999999999998
 30
0.0
 11
634.0
 21
388.3999999999998
 31
0.0
  0
TEXT
  5
854
330
6ED
100
AcDbEntity
 67
1
  8
A-TEXTO
100
AcDbText
 10
667.0
 20
390.9999999999998
 30
0.0
 40
2.0
  1
COLOR
  7
ARIAL
 72
1
 11
667.0
 21
390.9999999999998
 31
0.0
100
AcDbText
 73
2
  0
LINE
  5
855
330
6ED
100
AcDbEntity
 67
1
  8
A-TABLAS
100
AcDbLine
 10
352.0
 20
388.3999999999998
 30
0.0
 11
700.0
 21
388.3999999999998
 31
0.0
  0
TEXT
  5
856
330
6ED
100
AcDbEntity
 67
1
  8
A-TEXTO
100
AcDbText
 10
362.0
 20
384.3999999999998
 30
0.0
 40
2.0
  1
PI - A
  7
ARIAL
 72
1
 11
362.0
 21
384.3999999999998
 31
0.0
100
AcDbText
 73
2
  0
LINE
  5
857
330
6ED
100
AcDbEntity
 67
1
  8
A-TABLAS
100
AcDbLine
 10
372.0
 20
388.3999999999998
 30
0.0
 11
372.0
 21
380.3999999999998
 31
0.0
  0
TEXT
  5
858
330
6ED
100
AcDbEntity
 67
1
  8
A-TEXTO
100
AcDbText
 10
373.5
 20
385.8999999999998
 30
0.0
 40
2.0
  1
PISO PARA INTERIORES Y BAÑOS, PORCELANATO 60x60CM BLANCO O COLOR
  7
ARIAL
 11
373.5
 21
385.8999999999998
 31
0.0
100
AcDbText
 73
2
  0
TEXT
  5
859
330
6ED
100
AcDbEntity
 67
1
  8
A-TEXTO
100
AcDbText
 10
373.5
 20
382.8999999999998
 30
0.0
 40
2.0
  1
CLARO CON RODAPIÉ DE PORCELANATO.
  7
ARIAL
 11
373.5
 21
382.8999999999998
 31
0.0
100
AcDbText
 73
2
  0
LINE
  5
85A
330
6ED
100
AcDbEntity
 67
1
  8
A-TABLAS
100
AcDbLine
 10
634.0
 20
388.3999999999998
 30
0.0
 11
634.0
 21
380.3999999999998
 31
0.0
  0
TEXT
  5
85B
330
6ED
100
AcDbEntity
 67
1
  8
A-TEXTO
100
AcDbText
 10
667.0
 20
384.3999999999998
 30
0.0
 40
2.0
  1
BLANCO
  7
ARIAL
 72
1
 11
667.0
 21
384.3999999999998
 31
0.0
100
AcDbText
 73
2
  0
LINE
  5
85C
330
6ED
100
AcDbEntity
 67
1
  8
A-TABLAS
100
AcDbLine
 10
352.0
 20
380.3999999999998
 30
0.0
 11
700.0
 21
380.3999999999998
 31
0.0
  0
TEXT
  5
85D
330
6ED
100
AcDbEntity
 67
1
  8
A-TEXTO
100
AcDbText
 10
362.0
 20
376.3999999999998
 30
0.0
 40
2.0
  1
PI - B
  7
ARIAL
 72
1
 11
362.0
 21
376.3999999999998
 31
0.0
100
AcDbText
 73
2
  0
LINE
  5
85E
330
6ED
100
AcDbEntity
 67
1
  8
A-TABLAS
100
AcDbLine
 10
372.0
 20
380.3999999999998
 30
0.0
 11
372.0
 21
372.3999999999998
 31
0.0
  0
TEXT
  5
85F
330
6ED
100
AcDbEntity
 67
1
  8
A-TEXTO
100
AcDbText
 10
373.5
 20
377.8999999999998
 30
0.0
 40
2.0
  1
CONTRAPISO DE CONCRETO DE 0,10 m (ESTACIONAMIENTOS, PASILLO,
  7
ARIAL
 11
373.5
 21
377.8999999999998
 31
0.0
100
AcDbText
 73
2
  0
TEXT
  5
860
330
6ED
100
AcDbEntity
 67
1
  8
A-TEXTO
100
AcDbText
 10
373.5
 20
374.8999999999998
 30
0.0
 40
2.0
  1
VESTÍBULO Y GRADAS DEL NIVEL 1).
  7
ARIAL
 11
373.5
 21
374.8999999999998
 31
0.0
100
AcDbText
 73
2
  0
LINE
  5
861
330
6ED
100
AcDbEntity
 67
1
  8
A-TABLAS
100
AcDbLine
 10
634.0
 20
380.3999999999998
 30
0.0
 11
634.0
 21
372.3999999999998
 31
0.0
  0
TEXT
  5
862
330
6ED
100
AcDbEntity
 67
1
  8
A-TEXTO
100
AcDbText
 10
667.0
 20
376.3999999999998
 30
0.0
 40
2.0
  1
GRIS CONCRETO
  7
ARIAL
 72
1
 11
667.0
 21
376.3999999999998
 31
0.0
100
AcDbText
 73
2
  0
LINE
  5
863
330
6ED
100
AcDbEntity
 67
1
  8
A-TABLAS
100
AcDbLine
 10
352.0
 20
372.3999999999998
 30
0.0
 11
700.0
 21
372.3999999999998
 31
0.0
  0
TEXT
  5
864
330
6ED
100
AcDbEntity
 67
1
  8
A-TEXTO
100
AcDbText
 10
362.0
 20
369.6499999999998
 30
0.0
 40
2.0
  1
PI - C
  7
ARIAL
 72
1
 11
362.0
 21
369.6499999999998
 31
0.0
100
AcDbText
 73
2
  0
LINE
  5
865
330
6ED
100
AcDbEntity
 67
1
  8
A-TABLAS
100
AcDbLine
 10
372.0
 20
372.3999999999998
 30
0.0
 11
372.0
 21
366.8999999999998
 31
0.0
  0
TEXT
  5
866
330
6ED
100
AcDbEntity
 67
1
  8
A-TEXTO
100
AcDbText
 10
373.5
 20
369.6499999999998
 30
0.0
 40
2.0
  1
ZACATE BLOCK (PERMEABLE) EN RETIRO FRONTAL.
  7
ARIAL
 11
373.5
 21
369.6499999999998
 31
0.0
100
AcDbText
 73
2
  0
LINE
  5
867
330
6ED
100
AcDbEntity
 67
1
  8
A-TABLAS
100
AcDbLine
 10
634.0
 20
372.3999999999998
 30
0.0
 11
634.0
 21
366.8999999999998
 31
0.0
  0
TEXT
  5
868
330
6ED
100
AcDbEntity
 67
1
  8
A-TEXTO
100
AcDbText
 10
667.0
 20
369.6499999999998
 30
0.0
 40
2.0
  1
NATURAL
  7
ARIAL
 72
1
 11
667.0
 21
369.6499999999998
 31
0.0
100
AcDbText
 73
2
  0
LINE
  5
869
330
6ED
100
AcDbEntity
 67
1
  8
A-TABLAS
100
AcDbLine
 10
352.0
 20
366.8999999999998
 30
0.0
 11
700.0
 21
366.8999999999998
 31
0.0
  0
TEXT
  5
86A
330
6ED
100
AcDbEntity
 67
1
  8
A-TEXTO
100
AcDbText
 10
362.0
 20
364.1499999999998
 30
0.0
 40
2.0
  1
PI - D
  7
ARIAL
 72
1
 11
362.0
 21
364.1499999999998
 31
0.0
100
AcDbText
 73
2
  0
LINE
  5
86B
330
6ED
100
AcDbEntity
 67
1
  8
A-TABLAS
100
AcDbLine
 10
372.0
 20
366.8999999999998
 30
0.0
 11
372.0
 21
361.3999999999998
 31
0.0
  0
TEXT
  5
86C
330
6ED
100
AcDbEntity
 67
1
  8
A-TEXTO
100
AcDbText
 10
373.5
 20
364.1499999999998
 30
0.0
 40
2.0
  1
GRAVA (JARDÍN SECO).
  7
ARIAL
 11
373.5
 21
364.1499999999998
 31
0.0
100
AcDbText
 73
2
  0
LINE
  5
86D
330
6ED
100
AcDbEntity
 67
1
  8
A-TABLAS
100
AcDbLine
 10
634.0
 20
366.8999999999998
 30
0.0
 11
634.0
 21
361.3999999999998
 31
0.0
  0
TEXT
  5
86E
330
6ED
100
AcDbEntity
 67
1
  8
A-TEXTO
100
AcDbText
 10
667.0
 20
364.1499999999998
 30
0.0
 40
2.0
  1
NATURAL
  7
ARIAL
 72
1
 11
667.0
 21
364.1499999999998
 31
0.0
100
AcDbText
 73
2
  0
TEXT
  5
86F
330
6ED
100
AcDbEntity
 67
1
  8
A-TITULOS
100
AcDbText
 10
526.0
 20
356.3999999999998
 30
0.0
 40
3.2
  1
ACABADO EN CIELOS
  7
ARIAL
 72
1
 11
526.0
 21
356.3999999999998
 31
0.0
100
AcDbText
 73
3
  0
LWPOLYLINE
  5
870
330
6ED
100
AcDbEntity
 67
1
  8
A-TABLAS
100
AcDbPolyline
 90
4
 70
1
 10
352.0
 20
335.1999999999998
 10
700.0
 20
335.1999999999998
 10
700.0
 20
351.3999999999998
 10
352.0
 20
351.3999999999998
  0
TEXT
  5
871
330
6ED
100
AcDbEntity
 67
1
  8
A-TEXTO
100
AcDbText
 10
493.0
 20
348.79999999999984
 30
0.0
 40
2.0
  1
TIPO DE ACABADO
  7
ARIAL
 72
1
 11
493.0
 21
348.79999999999984
 31
0.0
100
AcDbText
 73
2
  0
LINE
  5
872
330
6ED
100
AcDbEntity
 67
1
  8
A-TABLAS
100
AcDbLine
 10
634.0
 20
351.3999999999998
 30
0.0
 11
634.0
 21
346.1999999999998
 31
0.0
  0
TEXT
  5
873
330
6ED
100
AcDbEntity
 67
1
  8
A-TEXTO
100
AcDbText
 10
667.0
 20
348.79999999999984
 30
0.0
 40
2.0
  1
COLOR
  7
ARIAL
 72
1
 11
667.0
 21
348.79999999999984
 31
0.0
100
AcDbText
 73
2
  0
LINE
  5
874
330
6ED
100
AcDbEntity
 67
1
  8
A-TABLAS
100
AcDbLine
 10
352.0
 20
346.1999999999998
 30
0.0
 11
700.0
 21
346.1999999999998
 31
0.0
  0
TEXT
  5
875
330
6ED
100
AcDbEntity
 67
1
  8
A-TEXTO
100
AcDbText
 10
353.5
 20
343.4499999999998
 30
0.0
 40
2.0
  1
CIELO RASO TIPO GYPSUM (REGULAR PLANO, SUSPENDIDO A 2,70 m), NIVELES 2 Y 3.
  7
ARIAL
 11
353.5
 21
343.4499999999998
 31
0.0
100
AcDbText
 73
2
  0
LINE
  5
876
330
6ED
100
AcDbEntity
 67
1
  8
A-TABLAS
100
AcDbLine
 10
634.0
 20
346.1999999999998
 30
0.0
 11
634.0
 21
340.6999999999998
 31
0.0
  0
TEXT
  5
877
330
6ED
100
AcDbEntity
 67
1
  8
A-TEXTO
100
AcDbText
 10
667.0
 20
343.4499999999998
 30
0.0
 40
2.0
  1
BLANCO
  7
ARIAL
 72
1
 11
667.0
 21
343.4499999999998
 31
0.0
100
AcDbText
 73
2
  0
LINE
  5
878
330
6ED
100
AcDbEntity
 67
1
  8
A-TABLAS
100
AcDbLine
 10
352.0
 20
340.6999999999998
 30
0.0
 11
700.0
 21
340.6999999999998
 31
0.0
  0
TEXT
  5
879
330
6ED
100
AcDbEntity
 67
1
  8
A-TEXTO
100
AcDbText
 10
353.5
 20
337.9499999999998
 30
0.0
 40
2.0
  1
NIVEL 1: ESTRUCTURA DE ACERO EXPUESTA (SIN CIELO RASO).
  7
ARIAL
 11
353.5
 21
337.9499999999998
 31
0.0
100
AcDbText
 73
2
  0
LINE
  5
87A
330
6ED
100
AcDbEntity
 67
1
  8
A-TABLAS
100
AcDbLine
 10
634.0
 20
340.6999999999998
 30
0.0
 11
634.0
 21
335.1999999999998
 31
0.0
  0
TEXT
  5
87B
330
6ED
100
AcDbEntity
 67
1
  8
A-TEXTO
100
AcDbText
 10
667.0
 20
337.9499999999998
 30
0.0
 40
2.0
  1
SEGÚN C06
  7
ARIAL
 72
1
 11
667.0
 21
337.9499999999998
 31
0.0
100
AcDbText
 73
2
  0
VIEWPORT
  5
87C
330
6ED
100
AcDbEntity
 67
1
  8
A-VIEWPORT
100
AcDbViewport
 10
529.0
 20
283.1999999999998
 30
0.0
 40
354.0
 41
80.0
 68
2
 69
7
 12
208.27
 22
1.2
 13
0.0
 23
0.0
 14
10.0
 24
10.0
 15
10.0
 25
10.0
 16
0.0
 26
0.0
 36
1.0
 17
0.0
 27
0.0
 37
0.0
 42
50.0
 43
0.0
 44
0.0
 45
4.0
 50
0.0
 51
0.0
 72
100
 90
16384
  1

281
0
 71
0
 74
0
110
0.0
120
0.0
130
0.0
111
1.0
121
0.0
131
0.0
112
0.0
122
1.0
132
0.0
 79
0
146
0.0
282
0
  0
TEXT
  5
87D
330
6ED
100
AcDbEntity
 67
1
  8
A-TITULOS
100
AcDbText
 10
352.0
 20
243.19999999999982
 30
0.0
 40
4.5
  1
DETALLE PUERTAS
  7
ARIAL
 11
352.0
 21
243.19999999999982
 31
0.0
100
AcDbText
 73
3
  0
TEXT
  5
87E
330
6ED
100
AcDbEntity
 67
1
  8
A-TEXTO
100
AcDbText
 10
352.0
 20
236.69999999999982
 30
0.0
 40
2.5
  1
Esc. 1:50 - VISTA DESDE EL LADO DE APERTURA
  7
ARIAL
 11
352.0
 21
236.69999999999982
 31
0.0
100
AcDbText
 73
3
  0
TEXT
  5
87F
330
6ED
100
AcDbEntity
 67
1
  8
A-TITULOS
100
AcDbText
 10
352.0
 20
227.19999999999982
 30
0.0
 40
3.5
  1
NOTAS:
  7
ARIAL
 11
352.0
 21
227.19999999999982
 31
0.0
100
AcDbText
 73
3
  0
MTEXT
  5
880
330
6ED
100
AcDbEntity
 67
1
  8
A-NOTAS
100
AcDbMText
 10
352.0
 20
221.19999999999982
 30
0.0
 40
2.0
 41
350.0
 71
1
  1
1.- TODAS LAS MEDIDAS ESTÁN DADAS EN METROS. [PR]
  7
ARIAL
  0
MTEXT
  5
881
330
6ED
100
AcDbEntity
 67
1
  8
A-NOTAS
100
AcDbMText
 10
352.0
 20
217.19999999999982
 30
0.0
 40
2.0
 41
350.0
 71
1
  1
2.- EL NIVEL ±0.00 ES EL NIVEL DE ACERA (NPT DEL NIVEL 1); N2 +3.00 Y N3 +6.00.
  7
ARIAL
  0
MTEXT
  5
882
330
6ED
100
AcDbEntity
 67
1
  8
A-NOTAS
100
AcDbMText
 10
352.0
 20
213.19999999999982
 30
0.0
 40
2.0
 41
350.0
 71
1
  1
3.- LAS MEDIDAS DEBEN SER VERIFICADAS EN SITIO. [PR]
  7
ARIAL
  0
MTEXT
  5
883
330
6ED
100
AcDbEntity
 67
1
  8
A-NOTAS
100
AcDbMText
 10
352.0
 20
209.19999999999982
 30
0.0
 40
2.0
 41
350.0
 71
1
  1
4.- LOS MARCOS DE LAS VENTANAS SERÁN DE ALUMINIO COLOR NEGRO. [PR]
  7
ARIAL
  0
MTEXT
  5
884
330
6ED
100
AcDbEntity
 67
1
  8
A-NOTAS
100
AcDbMText
 10
352.0
 20
205.19999999999982
 30
0.0
 40
2.0
 41
350.0
 71
1
  3
5.- VENTANAS: VENTILA ABATIBLE HACIA AFUERA (BISAGRA SUPERIOR, TRIÁNGULO INVERTIDO); F = PAÑO FIJO. FACHADA PRINCIPAL DE 0.00 A 2.20 m CON PAÑO FIJO INFERIOR DE SEGURIDAD HASTA 0.90 m; LAS DEMÁS CON ANTEPECHO DE 0.90 m Y DINTEL A 2.20 m. VIDRIO ARENA
  1
DO EN BAÑOS.
  7
ARIAL
  0
MTEXT
  5
885
330
6ED
100
AcDbEntity
 67
1
  8
A-NOTAS
100
AcDbMText
 10
352.0
 20
198.2999999999998
 30
0.0
 40
2.0
 41
350.0
 71
1
  1
6.- PUERTAS DE 2.10 m DE ALTO. P-05 Y P-06 (2.40 m) METÁLICAS SEGÚN FACHADA A5.
  7
ARIAL
  0
MTEXT
  5
886
330
6ED
100
AcDbEntity
 67
1
  8
A-NOTAS
100
AcDbMText
 10
352.0
 20
194.2999999999998
 30
0.0
 40
2.0
 41
350.0
 71
1
  1
7.- PLANTAS SIN MOBILIARIO NI COTAS; DISTRIBUCIÓN Y MEDIDAS SEGÚN LÁMINAS A2, A3 Y A4.
  7
ARIAL
  0
MTEXT
  5
887
330
6ED
100
AcDbEntity
 67
1
  8
A-NOTAS
100
AcDbMText
 10
352.0
 20
190.2999999999998
 30
0.0
 40
2.0
 41
350.0
 71
1
  1
[PR] = NOTA TOMADA DEL PROYECTO DE REFERENCIA, PENDIENTE DE REVISIÓN.
  7
ARIAL
  0
INSERT
  5
8CF
330
6ED
100
AcDbEntity
 67
1
  8
A-CAJETIN
100
AcDbBlockReference
 66
1
  2
CAJETIN_A1
 10
711.0
 20
10.0
 30
0.0
  0
ATTRIB
  5
8D1
330
6ED
100
AcDbEntity
 67
1
  8
A-CAJETIN-TXT
100
AcDbText
 10
771.0
 20
261.6
 30
0.0
 40
3.2
  1
CivilCon Diseño y Construcción SRLTDA
  7
ARIAL
 72
1
 11
771.0
 21
261.6
 31
0.0
100
AcDbAttribute
  2
EMPRESA
 70
0
 74
3
 71
1
 72
0
 11
771.0
 21
261.6
 31
0.0
  0
ATTRIB
  5
8D2
330
6ED
100
AcDbEntity
 67
1
  8
A-CAJETIN-TXT
100
AcDbText
 10
771.0
 20
255.6
 30
0.0
 40
2.5
  1
Céd. Jurídica: 3-102-762712
  7
ARIAL
 72
1
 11
771.0
 21
255.6
 31
0.0
100
AcDbAttribute
  2
EMPRESA_CED
 70
0
 74
3
 71
1
 72
0
 11
771.0
 21
255.6
 31
0.0
  0
ATTRIB
  5
8D3
330
6ED
100
AcDbEntity
 67
1
  8
A-CAJETIN-TXT
100
AcDbText
 10
714.0
 20
240.1
 30
0.0
 40
2.6
  1
DIRECTOR TÉCNICO:
  7
ARIAL
 11
714.0
 21
240.1
 31
0.0
100
AcDbAttribute
  2
PROF_1
 70
0
 74
3
 71
1
 72
0
 11
714.0
 21
240.1
 31
0.0
  0
ATTRIB
  5
8D4
330
6ED
100
AcDbEntity
 67
1
  8
A-CAJETIN-TXT
100
AcDbText
 10
714.0
 20
235.6
 30
0.0
 40
2.6
  1
Steven Viales (Civil) IC-40759
  7
ARIAL
 11
714.0
 21
235.6
 31
0.0
100
AcDbAttribute
  2
PROF_2
 70
0
 74
3
 71
1
 72
0
 11
714.0
 21
235.6
 31
0.0
  0
ATTRIB
  5
8D5
330
6ED
100
AcDbEntity
 67
1
  8
A-CAJETIN-TXT
100
AcDbText
 10
714.0
 20
231.1
 30
0.0
 40
2.6
  1
David Barrantes (Electricidad) IE-27499
  7
ARIAL
 11
714.0
 21
231.1
 31
0.0
100
AcDbAttribute
  2
PROF_3
 70
0
 74
3
 71
1
 72
0
 11
714.0
 21
231.1
 31
0.0
  0
ATTRIB
  5
8D6
330
6ED
100
AcDbEntity
 67
1
  8
A-CAJETIN-TXT
100
AcDbText
 10
714.0
 20
218.1
 30
0.0
 40
4.2
  1
VIVIENDA UNIFAMILIAR
  7
ARIAL
 11
714.0
 21
218.1
 31
0.0
100
AcDbAttribute
  2
PROYECTO
 70
0
 74
3
 71
1
 72
0
 11
714.0
 21
218.1
 31
0.0
  0
ATTRIB
  5
8D7
330
6ED
100
AcDbEntity
 67
1
  8
A-CAJETIN-TXT
100
AcDbText
 10
714.0
 20
211.1
 30
0.0
 40
2.5
  1
DISTRITO 03 SANTIAGO, CANTÓN 05 SAN RAFAEL,
  7
ARIAL
 11
714.0
 21
211.1
 31
0.0
100
AcDbAttribute
  2
UBIC_1
 70
0
 74
3
 71
1
 72
0
 11
714.0
 21
211.1
 31
0.0
  0
ATTRIB
  5
8D8
330
6ED
100
AcDbEntity
 67
1
  8
A-CAJETIN-TXT
100
AcDbText
 10
714.0
 20
206.6
 30
0.0
 40
2.5
  1
PROVINCIA 04 HEREDIA, COSTA RICA.
  7
ARIAL
 11
714.0
 21
206.6
 31
0.0
100
AcDbAttribute
  2
UBIC_2
 70
0
 74
3
 71
1
 72
0
 11
714.0
 21
206.6
 31
0.0
  0
ATTRIB
  5
8D9
330
6ED
100
AcDbEntity
 67
1
  8
A-CAJETIN-TXT
100
AcDbText
 10
714.0
 20
202.1
 30
0.0
 40
2.5
  1

  7
ARIAL
 11
714.0
 21
202.1
 31
0.0
100
AcDbAttribute
  2
UBIC_3
 70
0
 74
3
 71
1
 72
0
 11
714.0
 21
202.1
 31
0.0
  0
ATTRIB
  5
8DA
330
6ED
100
AcDbEntity
 67
1
  8
A-CAJETIN-TXT
100
AcDbText
 10
714.0
 20
189.1
 30
0.0
 40
2.5
  1
FOLIO REAL: 4-041200-000
  7
ARIAL
 11
714.0
 21
189.1
 31
0.0
100
AcDbAttribute
  2
REG_1
 70
0
 74
3
 71
1
 72
0
 11
714.0
 21
189.1
 31
0.0
  0
ATTRIB
  5
8DB
330
6ED
100
AcDbEntity
 67
1
  8
A-CAJETIN-TXT
100
AcDbText
 10
714.0
 20
184.6
 30
0.0
 40
2.5
  1
PLANO CATASTRADO: 4-57389-2023
  7
ARIAL
 11
714.0
 21
184.6
 31
0.0
100
AcDbAttribute
  2
REG_2
 70
0
 74
3
 71
1
 72
0
 11
714.0
 21
184.6
 31
0.0
  0
ATTRIB
  5
8DC
330
6ED
100
AcDbEntity
 67
1
  8
A-CAJETIN-TXT
100
AcDbText
 10
714.0
 20
180.1
 30
0.0
 40
2.5
  1
ÁREA SEGÚN CATASTRO: 256 m²
  7
ARIAL
 11
714.0
 21
180.1
 31
0.0
100
AcDbAttribute
  2
REG_3
 70
0
 74
3
 71
1
 72
0
 11
714.0
 21
180.1
 31
0.0
  0
ATTRIB
  5
8DD
330
6ED
100
AcDbEntity
 67
1
  8
A-CAJETIN-TXT
100
AcDbText
 10
714.0
 20
167.1
 30
0.0
 40
5.0
  1
PUERTAS Y VENTANAS
  7
ARIAL
 11
714.0
 21
167.1
 31
0.0
100
AcDbAttribute
  2
CONT_TIT
 70
0
 74
3
 71
1
 72
0
 11
714.0
 21
167.1
 31
0.0
  0
ATTRIB
  5
8DE
330
6ED
100
AcDbEntity
 67
1
  8
A-CAJETIN-TXT
100
AcDbText
 10
714.0
 20
159.6
 30
0.0
 40
3.0
  1
PLANTAS NIVELES 1, 2 Y 3.
  7
ARIAL
 11
714.0
 21
159.6
 31
0.0
100
AcDbAttribute
  2
CONT_1
 70
0
 74
3
 71
1
 72
0
 11
714.0
 21
159.6
 31
0.0
  0
ATTRIB
  5
8DF
330
6ED
100
AcDbEntity
 67
1
  8
A-CAJETIN-TXT
100
AcDbText
 10
714.0
 20
154.1
 30
0.0
 40
3.0
  1
CUADROS DE PUERTAS Y VENTANAS.
  7
ARIAL
 11
714.0
 21
154.1
 31
0.0
100
AcDbAttribute
  2
CONT_2
 70
0
 74
3
 71
1
 72
0
 11
714.0
 21
154.1
 31
0.0
  0
ATTRIB
  5
8E0
330
6ED
100
AcDbEntity
 67
1
  8
A-CAJETIN-TXT
100
AcDbText
 10
714.0
 20
148.6
 30
0.0
 40
3.0
  1
ACABADOS EN PAREDES, PISOS Y CIELOS.
  7
ARIAL
 11
714.0
 21
148.6
 31
0.0
100
AcDbAttribute
  2
CONT_3
 70
0
 74
3
 71
1
 72
0
 11
714.0
 21
148.6
 31
0.0
  0
ATTRIB
  5
8E1
330
6ED
100
AcDbEntity
 67
1
  8
A-CAJETIN-TXT
100
AcDbText
 10
714.0
 20
143.1
 30
0.0
 40
3.0
  1
DETALLE DE PUERTAS Y VENTANAS.
  7
ARIAL
 11
714.0
 21
143.1
 31
0.0
100
AcDbAttribute
  2
CONT_4
 70
0
 74
3
 71
1
 72
0
 11
714.0
 21
143.1
 31
0.0
  0
ATTRIB
  5
8E2
330
6ED
100
AcDbEntity
 67
1
  8
A-CAJETIN-TXT
100
AcDbText
 10
714.0
 20
137.6
 30
0.0
 40
3.0
  1
NOTAS.
  7
ARIAL
 11
714.0
 21
137.6
 31
0.0
100
AcDbAttribute
  2
CONT_5
 70
0
 74
3
 71
1
 72
0
 11
714.0
 21
137.6
 31
0.0
  0
ATTRIB
  5
8E3
330
6ED
100
AcDbEntity
 67
1
  8
A-CAJETIN-TXT
100
AcDbText
 10
714.0
 20
132.1
 30
0.0
 40
3.0
  1

  7
ARIAL
 11
714.0
 21
132.1
 31
0.0
100
AcDbAttribute
  2
CONT_6
 70
0
 74
3
 71
1
 72
0
 11
714.0
 21
132.1
 31
0.0
  0
ATTRIB
  5
8E4
330
6ED
100
AcDbEntity
 67
1
  8
A-CAJETIN-TXT
100
AcDbText
 10
736.0
 20
122.1
 30
0.0
 40
2.2
  1
1:100 / INDICADAS
  7
ARIAL
 11
736.0
 21
122.1
 31
0.0
100
AcDbAttribute
  2
ESCALAS
 70
0
 74
3
 71
1
 72
0
 11
736.0
 21
122.1
 31
0.0
  0
ATTRIB
  5
8E5
330
6ED
100
AcDbEntity
 67
1
  8
A-CAJETIN-TXT
100
AcDbText
 10
717.0
 20
104.0
 30
0.0
 40
2.0
  1
1
  7
ARIAL
 72
1
 11
717.0
 21
104.0
 31
0.0
100
AcDbAttribute
  2
REV0_N
 70
0
 74
2
 71
1
 72
0
 11
717.0
 21
104.0
 31
0.0
  0
ATTRIB
  5
8E6
330
6ED
100
AcDbEntity
 67
1
  8
A-CAJETIN-TXT
100
AcDbText
 10
734.0
 20
104.0
 30
0.0
 40
2.0
  1
06-10-2026
  7
ARIAL
 72
1
 11
734.0
 21
104.0
 31
0.0
100
AcDbAttribute
  2
REV0_F
 70
0
 74
2
 71
1
 72
0
 11
734.0
 21
104.0
 31
0.0
  0
ATTRIB
  5
8E7
330
6ED
100
AcDbEntity
 67
1
  8
A-CAJETIN-TXT
100
AcDbText
 10
746.5
 20
104.0
 30
0.0
 40
2.0
  1
V-05 CON VIDRIO ARENADO
  7
ARIAL
 11
746.5
 21
104.0
 31
0.0
100
AcDbAttribute
  2
REV0_D
 70
0
 74
2
 71
1
 72
0
 11
746.5
 21
104.0
 31
0.0
  0
ATTRIB
  5
8E8
330
6ED
100
AcDbEntity
 67
1
  8
A-CAJETIN-TXT
100
AcDbText
 10
717.0
 20
98.8
 30
0.0
 40
2.0
  1
2
  7
ARIAL
 72
1
 11
717.0
 21
98.8
 31
0.0
100
AcDbAttribute
  2
REV1_N
 70
0
 74
2
 71
1
 72
0
 11
717.0
 21
98.8
 31
0.0
  0
ATTRIB
  5
8E9
330
6ED
100
AcDbEntity
 67
1
  8
A-CAJETIN-TXT
100
AcDbText
 10
734.0
 20
98.8
 30
0.0
 40
2.0
  1
06-10-2026
  7
ARIAL
 72
1
 11
734.0
 21
98.8
 31
0.0
100
AcDbAttribute
  2
REV1_F
 70
0
 74
2
 71
1
 72
0
 11
734.0
 21
98.8
 31
0.0
  0
ATTRIB
  5
8EA
330
6ED
100
AcDbEntity
 67
1
  8
A-CAJETIN-TXT
100
AcDbText
 10
746.5
 20
98.8
 30
0.0
 40
2.0
  1
V-03 DE 0,90 (COLUMNA EJE C-1)
  7
ARIAL
 11
746.5
 21
98.8
 31
0.0
100
AcDbAttribute
  2
REV1_D
 70
0
 74
2
 71
1
 72
0
 11
746.5
 21
98.8
 31
0.0
  0
ATTRIB
  5
8EB
330
6ED
100
AcDbEntity
 67
1
  8
A-CAJETIN-TXT
100
AcDbText
 10
717.0
 20
93.6
 30
0.0
 40
2.0
  1
3
  7
ARIAL
 72
1
 11
717.0
 21
93.6
 31
0.0
100
AcDbAttribute
  2
REV2_N
 70
0
 74
2
 71
1
 72
0
 11
717.0
 21
93.6
 31
0.0
  0
ATTRIB
  5
8EC
330
6ED
100
AcDbEntity
 67
1
  8
A-CAJETIN-TXT
100
AcDbText
 10
734.0
 20
93.6
 30
0.0
 40
2.0
  1
07-10-2026
  7
ARIAL
 72
1
 11
734.0
 21
93.6
 31
0.0
100
AcDbAttribute
  2
REV2_F
 70
0
 74
2
 71
1
 72
0
 11
734.0
 21
93.6
 31
0.0
  0
ATTRIB
  5
8ED
330
6ED
100
AcDbEntity
 67
1
  8
A-CAJETIN-TXT
100
AcDbText
 10
746.5
 20
93.6
 30
0.0
 40
2.0
  1
REFERENCIA A C06 (ESTRUCTURA EXPUESTA)
  7
ARIAL
 11
746.5
 21
93.6
 31
0.0
100
AcDbAttribute
  2
REV2_D
 70
0
 74
2
 71
1
 72
0
 11
746.5
 21
93.6
 31
0.0
  0
ATTRIB
  5
8EE
330
6ED
100
AcDbEntity
 67
1
  8
A-CAJETIN-TXT
100
AcDbText
 10
771.0
 20
82.99999999999999
 30
0.0
 40
3.0
  1
VERSIÓN DE TRABAJO
  7
ARIAL
 72
1
 11
771.0
 21
82.99999999999999
 31
0.0
100
AcDbAttribute
  2
ESTADO_1
 70
0
 74
3
 71
1
 72
0
 11
771.0
 21
82.99999999999999
 31
0.0
  0
ATTRIB
  5
8EF
330
6ED
100
AcDbEntity
 67
1
  8
A-CAJETIN-TXT
100
AcDbText
 10
771.0
 20
77.99999999999999
 30
0.0
 40
2.4
  1
NO APTA PARA CONSTRUCCIÓN NI TRÁMITE
  7
ARIAL
 72
1
 11
771.0
 21
77.99999999999999
 31
0.0
100
AcDbAttribute
  2
ESTADO_2
 70
0
 74
3
 71
1
 72
0
 11
771.0
 21
77.99999999999999
 31
0.0
  0
ATTRIB
  5
8F0
330
6ED
100
AcDbEntity
 67
1
  8
A-CAJETIN-TXT
100
AcDbText
 10
744.0
 20
49.999999999999986
 30
0.0
 40
5.0
  1
COSTA RICA
  7
ARIAL
 72
1
 11
744.0
 21
49.999999999999986
 31
0.0
100
AcDbAttribute
  2
LUGAR
 70
0
 74
2
 71
1
 72
0
 11
744.0
 21
49.999999999999986
 31
0.0
  0
ATTRIB
  5
8F1
330
6ED
100
AcDbEntity
 67
1
  8
A-CAJETIN-TXT
100
AcDbText
 10
804.0
 20
49.999999999999986
 30
0.0
 40
14.0
  1
A7
  7
ARIAL
 72
1
 11
804.0
 21
49.999999999999986
 31
0.0
100
AcDbAttribute
  2
LAMINA
 70
0
 74
2
 71
1
 72
0
 11
804.0
 21
49.999999999999986
 31
0.0
  0
ATTRIB
  5
8F2
330
6ED
100
AcDbEntity
 67
1
  8
A-CAJETIN-TXT
100
AcDbText
 10
744.0
 20
23.499999999999993
 30
0.0
 40
6.0
  1
OCT 2026
  7
ARIAL
 72
1
 11
744.0
 21
23.499999999999993
 31
0.0
100
AcDbAttribute
  2
FECHA
 70
0
 74
2
 71
1
 72
0
 11
744.0
 21
23.499999999999993
 31
0.0
  0
ATTRIB
  5
8F3
330
6ED
100
AcDbEntity
 67
1
  8
A-CAJETIN-TXT
100
AcDbText
 10
815.0
 20
23.499999999999993
 30
0.0
 40
9.0
  1
--
  7
ARIAL
 72
1
 11
815.0
 21
23.499999999999993
 31
0.0
100
AcDbAttribute
  2
TOTAL
 70
0
 74
2
 71
1
 72
0
 11
815.0
 21
23.499999999999993
 31
0.0
  0
SEQEND
  5
8D0
330
8CF
100
AcDbEntity
 67
1
  8
A-CAJETIN
  0
ENDSEC
  0
SECTION
  2
OBJECTS
  0
DICTIONARY
  5
A
330
0
100
AcDbDictionary
281
1
  3
ACAD_COLOR
350
B
  3
ACAD_GROUP
350
C
  3
ACAD_LAYOUT
350
D
  3
ACAD_MATERIAL
350
E
  3
ACAD_MLEADERSTYLE
350
F
  3
ACAD_MLINESTYLE
350
10
  3
ACAD_PLOTSETTINGS
350
11
  3
ACAD_PLOTSTYLENAME
350
12
  3
ACAD_SCALELIST
350
14
  3
ACAD_TABLESTYLE
350
15
  3
ACAD_VISUALSTYLE
350
16
  3
EZDXF_META
350
2D
  0
DICTIONARY
  5
B
330
A
100
AcDbDictionary
281
1
  0
DICTIONARY
  5
C
330
A
100
AcDbDictionary
281
1
  0
DICTIONARY
  5
D
330
A
100
AcDbDictionary
281
1
  3
Model
350
1A
  3
Layout1
350
1E
  3
A7-PUERTAS-VENTANAS
350
6F0
  0
DICTIONARY
  5
E
330
A
100
AcDbDictionary
281
1
  3
ByBlock
350
1F
  3
ByLayer
350
20
  3
Global
350
21
  0
DICTIONARY
  5
F
330
A
100
AcDbDictionary
281
1
  3
Standard
350
2C
  0
DICTIONARY
  5
10
330
A
100
AcDbDictionary
281
1
  3
Standard
350
22
  0
DICTIONARY
  5
11
330
A
100
AcDbDictionary
281
1
  0
ACDBDICTIONARYWDFLT
  5
12
330
A
100
AcDbDictionary
281
1
  3
Normal
350
13
100
AcDbDictionaryWithDefault
340
13
  0
ACDBPLACEHOLDER
  5
13
330
12
  0
DICTIONARY
  5
14
330
A
100
AcDbDictionary
281
1
  0
DICTIONARY
  5
15
330
A
100
AcDbDictionary
281
1
  0
DICTIONARY
  5
16
330
A
100
AcDbDictionary
281
1
  3
2dWireframe
350
5A
  3
Basic
350
5B
  3
Brighten
350
5C
  3
ColorChange
350
5D
  3
Conceptual
350
5E
  3
Dim
350
5F
  3
EdgeColorOff
350
60
  3
Facepattern
350
61
  3
Flat
350
62
  3
FlatWithEdges
350
63
  3
Gouraud
350
64
  3
GouraudWithEdges
350
65
  3
Hidden
350
66
  3
JitterOff
350
67
  3
Linepattern
350
68
  3
Modeling
350
69
  3
OverhangOff
350
6A
  3
Realistic
350
6B
  3
Shaded
350
6C
  3
Shaded with edges
350
6D
  3
Shades of Gray
350
6E
  3
Sketchy
350
6F
  3
Thicken
350
70
  3
Wireframe
350
71
  3
X-Ray
350
72
  0
LAYOUT
  5
1A
330
D
100
AcDbPlotSettings
  1

  4
A3
  6

 40
7.5
 41
20.0
 42
7.5
 43
20.0
 44
420.0
 45
297.0
 46
0.0
 47
0.0
 48
0.0
 49
0.0
140
0.0
141
0.0
142
1.0
143
1.0
 70
1024
 72
1
 73
0
 74
5
  7

 75
16
 76
0
 77
2
 78
300
147
1.0
148
0.0
149
0.0
100
AcDbLayout
  1
Model
 70
1
 71
0
 10
0.0
 20
0.0
 11
420.0
 21
297.0
 12
0.0
 22
0.0
 32
0.0
 14
1e+20
 24
1e+20
 34
1e+20
 15
-1e+20
 25
-1e+20
 35
-1e+20
146
0.0
 13
0.0
 23
0.0
 33
0.0
 16
1.0
 26
0.0
 36
0.0
 17
0.0
 27
1.0
 37
0.0
 76
1
330
17
  0
LAYOUT
  5
1E
330
D
100
AcDbPlotSettings
  1

  4
A3
  6

 40
7.5
 41
20.0
 42
7.5
 43
20.0
 44
420.0
 45
297.0
 46
0.0
 47
0.0
 48
0.0
 49
0.0
140
0.0
141
0.0
142
1.0
143
1.0
 70
0
 72
1
 73
0
 74
5
  7

 75
16
 76
0
 77
2
 78
300
147
1.0
148
0.0
149
0.0
100
AcDbLayout
  1
Layout1
 70
1
 71
1
 10
0.0
 20
0.0
 11
420.0
 21
297.0
 12
0.0
 22
0.0
 32
0.0
 14
1e+20
 24
1e+20
 34
1e+20
 15
-1e+20
 25
-1e+20
 35
-1e+20
146
0.0
 13
0.0
 23
0.0
 33
0.0
 16
1.0
 26
0.0
 36
0.0
 17
0.0
 27
1.0
 37
0.0
 76
1
330
1B
  0
MATERIAL
  5
1F
102
{ACAD_REACTORS
330
E
102
}
330
E
100
AcDbMaterial
  1
ByBlock
  2

 70
0
 40
1.0
 71
1
 41
1.0
 91
-1023410177
 42
1.0
 72
1
  3

 73
1
 74
1
 75
1
 44
0.5
 73
0
 45
1.0
 46
1.0
 77
1
  4

 78
1
 79
1
170
1
 48
1.0
171
1
  6

172
1
173
1
174
1
140
1.0
141
1.0
175
1
  7

176
1
177
1
178
1
143
1.0
179
1
  8

270
1
271
1
272
1
145
1.0
146
1.0
273
1
  9

274
1
275
1
276
1
 42
1.0
 72
1
  3

 73
1
 74
1
 75
1
 94
63
  0
MATERIAL
  5
20
102
{ACAD_REACTORS
330
E
102
}
330
E
100
AcDbMaterial
  1
ByLayer
  2

 70
0
 40
1.0
 71
1
 41
1.0
 91
-1023410177
 42
1.0
 72
1
  3

 73
1
 74
1
 75
1
 44
0.5
 73
0
 45
1.0
 46
1.0
 77
1
  4

 78
1
 79
1
170
1
 48
1.0
171
1
  6

172
1
173
1
174
1
140
1.0
141
1.0
175
1
  7

176
1
177
1
178
1
143
1.0
179
1
  8

270
1
271
1
272
1
145
1.0
146
1.0
273
1
  9

274
1
275
1
276
1
 42
1.0
 72
1
  3

 73
1
 74
1
 75
1
 94
63
  0
MATERIAL
  5
21
102
{ACAD_REACTORS
330
E
102
}
330
E
100
AcDbMaterial
  1
Global
  2

 70
0
 40
1.0
 71
1
 41
1.0
 91
-1023410177
 42
1.0
 72
1
  3

 73
1
 74
1
 75
1
 44
0.5
 73
0
 45
1.0
 46
1.0
 77
1
  4

 78
1
 79
1
170
1
 48
1.0
171
1
  6

172
1
173
1
174
1
140
1.0
141
1.0
175
1
  7

176
1
177
1
178
1
143
1.0
179
1
  8

270
1
271
1
272
1
145
1.0
146
1.0
273
1
  9

274
1
275
1
276
1
 42
1.0
 72
1
  3

 73
1
 74
1
 75
1
 94
63
  0
MLINESTYLE
  5
22
102
{ACAD_REACTORS
330
10
102
}
330
10
100
AcDbMlineStyle
  2
Standard
 70
0
  3

 62
256
 51
90.0
 52
90.0
 71
2
 49
0.5
 62
256
  6
BYLAYER
 49
-0.5
 62
256
  6
BYLAYER
  0
MLEADERSTYLE
  5
2C
102
{ACAD_REACTORS
330
F
102
}
330
F
100
AcDbMLeaderStyle
179
2
170
2
171
1
172
0
 90
2
 40
0.0
 41
0.0
173
1
 91
-1056964608
 92
-2
290
1
 42
2.0
291
1
 43
8.0
  3
Standard
 44
4.0
300

342
29
174
1
175
1
176
0
178
1
 93
-1056964608
 45
4.0
292
0
297
0
 46
4.0
 94
-1056964608
 47
1.0
 49
1.0
140
1.0
294
1
141
0.0
177
0
142
1.0
295
0
296
0
143
3.75
271
0
272
9
273
9
  0
DICTIONARY
  5
2D
330
A
100
AcDbDictionary
280
1
281
1
  3
CREATED_BY_EZDXF
350
2E
  3
WRITTEN_BY_EZDXF
350
8F6
  0
DICTIONARYVAR
  5
2E
330
2D
100
DictionaryVariables
280
0
  1
1.4.4 @ 2026-10-07T01:51:31.656158+00:00
  0
VISUALSTYLE
  5
5A
102
{ACAD_REACTORS
330
16
102
}
330
16
100
AcDbVisualStyle
  2
2dWireframe
 70
4
177
3
291
0
 70
58
 90
2
176
1
 90
2
176
1
 90
0
176
1
 90
0
176
1
 40
0.6
176
1
 40
30.0
176
1
 62
7
420
16777215
176
1
 90
1
176
1
 90
4
176
1
 62
7
176
1
 62
257
176
1
 90
1
176
1
 90
1
176
1
 40
1.0
176
1
 90
8
176
1
 62
7
176
1
 40
1.0
176
1
 90
1
176
1
 90
6
176
1
 90
2
176
1
 62
7
176
1
 90
5
176
1
 90
0
176
1
 90
0
176
1
290
0
176
1
 90
1
176
1
 40
0.0
176
1
 90
0
176
1
290
1
176
1
290
1
176
1
290
0
176
1
290
0
176
1
290
0
176
1
290
0
176
1
290
0
176
1
290
0
176
1
290
0
176
1
 90
50
176
1
 40
0.0
176
1
 40
1.0
176
1
 90
0
176
1
 62
18
420
0
176
1
 90
50
176
1
 90
3
176
1
 62
5
420
255
176
1
290
0
176
1
 90
50
176
1
 90
50
176
1
 90
50
176
1
290
0
176
1
 90
50
176
1
 62
256
176
0
 40
1.0
176
0
 90
2
176
1
  1
strokes_ogs.tif
176
1
290
0
176
1
 40
1.0
176
1
 40
1.0
176
1
  0
VISUALSTYLE
  5
5B
102
{ACAD_REACTORS
330
16
102
}
330
16
100
AcDbVisualStyle
  2
Basic
 70
7
177
3
291
1
 70
58
 90
2
176
1
 90
2
176
1
 90
0
176
1
 90
1
176
1
 40
0.6
176
1
 40
30.0
176
1
 62
7
420
16777215
176
1
 90
1
176
1
 90
4
176
1
 62
7
176
1
 62
257
176
1
 90
1
176
1
 90
1
176
1
 40
1.0
176
1
 90
8
176
1
 62
7
176
1
 40
1.0
176
1
 90
1
176
1
 90
6
176
1
 90
2
176
1
 62
7
176
1
 90
5
176
1
 90
0
176
1
 90
0
176
1
290
0
176
1
 90
1
176
1
 40
0.0
176
1
 90
0
176
1
290
0
176
1
290
1
176
1
290
1
176
1
290
0
176
1
290
0
176
1
290
0
176
1
290
0
176
1
290
0
176
1
290
0
176
1
 90
50
176
1
 40
0.0
176
1
 40
1.0
176
1
 90
0
176
1
 62
18
420
0
176
1
 90
50
176
1
 90
3
176
1
 62
5
420
255
176
1
290
0
176
1
 90
50
176
1
 90
50
176
1
 90
50
176
1
290
0
176
1
 90
50
176
1
 62
256
176
0
 40
1.0
176
0
 90
2
176
1
  1
strokes_ogs.tif
176
1
290
0
176
1
 40
1.0
176
1
 40
1.0
176
1
  0
VISUALSTYLE
  5
5C
102
{ACAD_REACTORS
330
16
102
}
330
16
100
AcDbVisualStyle
  2
Brighten
 70
12
177
3
291
1
 70
58
 90
2
176
1
 90
2
176
1
 90
0
176
1
 90
2
176
1
 40
0.6
176
1
 40
30.0
176
1
 62
7
420
16777215
176
1
 90
1
176
1
 90
4
176
1
 62
7
176
1
 62
257
176
1
 90
1
176
1
 90
1
176
1
 40
1.0
176
1
 90
8
176
1
 62
7
176
1
 40
1.0
176
1
 90
1
176
1
 90
6
176
1
 90
2
176
1
 62
7
176
1
 90
5
176
1
 90
0
176
1
 90
0
176
1
290
0
176
1
 90
1
176
1
 40
0.0
176
1
 90
0
176
1
290
0
176
1
290
1
176
1
290
1
176
1
290
0
176
1
290
0
176
1
290
0
176
1
290
0
176
1
290
0
176
1
290
0
176
1
 90
50
176
1
 40
0.0
176
1
 40
1.0
176
1
 90
0
176
1
 62
18
420
0
176
1
 90
50
176
1
 90
3
176
1
 62
5
420
255
176
1
290
0
176
1
 90
50
176
1
 90
50
176
1
 90
50
176
1
290
0
176
1
 90
50
176
1
 62
256
176
0
 40
1.0
176
0
 90
2
176
1
  1
strokes_ogs.tif
176
1
290
0
176
1
 40
1.0
176
1
 40
1.0
176
1
  0
VISUALSTYLE
  5
5D
102
{ACAD_REACTORS
330
16
102
}
330
16
100
AcDbVisualStyle
  2
ColorChange
 70
16
177
3
291
1
 70
58
 90
2
176
1
 90
2
176
1
 90
0
176
1
 90
2
176
1
 40
0.6
176
1
 40
30.0
176
1
 62
7
420
16777215
176
1
 90
1
176
1
 90
4
176
1
 62
7
176
1
 62
257
176
1
 90
1
176
1
 90
1
176
1
 40
1.0
176
1
 90
8
176
1
 62
7
176
1
 40
1.0
176
1
 90
1
176
1
 90
6
176
1
 90
2
176
1
 62
7
176
1
 90
5
176
1
 90
0
176
1
 90
0
176
1
290
0
176
1
 90
1
176
1
 40
0.0
176
1
 90
0
176
1
290
0
176
1
290
1
176
1
290
1
176
1
290
0
176
1
290
0
176
1
290
0
176
1
290
0
176
1
290
0
176
1
290
0
176
1
 90
50
176
1
 40
0.0
176
1
 40
1.0
176
1
 90
0
176
1
 62
18
420
0
176
1
 90
50
176
1
 90
3
176
1
 62
5
420
255
176
1
290
0
176
1
 90
50
176
1
 90
50
176
1
 90
50
176
1
290
0
176
1
 90
50
176
1
 62
256
176
0
 40
1.0
176
0
 90
2
176
1
  1
strokes_ogs.tif
176
1
290
0
176
1
 40
1.0
176
1
 40
1.0
176
1
  0
VISUALSTYLE
  5
5E
102
{ACAD_REACTORS
330
16
102
}
330
16
100
AcDbVisualStyle
  2
Conceptual
 70
9
177
3
291
0
 70
58
 90
2
176
1
 90
2
176
1
 90
0
176
1
 90
3
176
1
 40
0.6
176
1
 40
30.0
176
1
 62
7
420
16777215
176
1
 90
1
176
1
 90
4
176
1
 62
7
176
1
 62
257
176
1
 90
1
176
1
 90
1
176
1
 40
1.0
176
1
 90
8
176
1
 62
7
176
1
 40
1.0
176
1
 90
1
176
1
 90
6
176
1
 90
2
176
1
 62
7
176
1
 90
5
176
1
 90
0
176
1
 90
0
176
1
290
0
176
1
 90
1
176
1
 40
0.0
176
1
 90
0
176
1
290
0
176
1
290
1
176
1
290
1
176
1
290
0
176
1
290
0
176
1
290
0
176
1
290
0
176
1
290
0
176
1
290
0
176
1
 90
50
176
1
 40
0.0
176
1
 40
1.0
176
1
 90
0
176
1
 62
18
420
0
176
1
 90
50
176
1
 90
3
176
1
 62
5
420
255
176
1
290
0
176
1
 90
50
176
1
 90
50
176
1
 90
50
176
1
290
0
176
1
 90
50
176
1
 62
256
176
0
 40
1.0
176
0
 90
2
176
1
  1
strokes_ogs.tif
176
1
290
0
176
1
 40
1.0
176
1
 40
1.0
176
1
  0
VISUALSTYLE
  5
5F
102
{ACAD_REACTORS
330
16
102
}
330
16
100
AcDbVisualStyle
  2
Dim
 70
11
177
3
291
1
 70
58
 90
2
176
1
 90
2
176
1
 90
0
176
1
 90
2
176
1
 40
0.6
176
1
 40
30.0
176
1
 62
7
420
16777215
176
1
 90
1
176
1
 90
4
176
1
 62
7
176
1
 62
257
176
1
 90
1
176
1
 90
1
176
1
 40
1.0
176
1
 90
8
176
1
 62
7
176
1
 40
1.0
176
1
 90
1
176
1
 90
6
176
1
 90
2
176
1
 62
7
176
1
 90
5
176
1
 90
0
176
1
 90
0
176
1
290
0
176
1
 90
1
176
1
 40
0.0
176
1
 90
0
176
1
290
0
176
1
290
1
176
1
290
1
176
1
290
0
176
1
290
0
176
1
290
0
176
1
290
0
176
1
290
0
176
1
290
0
176
1
 90
50
176
1
 40
0.0
176
1
 40
1.0
176
1
 90
0
176
1
 62
18
420
0
176
1
 90
50
176
1
 90
3
176
1
 62
5
420
255
176
1
290
0
176
1
 90
50
176
1
 90
50
176
1
 90
50
176
1
290
0
176
1
 90
50
176
1
 62
256
176
0
 40
1.0
176
0
 90
2
176
1
  1
strokes_ogs.tif
176
1
290
0
176
1
 40
1.0
176
1
 40
1.0
176
1
  0
VISUALSTYLE
  5
60
102
{ACAD_REACTORS
330
16
102
}
330
16
100
AcDbVisualStyle
  2
EdgeColorOff
 70
22
177
3
291
1
 70
58
 90
2
176
1
 90
2
176
1
 90
0
176
1
 90
2
176
1
 40
0.6
176
1
 40
30.0
176
1
 62
7
420
16777215
176
1
 90
1
176
1
 90
4
176
1
 62
7
176
1
 62
257
176
1
 90
1
176
1
 90
1
176
1
 40
1.0
176
1
 90
8
176
1
 62
7
176
1
 40
1.0
176
1
 90
1
176
1
 90
6
176
1
 90
2
176
1
 62
7
176
1
 90
5
176
1
 90
0
176
1
 90
0
176
1
290
0
176
1
 90
1
176
1
 40
0.0
176
1
 90
0
176
1
290
0
176
1
290
1
176
1
290
1
176
1
290
0
176
1
290
0
176
1
290
0
176
1
290
0
176
1
290
0
176
1
290
0
176
1
 90
50
176
1
 40
0.0
176
1
 40
1.0
176
1
 90
0
176
1
 62
18
420
0
176
1
 90
50
176
1
 90
3
176
1
 62
5
420
255
176
1
290
0
176
1
 90
50
176
1
 90
50
176
1
 90
50
176
1
290
0
176
1
 90
50
176
1
 62
256
176
0
 40
1.0
176
0
 90
2
176
1
  1
strokes_ogs.tif
176
1
290
0
176
1
 40
1.0
176
1
 40
1.0
176
1
  0
VISUALSTYLE
  5
61
102
{ACAD_REACTORS
330
16
102
}
330
16
100
AcDbVisualStyle
  2
Facepattern
 70
15
177
3
291
1
 70
58
 90
2
176
1
 90
2
176
1
 90
0
176
1
 90
2
176
1
 40
0.6
176
1
 40
30.0
176
1
 62
7
420
16777215
176
1
 90
1
176
1
 90
4
176
1
 62
7
176
1
 62
257
176
1
 90
1
176
1
 90
1
176
1
 40
1.0
176
1
 90
8
176
1
 62
7
176
1
 40
1.0
176
1
 90
1
176
1
 90
6
176
1
 90
2
176
1
 62
7
176
1
 90
5
176
1
 90
0
176
1
 90
0
176
1
290
0
176
1
 90
1
176
1
 40
0.0
176
1
 90
0
176
1
290
0
176
1
290
1
176
1
290
1
176
1
290
0
176
1
290
0
176
1
290
0
176
1
290
0
176
1
290
0
176
1
290
0
176
1
 90
50
176
1
 40
0.0
176
1
 40
1.0
176
1
 90
0
176
1
 62
18
420
0
176
1
 90
50
176
1
 90
3
176
1
 62
5
420
255
176
1
290
0
176
1
 90
50
176
1
 90
50
176
1
 90
50
176
1
290
0
176
1
 90
50
176
1
 62
256
176
0
 40
1.0
176
0
 90
2
176
1
  1
strokes_ogs.tif
176
1
290
0
176
1
 40
1.0
176
1
 40
1.0
176
1
  0
VISUALSTYLE
  5
62
102
{ACAD_REACTORS
330
16
102
}
330
16
100
AcDbVisualStyle
  2
Flat
 70
0
177
3
291
1
 70
58
 90
2
176
1
 90
2
176
1
 90
0
176
1
 90
2
176
1
 40
0.6
176
1
 40
30.0
176
1
 62
7
420
16777215
176
1
 90
1
176
1
 90
4
176
1
 62
7
176
1
 62
257
176
1
 90
1
176
1
 90
1
176
1
 40
1.0
176
1
 90
8
176
1
 62
7
176
1
 40
1.0
176
1
 90
1
176
1
 90
6
176
1
 90
2
176
1
 62
7
176
1
 90
5
176
1
 90
0
176
1
 90
0
176
1
290
0
176
1
 90
1
176
1
 40
0.0
176
1
 90
0
176
1
290
0
176
1
290
1
176
1
290
1
176
1
290
0
176
1
290
0
176
1
290
0
176
1
290
0
176
1
290
0
176
1
290
0
176
1
 90
50
176
1
 40
0.0
176
1
 40
1.0
176
1
 90
0
176
1
 62
18
420
0
176
1
 90
50
176
1
 90
3
176
1
 62
5
420
255
176
1
290
0
176
1
 90
50
176
1
 90
50
176
1
 90
50
176
1
290
0
176
1
 90
50
176
1
 62
256
176
0
 40
1.0
176
0
 90
2
176
1
  1
strokes_ogs.tif
176
1
290
0
176
1
 40
1.0
176
1
 40
1.0
176
1
  0
VISUALSTYLE
  5
63
102
{ACAD_REACTORS
330
16
102
}
330
16
100
AcDbVisualStyle
  2
FlatWithEdges
 70
1
177
3
291
1
 70
58
 90
2
176
1
 90
2
176
1
 90
0
176
1
 90
2
176
1
 40
0.6
176
1
 40
30.0
176
1
 62
7
420
16777215
176
1
 90
1
176
1
 90
4
176
1
 62
7
176
1
 62
257
176
1
 90
1
176
1
 90
1
176
1
 40
1.0
176
1
 90
8
176
1
 62
7
176
1
 40
1.0
176
1
 90
1
176
1
 90
6
176
1
 90
2
176
1
 62
7
176
1
 90
5
176
1
 90
0
176
1
 90
0
176
1
290
0
176
1
 90
1
176
1
 40
0.0
176
1
 90
0
176
1
290
0
176
1
290
1
176
1
290
1
176
1
290
0
176
1
290
0
176
1
290
0
176
1
290
0
176
1
290
0
176
1
290
0
176
1
 90
50
176
1
 40
0.0
176
1
 40
1.0
176
1
 90
0
176
1
 62
18
420
0
176
1
 90
50
176
1
 90
3
176
1
 62
5
420
255
176
1
290
0
176
1
 90
50
176
1
 90
50
176
1
 90
50
176
1
290
0
176
1
 90
50
176
1
 62
256
176
0
 40
1.0
176
0
 90
2
176
1
  1
strokes_ogs.tif
176
1
290
0
176
1
 40
1.0
176
1
 40
1.0
176
1
  0
VISUALSTYLE
  5
64
102
{ACAD_REACTORS
330
16
102
}
330
16
100
AcDbVisualStyle
  2
Gouraud
 70
2
177
3
291
1
 70
58
 90
2
176
1
 90
2
176
1
 90
0
176
1
 90
2
176
1
 40
0.6
176
1
 40
30.0
176
1
 62
7
420
16777215
176
1
 90
1
176
1
 90
4
176
1
 62
7
176
1
 62
257
176
1
 90
1
176
1
 90
1
176
1
 40
1.0
176
1
 90
8
176
1
 62
7
176
1
 40
1.0
176
1
 90
1
176
1
 90
6
176
1
 90
2
176
1
 62
7
176
1
 90
5
176
1
 90
0
176
1
 90
0
176
1
290
0
176
1
 90
1
176
1
 40
0.0
176
1
 90
0
176
1
290
0
176
1
290
1
176
1
290
1
176
1
290
0
176
1
290
0
176
1
290
0
176
1
290
0
176
1
290
0
176
1
290
0
176
1
 90
50
176
1
 40
0.0
176
1
 40
1.0
176
1
 90
0
176
1
 62
18
420
0
176
1
 90
50
176
1
 90
3
176
1
 62
5
420
255
176
1
290
0
176
1
 90
50
176
1
 90
50
176
1
 90
50
176
1
290
0
176
1
 90
50
176
1
 62
256
176
0
 40
1.0
176
0
 90
2
176
1
  1
strokes_ogs.tif
176
1
290
0
176
1
 40
1.0
176
1
 40
1.0
176
1
  0
VISUALSTYLE
  5
65
102
{ACAD_REACTORS
330
16
102
}
330
16
100
AcDbVisualStyle
  2
GouraudWithEdges
 70
3
177
3
291
1
 70
58
 90
2
176
1
 90
2
176
1
 90
0
176
1
 90
2
176
1
 40
0.6
176
1
 40
30.0
176
1
 62
7
420
16777215
176
1
 90
1
176
1
 90
4
176
1
 62
7
176
1
 62
257
176
1
 90
1
176
1
 90
1
176
1
 40
1.0
176
1
 90
8
176
1
 62
7
176
1
 40
1.0
176
1
 90
1
176
1
 90
6
176
1
 90
2
176
1
 62
7
176
1
 90
5
176
1
 90
0
176
1
 90
0
176
1
290
0
176
1
 90
1
176
1
 40
0.0
176
1
 90
0
176
1
290
0
176
1
290
1
176
1
290
1
176
1
290
0
176
1
290
0
176
1
290
0
176
1
290
0
176
1
290
0
176
1
290
0
176
1
 90
50
176
1
 40
0.0
176
1
 40
1.0
176
1
 90
0
176
1
 62
18
420
0
176
1
 90
50
176
1
 90
3
176
1
 62
5
420
255
176
1
290
0
176
1
 90
50
176
1
 90
50
176
1
 90
50
176
1
290
0
176
1
 90
50
176
1
 62
256
176
0
 40
1.0
176
0
 90
2
176
1
  1
strokes_ogs.tif
176
1
290
0
176
1
 40
1.0
176
1
 40
1.0
176
1
  0
VISUALSTYLE
  5
66
102
{ACAD_REACTORS
330
16
102
}
330
16
100
AcDbVisualStyle
  2
Hidden
 70
6
177
3
291
0
 70
58
 90
2
176
1
 90
2
176
1
 90
0
176
1
 90
1
176
1
 40
0.6
176
1
 40
30.0
176
1
 62
7
420
16777215
176
1
 90
1
176
1
 90
4
176
1
 62
7
176
1
 62
257
176
1
 90
1
176
1
 90
1
176
1
 40
1.0
176
1
 90
8
176
1
 62
7
176
1
 40
1.0
176
1
 90
1
176
1
 90
6
176
1
 90
2
176
1
 62
7
176
1
 90
5
176
1
 90
0
176
1
 90
0
176
1
290
0
176
1
 90
1
176
1
 40
0.0
176
1
 90
0
176
1
290
0
176
1
290
1
176
1
290
1
176
1
290
0
176
1
290
0
176
1
290
0
176
1
290
0
176
1
290
0
176
1
290
0
176
1
 90
50
176
1
 40
0.0
176
1
 40
1.0
176
1
 90
0
176
1
 62
18
420
0
176
1
 90
50
176
1
 90
3
176
1
 62
5
420
255
176
1
290
0
176
1
 90
50
176
1
 90
50
176
1
 90
50
176
1
290
0
176
1
 90
50
176
1
 62
256
176
0
 40
1.0
176
0
 90
2
176
1
  1
strokes_ogs.tif
176
1
290
0
176
1
 40
1.0
176
1
 40
1.0
176
1
  0
VISUALSTYLE
  5
67
102
{ACAD_REACTORS
330
16
102
}
330
16
100
AcDbVisualStyle
  2
JitterOff
 70
20
177
3
291
1
 70
58
 90
2
176
1
 90
2
176
1
 90
0
176
1
 90
2
176
1
 40
0.6
176
1
 40
30.0
176
1
 62
7
420
16777215
176
1
 90
1
176
1
 90
4
176
1
 62
7
176
1
 62
257
176
1
 90
1
176
1
 90
1
176
1
 40
1.0
176
1
 90
8
176
1
 62
7
176
1
 40
1.0
176
1
 90
1
176
1
 90
6
176
1
 90
2
176
1
 62
7
176
1
 90
5
176
1
 90
0
176
1
 90
0
176
1
290
0
176
1
 90
1
176
1
 40
0.0
176
1
 90
0
176
1
290
0
176
1
290
1
176
1
290
1
176
1
290
0
176
1
290
0
176
1
290
0
176
1
290
0
176
1
290
0
176
1
290
0
176
1
 90
50
176
1
 40
0.0
176
1
 40
1.0
176
1
 90
0
176
1
 62
18
420
0
176
1
 90
50
176
1
 90
3
176
1
 62
5
420
255
176
1
290
0
176
1
 90
50
176
1
 90
50
176
1
 90
50
176
1
290
0
176
1
 90
50
176
1
 62
256
176
0
 40
1.0
176
0
 90
2
176
1
  1
strokes_ogs.tif
176
1
290
0
176
1
 40
1.0
176
1
 40
1.0
176
1
  0
VISUALSTYLE
  5
68
102
{ACAD_REACTORS
330
16
102
}
330
16
100
AcDbVisualStyle
  2
Linepattern
 70
14
177
3
291
1
 70
58
 90
2
176
1
 90
2
176
1
 90
0
176
1
 90
2
176
1
 40
0.6
176
1
 40
30.0
176
1
 62
7
420
16777215
176
1
 90
1
176
1
 90
4
176
1
 62
7
176
1
 62
257
176
1
 90
1
176
1
 90
1
176
1
 40
1.0
176
1
 90
8
176
1
 62
7
176
1
 40
1.0
176
1
 90
1
176
1
 90
6
176
1
 90
2
176
1
 62
7
176
1
 90
5
176
1
 90
0
176
1
 90
0
176
1
290
0
176
1
 90
1
176
1
 40
0.0
176
1
 90
0
176
1
290
0
176
1
290
1
176
1
290
1
176
1
290
0
176
1
290
0
176
1
290
0
176
1
290
0
176
1
290
0
176
1
290
0
176
1
 90
50
176
1
 40
0.0
176
1
 40
1.0
176
1
 90
0
176
1
 62
18
420
0
176
1
 90
50
176
1
 90
3
176
1
 62
5
420
255
176
1
290
0
176
1
 90
50
176
1
 90
50
176
1
 90
50
176
1
290
0
176
1
 90
50
176
1
 62
256
176
0
 40
1.0
176
0
 90
2
176
1
  1
strokes_ogs.tif
176
1
290
0
176
1
 40
1.0
176
1
 40
1.0
176
1
  0
VISUALSTYLE
  5
69
102
{ACAD_REACTORS
330
16
102
}
330
16
100
AcDbVisualStyle
  2
Modeling
 70
10
177
3
291
0
 70
58
 90
2
176
1
 90
2
176
1
 90
0
176
1
 90
2
176
1
 40
0.6
176
1
 40
30.0
176
1
 62
7
420
16777215
176
1
 90
1
176
1
 90
4
176
1
 62
7
176
1
 62
257
176
1
 90
1
176
1
 90
1
176
1
 40
1.0
176
1
 90
8
176
1
 62
7
176
1
 40
1.0
176
1
 90
1
176
1
 90
6
176
1
 90
2
176
1
 62
7
176
1
 90
5
176
1
 90
0
176
1
 90
0
176
1
290
0
176
1
 90
1
176
1
 40
0.0
176
1
 90
0
176
1
290
0
176
1
290
1
176
1
290
1
176
1
290
0
176
1
290
0
176
1
290
0
176
1
290
0
176
1
290
0
176
1
290
0
176
1
 90
50
176
1
 40
0.0
176
1
 40
1.0
176
1
 90
0
176
1
 62
18
420
0
176
1
 90
50
176
1
 90
3
176
1
 62
5
420
255
176
1
290
0
176
1
 90
50
176
1
 90
50
176
1
 90
50
176
1
290
0
176
1
 90
50
176
1
 62
256
176
0
 40
1.0
176
0
 90
2
176
1
  1
strokes_ogs.tif
176
1
290
0
176
1
 40
1.0
176
1
 40
1.0
176
1
  0
VISUALSTYLE
  5
6A
102
{ACAD_REACTORS
330
16
102
}
330
16
100
AcDbVisualStyle
  2
OverhangOff
 70
21
177
3
291
1
 70
58
 90
2
176
1
 90
2
176
1
 90
0
176
1
 90
2
176
1
 40
0.6
176
1
 40
30.0
176
1
 62
7
420
16777215
176
1
 90
1
176
1
 90
4
176
1
 62
7
176
1
 62
257
176
1
 90
1
176
1
 90
1
176
1
 40
1.0
176
1
 90
8
176
1
 62
7
176
1
 40
1.0
176
1
 90
1
176
1
 90
6
176
1
 90
2
176
1
 62
7
176
1
 90
5
176
1
 90
0
176
1
 90
0
176
1
290
0
176
1
 90
1
176
1
 40
0.0
176
1
 90
0
176
1
290
0
176
1
290
1
176
1
290
1
176
1
290
0
176
1
290
0
176
1
290
0
176
1
290
0
176
1
290
0
176
1
290
0
176
1
 90
50
176
1
 40
0.0
176
1
 40
1.0
176
1
 90
0
176
1
 62
18
420
0
176
1
 90
50
176
1
 90
3
176
1
 62
5
420
255
176
1
290
0
176
1
 90
50
176
1
 90
50
176
1
 90
50
176
1
290
0
176
1
 90
50
176
1
 62
256
176
0
 40
1.0
176
0
 90
2
176
1
  1
strokes_ogs.tif
176
1
290
0
176
1
 40
1.0
176
1
 40
1.0
176
1
  0
VISUALSTYLE
  5
6B
102
{ACAD_REACTORS
330
16
102
}
330
16
100
AcDbVisualStyle
  2
Realistic
 70
8
177
3
291
0
 70
58
 90
2
176
1
 90
2
176
1
 90
0
176
1
 90
2
176
1
 40
0.6
176
1
 40
30.0
176
1
 62
7
420
16777215
176
1
 90
1
176
1
 90
4
176
1
 62
7
176
1
 62
257
176
1
 90
1
176
1
 90
1
176
1
 40
1.0
176
1
 90
8
176
1
 62
7
176
1
 40
1.0
176
1
 90
1
176
1
 90
6
176
1
 90
2
176
1
 62
7
176
1
 90
5
176
1
 90
0
176
1
 90
0
176
1
290
0
176
1
 90
1
176
1
 40
0.0
176
1
 90
0
176
1
290
0
176
1
290
1
176
1
290
1
176
1
290
0
176
1
290
0
176
1
290
0
176
1
290
0
176
1
290
0
176
1
290
0
176
1
 90
50
176
1
 40
0.0
176
1
 40
1.0
176
1
 90
0
176
1
 62
18
420
0
176
1
 90
50
176
1
 90
3
176
1
 62
5
420
255
176
1
290
0
176
1
 90
50
176
1
 90
50
176
1
 90
50
176
1
290
0
176
1
 90
50
176
1
 62
256
176
0
 40
1.0
176
0
 90
2
176
1
  1
strokes_ogs.tif
176
1
290
0
176
1
 40
1.0
176
1
 40
1.0
176
1
  0
VISUALSTYLE
  5
6C
102
{ACAD_REACTORS
330
16
102
}
330
16
100
AcDbVisualStyle
  2
Shaded
 70
27
177
3
291
0
 70
58
 90
2
176
1
 90
2
176
1
 90
0
176
1
 90
2
176
1
 40
0.6
176
1
 40
30.0
176
1
 62
7
420
16777215
176
1
 90
1
176
1
 90
4
176
1
 62
7
176
1
 62
257
176
1
 90
1
176
1
 90
1
176
1
 40
1.0
176
1
 90
8
176
1
 62
7
176
1
 40
1.0
176
1
 90
1
176
1
 90
6
176
1
 90
2
176
1
 62
7
176
1
 90
5
176
1
 90
0
176
1
 90
0
176
1
290
0
176
1
 90
1
176
1
 40
0.0
176
1
 90
0
176
1
290
0
176
1
290
1
176
1
290
1
176
1
290
0
176
1
290
0
176
1
290
0
176
1
290
0
176
1
290
0
176
1
290
0
176
1
 90
50
176
1
 40
0.0
176
1
 40
1.0
176
1
 90
0
176
1
 62
18
420
0
176
1
 90
50
176
1
 90
3
176
1
 62
5
420
255
176
1
290
0
176
1
 90
50
176
1
 90
50
176
1
 90
50
176
1
290
0
176
1
 90
50
176
1
 62
256
176
0
 40
1.0
176
0
 90
2
176
1
  1
strokes_ogs.tif
176
1
290
0
176
1
 40
1.0
176
1
 40
1.0
176
1
  0
VISUALSTYLE
  5
6D
102
{ACAD_REACTORS
330
16
102
}
330
16
100
AcDbVisualStyle
  2
Shaded with edges
 70
26
177
3
291
0
 70
58
 90
2
176
1
 90
2
176
1
 90
0
176
1
 90
2
176
1
 40
0.6
176
1
 40
30.0
176
1
 62
7
420
16777215
176
1
 90
1
176
1
 90
4
176
1
 62
7
176
1
 62
257
176
1
 90
1
176
1
 90
1
176
1
 40
1.0
176
1
 90
8
176
1
 62
7
176
1
 40
1.0
176
1
 90
1
176
1
 90
6
176
1
 90
2
176
1
 62
7
176
1
 90
5
176
1
 90
0
176
1
 90
0
176
1
290
0
176
1
 90
1
176
1
 40
0.0
176
1
 90
0
176
1
290
0
176
1
290
1
176
1
290
1
176
1
290
0
176
1
290
0
176
1
290
0
176
1
290
0
176
1
290
0
176
1
290
0
176
1
 90
50
176
1
 40
0.0
176
1
 40
1.0
176
1
 90
0
176
1
 62
18
420
0
176
1
 90
50
176
1
 90
3
176
1
 62
5
420
255
176
1
290
0
176
1
 90
50
176
1
 90
50
176
1
 90
50
176
1
290
0
176
1
 90
50
176
1
 62
256
176
0
 40
1.0
176
0
 90
2
176
1
  1
strokes_ogs.tif
176
1
290
0
176
1
 40
1.0
176
1
 40
1.0
176
1
  0
VISUALSTYLE
  5
6E
102
{ACAD_REACTORS
330
16
102
}
330
16
100
AcDbVisualStyle
  2
Shades of Gray
 70
23
177
3
291
0
 70
58
 90
2
176
1
 90
2
176
1
 90
0
176
1
 90
2
176
1
 40
0.6
176
1
 40
30.0
176
1
 62
7
420
16777215
176
1
 90
1
176
1
 90
4
176
1
 62
7
176
1
 62
257
176
1
 90
1
176
1
 90
1
176
1
 40
1.0
176
1
 90
8
176
1
 62
7
176
1
 40
1.0
176
1
 90
1
176
1
 90
6
176
1
 90
2
176
1
 62
7
176
1
 90
5
176
1
 90
0
176
1
 90
0
176
1
290
0
176
1
 90
1
176
1
 40
0.0
176
1
 90
0
176
1
290
0
176
1
290
1
176
1
290
1
176
1
290
0
176
1
290
0
176
1
290
0
176
1
290
0
176
1
290
0
176
1
290
0
176
1
 90
50
176
1
 40
0.0
176
1
 40
1.0
176
1
 90
0
176
1
 62
18
420
0
176
1
 90
50
176
1
 90
3
176
1
 62
5
420
255
176
1
290
0
176
1
 90
50
176
1
 90
50
176
1
 90
50
176
1
290
0
176
1
 90
50
176
1
 62
256
176
0
 40
1.0
176
0
 90
2
176
1
  1
strokes_ogs.tif
176
1
290
0
176
1
 40
1.0
176
1
 40
1.0
176
1
  0
VISUALSTYLE
  5
6F
102
{ACAD_REACTORS
330
16
102
}
330
16
100
AcDbVisualStyle
  2
Sketchy
 70
24
177
3
291
0
 70
58
 90
2
176
1
 90
2
176
1
 90
0
176
1
 90
1
176
1
 40
0.6
176
1
 40
30.0
176
1
 62
7
420
16777215
176
1
 90
1
176
1
 90
4
176
1
 62
7
176
1
 62
257
176
1
 90
1
176
1
 90
1
176
1
 40
1.0
176
1
 90
8
176
1
 62
7
176
1
 40
1.0
176
1
 90
1
176
1
 90
6
176
1
 90
2
176
1
 62
7
176
1
 90
5
176
1
 90
0
176
1
 90
0
176
1
290
0
176
1
 90
1
176
1
 40
0.0
176
1
 90
0
176
1
290
0
176
1
290
1
176
1
290
1
176
1
290
0
176
1
290
0
176
1
290
0
176
1
290
0
176
1
290
0
176
1
290
0
176
1
 90
50
176
1
 40
0.0
176
1
 40
1.0
176
1
 90
0
176
1
 62
18
420
0
176
1
 90
50
176
1
 90
3
176
1
 62
5
420
255
176
1
290
0
176
1
 90
50
176
1
 90
50
176
1
 90
50
176
1
290
0
176
1
 90
50
176
1
 62
256
176
0
 40
1.0
176
0
 90
2
176
1
  1
strokes_ogs.tif
176
1
290
0
176
1
 40
1.0
176
1
 40
1.0
176
1
  0
VISUALSTYLE
  5
70
102
{ACAD_REACTORS
330
16
102
}
330
16
100
AcDbVisualStyle
  2
Thicken
 70
13
177
3
291
1
 70
58
 90
2
176
1
 90
2
176
1
 90
0
176
1
 90
2
176
1
 40
0.6
176
1
 40
30.0
176
1
 62
7
420
16777215
176
1
 90
1
176
1
 90
4
176
1
 62
7
176
1
 62
257
176
1
 90
1
176
1
 90
1
176
1
 40
1.0
176
1
 90
8
176
1
 62
7
176
1
 40
1.0
176
1
 90
1
176
1
 90
6
176
1
 90
2
176
1
 62
7
176
1
 90
5
176
1
 90
0
176
1
 90
0
176
1
290
0
176
1
 90
1
176
1
 40
0.0
176
1
 90
0
176
1
290
0
176
1
290
1
176
1
290
1
176
1
290
0
176
1
290
0
176
1
290
0
176
1
290
0
176
1
290
0
176
1
290
0
176
1
 90
50
176
1
 40
0.0
176
1
 40
1.0
176
1
 90
0
176
1
 62
18
420
0
176
1
 90
50
176
1
 90
3
176
1
 62
5
420
255
176
1
290
0
176
1
 90
50
176
1
 90
50
176
1
 90
50
176
1
290
0
176
1
 90
50
176
1
 62
256
176
0
 40
1.0
176
0
 90
2
176
1
  1
strokes_ogs.tif
176
1
290
0
176
1
 40
1.0
176
1
 40
1.0
176
1
  0
VISUALSTYLE
  5
71
102
{ACAD_REACTORS
330
16
102
}
330
16
100
AcDbVisualStyle
  2
Wireframe
 70
5
177
3
291
0
 70
58
 90
2
176
1
 90
2
176
1
 90
0
176
1
 90
0
176
1
 40
0.6
176
1
 40
30.0
176
1
 62
7
420
16777215
176
1
 90
1
176
1
 90
4
176
1
 62
7
176
1
 62
257
176
1
 90
1
176
1
 90
1
176
1
 40
1.0
176
1
 90
8
176
1
 62
7
176
1
 40
1.0
176
1
 90
1
176
1
 90
6
176
1
 90
2
176
1
 62
7
176
1
 90
5
176
1
 90
0
176
1
 90
0
176
1
290
0
176
1
 90
1
176
1
 40
0.0
176
1
 90
0
176
1
290
0
176
1
290
1
176
1
290
1
176
1
290
0
176
1
290
0
176
1
290
0
176
1
290
0
176
1
290
0
176
1
290
0
176
1
 90
50
176
1
 40
0.0
176
1
 40
1.0
176
1
 90
0
176
1
 62
18
420
0
176
1
 90
50
176
1
 90
3
176
1
 62
5
420
255
176
1
290
0
176
1
 90
50
176
1
 90
50
176
1
 90
50
176
1
290
0
176
1
 90
50
176
1
 62
256
176
0
 40
1.0
176
0
 90
2
176
1
  1
strokes_ogs.tif
176
1
290
0
176
1
 40
1.0
176
1
 40
1.0
176
1
  0
VISUALSTYLE
  5
72
102
{ACAD_REACTORS
330
16
102
}
330
16
100
AcDbVisualStyle
  2
X-Ray
 70
25
177
3
291
0
 70
58
 90
2
176
1
 90
2
176
1
 90
0
176
1
 90
2
176
1
 40
0.5
176
1
 40
30.0
176
1
 62
7
420
16777215
176
1
 90
1
176
1
 90
4
176
1
 62
7
176
1
 62
257
176
1
 90
1
176
1
 90
1
176
1
 40
1.0
176
1
 90
8
176
1
 62
7
176
1
 40
1.0
176
1
 90
1
176
1
 90
6
176
1
 90
2
176
1
 62
7
176
1
 90
5
176
1
 90
0
176
1
 90
0
176
1
290
0
176
1
 90
1
176
1
 40
0.0
176
1
 90
0
176
1
290
0
176
1
290
1
176
1
290
1
176
1
290
0
176
1
290
0
176
1
290
0
176
1
290
0
176
1
290
0
176
1
290
0
176
1
 90
50
176
1
 40
0.0
176
1
 40
1.0
176
1
 90
0
176
1
 62
18
420
0
176
1
 90
50
176
1
 90
3
176
1
 62
5
420
255
176
1
290
0
176
1
 90
50
176
1
 90
50
176
1
 90
50
176
1
290
0
176
1
 90
50
176
1
 62
256
176
0
 40
1.0
176
0
 90
2
176
1
  1
strokes_ogs.tif
176
1
290
0
176
1
 40
1.0
176
1
 40
1.0
176
1
  0
LAYOUT
  5
6F0
330
D
100
AcDbPlotSettings
  1

  2
DWG to PDF.pc3
  4
ezdxf_(841.00_x_594.00_MM)
  6

 40
0.0
 41
0.0
 42
0.0
 43
0.0
 44
841.0
 45
594.0
 46
0.0
 47
0.0
 48
0.0
 49
0.0
140
0.0
141
0.0
142
1.0
143
1.0
 70
672
 72
1
 73
0
 74
5
  7

 75
16
 76
0
 77
2
 78
300
147
1.0
148
0.0
149
0.0
100
AcDbLayout
  1
A7-PUERTAS-VENTANAS
 70
1
 71
3
 10
-0.0
 20
-0.0
 11
841.0
 21
594.0
 12
0.0
 22
0.0
 32
0.0
 14
1e+20
 24
1e+20
 34
1e+20
 15
-1e+20
 25
-1e+20
 35
-1e+20
146
0.0
 13
0.0
 23
0.0
 33
0.0
 16
1.0
 26
0.0
 36
0.0
 17
0.0
 27
1.0
 37
0.0
 76
1
330
6ED
331
6F1
  0
DICTIONARYVAR
  5
8F6
330
2D
100
DictionaryVariables
280
0
  1
1.4.4 @ 2026-10-07T01:51:31.913182+00:00
  0
ENDSEC
  0
EOF
