  0
SECTION
  2
HEADER
  9
$ACADVER
  1
AC1032
  9
$ACADMAINTVER
 90
4
  9
$DWGCODEPAGE
  3
ANSI_1252
  9
$LASTSAVEDBY
  1
ezdxf
  9
$REQUIREDVERSIONS
160
0
  9
$INSBASE
 10
0.0
 20
0.0
 30
0.0
  9
$EXTMIN
 10
1e+20
 20
1e+20
 30
1e+20
  9
$EXTMAX
 10
-1e+20
 20
-1e+20
 30
-1e+20
  9
$LIMMIN
 10
0.0
 20
0.0
  9
$LIMMAX
 10
420.0
 20
297.0
  9
$ORTHOMODE
 70
0
  9
$REGENMODE
 70
1
  9
$FILLMODE
 70
1
  9
$QTEXTMODE
 70
0
  9
$MIRRTEXT
 70
1
  9
$LTSCALE
 40
1.0
  9
$ATTMODE
 70
1
  9
$TEXTSIZE
 40
2.5
  9
$TRACEWID
 40
1.0
  9
$TEXTSTYLE
  7
OpenSans
  9
$CLAYER
  8
0
  9
$CELTYPE
  6
ByLayer
  9
$CECOLOR
 62
256
  9
$CELTSCALE
 40
1.0
  9
$DISPSILH
 70
0
  9
$DIMSCALE
 40
1.0
  9
$DIMASZ
 40
0.175
  9
$DIMEXO
 40
0.125
  9
$DIMDLI
 40
3.75
  9
$DIMRND
 40
0.0
  9
$DIMDLE
 40
0.0
  9
$DIMEXE
 40
0.375
  9
$DIMTP
 40
0.0
  9
$DIMTM
 40
0.0
  9
$DIMTXT
 40
0.25
  9
$DIMCEN
 40
2.5
  9
$DIMTSZ
 40
0.0
  9
$DIMTOL
 70
0
  9
$DIMLIM
 70
0
  9
$DIMTIH
 70
0
  9
$DIMTOH
 70
0
  9
$DIMSE1
 70
0
  9
$DIMSE2
 70
0
  9
$DIMTAD
 70
1
  9
$DIMZIN
 70
12
  9
$DIMBLK
  1
ARCHTICK
  9
$DIMASO
 70
1
  9
$DIMSHO
 70
1
  9
$DIMPOST
  1

  9
$DIMAPOST
  1

  9
$DIMALT
 70
0
  9
$DIMALTD
 70
3
  9
$DIMALTF
 40
0.03937007874
  9
$DIMLFAC
 40
100.0
  9
$DIMTOFL
 70
1
  9
$DIMTVP
 40
0.0
  9
$DIMTIX
 70
0
  9
$DIMSOXD
 70
0
  9
$DIMSAH
 70
0
  9
$DIMBLK1
  1

  9
$DIMBLK2
  1

  9
$DIMSTYLE
  2
EZDXF
  9
$DIMCLRD
 70
0
  9
$DIMCLRE
 70
0
  9
$DIMCLRT
 70
0
  9
$DIMTFAC
 40
0.5
  9
$DIMGAP
 40
0.1
  9
$DIMJUST
 70
0
  9
$DIMSD1
 70
0
  9
$DIMSD2
 70
0
  9
$DIMTOLJ
 70
0
  9
$DIMTZIN
 70
8
  9
$DIMALTZ
 70
0
  9
$DIMALTTZ
 70
0
  9
$DIMUPT
 70
1
  9
$DIMDEC
 70
2
  9
$DIMTDEC
 70
2
  9
$DIMALTU
 70
2
  9
$DIMALTTD
 70
3
  9
$DIMTXSTY
  7
OpenSansCondensed-Light
  9
$DIMAUNIT
 70
0
  9
$DIMADEC
 70
2
  9
$DIMALTRND
 40
0.0
  9
$DIMAZIN
 70
3
  9
$DIMDSEP
 70
46
  9
$DIMATFIT
 70
3
  9
$DIMFRAC
 70
0
  9
$DIMLDRBLK
  1

  9
$DIMLUNIT
 70
2
  9
$DIMLWD
 70
-2
  9
$DIMLWE
 70
-2
  9
$DIMTMOVE
 70
2
  9
$DIMFXL
 40
1.0
  9
$DIMFXLON
 70
0
  9
$DIMJOGANG
 40
0.785398163397
  9
$DIMTFILL
 70
0
  9
$DIMTFILLCLR
 70
0
  9
$DIMARCSYM
 70
0
  9
$DIMLTYPE
  6

  9
$DIMLTEX1
  6

  9
$DIMLTEX2
  6

  9
$DIMTXTDIRECTION
 70
0
  9
$LUNITS
 70
2
  9
$LUPREC
 70
2
  9
$SKETCHINC
 40
1.0
  9
$FILLETRAD
 40
10.0
  9
$AUNITS
 70
1
  9
$AUPREC
 70
2
  9
$MENU
  1
.
  9
$ELEVATION
 40
0.0
  9
$PELEVATION
 40
0.0
  9
$THICKNESS
 40
0.0
  9
$LIMCHECK
 70
0
  9
$CHAMFERA
 40
0.0
  9
$CHAMFERB
 40
0.0
  9
$CHAMFERC
 40
0.0
  9
$CHAMFERD
 40
0.0
  9
$SKPOLY
 70
0
  9
$TDCREATE
 40
2461321.0174421296
  9
$TDUCREATE
 40
2458532.153996898
  9
$TDUPDATE
 40
2461321.0174537036
  9
$TDUUPDATE
 40
2458532.1544311
  9
$TDINDWG
 40
0.0
  9
$TDUSRTIMER
 40
0.0
  9
$USRTIMER
 70
1
  9
$ANGBASE
 50
0.0
  9
$ANGDIR
 70
0
  9
$PDMODE
 70
0
  9
$PDSIZE
 40
0.0
  9
$PLINEWID
 40
0.0
  9
$SPLFRAME
 70
0
  9
$SPLINETYPE
 70
6
  9
$SPLINESEGS
 70
8
  9
$HANDSEED
  5
6EE
  9
$SURFTAB1
 70
6
  9
$SURFTAB2
 70
6
  9
$SURFTYPE
 70
6
  9
$SURFU
 70
6
  9
$SURFV
 70
6
  9
$UCSBASE
  2

  9
$UCSNAME
  2

  9
$UCSORG
 10
0.0
 20
0.0
 30
0.0
  9
$UCSXDIR
 10
1.0
 20
0.0
 30
0.0
  9
$UCSYDIR
 10
0.0
 20
1.0
 30
0.0
  9
$UCSORTHOREF
  2

  9
$UCSORTHOVIEW
 70
0
  9
$UCSORGTOP
 10
0.0
 20
0.0
 30
0.0
  9
$UCSORGBOTTOM
 10
0.0
 20
0.0
 30
0.0
  9
$UCSORGLEFT
 10
0.0
 20
0.0
 30
0.0
  9
$UCSORGRIGHT
 10
0.0
 20
0.0
 30
0.0
  9
$UCSORGFRONT
 10
0.0
 20
0.0
 30
0.0
  9
$UCSORGBACK
 10
0.0
 20
0.0
 30
0.0
  9
$PUCSBASE
  2

  9
$PUCSNAME
  2

  9
$PUCSORG
 10
0.0
 20
0.0
 30
0.0
  9
$PUCSXDIR
 10
1.0
 20
0.0
 30
0.0
  9
$PUCSYDIR
 10
0.0
 20
1.0
 30
0.0
  9
$PUCSORTHOREF
  2

  9
$PUCSORTHOVIEW
 70
0
  9
$PUCSORGTOP
 10
0.0
 20
0.0
 30
0.0
  9
$PUCSORGBOTTOM
 10
0.0
 20
0.0
 30
0.0
  9
$PUCSORGLEFT
 10
0.0
 20
0.0
 30
0.0
  9
$PUCSORGRIGHT
 10
0.0
 20
0.0
 30
0.0
  9
$PUCSORGFRONT
 10
0.0
 20
0.0
 30
0.0
  9
$PUCSORGBACK
 10
0.0
 20
0.0
 30
0.0
  9
$USERI1
 70
0
  9
$USERI2
 70
0
  9
$USERI3
 70
0
  9
$USERI4
 70
0
  9
$USERI5
 70
0
  9
$USERR1
 40
0.0
  9
$USERR2
 40
0.0
  9
$USERR3
 40
0.0
  9
$USERR4
 40
0.0
  9
$USERR5
 40
0.0
  9
$WORLDVIEW
 70
1
  9
$SHADEDGE
 70
3
  9
$SHADEDIF
 70
70
  9
$TILEMODE
 70
1
  9
$MAXACTVP
 70
64
  9
$PINSBASE
 10
0.0
 20
0.0
 30
0.0
  9
$PLIMCHECK
 70
0
  9
$PEXTMIN
 10
1e+20
 20
1e+20
 30
1e+20
  9
$PEXTMAX
 10
-1e+20
 20
-1e+20
 30
-1e+20
  9
$PLIMMIN
 10
-0.0
 20
-0.0
  9
$PLIMMAX
 10
841.0
 20
594.0
  9
$UNITMODE
 70
0
  9
$VISRETAIN
 70
1
  9
$PLINEGEN
 70
0
  9
$PSLTSCALE
 70
1
  9
$TREEDEPTH
 70
3020
  9
$CMLSTYLE
  2
Standard
  9
$CMLJUST
 70
0
  9
$CMLSCALE
 40
20.0
  9
$PROXYGRAPHICS
 70
1
  9
$MEASUREMENT
 70
1
  9
$CELWEIGHT
370
-1
  9
$ENDCAPS
280
0
  9
$JOINSTYLE
280
0
  9
$LWDISPLAY
290
1
  9
$INSUNITS
 70
6
  9
$HYPERLINKBASE
  1

  9
$STYLESHEET
  1

  9
$XEDIT
290
1
  9
$CEPSNTYPE
380
0
  9
$PSTYLEMODE
290
1
  9
$FINGERPRINTGUID
  2
{74FD9085-776C-4203-9CCA-418087D4EFF0}
  9
$VERSIONGUID
  2
{E1E1F71A-B500-44F3-AD92-1FD527765921}
  9
$EXTNAMES
290
1
  9
$PSVPSCALE
 40
0.0
  9
$OLESTARTUP
290
0
  9
$SORTENTS
280
127
  9
$INDEXCTL
280
0
  9
$HIDETEXT
280
1
  9
$XCLIPFRAME
280
1
  9
$HALOGAP
280
0
  9
$OBSCOLOR
 70
257
  9
$OBSLTYPE
280
0
  9
$INTERSECTIONDISPLAY
280
0
  9
$INTERSECTIONCOLOR
 70
257
  9
$DIMASSOC
280
2
  9
$PROJECTNAME
  1

  9
$CAMERADISPLAY
290
0
  9
$LENSLENGTH
 40
50.0
  9
$CAMERAHEIGHT
 40
0.0
  9
$STEPSPERSEC
 40
24.0
  9
$STEPSIZE
 40
100.0
  9
$3DDWFPREC
 40
2.0
  9
$PSOLWIDTH
 40
0.005
  9
$PSOLHEIGHT
 40
0.08
  9
$LOFTANG1
 40
1.570796326795
  9
$LOFTANG2
 40
1.570796326795
  9
$LOFTMAG1
 40
0.0
  9
$LOFTMAG2
 40
0.0
  9
$LOFTPARAM
 70
7
  9
$LOFTNORMALS
280
1
  9
$LATITUDE
 40
37.795
  9
$LONGITUDE
 40
-122.394
  9
$NORTHDIRECTION
 40
0.0
  9
$TIMEZONE
 70
-8000
  9
$LIGHTGLYPHDISPLAY
280
1
  9
$TILEMODELIGHTSYNCH
280
1
  9
$CMATERIAL
347
20
  9
$SOLIDHIST
280
0
  9
$SHOWHIST
280
1
  9
$DWFFRAME
280
2
  9
$DGNFRAME
280
2
  9
$REALWORLDSCALE
290
1
  9
$INTERFERECOLOR
 62
256
  9
$CSHADOW
280
0
  9
$SHADOWPLANELOCATION
 40
0.0
  0
ENDSEC
  0
SECTION
  2
CLASSES
  0
CLASS
  1
ACDBDICTIONARYWDFLT
  2
AcDbDictionaryWithDefault
  3
ObjectDBX Classes
 90
0
 91
0
280
0
281
0
  0
CLASS
  1
SUN
  2
AcDbSun
  3
SCENEOE
 90
1153
 91
0
280
0
281
0
  0
CLASS
  1
VISUALSTYLE
  2
AcDbVisualStyle
  3
ObjectDBX Classes
 90
4095
 91
0
280
0
281
0
  0
CLASS
  1
MATERIAL
  2
AcDbMaterial
  3
ObjectDBX Classes
 90
1153
 91
0
280
0
281
0
  0
CLASS
  1
SCALE
  2
AcDbScale
  3
ObjectDBX Classes
 90
1153
 91
0
280
0
281
0
  0
CLASS
  1
TABLESTYLE
  2
AcDbTableStyle
  3
ObjectDBX Classes
 90
4095
 91
0
280
0
281
0
  0
CLASS
  1
MLEADERSTYLE
  2
AcDbMLeaderStyle
  3
ACDB_MLEADERSTYLE_CLASS
 90
4095
 91
0
280
0
281
0
  0
CLASS
  1
DICTIONARYVAR
  2
AcDbDictionaryVar
  3
ObjectDBX Classes
 90
0
 91
0
280
0
281
0
  0
CLASS
  1
CELLSTYLEMAP
  2
AcDbCellStyleMap
  3
ObjectDBX Classes
 90
1152
 91
0
280
0
281
0
  0
CLASS
  1
MENTALRAYRENDERSETTINGS
  2
AcDbMentalRayRenderSettings
  3
SCENEOE
 90
1024
 91
0
280
0
281
0
  0
CLASS
  1
ACDBDETAILVIEWSTYLE
  2
AcDbDetailViewStyle
  3
ObjectDBX Classes
 90
1025
 91
0
280
0
281
0
  0
CLASS
  1
ACDBSECTIONVIEWSTYLE
  2
AcDbSectionViewStyle
  3
ObjectDBX Classes
 90
1025
 91
0
280
0
281
0
  0
CLASS
  1
RASTERVARIABLES
  2
AcDbRasterVariables
  3
ISM
 90
0
 91
0
280
0
281
0
  0
CLASS
  1
ACDBPLACEHOLDER
  2
AcDbPlaceHolder
  3
ObjectDBX Classes
 90
0
 91
0
280
0
281
0
  0
CLASS
  1
LAYOUT
  2
AcDbLayout
  3
ObjectDBX Classes
 90
0
 91
0
280
0
281
0
  0
ENDSEC
  0
SECTION
  2
TABLES
  0
TABLE
  2
VPORT
  5
8
330
0
100
AcDbSymbolTable
 70
1
  0
VPORT
  5
23
330
8
100
AcDbSymbolTableRecord
100
AcDbViewportTableRecord
  2
*Active
 70
0
 10
0.0
 20
0.0
 11
1.0
 21
1.0
 12
0.0
 22
0.0
 13
0.0
 23
0.0
 14
0.5
 24
0.5
 15
0.5
 25
0.5
 16
0.0
 26
0.0
 36
1.0
 17
0.0
 27
0.0
 37
0.0
 40
1000.0
 41
1.34
 42
50.0
 43
0.0
 44
0.0
 50
0.0
 51
0.0
 71
0
 72
1000
 73
1
 74
3
 75
0
 76
0
 77
0
 78
0
281
0
 65
0
146
0.0
  0
ENDTAB
  0
TABLE
  2
LTYPE
  5
2
330
0
100
AcDbSymbolTable
 70
21
  0
LTYPE
  5
24
330
2
100
AcDbSymbolTableRecord
100
AcDbLinetypeTableRecord
  2
ByBlock
 70
0
  3

 72
65
 73
0
 40
0.0
  0
LTYPE
  5
25
330
2
100
AcDbSymbolTableRecord
100
AcDbLinetypeTableRecord
  2
ByLayer
 70
0
  3

 72
65
 73
0
 40
0.0
  0
LTYPE
  5
26
330
2
100
AcDbSymbolTableRecord
100
AcDbLinetypeTableRecord
  2
Continuous
 70
0
  3

 72
65
 73
0
 40
0.0
  0
LTYPE
  5
2F
330
2
100
AcDbSymbolTableRecord
100
AcDbLinetypeTableRecord
  2
CENTER
 70
0
  3
Center ____ _ ____ _ ____ _ ____ _ ____ _ ____
 72
65
 73
4
 40
5.08
 49
3.175
 74
0
 49
-0.635
 74
0
 49
0.635
 74
0
 49
-0.635
 74
0
  0
LTYPE
  5
30
330
2
100
AcDbSymbolTableRecord
100
AcDbLinetypeTableRecord
  2
CENTERX2
 70
0
  3
Center (2x) ________  __  ________  __  ________
 72
65
 73
4
 40
8.89
 49
6.35
 74
0
 49
-0.635
 74
0
 49
1.27
 74
0
 49
-0.635
 74
0
  0
LTYPE
  5
31
330
2
100
AcDbSymbolTableRecord
100
AcDbLinetypeTableRecord
  2
CENTER2
 70
0
  3
Center (.5x) ____ _ ____ _ ____ _ ____ _ ____
 72
65
 73
4
 40
2.54
 49
1.587
 74
0
 49
-0.318
 74
0
 49
0.318
 74
0
 49
-0.318
 74
0
  0
LTYPE
  5
32
330
2
100
AcDbSymbolTableRecord
100
AcDbLinetypeTableRecord
  2
DASHED
 70
0
  3
Dashed __ __ __ __ __ __ __ __ __ __ __ __ __ _
 72
65
 73
2
 40
1.524
 49
1.27
 74
0
 49
-0.254
 74
0
  0
LTYPE
  5
33
330
2
100
AcDbSymbolTableRecord
100
AcDbLinetypeTableRecord
  2
DASHEDX2
 70
0
  3
Dashed (2x) ____  ____  ____  ____  ____  ____
 72
65
 73
2
 40
3.048
 49
2.54
 74
0
 49
-0.508
 74
0
  0
LTYPE
  5
34
330
2
100
AcDbSymbolTableRecord
100
AcDbLinetypeTableRecord
  2
DASHED2
 70
0
  3
Dashed (.5x) _ _ _ _ _ _ _ _ _ _ _ _ _ _
 72
65
 73
2
 40
0.762
 49
0.635
 74
0
 49
-0.127
 74
0
  0
LTYPE
  5
35
330
2
100
AcDbSymbolTableRecord
100
AcDbLinetypeTableRecord
  2
PHANTOM
 70
0
  3
Phantom ______  __  __  ______  __  __  ______
 72
65
 73
6
 40
6.35
 49
3.175
 74
0
 49
-0.635
 74
0
 49
0.635
 74
0
 49
-0.635
 74
0
 49
0.635
 74
0
 49
-0.635
 74
0
  0
LTYPE
  5
36
330
2
100
AcDbSymbolTableRecord
100
AcDbLinetypeTableRecord
  2
PHANTOMX2
 70
0
  3
Phantom (2x)____________    ____    ____    ____________
 72
65
 73
6
 40
10.795
 49
6.35
 74
0
 49
-0.635
 74
0
 49
1.27
 74
0
 49
-0.635
 74
0
 49
1.27
 74
0
 49
-0.635
 74
0
  0
LTYPE
  5
37
330
2
100
AcDbSymbolTableRecord
100
AcDbLinetypeTableRecord
  2
PHANTOM2
 70
0
  3
Phantom (.5x) ___ _ _ ___ _ _ ___ _ _ ___ _ _ ___
 72
65
 73
6
 40
3.175
 49
1.587
 74
0
 49
-0.318
 74
0
 49
0.318
 74
0
 49
-0.318
 74
0
 49
0.318
 74
0
 49
-0.318
 74
0
  0
LTYPE
  5
38
330
2
100
AcDbSymbolTableRecord
100
AcDbLinetypeTableRecord
  2
DASHDOT
 70
0
  3
Dash dot __ . __ . __ . __ . __ . __ . __ . __
 72
65
 73
4
 40
3.556
 49
2.54
 74
0
 49
-0.508
 74
0
 49
0.0
 74
0
 49
-0.508
 74
0
  0
LTYPE
  5
39
330
2
100
AcDbSymbolTableRecord
100
AcDbLinetypeTableRecord
  2
DASHDOTX2
 70
0
  3
Dash dot (2x) ____  .  ____  .  ____  .  ____
 72
65
 73
4
 40
6.096
 49
5.08
 74
0
 49
-0.508
 74
0
 49
0.0
 74
0
 49
-0.508
 74
0
  0
LTYPE
  5
3A
330
2
100
AcDbSymbolTableRecord
100
AcDbLinetypeTableRecord
  2
DASHDOT2
 70
0
  3
Dash dot (.5x) _ . _ . _ . _ . _ . _ . _ . _
 72
65
 73
4
 40
1.778
 49
1.27
 74
0
 49
-0.254
 74
0
 49
0.0
 74
0
 49
-0.254
 74
0
  0
LTYPE
  5
3B
330
2
100
AcDbSymbolTableRecord
100
AcDbLinetypeTableRecord
  2
DOT
 70
0
  3
Dot .  .  .  .  .  .  .  .  .  .  .  .  .  .  .  .
 72
65
 73
2
 40
0.508
 49
0.0
 74
0
 49
-0.508
 74
0
  0
LTYPE
  5
3C
330
2
100
AcDbSymbolTableRecord
100
AcDbLinetypeTableRecord
  2
DOTX2
 70
0
  3
Dot (2x) .    .    .    .    .    .    .    . 
 72
65
 73
2
 40
1.016
 49
0.0
 74
0
 49
-1.016
 74
0
  0
LTYPE
  5
3D
330
2
100
AcDbSymbolTableRecord
100
AcDbLinetypeTableRecord
  2
DOT2
 70
0
  3
Dot (.5) . . . . . . . . . . . . . . . . . . . 
 72
65
 73
2
 40
0.254
 49
0.0
 74
0
 49
-0.254
 74
0
  0
LTYPE
  5
3E
330
2
100
AcDbSymbolTableRecord
100
AcDbLinetypeTableRecord
  2
DIVIDE
 70
0
  3
Divide __ . . __ . . __ . . __ . . __ . . __
 72
65
 73
6
 40
4.064
 49
2.54
 74
0
 49
-0.508
 74
0
 49
0.0
 74
0
 49
-0.508
 74
0
 49
0.0
 74
0
 49
-0.508
 74
0
  0
LTYPE
  5
3F
330
2
100
AcDbSymbolTableRecord
100
AcDbLinetypeTableRecord
  2
DIVIDEX2
 70
0
  3
Divide (2x) ____  . .  ____  . .  ____  . .  ____
 72
65
 73
6
 40
6.604
 49
5.08
 74
0
 49
-0.508
 74
0
 49
0.0
 74
0
 49
-0.508
 74
0
 49
0.0
 74
0
 49
-0.508
 74
0
  0
LTYPE
  5
40
330
2
100
AcDbSymbolTableRecord
100
AcDbLinetypeTableRecord
  2
DIVIDE2
 70
0
  3
Divide(.5x) _ . _ . _ . _ . _ . _ . _ . _
 72
65
 73
6
 40
2.032
 49
1.27
 74
0
 49
-0.254
 74
0
 49
0.0
 74
0
 49
-0.254
 74
0
 49
0.0
 74
0
 49
-0.254
 74
0
  0
ENDTAB
  0
TABLE
  2
LAYER
  5
1
330
0
100
AcDbSymbolTable
 70
52
  0
LAYER
  5
27
330
1
100
AcDbSymbolTableRecord
100
AcDbLayerTableRecord
  2
0
 70
0
 62
7
  6
Continuous
370
-3
390
13
347
21
  0
LAYER
  5
28
330
1
100
AcDbSymbolTableRecord
100
AcDbLayerTableRecord
  2
Defpoints
 70
0
 62
7
  6
Continuous
290
0
370
-3
390
13
347
21
  0
LAYER
  5
8B
330
1
100
AcDbSymbolTableRecord
100
AcDbLayerTableRecord
  2
A-MARCO
 70
0
 62
7
  6
Continuous
370
70
390
13
347
21
  0
LAYER
  5
8C
330
1
100
AcDbSymbolTableRecord
100
AcDbLayerTableRecord
  2
A-CAJETIN
 70
0
 62
7
  6
Continuous
370
35
390
13
347
21
  0
LAYER
  5
8D
330
1
100
AcDbSymbolTableRecord
100
AcDbLayerTableRecord
  2
A-CAJETIN-TXT
 70
0
 62
7
  6
Continuous
370
25
390
13
347
21
  0
LAYER
  5
8E
330
1
100
AcDbSymbolTableRecord
100
AcDbLayerTableRecord
  2
A-TITULOS
 70
0
 62
7
  6
Continuous
370
35
390
13
347
21
  0
LAYER
  5
8F
330
1
100
AcDbSymbolTableRecord
100
AcDbLayerTableRecord
  2
A-TEXTO
 70
0
 62
7
  6
Continuous
370
18
390
13
347
21
  0
LAYER
  5
90
330
1
100
AcDbSymbolTableRecord
100
AcDbLayerTableRecord
  2
A-TABLAS
 70
0
 62
7
  6
Continuous
370
25
390
13
347
21
  0
LAYER
  5
91
330
1
100
AcDbSymbolTableRecord
100
AcDbLayerTableRecord
  2
A-NOTAS
 70
0
 62
7
  6
Continuous
370
18
390
13
347
21
  0
LAYER
  5
92
330
1
100
AcDbSymbolTableRecord
100
AcDbLayerTableRecord
  2
A-ESCALA-GRAF
 70
0
 62
7
  6
Continuous
370
18
390
13
347
21
  0
LAYER
  5
93
330
1
100
AcDbSymbolTableRecord
100
AcDbLayerTableRecord
  2
A-NORTE
 70
0
 62
7
  6
Continuous
370
25
390
13
347
21
  0
LAYER
  5
94
330
1
100
AcDbSymbolTableRecord
100
AcDbLayerTableRecord
  2
A-IMAGEN-REF
 70
0
 62
7
  6
Continuous
370
13
390
13
347
21
  0
LAYER
  5
95
330
1
100
AcDbSymbolTableRecord
100
AcDbLayerTableRecord
  2
A-VIEWPORT
 70
0
 62
8
  6
Continuous
290
0
370
13
390
13
347
21
  0
LAYER
  5
96
330
1
100
AcDbSymbolTableRecord
100
AcDbLayerTableRecord
  2
A-PENDIENTE
 70
0
 62
1
  6
Continuous
370
25
390
13
347
21
  0
LAYER
  5
97
330
1
100
AcDbSymbolTableRecord
100
AcDbLayerTableRecord
  2
T-LINDERO
 70
0
 62
8
  6
Continuous
370
50
390
13
347
21
  0
LAYER
  5
98
330
1
100
AcDbSymbolTableRecord
100
AcDbLayerTableRecord
  2
T-VERTICE
 70
0
 62
7
  6
Continuous
370
25
390
13
347
21
  0
LAYER
  5
99
330
1
100
AcDbSymbolTableRecord
100
AcDbLayerTableRecord
  2
T-CALLE
 70
0
 62
8
  6
DASHED
370
18
390
13
347
21
  0
LAYER
  5
9A
330
1
100
AcDbSymbolTableRecord
100
AcDbLayerTableRecord
  2
T-TXT-200
 70
0
 62
7
  6
Continuous
370
18
390
13
347
21
  0
LAYER
  5
9B
330
1
100
AcDbSymbolTableRecord
100
AcDbLayerTableRecord
  2
T-COTA-200
 70
0
 62
7
  6
Continuous
370
18
390
13
347
21
  0
LAYER
  5
9C
330
1
100
AcDbSymbolTableRecord
100
AcDbLayerTableRecord
  2
T-TXT-100
 70
0
 62
7
  6
Continuous
370
18
390
13
347
21
  0
LAYER
  5
9D
330
1
100
AcDbSymbolTableRecord
100
AcDbLayerTableRecord
  2
T-COTA-100
 70
0
 62
7
  6
Continuous
370
18
390
13
347
21
  0
LAYER
  5
9E
330
1
100
AcDbSymbolTableRecord
100
AcDbLayerTableRecord
  2
A-HUELLA
 70
0
 62
7
  6
Continuous
370
35
390
13
347
21
  0
LAYER
  5
9F
330
1
100
AcDbSymbolTableRecord
100
AcDbLayerTableRecord
  2
A-HUELLA-TRAMA
 70
0
 62
8
  6
Continuous
370
9
390
13
347
21
  0
LAYER
  5
A0
330
1
100
AcDbSymbolTableRecord
100
AcDbLayerTableRecord
  2
A-PATIO
 70
0
 62
7
  6
Continuous
370
25
390
13
347
21
  0
LAYER
  5
A1
330
1
100
AcDbSymbolTableRecord
100
AcDbLayerTableRecord
  2
A-RETIRO
 70
0
 62
8
  6
DASHED2
370
18
390
13
347
21
  0
LAYER
  5
A2
330
1
100
AcDbSymbolTableRecord
100
AcDbLayerTableRecord
  2
A-MURO
 70
0
 62
8
  6
Continuous
370
50
390
13
347
21
  0
LAYER
  5
A3
330
1
100
AcDbSymbolTableRecord
100
AcDbLayerTableRecord
  2
A-MURO-TRAMA
 70
0
 62
8
  6
Continuous
370
9
390
13
347
21
  0
LAYER
  5
A4
330
1
100
AcDbSymbolTableRecord
100
AcDbLayerTableRecord
  2
A-PUERTA
 70
0
 62
8
  6
Continuous
370
25
390
13
347
21
  0
LAYER
  5
A5
330
1
100
AcDbSymbolTableRecord
100
AcDbLayerTableRecord
  2
A-VENTANA
 70
0
 62
8
  6
Continuous
370
25
390
13
347
21
  0
LAYER
  5
A6
330
1
100
AcDbSymbolTableRecord
100
AcDbLayerTableRecord
  2
A-ESCALERA
 70
0
 62
8
  6
Continuous
370
25
390
13
347
21
  0
LAYER
  5
A7
330
1
100
AcDbSymbolTableRecord
100
AcDbLayerTableRecord
  2
A-VEHICULO
 70
0
 62
8
  6
Continuous
370
18
390
13
347
21
  0
LAYER
  5
A8
330
1
100
AcDbSymbolTableRecord
100
AcDbLayerTableRecord
  2
A-MOBILIARIO
 70
0
 62
8
  6
Continuous
370
18
390
13
347
21
  0
LAYER
  5
A9
330
1
100
AcDbSymbolTableRecord
100
AcDbLayerTableRecord
  2
A-DEMARCACION
 70
0
 62
8
  6
DASHED
370
18
390
13
347
21
  0
LAYER
  5
AA
330
1
100
AcDbSymbolTableRecord
100
AcDbLayerTableRecord
  2
A-PROYECCION
 70
0
 62
8
  6
DASHED
370
18
390
13
347
21
  0
LAYER
  5
AB
330
1
100
AcDbSymbolTableRecord
100
AcDbLayerTableRecord
  2
A-EJES
 70
0
 62
8
  6
CENTER
370
13
390
13
347
21
  0
LAYER
  5
AC
330
1
100
AcDbSymbolTableRecord
100
AcDbLayerTableRecord
  2
A-EJES-TXT
 70
0
 62
7
  6
Continuous
370
25
390
13
347
21
  0
LAYER
  5
AD
330
1
100
AcDbSymbolTableRecord
100
AcDbLayerTableRecord
  2
A-COTA-50
 70
0
 62
7
  6
Continuous
370
18
390
13
347
21
  0
LAYER
  5
AE
330
1
100
AcDbSymbolTableRecord
100
AcDbLayerTableRecord
  2
A-TXT-50
 70
0
 62
7
  6
Continuous
370
18
390
13
347
21
  0
LAYER
  5
AF
330
1
100
AcDbSymbolTableRecord
100
AcDbLayerTableRecord
  2
A-ESPACIOS
 70
0
 62
7
  6
Continuous
370
25
390
13
347
21
  0
LAYER
  5
B0
330
1
100
AcDbSymbolTableRecord
100
AcDbLayerTableRecord
  2
A-NIVELES
 70
0
 62
7
  6
Continuous
370
18
390
13
347
21
  0
LAYER
  5
B1
330
1
100
AcDbSymbolTableRecord
100
AcDbLayerTableRecord
  2
A-CORTES
 70
0
 62
7
  6
Continuous
370
35
390
13
347
21
  0
LAYER
  5
B2
330
1
100
AcDbSymbolTableRecord
100
AcDbLayerTableRecord
  2
A-JARDIN
 70
0
 62
8
  6
Continuous
370
9
390
13
347
21
  0
LAYER
  5
B3
330
1
100
AcDbSymbolTableRecord
100
AcDbLayerTableRecord
  2
E-COLUMNA
 70
0
 62
8
  6
Continuous
370
35
390
13
347
21
  0
LAYER
  5
B7
330
1
100
AcDbSymbolTableRecord
100
AcDbLayerTableRecord
  2
S-AF
 70
0
 62
5
  6
Continuous
370
35
390
13
347
21
  0
LAYER
  5
B8
330
1
100
AcDbSymbolTableRecord
100
AcDbLayerTableRecord
  2
S-AC
 70
0
 62
1
  6
DASHED
370
35
390
13
347
21
  0
LAYER
  5
B9
330
1
100
AcDbSymbolTableRecord
100
AcDbLayerTableRecord
  2
S-AN
 70
0
 62
3
  6
Continuous
370
35
390
13
347
21
  0
LAYER
  5
BA
330
1
100
AcDbSymbolTableRecord
100
AcDbLayerTableRecord
  2
S-AJ
 70
0
 62
4
  6
DASHED
370
35
390
13
347
21
  0
LAYER
  5
BB
330
1
100
AcDbSymbolTableRecord
100
AcDbLayerTableRecord
  2
S-AP
 70
0
 62
6
  6
Continuous
370
35
390
13
347
21
  0
LAYER
  5
BC
330
1
100
AcDbSymbolTableRecord
100
AcDbLayerTableRecord
  2
S-ACC
 70
0
 62
7
  6
Continuous
370
25
390
13
347
21
  0
LAYER
  5
BD
330
1
100
AcDbSymbolTableRecord
100
AcDbLayerTableRecord
  2
S-TXT
 70
0
 62
7
  6
Continuous
370
18
390
13
347
21
  0
LAYER
  5
BE
330
1
100
AcDbSymbolTableRecord
100
AcDbLayerTableRecord
  2
S-DET
 70
0
 62
7
  6
Continuous
370
35
390
13
347
21
  0
LAYER
  5
BF
330
1
100
AcDbSymbolTableRecord
100
AcDbLayerTableRecord
  2
S-FINO
 70
0
 62
8
  6
Continuous
370
13
390
13
347
21
  0
ENDTAB
  0
TABLE
  2
STYLE
  5
5
330
0
100
AcDbSymbolTable
 70
27
  0
STYLE
  5
29
330
5
100
AcDbSymbolTableRecord
100
AcDbTextStyleTableRecord
  2
Standard
 70
0
 40
0.0
 41
1.0
 50
0.0
 71
0
 42
2.5
  3
txt
  4

  0
STYLE
  5
41
330
5
100
AcDbSymbolTableRecord
100
AcDbTextStyleTableRecord
  2
OpenSans-Light
 70
0
 40
0.0
 41
1.0
 50
0.0
 71
0
 42
2.5
  3
OpenSans-Light.ttf
  4

  0
STYLE
  5
42
330
5
100
AcDbSymbolTableRecord
100
AcDbTextStyleTableRecord
  2
OpenSans-Light-Italic
 70
0
 40
0.0
 41
1.0
 50
0.0
 71
0
 42
2.5
  3
OpenSans-LightItalic.ttf
  4

  0
STYLE
  5
43
330
5
100
AcDbSymbolTableRecord
100
AcDbTextStyleTableRecord
  2
OpenSans
 70
0
 40
0.0
 41
1.0
 50
0.0
 71
0
 42
2.5
  3
OpenSans-Regular.ttf
  4

  0
STYLE
  5
44
330
5
100
AcDbSymbolTableRecord
100
AcDbTextStyleTableRecord
  2
OpenSans-Italic
 70
0
 40
0.0
 41
1.0
 50
0.0
 71
0
 42
2.5
  3
OpenSans-Italic.ttf
  4

  0
STYLE
  5
45
330
5
100
AcDbSymbolTableRecord
100
AcDbTextStyleTableRecord
  2
OpenSans-SemiBold
 70
0
 40
0.0
 41
1.0
 50
0.0
 71
0
 42
2.5
  3
OpenSans-SemiBold.ttf
  4

  0
STYLE
  5
46
330
5
100
AcDbSymbolTableRecord
100
AcDbTextStyleTableRecord
  2
OpenSans-SemiBoldItalic
 70
0
 40
0.0
 41
1.0
 50
0.0
 71
0
 42
2.5
  3
OpenSans-SemiBoldItalic.ttf
  4

  0
STYLE
  5
47
330
5
100
AcDbSymbolTableRecord
100
AcDbTextStyleTableRecord
  2
OpenSans-Bold
 70
0
 40
0.0
 41
1.0
 50
0.0
 71
0
 42
2.5
  3
OpenSans-Bold.ttf
  4

  0
STYLE
  5
48
330
5
100
AcDbSymbolTableRecord
100
AcDbTextStyleTableRecord
  2
OpenSans-BoldItalic
 70
0
 40
0.0
 41
1.0
 50
0.0
 71
0
 42
2.5
  3
OpenSans-BoldItalic.ttf
  4

  0
STYLE
  5
49
330
5
100
AcDbSymbolTableRecord
100
AcDbTextStyleTableRecord
  2
OpenSans-ExtraBold
 70
0
 40
0.0
 41
1.0
 50
0.0
 71
0
 42
2.5
  3
OpenSans-ExtraBold.ttf
  4

  0
STYLE
  5
4A
330
5
100
AcDbSymbolTableRecord
100
AcDbTextStyleTableRecord
  2
OpenSans-ExtraBoldItalic
 70
0
 40
0.0
 41
1.0
 50
0.0
 71
0
 42
2.5
  3
OpenSans-ExtraBoldItalic.ttf
  4

  0
STYLE
  5
4B
330
5
100
AcDbSymbolTableRecord
100
AcDbTextStyleTableRecord
  2
OpenSansCondensed-Bold
 70
0
 40
0.0
 41
1.0
 50
0.0
 71
0
 42
2.5
  3
OpenSansCondensed-Bold.ttf
  4

  0
STYLE
  5
4C
330
5
100
AcDbSymbolTableRecord
100
AcDbTextStyleTableRecord
  2
OpenSansCondensed-Light
 70
0
 40
0.0
 41
1.0
 50
0.0
 71
0
 42
2.5
  3
OpenSansCondensed-Light.ttf
  4

  0
STYLE
  5
4D
330
5
100
AcDbSymbolTableRecord
100
AcDbTextStyleTableRecord
  2
OpenSansCondensed-Italic
 70
0
 40
0.0
 41
1.0
 50
0.0
 71
0
 42
2.5
  3
OpenSansCondensed-LightItalic.ttf
  4

  0
STYLE
  5
4E
330
5
100
AcDbSymbolTableRecord
100
AcDbTextStyleTableRecord
  2
LiberationSans
 70
0
 40
0.0
 41
1.0
 50
0.0
 71
0
 42
2.5
  3
LiberationSans-Regular.ttf
  4

  0
STYLE
  5
4F
330
5
100
AcDbSymbolTableRecord
100
AcDbTextStyleTableRecord
  2
LiberationSans-Bold
 70
0
 40
0.0
 41
1.0
 50
0.0
 71
0
 42
2.5
  3
LiberationSans-Bold.ttf
  4

  0
STYLE
  5
50
330
5
100
AcDbSymbolTableRecord
100
AcDbTextStyleTableRecord
  2
LiberationSans-BoldItalic
 70
0
 40
0.0
 41
1.0
 50
0.0
 71
0
 42
2.5
  3
LiberationSans-BoldItalic.ttf
  4

  0
STYLE
  5
51
330
5
100
AcDbSymbolTableRecord
100
AcDbTextStyleTableRecord
  2
LiberationSans-Italic
 70
0
 40
0.0
 41
1.0
 50
0.0
 71
0
 42
2.5
  3
LiberationSans-Italic.ttf
  4

  0
STYLE
  5
52
330
5
100
AcDbSymbolTableRecord
100
AcDbTextStyleTableRecord
  2
LiberationSerif
 70
0
 40
0.0
 41
1.0
 50
0.0
 71
0
 42
2.5
  3
LiberationSerif-Regular.ttf
  4

  0
STYLE
  5
53
330
5
100
AcDbSymbolTableRecord
100
AcDbTextStyleTableRecord
  2
LiberationSerif-Bold
 70
0
 40
0.0
 41
1.0
 50
0.0
 71
0
 42
2.5
  3
LiberationSerif-Bold.ttf
  4

  0
STYLE
  5
54
330
5
100
AcDbSymbolTableRecord
100
AcDbTextStyleTableRecord
  2
LiberationSerif-BoldItalic
 70
0
 40
0.0
 41
1.0
 50
0.0
 71
0
 42
2.5
  3
LiberationSerif-BoldItalic.ttf
  4

  0
STYLE
  5
55
330
5
100
AcDbSymbolTableRecord
100
AcDbTextStyleTableRecord
  2
LiberationSerif-Italic
 70
0
 40
0.0
 41
1.0
 50
0.0
 71
0
 42
2.5
  3
LiberationSerif-Italic.ttf
  4

  0
STYLE
  5
56
330
5
100
AcDbSymbolTableRecord
100
AcDbTextStyleTableRecord
  2
LiberationMono
 70
0
 40
0.0
 41
1.0
 50
0.0
 71
0
 42
2.5
  3
LiberationMono-Regular.ttf
  4

  0
STYLE
  5
57
330
5
100
AcDbSymbolTableRecord
100
AcDbTextStyleTableRecord
  2
LiberationMono-Bold
 70
0
 40
0.0
 41
1.0
 50
0.0
 71
0
 42
2.5
  3
LiberationMono-Bold.ttf
  4

  0
STYLE
  5
58
330
5
100
AcDbSymbolTableRecord
100
AcDbTextStyleTableRecord
  2
LiberationMono-BoldItalic
 70
0
 40
0.0
 41
1.0
 50
0.0
 71
0
 42
2.5
  3
LiberationMono-BoldItalic.ttf
  4

  0
STYLE
  5
59
330
5
100
AcDbSymbolTableRecord
100
AcDbTextStyleTableRecord
  2
LiberationMono-Italic
 70
0
 40
0.0
 41
1.0
 50
0.0
 71
0
 42
2.5
  3
LiberationMono-Italic.ttf
  4

  0
STYLE
  5
8A
330
5
100
AcDbSymbolTableRecord
100
AcDbTextStyleTableRecord
  2
ARIAL
 70
0
 40
0.0
 41
1.0
 50
0.0
 71
0
 42
2.5
  3
arial.ttf
  4

  0
ENDTAB
  0
TABLE
  2
VIEW
  5
7
330
0
100
AcDbSymbolTable
 70
0
  0
ENDTAB
  0
TABLE
  2
UCS
  5
6
330
0
100
AcDbSymbolTable
 70
0
  0
ENDTAB
  0
TABLE
  2
APPID
  5
3
330
0
100
AcDbSymbolTable
 70
3
  0
APPID
  5
2A
330
3
100
AcDbSymbolTableRecord
100
AcDbRegAppTableRecord
  2
ACAD
 70
0
  0
APPID
  5
6EB
330
3
100
AcDbSymbolTableRecord
100
AcDbRegAppTableRecord
  2
HATCHBACKGROUNDCOLOR
 70
0
  0
APPID
  5
6EC
330
3
100
AcDbSymbolTableRecord
100
AcDbRegAppTableRecord
  2
EZDXF
 70
0
  0
ENDTAB
  0
TABLE
  2
DIMSTYLE
  5
4
330
0
100
AcDbSymbolTable
 70
15
100
AcDbDimStyleTable
  0
DIMSTYLE
105
2B
330
4
100
AcDbSymbolTableRecord
100
AcDbDimStyleTableRecord
  2
Standard
 70
0
 40
1.0
 41
2.5
 42
0.625
 43
3.75
 44
1.25
 45
0.0
 46
0.0
 47
0.0
 48
0.0
 49
2.5
140
2.5
141
2.5
142
0.0
143
0.03937007874
144
1.0
145
0.0
146
1.0
147
0.625
148
0.0
 69
0
 70
0
 71
0
 72
0
 73
0
 74
0
 75
0
 76
0
 77
1
 78
8
 79
3
170
0
171
3
172
1
173
0
174
0
175
0
176
0
177
0
178
0
179
2
271
2
272
2
273
2
274
3
275
0
276
0
277
2
278
44
279
0
280
0
281
0
282
0
283
0
284
8
285
0
286
0
288
0
289
3
290
0
371
-2
372
-2
  0
DIMSTYLE
105
73
330
4
100
AcDbSymbolTableRecord
100
AcDbDimStyleTableRecord
  2
EZDXF
 70
0
 40
1.0
 41
0.175
 42
0.125
 43
3.75
 44
0.375
 45
0.0
 46
0.0
 47
0.0
 48
0.0
 49
2.5
140
0.25
141
2.5
142
0.0
143
0.03937007874
144
100.0
145
0.0
146
0.5
147
0.1
148
0.0
 69
0
 70
0
 71
0
 72
0
 73
0
 74
0
 75
0
 76
0
 77
1
 78
12
 79
3
170
0
171
3
172
1
173
0
174
0
175
0
176
0
177
0
178
0
179
2
271
2
272
2
273
2
274
3
275
0
276
0
277
2
278
46
279
2
280
0
281
0
282
0
283
0
284
8
285
0
286
0
288
1
289
3
290
0
340
4C
342
74
371
-2
372
-2
  0
DIMSTYLE
105
7C
330
4
100
AcDbSymbolTableRecord
100
AcDbDimStyleTableRecord
  2
EZ_M_100_H25_CM
 70
0
 40
1.0
 41
0.25
 42
0.125
 43
3.75
 44
0.375
 45
0.0
 46
0.0
 47
0.0
 48
0.0
 49
2.5
140
0.25
141
2.5
142
0.125
143
0.03937007874
144
100.0
145
0.0
146
0.5
147
0.1
148
0.0
 69
0
 70
0
 71
0
 72
0
 73
0
 74
0
 75
0
 76
0
 77
1
 78
12
 79
3
170
0
171
3
172
1
173
0
174
0
175
0
176
0
177
0
178
0
179
2
271
2
272
2
273
2
274
3
275
0
276
0
277
2
278
46
279
2
280
0
281
0
282
0
283
0
284
8
285
0
286
0
288
1
289
3
290
0
340
4C
371
-2
372
-2
  0
DIMSTYLE
105
7D
330
4
100
AcDbSymbolTableRecord
100
AcDbDimStyleTableRecord
  2
EZ_M_50_H25_CM
 70
0
 40
1.0
 41
0.125
 42
0.0625
 43
3.75
 44
0.1875
 45
0.0
 46
0.0
 47
0.0
 48
0.0
 49
2.5
140
0.125
141
2.5
142
0.0625
143
0.03937007874
144
100.0
145
0.0
146
0.5
147
0.05
148
0.0
 69
0
 70
0
 71
0
 72
0
 73
0
 74
0
 75
0
 76
0
 77
1
 78
12
 79
3
170
0
171
3
172
1
173
0
174
0
175
0
176
0
177
0
178
0
179
2
271
2
272
2
273
2
274
3
275
0
276
0
277
2
278
46
279
2
280
0
281
0
282
0
283
0
284
8
285
0
286
0
288
1
289
3
290
0
340
4C
371
-2
372
-2
  0
DIMSTYLE
105
7E
330
4
100
AcDbSymbolTableRecord
100
AcDbDimStyleTableRecord
  2
EZ_M_25_H25_CM
 70
0
 40
1.0
 41
0.0625
 42
0.03125
 43
3.75
 44
0.09375
 45
0.0
 46
0.0
 47
0.0
 48
0.0
 49
2.5
140
0.0625
141
2.5
142
0.03125
143
0.03937007874
144
100.0
145
0.0
146
0.5
147
0.025
148
0.0
 69
0
 70
0
 71
0
 72
0
 73
0
 74
0
 75
0
 76
0
 77
1
 78
12
 79
3
170
0
171
3
172
1
173
0
174
0
175
0
176
0
177
0
178
0
179
2
271
2
272
2
273
2
274
3
275
0
276
0
277
2
278
46
279
2
280
0
281
0
282
0
283
0
284
8
285
0
286
0
288
1
289
3
290
0
340
4C
371
-2
372
-2
  0
DIMSTYLE
105
7F
330
4
100
AcDbSymbolTableRecord
100
AcDbDimStyleTableRecord
  2
EZ_M_20_H25_CM
 70
0
 40
1.0
 41
0.05
 42
0.025
 43
3.75
 44
0.07500000000000001
 45
0.0
 46
0.0
 47
0.0
 48
0.0
 49
2.5
140
0.05
141
2.5
142
0.025
143
0.03937007874
144
100.0
145
0.0
146
0.5
147
0.020000000000000004
148
0.0
 69
0
 70
0
 71
0
 72
0
 73
0
 74
0
 75
0
 76
0
 77
1
 78
12
 79
3
170
0
171
3
172
1
173
0
174
0
175
0
176
0
177
0
178
0
179
2
271
2
272
2
273
2
274
3
275
0
276
0
277
2
278
46
279
2
280
0
281
0
282
0
283
0
284
8
285
0
286
0
288
1
289
3
290
0
340
4C
371
-2
372
-2
  0
DIMSTYLE
105
80
330
4
100
AcDbSymbolTableRecord
100
AcDbDimStyleTableRecord
  2
EZ_M_10_H25_CM
 70
0
 40
1.0
 41
0.025
 42
0.0125
 43
3.75
 44
0.037500000000000006
 45
0.0
 46
0.0
 47
0.0
 48
0.0
 49
2.5
140
0.025
141
2.5
142
0.0125
143
0.03937007874
144
100.0
145
0.0
146
0.5
147
0.010000000000000002
148
0.0
 69
0
 70
0
 71
0
 72
0
 73
0
 74
0
 75
0
 76
0
 77
1
 78
12
 79
3
170
0
171
3
172
1
173
0
174
0
175
0
176
0
177
0
178
0
179
2
271
2
272
2
273
2
274
3
275
0
276
0
277
2
278
46
279
2
280
0
281
0
282
0
283
0
284
8
285
0
286
0
288
1
289
3
290
0
340
4C
371
-2
372
-2
  0
DIMSTYLE
105
81
330
4
100
AcDbSymbolTableRecord
100
AcDbDimStyleTableRecord
  2
EZ_M_5_H25_CM
 70
0
 40
1.0
 41
0.0125
 42
0.00625
 43
3.75
 44
0.018750000000000003
 45
0.0
 46
0.0
 47
0.0
 48
0.0
 49
2.5
140
0.0125
141
2.5
142
0.00625
143
0.03937007874
144
100.0
145
0.0
146
0.5
147
0.005000000000000001
148
0.0
 69
0
 70
0
 71
0
 72
0
 73
0
 74
0
 75
0
 76
0
 77
1
 78
12
 79
3
170
0
171
3
172
1
173
0
174
0
175
0
176
0
177
0
178
0
179
2
271
2
272
2
273
2
274
3
275
0
276
0
277
2
278
46
279
2
280
0
281
0
282
0
283
0
284
8
285
0
286
0
288
1
289
3
290
0
340
4C
371
-2
372
-2
  0
DIMSTYLE
105
82
330
4
100
AcDbSymbolTableRecord
100
AcDbDimStyleTableRecord
  2
EZ_M_1_H25_CM
 70
0
 40
1.0
 41
0.0025
 42
0.00125
 43
3.75
 44
0.00375
 45
0.0
 46
0.0
 47
0.0
 48
0.0
 49
2.5
140
0.0025
141
2.5
142
0.00125
143
0.03937007874
144
100.0
145
0.0
146
0.5
147
0.001
148
0.0
 69
0
 70
0
 71
0
 72
0
 73
0
 74
0
 75
0
 76
0
 77
1
 78
12
 79
3
170
0
171
3
172
1
173
0
174
0
175
0
176
0
177
0
178
0
179
2
271
2
272
2
273
2
274
3
275
0
276
0
277
2
278
46
279
2
280
0
281
0
282
0
283
0
284
8
285
0
286
0
288
1
289
3
290
0
340
4C
371
-2
372
-2
  0
DIMSTYLE
105
83
330
4
100
AcDbSymbolTableRecord
100
AcDbDimStyleTableRecord
  2
EZ_RADIUS
 70
0
 40
1.0
 41
0.25
 42
0.125
 43
3.75
 44
0.375
 45
0.0
 46
0.0
 47
0.0
 48
0.0
 49
2.5
140
0.25
141
0.0
142
0.0
143
0.03937007874
144
100.0
145
0.0
146
0.5
147
0.1
148
0.0
 69
0
 70
0
 71
0
 72
0
 73
0
 74
0
 75
0
 76
0
 77
1
 78
12
 79
3
170
0
171
3
172
0
173
0
174
0
175
0
176
0
177
0
178
0
179
2
271
2
272
2
273
2
274
3
275
0
276
0
277
2
278
46
279
1
280
0
281
0
282
0
283
0
284
8
285
0
286
0
288
1
289
3
290
0
340
4C
342
84
371
-2
372
-2
  0
DIMSTYLE
105
88
330
4
100
AcDbSymbolTableRecord
100
AcDbDimStyleTableRecord
  2
EZ_RADIUS_INSIDE
 70
0
 40
1.0
 41
0.25
 42
0.125
 43
3.75
 44
0.375
 45
0.0
 46
0.0
 47
0.0
 48
0.0
 49
2.5
140
0.25
141
0.0
142
0.0
143
0.03937007874
144
100.0
145
0.0
146
0.5
147
0.1
148
0.0
 69
0
 70
0
 71
0
 72
0
 73
0
 74
0
 75
0
 76
0
 77
0
 78
12
 79
3
170
0
171
3
172
0
173
0
174
1
175
0
176
0
177
0
178
0
179
2
271
2
272
2
273
2
274
3
275
0
276
0
277
2
278
46
279
0
280
0
281
0
282
0
283
0
284
8
285
0
286
0
288
1
289
0
290
0
340
4C
342
84
371
-2
372
-2
  0
DIMSTYLE
105
89
330
4
100
AcDbSymbolTableRecord
100
AcDbDimStyleTableRecord
  2
EZ_CURVED
 70
0
 40
1.0
 41
0.25
 42
0.125
 43
3.75
 44
0.375
 45
0.0
 46
0.0
 47
0.0
 48
0.0
 49
2.5
140
0.25
141
2.5
142
0.0
143
0.03937007874
144
100.0
145
0.0
146
0.5
147
0.1
148
0.0
 69
0
 70
0
 71
0
 72
0
 73
0
 74
0
 75
0
 76
0
 77
1
 78
12
 79
2
 90
2
170
0
171
3
172
1
173
0
174
0
175
0
176
0
177
0
178
0
179
2
271
2
272
2
273
2
274
3
275
0
276
0
277
2
278
46
279
2
280
0
281
0
282
0
283
0
284
8
285
0
286
0
288
1
289
3
290
0
340
4C
371
-2
372
-2
  0
DIMSTYLE
105
B4
330
4
100
AcDbSymbolTableRecord
100
AcDbDimStyleTableRecord
  2
COTA-50
 70
0
 40
1.0
 41
0.06
 42
0.05
 43
3.75
 44
0.05
 45
0.0
 46
0.05
 47
0.0
 48
0.0
 49
2.5
140
0.11000000000000001
141
2.5
142
0.06
143
0.03937007874
144
1.0
145
0.0
146
1.0
147
0.04000000000000001
148
0.0
 69
0
 70
0
 71
0
 72
0
 73
0
 74
0
 75
0
 76
0
 77
1
 78
0
 79
3
170
0
171
3
172
1
173
0
174
0
175
0
176
7
177
7
178
7
179
2
271
2
272
2
273
2
274
3
275
0
276
0
277
2
278
46
279
0
280
0
281
0
282
0
283
0
284
8
285
0
286
0
288
0
289
3
290
0
340
8A
371
18
372
13
  0
DIMSTYLE
105
B5
330
4
100
AcDbSymbolTableRecord
100
AcDbDimStyleTableRecord
  2
COTA-100
 70
0
 40
1.0
 41
0.12
 42
0.1
 43
3.75
 44
0.1
 45
0.0
 46
0.1
 47
0.0
 48
0.0
 49
2.5
140
0.22000000000000003
141
2.5
142
0.12
143
0.03937007874
144
1.0
145
0.0
146
1.0
147
0.08000000000000002
148
0.0
 69
0
 70
0
 71
0
 72
0
 73
0
 74
0
 75
0
 76
0
 77
1
 78
0
 79
3
170
0
171
3
172
1
173
0
174
0
175
0
176
7
177
7
178
7
179
2
271
2
272
2
273
2
274
3
275
0
276
0
277
2
278
46
279
0
280
0
281
0
282
0
283
0
284
8
285
0
286
0
288
0
289
3
290
0
340
8A
371
18
372
13
  0
DIMSTYLE
105
B6
330
4
100
AcDbSymbolTableRecord
100
AcDbDimStyleTableRecord
  2
COTA-200
 70
0
 40
1.0
 41
0.24
 42
0.2
 43
3.75
 44
0.2
 45
0.0
 46
0.2
 47
0.0
 48
0.0
 49
2.5
140
0.44000000000000006
141
2.5
142
0.24
143
0.03937007874
144
1.0
145
0.0
146
1.0
147
0.16000000000000003
148
0.0
 69
0
 70
0
 71
0
 72
0
 73
0
 74
0
 75
0
 76
0
 77
1
 78
0
 79
3
170
0
171
3
172
1
173
0
174
0
175
0
176
7
177
7
178
7
179
2
271
2
272
2
273
2
274
3
275
0
276
0
277
2
278
46
279
0
280
0
281
0
282
0
283
0
284
8
285
0
286
0
288
0
289
3
290
0
340
8A
371
18
372
13
  0
ENDTAB
  0
TABLE
  2
BLOCK_RECORD
  5
9
330
0
100
AcDbSymbolTable
 70
7
  0
BLOCK_RECORD
  5
17
330
9
100
AcDbSymbolTableRecord
100
AcDbBlockTableRecord
  2
*Model_Space
340
1A
 70
0
280
1
281
0
  0
BLOCK_RECORD
  5
74
330
9
100
AcDbSymbolTableRecord
100
AcDbBlockTableRecord
  2
_ARCHTICK
340
0
 70
0
280
1
281
0
  0
BLOCK_RECORD
  5
78
330
9
100
AcDbSymbolTableRecord
100
AcDbBlockTableRecord
  2
_CLOSEDFILLED
340
0
 70
0
280
1
281
0
  0
BLOCK_RECORD
  5
84
330
9
100
AcDbSymbolTableRecord
100
AcDbBlockTableRecord
  2
_CLOSEDBLANK
340
0
 70
0
280
1
281
0
  0
BLOCK_RECORD
  5
49D
330
9
100
AcDbSymbolTableRecord
100
AcDbBlockTableRecord
  2
*Paper_Space
340
4A0
 70
0
280
1
281
0
  0
BLOCK_RECORD
  5
1B
330
9
100
AcDbSymbolTableRecord
100
AcDbBlockTableRecord
  2
*Paper_Space0
340
1E
 70
0
280
1
281
0
  0
BLOCK_RECORD
  5
67F
330
9
100
AcDbSymbolTableRecord
100
AcDbBlockTableRecord
  2
CAJETIN_A1
340
0
 70
0
280
1
281
0
  0
ENDTAB
  0
ENDSEC
  0
SECTION
  2
BLOCKS
  0
BLOCK
  5
18
330
17
100
AcDbEntity
  8
0
100
AcDbBlockBegin
  2
*Model_Space
 70
0
 10
0.0
 20
0.0
 30
0.0
  3
*Model_Space
  1

  0
ENDBLK
  5
19
330
17
100
AcDbEntity
  8
0
100
AcDbBlockEnd
  0
BLOCK
  5
75
330
74
100
AcDbEntity
  8
0
100
AcDbBlockBegin
  2
_ARCHTICK
 70
0
 10
0.0
 20
0.0
 30
0.0
  3
_ARCHTICK
  1

  0
LWPOLYLINE
  5
77
330
74
100
AcDbEntity
  8
0
  6
BYBLOCK
 62
0
100
AcDbPolyline
 90
2
 70
0
 43
0.15
 10
-0.5
 20
-0.5
 10
0.5
 20
0.5
  0
ENDBLK
  5
76
330
74
100
AcDbEntity
  8
0
100
AcDbBlockEnd
  0
BLOCK
  5
79
330
78
100
AcDbEntity
  8
0
100
AcDbBlockBegin
  2
_CLOSEDFILLED
 70
0
 10
0.0
 20
0.0
 30
0.0
  3
_CLOSEDFILLED
  1

  0
SOLID
  5
7B
330
78
100
AcDbEntity
  8
0
  6
BYBLOCK
 62
0
100
AcDbTrace
 10
-1.0
 20
0.16439898372402537
 30
0.0
 11
0.0
 21
0.0
 31
0.0
 12
-1.0
 22
-0.16439898372402537
 32
0.0
 13
-1.0
 23
-0.16439898372402537
 33
0.0
  0
ENDBLK
  5
7A
330
78
100
AcDbEntity
  8
0
100
AcDbBlockEnd
  0
BLOCK
  5
85
330
84
100
AcDbEntity
  8
0
100
AcDbBlockBegin
  2
_CLOSEDBLANK
 70
0
 10
0.0
 20
0.0
 30
0.0
  3
_CLOSEDBLANK
  1

  0
LWPOLYLINE
  5
87
330
84
100
AcDbEntity
  8
0
  6
BYBLOCK
 62
0
100
AcDbPolyline
 90
3
 70
1
 10
-1.0
 20
0.16439898372402537
 10
0.0
 20
0.0
 10
-1.0
 20
-0.16439898372402537
  0
ENDBLK
  5
86
330
84
100
AcDbEntity
  8
0
100
AcDbBlockEnd
  0
BLOCK
  5
49E
330
49D
100
AcDbEntity
  8
0
100
AcDbBlockBegin
  2
*Paper_Space
 70
0
 10
0.0
 20
0.0
 30
0.0
  3
*Paper_Space
  1

  0
ENDBLK
  5
49F
330
49D
100
AcDbEntity
  8
0
100
AcDbBlockEnd
  0
BLOCK
  5
1C
330
1B
100
AcDbEntity
  8
0
100
AcDbBlockBegin
  2
*Paper_Space0
 70
0
 10
0.0
 20
0.0
 30
0.0
  3
*Paper_Space0
  1

  0
ENDBLK
  5
1D
330
1B
100
AcDbEntity
  8
0
100
AcDbBlockEnd
  0
BLOCK
  5
680
330
67F
100
AcDbEntity
  8
0
100
AcDbBlockBegin
  2
CAJETIN_A1
 70
2
 10
0.0
 20
0.0
 30
0.0
  3
CAJETIN_A1
  1

  0
LWPOLYLINE
  5
682
330
67F
100
AcDbEntity
  8
0
100
AcDbPolyline
 90
4
 70
1
 10
0.0
 20
0.0
 10
120.0
 20
0.0
 10
120.0
 20
574.0
 10
0.0
 20
574.0
  0
TEXT
  5
683
330
67F
100
AcDbEntity
  8
0
100
AcDbText
 10
3.0
 20
571.0
 30
0.0
 40
2.0
  1
ESPACIO PARA SELLOS Y TIMBRES
  7
ARIAL
 11
3.0
 21
571.0
 31
0.0
100
AcDbText
 73
3
  0
LINE
  5
684
330
67F
100
AcDbEntity
  8
0
100
AcDbLine
 10
0.0
 20
255.6
 30
0.0
 11
120.0
 21
255.6
 31
0.0
  0
ATTDEF
  5
685
330
67F
100
AcDbEntity
  8
0
100
AcDbText
 10
60.0
 20
251.6
 30
0.0
 40
3.2
  1

  7
ARIAL
 72
1
 11
60.0
 21
251.6
 31
0.0
100
AcDbAttributeDefinition
  3

  2
EMPRESA
 70
0
 74
3
 71
1
 72
0
 11
60.0
 21
251.6
 31
0.0
  0
ATTDEF
  5
686
330
67F
100
AcDbEntity
  8
0
100
AcDbText
 10
60.0
 20
245.6
 30
0.0
 40
2.5
  1

  7
ARIAL
 72
1
 11
60.0
 21
245.6
 31
0.0
100
AcDbAttributeDefinition
  3

  2
EMPRESA_CED
 70
0
 74
3
 71
1
 72
0
 11
60.0
 21
245.6
 31
0.0
  0
LINE
  5
687
330
67F
100
AcDbEntity
  8
0
100
AcDbLine
 10
0.0
 20
237.6
 30
0.0
 11
120.0
 21
237.6
 31
0.0
  0
TEXT
  5
688
330
67F
100
AcDbEntity
  8
0
100
AcDbText
 10
3.0
 20
235.1
 30
0.0
 40
2.2
  1
PROFESIONAL RESPONSABLE:
  7
ARIAL
 11
3.0
 21
235.1
 31
0.0
100
AcDbText
 73
3
  0
ATTDEF
  5
689
330
67F
100
AcDbEntity
  8
0
100
AcDbText
 10
3.0
 20
230.1
 30
0.0
 40
2.6
  1

  7
ARIAL
 11
3.0
 21
230.1
 31
0.0
100
AcDbAttributeDefinition
  3

  2
PROF_1
 70
0
 74
3
 71
1
 72
0
 11
3.0
 21
230.1
 31
0.0
  0
ATTDEF
  5
68A
330
67F
100
AcDbEntity
  8
0
100
AcDbText
 10
3.0
 20
225.6
 30
0.0
 40
2.6
  1

  7
ARIAL
 11
3.0
 21
225.6
 31
0.0
100
AcDbAttributeDefinition
  3

  2
PROF_2
 70
0
 74
3
 71
1
 72
0
 11
3.0
 21
225.6
 31
0.0
  0
ATTDEF
  5
68B
330
67F
100
AcDbEntity
  8
0
100
AcDbText
 10
3.0
 20
221.1
 30
0.0
 40
2.6
  1

  7
ARIAL
 11
3.0
 21
221.1
 31
0.0
100
AcDbAttributeDefinition
  3

  2
PROF_3
 70
0
 74
3
 71
1
 72
0
 11
3.0
 21
221.1
 31
0.0
  0
LINE
  5
68C
330
67F
100
AcDbEntity
  8
0
100
AcDbLine
 10
0.0
 20
215.6
 30
0.0
 11
120.0
 21
215.6
 31
0.0
  0
TEXT
  5
68D
330
67F
100
AcDbEntity
  8
0
100
AcDbText
 10
3.0
 20
213.1
 30
0.0
 40
2.2
  1
PROYECTO:
  7
ARIAL
 11
3.0
 21
213.1
 31
0.0
100
AcDbText
 73
3
  0
ATTDEF
  5
68E
330
67F
100
AcDbEntity
  8
0
100
AcDbText
 10
3.0
 20
208.1
 30
0.0
 40
4.2
  1

  7
ARIAL
 11
3.0
 21
208.1
 31
0.0
100
AcDbAttributeDefinition
  3

  2
PROYECTO
 70
0
 74
3
 71
1
 72
0
 11
3.0
 21
208.1
 31
0.0
  0
ATTDEF
  5
68F
330
67F
100
AcDbEntity
  8
0
100
AcDbText
 10
3.0
 20
201.1
 30
0.0
 40
2.5
  1

  7
ARIAL
 11
3.0
 21
201.1
 31
0.0
100
AcDbAttributeDefinition
  3

  2
UBIC_1
 70
0
 74
3
 71
1
 72
0
 11
3.0
 21
201.1
 31
0.0
  0
ATTDEF
  5
690
330
67F
100
AcDbEntity
  8
0
100
AcDbText
 10
3.0
 20
196.6
 30
0.0
 40
2.5
  1

  7
ARIAL
 11
3.0
 21
196.6
 31
0.0
100
AcDbAttributeDefinition
  3

  2
UBIC_2
 70
0
 74
3
 71
1
 72
0
 11
3.0
 21
196.6
 31
0.0
  0
ATTDEF
  5
691
330
67F
100
AcDbEntity
  8
0
100
AcDbText
 10
3.0
 20
192.1
 30
0.0
 40
2.5
  1

  7
ARIAL
 11
3.0
 21
192.1
 31
0.0
100
AcDbAttributeDefinition
  3

  2
UBIC_3
 70
0
 74
3
 71
1
 72
0
 11
3.0
 21
192.1
 31
0.0
  0
LINE
  5
692
330
67F
100
AcDbEntity
  8
0
100
AcDbLine
 10
0.0
 20
186.6
 30
0.0
 11
120.0
 21
186.6
 31
0.0
  0
TEXT
  5
693
330
67F
100
AcDbEntity
  8
0
100
AcDbText
 10
3.0
 20
184.1
 30
0.0
 40
2.2
  1
INFORMACIÓN REGISTRO PÚBLICO:
  7
ARIAL
 11
3.0
 21
184.1
 31
0.0
100
AcDbText
 73
3
  0
ATTDEF
  5
694
330
67F
100
AcDbEntity
  8
0
100
AcDbText
 10
3.0
 20
179.1
 30
0.0
 40
2.5
  1

  7
ARIAL
 11
3.0
 21
179.1
 31
0.0
100
AcDbAttributeDefinition
  3

  2
REG_1
 70
0
 74
3
 71
1
 72
0
 11
3.0
 21
179.1
 31
0.0
  0
ATTDEF
  5
695
330
67F
100
AcDbEntity
  8
0
100
AcDbText
 10
3.0
 20
174.6
 30
0.0
 40
2.5
  1

  7
ARIAL
 11
3.0
 21
174.6
 31
0.0
100
AcDbAttributeDefinition
  3

  2
REG_2
 70
0
 74
3
 71
1
 72
0
 11
3.0
 21
174.6
 31
0.0
  0
ATTDEF
  5
696
330
67F
100
AcDbEntity
  8
0
100
AcDbText
 10
3.0
 20
170.1
 30
0.0
 40
2.5
  1

  7
ARIAL
 11
3.0
 21
170.1
 31
0.0
100
AcDbAttributeDefinition
  3

  2
REG_3
 70
0
 74
3
 71
1
 72
0
 11
3.0
 21
170.1
 31
0.0
  0
LINE
  5
697
330
67F
100
AcDbEntity
  8
0
100
AcDbLine
 10
0.0
 20
164.6
 30
0.0
 11
120.0
 21
164.6
 31
0.0
  0
TEXT
  5
698
330
67F
100
AcDbEntity
  8
0
100
AcDbText
 10
3.0
 20
162.1
 30
0.0
 40
2.2
  1
CONTENIDO:
  7
ARIAL
 11
3.0
 21
162.1
 31
0.0
100
AcDbText
 73
3
  0
ATTDEF
  5
699
330
67F
100
AcDbEntity
  8
0
100
AcDbText
 10
3.0
 20
157.1
 30
0.0
 40
5.0
  1

  7
ARIAL
 11
3.0
 21
157.1
 31
0.0
100
AcDbAttributeDefinition
  3

  2
CONT_TIT
 70
0
 74
3
 71
1
 72
0
 11
3.0
 21
157.1
 31
0.0
  0
ATTDEF
  5
69A
330
67F
100
AcDbEntity
  8
0
100
AcDbText
 10
3.0
 20
149.6
 30
0.0
 40
3.0
  1

  7
ARIAL
 11
3.0
 21
149.6
 31
0.0
100
AcDbAttributeDefinition
  3

  2
CONT_1
 70
0
 74
3
 71
1
 72
0
 11
3.0
 21
149.6
 31
0.0
  0
ATTDEF
  5
69B
330
67F
100
AcDbEntity
  8
0
100
AcDbText
 10
3.0
 20
144.1
 30
0.0
 40
3.0
  1

  7
ARIAL
 11
3.0
 21
144.1
 31
0.0
100
AcDbAttributeDefinition
  3

  2
CONT_2
 70
0
 74
3
 71
1
 72
0
 11
3.0
 21
144.1
 31
0.0
  0
ATTDEF
  5
69C
330
67F
100
AcDbEntity
  8
0
100
AcDbText
 10
3.0
 20
138.6
 30
0.0
 40
3.0
  1

  7
ARIAL
 11
3.0
 21
138.6
 31
0.0
100
AcDbAttributeDefinition
  3

  2
CONT_3
 70
0
 74
3
 71
1
 72
0
 11
3.0
 21
138.6
 31
0.0
  0
ATTDEF
  5
69D
330
67F
100
AcDbEntity
  8
0
100
AcDbText
 10
3.0
 20
133.1
 30
0.0
 40
3.0
  1

  7
ARIAL
 11
3.0
 21
133.1
 31
0.0
100
AcDbAttributeDefinition
  3

  2
CONT_4
 70
0
 74
3
 71
1
 72
0
 11
3.0
 21
133.1
 31
0.0
  0
ATTDEF
  5
69E
330
67F
100
AcDbEntity
  8
0
100
AcDbText
 10
3.0
 20
127.6
 30
0.0
 40
3.0
  1

  7
ARIAL
 11
3.0
 21
127.6
 31
0.0
100
AcDbAttributeDefinition
  3

  2
CONT_5
 70
0
 74
3
 71
1
 72
0
 11
3.0
 21
127.6
 31
0.0
  0
ATTDEF
  5
69F
330
67F
100
AcDbEntity
  8
0
100
AcDbText
 10
3.0
 20
122.1
 30
0.0
 40
3.0
  1

  7
ARIAL
 11
3.0
 21
122.1
 31
0.0
100
AcDbAttributeDefinition
  3

  2
CONT_6
 70
0
 74
3
 71
1
 72
0
 11
3.0
 21
122.1
 31
0.0
  0
LINE
  5
6A0
330
67F
100
AcDbEntity
  8
0
100
AcDbLine
 10
0.0
 20
114.6
 30
0.0
 11
120.0
 21
114.6
 31
0.0
  0
TEXT
  5
6A1
330
67F
100
AcDbEntity
  8
0
100
AcDbText
 10
3.0
 20
112.1
 30
0.0
 40
2.2
  1
ESCALAS:
  7
ARIAL
 11
3.0
 21
112.1
 31
0.0
100
AcDbText
 73
3
  0
ATTDEF
  5
6A2
330
67F
100
AcDbEntity
  8
0
100
AcDbText
 10
25.0
 20
112.1
 30
0.0
 40
2.2
  1

  7
ARIAL
 11
25.0
 21
112.1
 31
0.0
100
AcDbAttributeDefinition
  3

  2
ESCALAS
 70
0
 74
3
 71
1
 72
0
 11
25.0
 21
112.1
 31
0.0
  0
LINE
  5
6A3
330
67F
100
AcDbEntity
  8
0
100
AcDbLine
 10
0.0
 20
107.6
 30
0.0
 11
120.0
 21
107.6
 31
0.0
  0
TEXT
  5
6A4
330
67F
100
AcDbEntity
  8
0
100
AcDbText
 10
3.0
 20
105.6
 30
0.0
 40
2.2
  1
CONTROL DE REVISIONES
  7
ARIAL
 11
3.0
 21
105.6
 31
0.0
100
AcDbText
 73
3
  0
LINE
  5
6A5
330
67F
100
AcDbEntity
  8
0
100
AcDbLine
 10
0.0
 20
101.6
 30
0.0
 11
120.0
 21
101.6
 31
0.0
  0
TEXT
  5
6A6
330
67F
100
AcDbEntity
  8
0
100
AcDbText
 10
6.0
 20
99.1
 30
0.0
 40
2.0
  1
REV.
  7
ARIAL
 72
1
 11
6.0
 21
99.1
 31
0.0
100
AcDbText
 73
2
  0
TEXT
  5
6A7
330
67F
100
AcDbEntity
  8
0
100
AcDbText
 10
23.0
 20
99.1
 30
0.0
 40
2.0
  1
FECHA
  7
ARIAL
 72
1
 11
23.0
 21
99.1
 31
0.0
100
AcDbText
 73
2
  0
TEXT
  5
6A8
330
67F
100
AcDbEntity
  8
0
100
AcDbText
 10
77.0
 20
99.1
 30
0.0
 40
2.0
  1
DESCRIPCIÓN
  7
ARIAL
 72
1
 11
77.0
 21
99.1
 31
0.0
100
AcDbText
 73
2
  0
LINE
  5
6A9
330
67F
100
AcDbEntity
  8
0
100
AcDbLine
 10
0.0
 20
96.6
 30
0.0
 11
120.0
 21
96.6
 31
0.0
  0
ATTDEF
  5
6AA
330
67F
100
AcDbEntity
  8
0
100
AcDbText
 10
6.0
 20
94.0
 30
0.0
 40
2.0
  1

  7
ARIAL
 72
1
 11
6.0
 21
94.0
 31
0.0
100
AcDbAttributeDefinition
  3

  2
REV0_N
 70
0
 74
2
 71
1
 72
0
 11
6.0
 21
94.0
 31
0.0
  0
ATTDEF
  5
6AB
330
67F
100
AcDbEntity
  8
0
100
AcDbText
 10
23.0
 20
94.0
 30
0.0
 40
2.0
  1

  7
ARIAL
 72
1
 11
23.0
 21
94.0
 31
0.0
100
AcDbAttributeDefinition
  3

  2
REV0_F
 70
0
 74
2
 71
1
 72
0
 11
23.0
 21
94.0
 31
0.0
  0
ATTDEF
  5
6AC
330
67F
100
AcDbEntity
  8
0
100
AcDbText
 10
35.5
 20
94.0
 30
0.0
 40
2.0
  1

  7
ARIAL
 11
35.5
 21
94.0
 31
0.0
100
AcDbAttributeDefinition
  3

  2
REV0_D
 70
0
 74
2
 71
1
 72
0
 11
35.5
 21
94.0
 31
0.0
  0
LINE
  5
6AD
330
67F
100
AcDbEntity
  8
0
100
AcDbLine
 10
0.0
 20
91.39999999999999
 30
0.0
 11
120.0
 21
91.39999999999999
 31
0.0
  0
ATTDEF
  5
6AE
330
67F
100
AcDbEntity
  8
0
100
AcDbText
 10
6.0
 20
88.8
 30
0.0
 40
2.0
  1

  7
ARIAL
 72
1
 11
6.0
 21
88.8
 31
0.0
100
AcDbAttributeDefinition
  3

  2
REV1_N
 70
0
 74
2
 71
1
 72
0
 11
6.0
 21
88.8
 31
0.0
  0
ATTDEF
  5
6AF
330
67F
100
AcDbEntity
  8
0
100
AcDbText
 10
23.0
 20
88.8
 30
0.0
 40
2.0
  1

  7
ARIAL
 72
1
 11
23.0
 21
88.8
 31
0.0
100
AcDbAttributeDefinition
  3

  2
REV1_F
 70
0
 74
2
 71
1
 72
0
 11
23.0
 21
88.8
 31
0.0
  0
ATTDEF
  5
6B0
330
67F
100
AcDbEntity
  8
0
100
AcDbText
 10
35.5
 20
88.8
 30
0.0
 40
2.0
  1

  7
ARIAL
 11
35.5
 21
88.8
 31
0.0
100
AcDbAttributeDefinition
  3

  2
REV1_D
 70
0
 74
2
 71
1
 72
0
 11
35.5
 21
88.8
 31
0.0
  0
LINE
  5
6B1
330
67F
100
AcDbEntity
  8
0
100
AcDbLine
 10
0.0
 20
86.19999999999999
 30
0.0
 11
120.0
 21
86.19999999999999
 31
0.0
  0
ATTDEF
  5
6B2
330
67F
100
AcDbEntity
  8
0
100
AcDbText
 10
6.0
 20
83.6
 30
0.0
 40
2.0
  1

  7
ARIAL
 72
1
 11
6.0
 21
83.6
 31
0.0
100
AcDbAttributeDefinition
  3

  2
REV2_N
 70
0
 74
2
 71
1
 72
0
 11
6.0
 21
83.6
 31
0.0
  0
ATTDEF
  5
6B3
330
67F
100
AcDbEntity
  8
0
100
AcDbText
 10
23.0
 20
83.6
 30
0.0
 40
2.0
  1

  7
ARIAL
 72
1
 11
23.0
 21
83.6
 31
0.0
100
AcDbAttributeDefinition
  3

  2
REV2_F
 70
0
 74
2
 71
1
 72
0
 11
23.0
 21
83.6
 31
0.0
  0
ATTDEF
  5
6B4
330
67F
100
AcDbEntity
  8
0
100
AcDbText
 10
35.5
 20
83.6
 30
0.0
 40
2.0
  1

  7
ARIAL
 11
35.5
 21
83.6
 31
0.0
100
AcDbAttributeDefinition
  3

  2
REV2_D
 70
0
 74
2
 71
1
 72
0
 11
35.5
 21
83.6
 31
0.0
  0
LINE
  5
6B5
330
67F
100
AcDbEntity
  8
0
100
AcDbLine
 10
0.0
 20
80.99999999999999
 30
0.0
 11
120.0
 21
80.99999999999999
 31
0.0
  0
LINE
  5
6B6
330
67F
100
AcDbEntity
  8
0
100
AcDbLine
 10
12.0
 20
101.6
 30
0.0
 11
12.0
 21
80.99999999999999
 31
0.0
  0
LINE
  5
6B7
330
67F
100
AcDbEntity
  8
0
100
AcDbLine
 10
34.0
 20
101.6
 30
0.0
 11
34.0
 21
80.99999999999999
 31
0.0
  0
TEXT
  5
6B8
330
67F
100
AcDbEntity
  8
0
100
AcDbText
 10
3.0
 20
78.49999999999999
 30
0.0
 40
2.2
  1
ESTADO:
  7
ARIAL
 11
3.0
 21
78.49999999999999
 31
0.0
100
AcDbText
 73
3
  0
ATTDEF
  5
6B9
330
67F
100
AcDbEntity
  8
0
100
AcDbText
 10
60.0
 20
72.99999999999999
 30
0.0
 40
3.0
  1

  7
ARIAL
 72
1
 11
60.0
 21
72.99999999999999
 31
0.0
100
AcDbAttributeDefinition
  3

  2
ESTADO_1
 70
0
 74
3
 71
1
 72
0
 11
60.0
 21
72.99999999999999
 31
0.0
  0
ATTDEF
  5
6BA
330
67F
100
AcDbEntity
  8
0
100
AcDbText
 10
60.0
 20
67.99999999999999
 30
0.0
 40
2.4
  1

  7
ARIAL
 72
1
 11
60.0
 21
67.99999999999999
 31
0.0
100
AcDbAttributeDefinition
  3

  2
ESTADO_2
 70
0
 74
3
 71
1
 72
0
 11
60.0
 21
67.99999999999999
 31
0.0
  0
LINE
  5
6BB
330
67F
100
AcDbEntity
  8
0
100
AcDbLine
 10
0.0
 20
61.999999999999986
 30
0.0
 11
120.0
 21
61.999999999999986
 31
0.0
  0
LINE
  5
6BC
330
67F
100
AcDbEntity
  8
0
100
AcDbLine
 10
0.0
 20
52.999999999999986
 30
0.0
 11
120.0
 21
52.999999999999986
 31
0.0
  0
LINE
  5
6BD
330
67F
100
AcDbEntity
  8
0
100
AcDbLine
 10
0.0
 20
26.999999999999986
 30
0.0
 11
120.0
 21
26.999999999999986
 31
0.0
  0
LINE
  5
6BE
330
67F
100
AcDbEntity
  8
0
100
AcDbLine
 10
66.0
 20
61.999999999999986
 30
0.0
 11
66.0
 21
0.0
 31
0.0
  0
TEXT
  5
6BF
330
67F
100
AcDbEntity
  8
0
100
AcDbText
 10
33.0
 20
57.499999999999986
 30
0.0
 40
3.0
  1
LUGAR
  7
ARIAL
 72
1
 11
33.0
 21
57.499999999999986
 31
0.0
100
AcDbText
 73
2
  0
TEXT
  5
6C0
330
67F
100
AcDbEntity
  8
0
100
AcDbText
 10
93.0
 20
57.499999999999986
 30
0.0
 40
3.0
  1
LÁMINA
  7
ARIAL
 72
1
 11
93.0
 21
57.499999999999986
 31
0.0
100
AcDbText
 73
2
  0
ATTDEF
  5
6C1
330
67F
100
AcDbEntity
  8
0
100
AcDbText
 10
33.0
 20
39.999999999999986
 30
0.0
 40
5.0
  1

  7
ARIAL
 72
1
 11
33.0
 21
39.999999999999986
 31
0.0
100
AcDbAttributeDefinition
  3

  2
LUGAR
 70
0
 74
2
 71
1
 72
0
 11
33.0
 21
39.999999999999986
 31
0.0
  0
ATTDEF
  5
6C2
330
67F
100
AcDbEntity
  8
0
100
AcDbText
 10
93.0
 20
39.999999999999986
 30
0.0
 40
14.0
  1

  7
ARIAL
 72
1
 11
93.0
 21
39.999999999999986
 31
0.0
100
AcDbAttributeDefinition
  3

  2
LAMINA
 70
0
 74
2
 71
1
 72
0
 11
93.0
 21
39.999999999999986
 31
0.0
  0
ATTDEF
  5
6C3
330
67F
100
AcDbEntity
  8
0
100
AcDbText
 10
33.0
 20
13.499999999999993
 30
0.0
 40
6.0
  1

  7
ARIAL
 72
1
 11
33.0
 21
13.499999999999993
 31
0.0
100
AcDbAttributeDefinition
  3

  2
FECHA
 70
0
 74
2
 71
1
 72
0
 11
33.0
 21
13.499999999999993
 31
0.0
  0
TEXT
  5
6C4
330
67F
100
AcDbEntity
  8
0
100
AcDbText
 10
70.0
 20
13.499999999999993
 30
0.0
 40
3.0
  1
TOTAL
  7
ARIAL
 11
70.0
 21
13.499999999999993
 31
0.0
100
AcDbText
 73
2
  0
ATTDEF
  5
6C5
330
67F
100
AcDbEntity
  8
0
100
AcDbText
 10
104.0
 20
13.499999999999993
 30
0.0
 40
9.0
  1

  7
ARIAL
 72
1
 11
104.0
 21
13.499999999999993
 31
0.0
100
AcDbAttributeDefinition
  3

  2
TOTAL
 70
0
 74
2
 71
1
 72
0
 11
104.0
 21
13.499999999999993
 31
0.0
  0
ENDBLK
  5
681
330
67F
100
AcDbEntity
  8
0
100
AcDbBlockEnd
  0
ENDSEC
  0
SECTION
  2
ENTITIES
  0
LWPOLYLINE
  5
C0
330
17
100
AcDbEntity
  8
T-LINDERO
100
AcDbPolyline
 90
5
 70
1
 10
0.0
 20
0.0
 10
0.010879637986303953
 20
4.664716672341735
 10
0.05655167053563409
 20
9.007424821148515
 10
28.51811244861565
 20
8.999803462886003
 10
28.511978184595964
 20
0.0
  0
LWPOLYLINE
  5
C1
330
17
100
AcDbEntity
  8
A-MURO
100
AcDbPolyline
 90
4
 70
1
 10
2.06
 20
0.0
 10
2.06
 20
0.15
 10
25.18
 20
0.15
 10
25.18
 20
0.0
  0
HATCH
  5
C2
330
17
100
AcDbEntity
  8
A-MURO-TRAMA
 62
7
100
AcDbHatch
 10
0.0
 20
0.0
 30
0.0
210
0.0
220
0.0
230
1.0
  2
ANSI31
 70
0
 71
0
 91
1
 92
3
 72
0
 73
1
 93
4
 10
2.06
 20
0.0
 10
2.06
 20
0.15
 10
25.18
 20
0.15
 10
25.18
 20
0.0
 97
0
 75
1
 76
1
 52
0.0
 41
0.03
 77
0
 78
1
 53
45.0
 43
0.0
 44
0.0
 45
-0.0020205576
 46
0.0020205576
 79
0
 98
0
  0
LWPOLYLINE
  5
C3
330
17
100
AcDbEntity
  8
A-MURO
100
AcDbPolyline
 90
4
 70
1
 10
2.06
 20
8.85
 10
2.06
 20
9.0
 10
25.18
 20
9.0
 10
25.18
 20
8.85
  0
HATCH
  5
C4
330
17
100
AcDbEntity
  8
A-MURO-TRAMA
 62
7
100
AcDbHatch
 10
0.0
 20
0.0
 30
0.0
210
0.0
220
0.0
230
1.0
  2
ANSI31
 70
0
 71
0
 91
1
 92
3
 72
0
 73
1
 93
4
 10
2.06
 20
8.85
 10
2.06
 20
9.0
 10
25.18
 20
9.0
 10
25.18
 20
8.85
 97
0
 75
1
 76
1
 52
0.0
 41
0.03
 77
0
 78
1
 53
45.0
 43
0.0
 44
0.0
 45
-0.0020205576
 46
0.0020205576
 79
0
 98
0
  0
LWPOLYLINE
  5
C5
330
17
100
AcDbEntity
  8
A-MURO
100
AcDbPolyline
 90
4
 70
1
 10
2.06
 20
1.26
 10
2.06
 20
1.56
 10
2.21
 20
1.56
 10
2.21
 20
1.26
  0
HATCH
  5
C6
330
17
100
AcDbEntity
  8
A-MURO-TRAMA
 62
7
100
AcDbHatch
 10
0.0
 20
0.0
 30
0.0
210
0.0
220
0.0
230
1.0
  2
ANSI31
 70
0
 71
0
 91
1
 92
3
 72
0
 73
1
 93
4
 10
2.06
 20
1.26
 10
2.06
 20
1.56
 10
2.21
 20
1.56
 10
2.21
 20
1.26
 97
0
 75
1
 76
1
 52
0.0
 41
0.03
 77
0
 78
1
 53
45.0
 43
0.0
 44
0.0
 45
-0.0020205576
 46
0.0020205576
 79
0
 98
0
  0
LWPOLYLINE
  5
C7
330
17
100
AcDbEntity
  8
A-MURO
100
AcDbPolyline
 90
4
 70
1
 10
28.361978184595966
 20
0.0
 10
28.361978184595966
 20
9.0
 10
28.511978184595964
 20
9.0
 10
28.511978184595964
 20
0.0
  0
HATCH
  5
C8
330
17
100
AcDbEntity
  8
A-MURO-TRAMA
 62
7
100
AcDbHatch
 10
0.0
 20
0.0
 30
0.0
210
0.0
220
0.0
230
1.0
  2
ANSI31
 70
0
 71
0
 91
1
 92
3
 72
0
 73
1
 93
4
 10
28.361978184595966
 20
0.0
 10
28.361978184595966
 20
9.0
 10
28.511978184595964
 20
9.0
 10
28.511978184595964
 20
0.0
 97
0
 75
1
 76
1
 52
0.0
 41
0.03
 77
0
 78
1
 53
45.0
 43
0.0
 44
0.0
 45
-0.0020205576
 46
0.0020205576
 79
0
 98
0
  0
LWPOLYLINE
  5
C9
330
17
100
AcDbEntity
  8
E-COLUMNA
100
AcDbPolyline
 90
4
 70
1
 10
7.534999999999999
 20
4.6899999999999995
 10
7.534999999999999
 20
4.99
 10
7.835
 20
4.99
 10
7.835
 20
4.6899999999999995
  0
HATCH
  5
CA
330
17
100
AcDbEntity
  8
E-COLUMNA
 62
7
100
AcDbHatch
 10
0.0
 20
0.0
 30
0.0
210
0.0
220
0.0
230
1.0
  2
SOLID
 70
1
 71
0
 91
1
 92
3
 72
0
 73
1
 93
4
 10
7.534999999999999
 20
4.6899999999999995
 10
7.534999999999999
 20
4.99
 10
7.835
 20
4.99
 10
7.835
 20
4.6899999999999995
 97
0
 75
0
 76
1
 98
0
  0
TEXT
  5
CB
330
17
100
AcDbEntity
  8
E-COLUMNA
100
AcDbText
 10
7.935
 20
5.11
 30
0.0
 40
0.11
  1
C2
  7
ARIAL
 11
7.935
 21
5.11
 31
0.0
100
AcDbText
 73
2
  0
LWPOLYLINE
  5
CC
330
17
100
AcDbEntity
  8
E-COLUMNA
100
AcDbPolyline
 90
4
 70
1
 10
10.184999999999999
 20
4.6899999999999995
 10
10.184999999999999
 20
4.99
 10
10.485
 20
4.99
 10
10.485
 20
4.6899999999999995
  0
HATCH
  5
CD
330
17
100
AcDbEntity
  8
E-COLUMNA
 62
7
100
AcDbHatch
 10
0.0
 20
0.0
 30
0.0
210
0.0
220
0.0
230
1.0
  2
SOLID
 70
1
 71
0
 91
1
 92
3
 72
0
 73
1
 93
4
 10
10.184999999999999
 20
4.6899999999999995
 10
10.184999999999999
 20
4.99
 10
10.485
 20
4.99
 10
10.485
 20
4.6899999999999995
 97
0
 75
0
 76
1
 98
0
  0
TEXT
  5
CE
330
17
100
AcDbEntity
  8
E-COLUMNA
100
AcDbText
 10
10.584999999999999
 20
5.11
 30
0.0
 40
0.11
  1
C3
  7
ARIAL
 11
10.584999999999999
 21
5.11
 31
0.0
100
AcDbText
 73
2
  0
LWPOLYLINE
  5
CF
330
17
100
AcDbEntity
  8
E-COLUMNA
100
AcDbPolyline
 90
4
 70
1
 10
16.755000000000003
 20
4.6899999999999995
 10
16.755000000000003
 20
4.99
 10
17.055
 20
4.99
 10
17.055
 20
4.6899999999999995
  0
HATCH
  5
D0
330
17
100
AcDbEntity
  8
E-COLUMNA
 62
7
100
AcDbHatch
 10
0.0
 20
0.0
 30
0.0
210
0.0
220
0.0
230
1.0
  2
SOLID
 70
1
 71
0
 91
1
 92
3
 72
0
 73
1
 93
4
 10
16.755000000000003
 20
4.6899999999999995
 10
16.755000000000003
 20
4.99
 10
17.055
 20
4.99
 10
17.055
 20
4.6899999999999995
 97
0
 75
0
 76
1
 98
0
  0
TEXT
  5
D1
330
17
100
AcDbEntity
  8
E-COLUMNA
100
AcDbText
 10
17.155
 20
5.11
 30
0.0
 40
0.11
  1
C4
  7
ARIAL
 11
17.155
 21
5.11
 31
0.0
100
AcDbText
 73
2
  0
LWPOLYLINE
  5
D2
330
17
100
AcDbEntity
  8
E-COLUMNA
100
AcDbPolyline
 90
4
 70
1
 10
19.405
 20
4.6899999999999995
 10
19.405
 20
4.99
 10
19.705
 20
4.99
 10
19.705
 20
4.6899999999999995
  0
HATCH
  5
D3
330
17
100
AcDbEntity
  8
E-COLUMNA
 62
7
100
AcDbHatch
 10
0.0
 20
0.0
 30
0.0
210
0.0
220
0.0
230
1.0
  2
SOLID
 70
1
 71
0
 91
1
 92
3
 72
0
 73
1
 93
4
 10
19.405
 20
4.6899999999999995
 10
19.405
 20
4.99
 10
19.705
 20
4.99
 10
19.705
 20
4.6899999999999995
 97
0
 75
0
 76
1
 98
0
  0
TEXT
  5
D4
330
17
100
AcDbEntity
  8
E-COLUMNA
100
AcDbText
 10
19.805
 20
5.11
 30
0.0
 40
0.11
  1
C5
  7
ARIAL
 11
19.805
 21
5.11
 31
0.0
100
AcDbText
 73
2
  0
LWPOLYLINE
  5
D5
330
17
100
AcDbEntity
  8
E-COLUMNA
100
AcDbPolyline
 90
4
 70
1
 10
24.880000000000003
 20
4.6899999999999995
 10
24.880000000000003
 20
4.99
 10
25.18
 20
4.99
 10
25.18
 20
4.6899999999999995
  0
HATCH
  5
D6
330
17
100
AcDbEntity
  8
E-COLUMNA
 62
7
100
AcDbHatch
 10
0.0
 20
0.0
 30
0.0
210
0.0
220
0.0
230
1.0
  2
SOLID
 70
1
 71
0
 91
1
 92
3
 72
0
 73
1
 93
4
 10
24.880000000000003
 20
4.6899999999999995
 10
24.880000000000003
 20
4.99
 10
25.18
 20
4.99
 10
25.18
 20
4.6899999999999995
 97
0
 75
0
 76
1
 98
0
  0
TEXT
  5
D7
330
17
100
AcDbEntity
  8
E-COLUMNA
100
AcDbText
 10
25.28
 20
5.11
 30
0.0
 40
0.11
  1
C6
  7
ARIAL
 11
25.28
 21
5.11
 31
0.0
100
AcDbText
 73
2
  0
TEXT
  5
D8
330
17
100
AcDbEntity
  8
E-COLUMNA
100
AcDbText
 10
11.084999999999999
 20
5.11
 30
0.0
 40
0.085
  1
COLUMNAS 0.30 x 0.30 (PRELIMINAR)
  7
ARIAL
 11
11.084999999999999
 21
5.11
 31
0.0
100
AcDbText
 73
2
  0
LINE
  5
D9
330
17
100
AcDbEntity
  8
A-PROYECCION
 48
0.1
100
AcDbLine
 10
2.09
 20
1.56
 30
0.0
 11
2.09
 21
8.85
 31
0.0
  0
LINE
  5
DA
330
17
100
AcDbEntity
  8
A-PUERTA
100
AcDbLine
 10
2.06
 20
1.56
 30
0.0
 11
0.23750000000000027
 21
1.56
 31
0.0
  0
LINE
  5
DB
330
17
100
AcDbEntity
  8
A-PUERTA
100
AcDbLine
 10
0.23750000000000027
 20
1.62
 30
0.0
 11
2.06
 21
1.62
 31
0.0
  0
LINE
  5
DC
330
17
100
AcDbEntity
  8
A-PUERTA
100
AcDbLine
 10
2.06
 20
1.56
 30
0.0
 11
0.23750000000000027
 21
1.56
 31
0.0
  0
ARC
  5
DD
330
17
100
AcDbEntity
  8
A-PUERTA
100
AcDbCircle
 10
2.06
 20
1.56
 30
0.0
 40
1.8224999999999998
100
AcDbArc
 50
90.0
 51
180.0
  0
LINE
  5
DE
330
17
100
AcDbEntity
  8
A-PUERTA
100
AcDbLine
 10
2.06
 20
8.85
 30
0.0
 11
0.23750000000000027
 21
8.85
 31
0.0
  0
LINE
  5
DF
330
17
100
AcDbEntity
  8
A-PUERTA
100
AcDbLine
 10
0.23750000000000027
 20
8.79
 30
0.0
 11
2.06
 21
8.79
 31
0.0
  0
LINE
  5
E0
330
17
100
AcDbEntity
  8
A-PUERTA
100
AcDbLine
 10
2.06
 20
8.85
 30
0.0
 11
0.23750000000000027
 21
8.85
 31
0.0
  0
ARC
  5
E1
330
17
100
AcDbEntity
  8
A-PUERTA
100
AcDbCircle
 10
2.06
 20
8.85
 30
0.0
 40
1.8224999999999998
100
AcDbArc
 50
180.0
 51
-90.0
  0
LINE
  5
E2
330
17
100
AcDbEntity
  8
A-PUERTA
100
AcDbLine
 10
2.06
 20
1.26
 30
0.0
 11
3.06
 21
1.26
 31
0.0
  0
ARC
  5
E3
330
17
100
AcDbEntity
  8
A-PUERTA
100
AcDbCircle
 10
2.06
 20
1.26
 30
0.0
 40
1.0
100
AcDbArc
 50
-90.0
 51
0.0
  0
LWPOLYLINE
  5
E4
330
17
100
AcDbEntity
  8
A-PROYECCION
 48
0.1
100
AcDbPolyline
 90
4
 70
1
 10
7.609999999999999
 20
0.15
 10
7.609999999999999
 20
8.85
 10
7.76
 20
8.85
 10
7.76
 20
0.15
  0
LWPOLYLINE
  5
E5
330
17
100
AcDbEntity
  8
A-PROYECCION
 48
0.1
100
AcDbPolyline
 90
4
 70
1
 10
10.26
 20
0.15
 10
10.26
 20
8.85
 10
10.41
 20
8.85
 10
10.41
 20
0.15
  0
LWPOLYLINE
  5
E6
330
17
100
AcDbEntity
  8
A-PROYECCION
 48
0.1
100
AcDbPolyline
 90
4
 70
1
 10
7.76
 20
1.47
 10
7.76
 20
8.85
 10
10.26
 20
8.85
 10
10.26
 20
1.47
  0
LINE
  5
E7
330
17
100
AcDbEntity
  8
A-PROYECCION
 48
0.1
100
AcDbLine
 10
7.76
 20
1.47
 30
0.0
 11
10.26
 21
8.85
 31
0.0
  0
LINE
  5
E8
330
17
100
AcDbEntity
  8
A-PROYECCION
 48
0.1
100
AcDbLine
 10
7.76
 20
8.85
 30
0.0
 11
10.26
 21
1.47
 31
0.0
  0
LWPOLYLINE
  5
E9
330
17
100
AcDbEntity
  8
A-PROYECCION
 48
0.1
100
AcDbPolyline
 90
4
 70
1
 10
16.98
 20
4.81
 10
16.98
 20
8.85
 10
19.48
 20
8.85
 10
19.48
 20
4.81
  0
LINE
  5
EA
330
17
100
AcDbEntity
  8
A-PROYECCION
 48
0.1
100
AcDbLine
 10
16.98
 20
4.81
 30
0.0
 11
19.48
 21
8.85
 31
0.0
  0
LINE
  5
EB
330
17
100
AcDbEntity
  8
A-PROYECCION
 48
0.1
100
AcDbLine
 10
16.98
 20
8.85
 30
0.0
 11
19.48
 21
4.81
 31
0.0
  0
LINE
  5
EC
330
17
100
AcDbEntity
  8
A-PROYECCION
 48
0.1
100
AcDbLine
 10
25.18
 20
0.15
 30
0.0
 11
25.18
 21
8.85
 31
0.0
  0
TEXT
  5
ED
330
17
100
AcDbEntity
  8
A-ESPACIOS
100
AcDbText
 10
4.51
 20
2.6
 30
0.0
 40
0.2
  1
E-1
  7
ARIAL
 72
1
 11
4.51
 21
2.6
 31
0.0
100
AcDbText
 73
2
  0
TEXT
  5
EE
330
17
100
AcDbEntity
  8
A-ESPACIOS
100
AcDbText
 10
4.51
 20
5.1
 30
0.0
 40
0.2
  1
E-2
  7
ARIAL
 72
1
 11
4.51
 21
5.1
 31
0.0
100
AcDbText
 73
2
  0
TEXT
  5
EF
330
17
100
AcDbEntity
  8
A-ESPACIOS
100
AcDbText
 10
4.51
 20
7.6
 30
0.0
 40
0.2
  1
E-3
  7
ARIAL
 72
1
 11
4.51
 21
7.6
 31
0.0
100
AcDbText
 73
2
  0
MTEXT
  5
F0
330
17
100
AcDbEntity
  8
A-ESPACIOS
100
AcDbMText
 10
12.6
 20
3.0
 30
0.0
 40
0.17
 41
3.5
 71
5
  1
JARDÍN SECO\P(NO CONSTRUIDO)
  7
ARIAL
  0
MTEXT
  5
F1
330
17
100
AcDbEntity
  8
A-ESPACIOS
100
AcDbMText
 10
22.0
 20
4.5
 30
0.0
 40
0.17
 41
3.5
 71
5
  1
JARDÍN SECO\P(NO CONSTRUIDO)
  7
ARIAL
  0
LINE
  5
F2
330
17
100
AcDbEntity
  8
A-ESCALERA
100
AcDbLine
 10
16.98
 20
1.35
 30
0.0
 11
18.080000000000002
 21
1.35
 31
0.0
  0
LINE
  5
F3
330
17
100
AcDbEntity
  8
A-ESCALERA
100
AcDbLine
 10
16.98
 20
1.6300000000000001
 30
0.0
 11
18.080000000000002
 21
1.6300000000000001
 31
0.0
  0
LINE
  5
F4
330
17
100
AcDbEntity
  8
A-ESCALERA
100
AcDbLine
 10
16.98
 20
1.9100000000000001
 30
0.0
 11
18.080000000000002
 21
1.9100000000000001
 31
0.0
  0
LINE
  5
F5
330
17
100
AcDbEntity
  8
A-ESCALERA
100
AcDbLine
 10
16.98
 20
2.1900000000000004
 30
0.0
 11
18.080000000000002
 21
2.1900000000000004
 31
0.0
  0
LINE
  5
F6
330
17
100
AcDbEntity
  8
A-ESCALERA
100
AcDbLine
 10
16.98
 20
2.47
 30
0.0
 11
18.080000000000002
 21
2.47
 31
0.0
  0
LINE
  5
F7
330
17
100
AcDbEntity
  8
A-ESCALERA
100
AcDbLine
 10
16.98
 20
2.75
 30
0.0
 11
18.080000000000002
 21
2.75
 31
0.0
  0
LINE
  5
F8
330
17
100
AcDbEntity
  8
A-ESCALERA
100
AcDbLine
 10
16.98
 20
3.0300000000000002
 30
0.0
 11
18.080000000000002
 21
3.0300000000000002
 31
0.0
  0
LINE
  5
F9
330
17
100
AcDbEntity
  8
A-PROYECCION
 48
0.1
100
AcDbLine
 10
16.98
 20
3.3100000000000005
 30
0.0
 11
18.080000000000002
 21
3.3100000000000005
 31
0.0
  0
LINE
  5
FA
330
17
100
AcDbEntity
  8
A-PROYECCION
 48
0.1
100
AcDbLine
 10
16.98
 20
3.5900000000000003
 30
0.0
 11
18.080000000000002
 21
3.5900000000000003
 31
0.0
  0
LINE
  5
FB
330
17
100
AcDbEntity
  8
A-ESCALERA
100
AcDbLine
 10
18.080000000000002
 20
1.35
 30
0.0
 11
18.080000000000002
 21
3.0300000000000002
 31
0.0
  0
LINE
  5
FC
330
17
100
AcDbEntity
  8
A-PROYECCION
 48
0.1
100
AcDbLine
 10
18.080000000000002
 20
3.0300000000000002
 30
0.0
 11
18.080000000000002
 21
3.5900000000000003
 31
0.0
  0
LINE
  5
FD
330
17
100
AcDbEntity
  8
A-ESCALERA
100
AcDbLine
 10
16.98
 20
2.7800000000000002
 30
0.0
 11
18.080000000000002
 21
3.2800000000000002
 31
0.0
  0
LINE
  5
FE
330
17
100
AcDbEntity
  8
A-PROYECCION
 48
0.1
100
AcDbLine
 10
18.38
 20
3.5900000000000003
 30
0.0
 11
19.48
 21
3.5900000000000003
 31
0.0
  0
LINE
  5
FF
330
17
100
AcDbEntity
  8
A-PROYECCION
 48
0.1
100
AcDbLine
 10
18.38
 20
3.3100000000000005
 30
0.0
 11
19.48
 21
3.3100000000000005
 31
0.0
  0
LINE
  5
100
330
17
100
AcDbEntity
  8
A-PROYECCION
 48
0.1
100
AcDbLine
 10
18.38
 20
3.0300000000000002
 30
0.0
 11
19.48
 21
3.0300000000000002
 31
0.0
  0
LINE
  5
101
330
17
100
AcDbEntity
  8
A-PROYECCION
 48
0.1
100
AcDbLine
 10
18.38
 20
2.75
 30
0.0
 11
19.48
 21
2.75
 31
0.0
  0
LINE
  5
102
330
17
100
AcDbEntity
  8
A-PROYECCION
 48
0.1
100
AcDbLine
 10
18.38
 20
2.47
 30
0.0
 11
19.48
 21
2.47
 31
0.0
  0
LINE
  5
103
330
17
100
AcDbEntity
  8
A-PROYECCION
 48
0.1
100
AcDbLine
 10
18.38
 20
2.1900000000000004
 30
0.0
 11
19.48
 21
2.1900000000000004
 31
0.0
  0
LINE
  5
104
330
17
100
AcDbEntity
  8
A-PROYECCION
 48
0.1
100
AcDbLine
 10
18.38
 20
1.9100000000000001
 30
0.0
 11
19.48
 21
1.9100000000000001
 31
0.0
  0
LINE
  5
105
330
17
100
AcDbEntity
  8
A-PROYECCION
 48
0.1
100
AcDbLine
 10
18.38
 20
1.6300000000000001
 30
0.0
 11
19.48
 21
1.6300000000000001
 31
0.0
  0
LINE
  5
106
330
17
100
AcDbEntity
  8
A-PROYECCION
 48
0.1
100
AcDbLine
 10
18.38
 20
1.6300000000000001
 30
0.0
 11
18.38
 21
3.5900000000000003
 31
0.0
  0
LINE
  5
107
330
17
100
AcDbEntity
  8
A-PROYECCION
 48
0.1
100
AcDbLine
 10
16.98
 20
3.5900000000000003
 30
0.0
 11
19.48
 21
3.5900000000000003
 31
0.0
  0
LWPOLYLINE
  5
108
330
17
100
AcDbEntity
  8
A-MURO
100
AcDbPolyline
 90
4
 70
1
 10
16.86
 20
0.15
 10
16.86
 20
0.25
 10
16.98
 20
0.25
 10
16.98
 20
0.15
  0
HATCH
  5
109
330
17
100
AcDbEntity
  8
A-MURO-TRAMA
 62
7
100
AcDbHatch
 10
0.0
 20
0.0
 30
0.0
210
0.0
220
0.0
230
1.0
  2
ANSI31
 70
0
 71
0
 91
1
 92
3
 72
0
 73
1
 93
4
 10
16.86
 20
0.15
 10
16.86
 20
0.25
 10
16.98
 20
0.25
 10
16.98
 20
0.15
 97
0
 75
1
 76
1
 52
0.0
 41
0.03
 77
0
 78
1
 53
45.0
 43
0.0
 44
0.0
 45
-0.0020205576
 46
0.0020205576
 79
0
 98
0
  0
LWPOLYLINE
  5
10A
330
17
100
AcDbEntity
  8
A-MURO
100
AcDbPolyline
 90
4
 70
1
 10
16.86
 20
1.25
 10
16.86
 20
4.81
 10
16.98
 20
4.81
 10
16.98
 20
1.25
  0
HATCH
  5
10B
330
17
100
AcDbEntity
  8
A-MURO-TRAMA
 62
7
100
AcDbHatch
 10
0.0
 20
0.0
 30
0.0
210
0.0
220
0.0
230
1.0
  2
ANSI31
 70
0
 71
0
 91
1
 92
3
 72
0
 73
1
 93
4
 10
16.86
 20
1.25
 10
16.86
 20
4.81
 10
16.98
 20
4.81
 10
16.98
 20
1.25
 97
0
 75
1
 76
1
 52
0.0
 41
0.03
 77
0
 78
1
 53
45.0
 43
0.0
 44
0.0
 45
-0.0020205576
 46
0.0020205576
 79
0
 98
0
  0
LWPOLYLINE
  5
10C
330
17
100
AcDbEntity
  8
A-MURO
100
AcDbPolyline
 90
4
 70
1
 10
16.98
 20
4.69
 10
16.98
 20
4.81
 10
19.48
 20
4.81
 10
19.48
 20
4.69
  0
HATCH
  5
10D
330
17
100
AcDbEntity
  8
A-MURO-TRAMA
 62
7
100
AcDbHatch
 10
0.0
 20
0.0
 30
0.0
210
0.0
220
0.0
230
1.0
  2
ANSI31
 70
0
 71
0
 91
1
 92
3
 72
0
 73
1
 93
4
 10
16.98
 20
4.69
 10
16.98
 20
4.81
 10
19.48
 20
4.81
 10
19.48
 20
4.69
 97
0
 75
1
 76
1
 52
0.0
 41
0.03
 77
0
 78
1
 53
45.0
 43
0.0
 44
0.0
 45
-0.0020205576
 46
0.0020205576
 79
0
 98
0
  0
LWPOLYLINE
  5
10E
330
17
100
AcDbEntity
  8
A-MURO
100
AcDbPolyline
 90
4
 70
1
 10
19.48
 20
0.15
 10
19.48
 20
4.81
 10
19.6
 20
4.81
 10
19.6
 20
0.15
  0
HATCH
  5
10F
330
17
100
AcDbEntity
  8
A-MURO-TRAMA
 62
7
100
AcDbHatch
 10
0.0
 20
0.0
 30
0.0
210
0.0
220
0.0
230
1.0
  2
ANSI31
 70
0
 71
0
 91
1
 92
3
 72
0
 73
1
 93
4
 10
19.48
 20
0.15
 10
19.48
 20
4.81
 10
19.6
 20
4.81
 10
19.6
 20
0.15
 97
0
 75
1
 76
1
 52
0.0
 41
0.03
 77
0
 78
1
 53
45.0
 43
0.0
 44
0.0
 45
-0.0020205576
 46
0.0020205576
 79
0
 98
0
  0
LINE
  5
110
330
17
100
AcDbEntity
  8
A-PUERTA
100
AcDbLine
 10
16.98
 20
0.25
 30
0.0
 11
17.98
 21
0.25
 31
0.0
  0
ARC
  5
111
330
17
100
AcDbEntity
  8
A-PUERTA
100
AcDbCircle
 10
16.98
 20
0.25
 30
0.0
 40
1.0
100
AcDbArc
 50
0.0
 51
90.0
  0
TEXT
  5
112
330
17
100
AcDbEntity
  8
A-ESPACIOS
100
AcDbText
 10
18.6
 20
0.45
 30
0.0
 40
0.12
  1
VESTÍBULO
  7
ARIAL
 72
1
 11
18.6
 21
0.45
 31
0.0
100
AcDbText
 73
2
  0
LINE
  5
113
330
17
100
AcDbEntity
  8
A-ESCALERA
100
AcDbLine
 10
17.53
 20
1.5
 30
0.0
 11
17.53
 21
2.8800000000000003
 31
0.0
  0
SOLID
  5
114
330
17
100
AcDbEntity
  8
A-ESCALERA
100
AcDbTrace
 10
17.53
 20
2.8800000000000003
 30
0.0
 11
17.41
 21
2.68
 31
0.0
 12
17.650000000000002
 22
2.68
 32
0.0
 13
17.650000000000002
 23
2.68
 33
0.0
  0
TEXT
  5
115
330
17
100
AcDbEntity
  8
A-ESCALERA
100
AcDbText
 10
17.71
 20
1.9000000000000001
 30
0.0
 40
0.13
  1
SUBE
  7
ARIAL
 72
1
 11
17.71
 21
1.9000000000000001
 31
0.0
100
AcDbText
 73
2
  0
TEXT
  5
116
330
17
100
AcDbEntity
  8
A-ESPACIOS
100
AcDbText
 10
4.6
 20
0.75
 30
0.0
 40
0.13
  1
PASILLO PEATONAL
  7
ARIAL
 72
1
 11
4.6
 21
0.75
 31
0.0
100
AcDbText
 73
2
  0
TEXT
  5
117
330
17
100
AcDbEntity
  8
A-ESPACIOS
100
AcDbText
 10
12.0
 20
0.75
 30
0.0
 40
0.13
  1
PASILLO
  7
ARIAL
 72
1
 11
12.0
 21
0.75
 31
0.0
100
AcDbText
 73
2
  0
TEXT
  5
118
330
17
100
AcDbEntity
  8
A-ESPACIOS
100
AcDbText
 10
-2.15
 20
4.5
 30
0.0
 40
0.22
  1
CALLE PÚBLICA
 50
90.0
  7
ARIAL
 72
1
 11
-2.15
 21
4.5
 31
0.0
100
AcDbText
 73
2
  0
TEXT
  5
119
330
17
100
AcDbEntity
  8
A-ESPACIOS
100
AcDbText
 10
1.05
 20
6.4
 30
0.0
 40
0.12
  1
RETIRO FRONTAL
 50
90.0
  7
ARIAL
 72
1
 11
1.05
 21
6.4
 31
0.0
100
AcDbText
 73
2
  0
LINE
  5
11A
330
17
100
AcDbEntity
  8
A-EJES
 48
0.05
100
AcDbLine
 10
-0.2
 20
0.075
 30
0.0
 11
29.85
 21
0.075
 31
0.0
  0
CIRCLE
  5
11B
330
17
100
AcDbEntity
  8
A-EJES-TXT
100
AcDbCircle
 10
30.130000000000003
 20
0.075
 30
0.0
 40
0.28
  0
TEXT
  5
11C
330
17
100
AcDbEntity
  8
A-EJES-TXT
100
AcDbText
 10
30.130000000000003
 20
0.075
 30
0.0
 40
0.22
  1
A
  7
ARIAL
 72
1
 11
30.130000000000003
 21
0.075
 31
0.0
100
AcDbText
 73
2
  0
LINE
  5
11D
330
17
100
AcDbEntity
  8
A-EJES
 48
0.05
100
AcDbLine
 10
-0.2
 20
1.4100000000000001
 30
0.0
 11
29.85
 21
1.4100000000000001
 31
0.0
  0
CIRCLE
  5
11E
330
17
100
AcDbEntity
  8
A-EJES-TXT
100
AcDbCircle
 10
30.130000000000003
 20
1.4100000000000001
 30
0.0
 40
0.28
  0
TEXT
  5
11F
330
17
100
AcDbEntity
  8
A-EJES-TXT
100
AcDbText
 10
30.130000000000003
 20
1.4100000000000001
 30
0.0
 40
0.22
  1
B
  7
ARIAL
 72
1
 11
30.130000000000003
 21
1.4100000000000001
 31
0.0
100
AcDbText
 73
2
  0
LINE
  5
120
330
17
100
AcDbEntity
  8
A-EJES
 48
0.05
100
AcDbLine
 10
-0.2
 20
4.84
 30
0.0
 11
29.85
 21
4.84
 31
0.0
  0
CIRCLE
  5
121
330
17
100
AcDbEntity
  8
A-EJES-TXT
100
AcDbCircle
 10
30.130000000000003
 20
4.84
 30
0.0
 40
0.28
  0
TEXT
  5
122
330
17
100
AcDbEntity
  8
A-EJES-TXT
100
AcDbText
 10
30.130000000000003
 20
4.84
 30
0.0
 40
0.22
  1
C
  7
ARIAL
 72
1
 11
30.130000000000003
 21
4.84
 31
0.0
100
AcDbText
 73
2
  0
LINE
  5
123
330
17
100
AcDbEntity
  8
A-EJES
 48
0.05
100
AcDbLine
 10
-0.2
 20
8.925
 30
0.0
 11
29.85
 21
8.925
 31
0.0
  0
CIRCLE
  5
124
330
17
100
AcDbEntity
  8
A-EJES-TXT
100
AcDbCircle
 10
30.130000000000003
 20
8.925
 30
0.0
 40
0.28
  0
TEXT
  5
125
330
17
100
AcDbEntity
  8
A-EJES-TXT
100
AcDbText
 10
30.130000000000003
 20
8.925
 30
0.0
 40
0.22
  1
D
  7
ARIAL
 72
1
 11
30.130000000000003
 21
8.925
 31
0.0
100
AcDbText
 73
2
  0
LINE
  5
126
330
17
100
AcDbEntity
  8
A-EJES
 48
0.05
100
AcDbLine
 10
2.1350000000000002
 20
-2.35
 30
0.0
 11
2.1350000000000002
 21
10.2
 31
0.0
  0
CIRCLE
  5
127
330
17
100
AcDbEntity
  8
A-EJES-TXT
100
AcDbCircle
 10
2.1350000000000002
 20
-2.63
 30
0.0
 40
0.28
  0
TEXT
  5
128
330
17
100
AcDbEntity
  8
A-EJES-TXT
100
AcDbText
 10
2.1350000000000002
 20
-2.63
 30
0.0
 40
0.22
  1
1
  7
ARIAL
 72
1
 11
2.1350000000000002
 21
-2.63
 31
0.0
100
AcDbText
 73
2
  0
LINE
  5
129
330
17
100
AcDbEntity
  8
A-EJES
 48
0.05
100
AcDbLine
 10
7.685
 20
-2.35
 30
0.0
 11
7.685
 21
10.2
 31
0.0
  0
CIRCLE
  5
12A
330
17
100
AcDbEntity
  8
A-EJES-TXT
100
AcDbCircle
 10
7.685
 20
-2.63
 30
0.0
 40
0.28
  0
TEXT
  5
12B
330
17
100
AcDbEntity
  8
A-EJES-TXT
100
AcDbText
 10
7.685
 20
-2.63
 30
0.0
 40
0.22
  1
2
  7
ARIAL
 72
1
 11
7.685
 21
-2.63
 31
0.0
100
AcDbText
 73
2
  0
LINE
  5
12C
330
17
100
AcDbEntity
  8
A-EJES
 48
0.05
100
AcDbLine
 10
10.334999999999999
 20
-2.35
 30
0.0
 11
10.334999999999999
 21
10.2
 31
0.0
  0
CIRCLE
  5
12D
330
17
100
AcDbEntity
  8
A-EJES-TXT
100
AcDbCircle
 10
10.334999999999999
 20
-2.63
 30
0.0
 40
0.28
  0
TEXT
  5
12E
330
17
100
AcDbEntity
  8
A-EJES-TXT
100
AcDbText
 10
10.334999999999999
 20
-2.63
 30
0.0
 40
0.22
  1
3
  7
ARIAL
 72
1
 11
10.334999999999999
 21
-2.63
 31
0.0
100
AcDbText
 73
2
  0
LINE
  5
12F
330
17
100
AcDbEntity
  8
A-EJES
 48
0.05
100
AcDbLine
 10
16.905
 20
-2.35
 30
0.0
 11
16.905
 21
10.2
 31
0.0
  0
CIRCLE
  5
130
330
17
100
AcDbEntity
  8
A-EJES-TXT
100
AcDbCircle
 10
16.905
 20
-2.63
 30
0.0
 40
0.28
  0
TEXT
  5
131
330
17
100
AcDbEntity
  8
A-EJES-TXT
100
AcDbText
 10
16.905
 20
-2.63
 30
0.0
 40
0.22
  1
4
  7
ARIAL
 72
1
 11
16.905
 21
-2.63
 31
0.0
100
AcDbText
 73
2
  0
LINE
  5
132
330
17
100
AcDbEntity
  8
A-EJES
 48
0.05
100
AcDbLine
 10
19.555
 20
-2.35
 30
0.0
 11
19.555
 21
10.2
 31
0.0
  0
CIRCLE
  5
133
330
17
100
AcDbEntity
  8
A-EJES-TXT
100
AcDbCircle
 10
19.555
 20
-2.63
 30
0.0
 40
0.28
  0
TEXT
  5
134
330
17
100
AcDbEntity
  8
A-EJES-TXT
100
AcDbText
 10
19.555
 20
-2.63
 30
0.0
 40
0.22
  1
5
  7
ARIAL
 72
1
 11
19.555
 21
-2.63
 31
0.0
100
AcDbText
 73
2
  0
LINE
  5
135
330
17
100
AcDbEntity
  8
A-EJES
 48
0.05
100
AcDbLine
 10
25.105
 20
-2.35
 30
0.0
 11
25.105
 21
10.2
 31
0.0
  0
CIRCLE
  5
136
330
17
100
AcDbEntity
  8
A-EJES-TXT
100
AcDbCircle
 10
25.105
 20
-2.63
 30
0.0
 40
0.28
  0
TEXT
  5
137
330
17
100
AcDbEntity
  8
A-EJES-TXT
100
AcDbText
 10
25.105
 20
-2.63
 30
0.0
 40
0.22
  1
6
  7
ARIAL
 72
1
 11
25.105
 21
-2.63
 31
0.0
100
AcDbText
 73
2
  0
LWPOLYLINE
  5
138
330
17
100
AcDbEntity
  8
T-LINDERO
100
AcDbPolyline
 90
5
 70
1
 10
0.0
 20
-20.0
 10
0.010879637986303953
 20
-15.335283327658265
 10
0.05655167053563409
 20
-10.992575178851485
 10
28.51811244861565
 20
-11.000196537113997
 10
28.511978184595964
 20
-20.0
  0
LWPOLYLINE
  5
139
330
17
100
AcDbEntity
  8
A-MURO
100
AcDbPolyline
 90
4
 70
1
 10
2.06
 20
-20.0
 10
2.06
 20
-19.85
 10
25.18
 20
-19.85
 10
25.18
 20
-20.0
  0
HATCH
  5
13A
330
17
100
AcDbEntity
  8
A-MURO-TRAMA
 62
7
100
AcDbHatch
 10
0.0
 20
0.0
 30
0.0
210
0.0
220
0.0
230
1.0
  2
ANSI31
 70
0
 71
0
 91
1
 92
3
 72
0
 73
1
 93
4
 10
2.06
 20
-20.0
 10
2.06
 20
-19.85
 10
25.18
 20
-19.85
 10
25.18
 20
-20.0
 97
0
 75
1
 76
1
 52
0.0
 41
0.03
 77
0
 78
1
 53
45.0
 43
0.0
 44
0.0
 45
-0.0020205576
 46
0.0020205576
 79
0
 98
0
  0
LWPOLYLINE
  5
13B
330
17
100
AcDbEntity
  8
A-MURO
100
AcDbPolyline
 90
4
 70
1
 10
2.06
 20
-11.15
 10
2.06
 20
-11.0
 10
25.18
 20
-11.0
 10
25.18
 20
-11.15
  0
HATCH
  5
13C
330
17
100
AcDbEntity
  8
A-MURO-TRAMA
 62
7
100
AcDbHatch
 10
0.0
 20
0.0
 30
0.0
210
0.0
220
0.0
230
1.0
  2
ANSI31
 70
0
 71
0
 91
1
 92
3
 72
0
 73
1
 93
4
 10
2.06
 20
-11.15
 10
2.06
 20
-11.0
 10
25.18
 20
-11.0
 10
25.18
 20
-11.15
 97
0
 75
1
 76
1
 52
0.0
 41
0.03
 77
0
 78
1
 53
45.0
 43
0.0
 44
0.0
 45
-0.0020205576
 46
0.0020205576
 79
0
 98
0
  0
LWPOLYLINE
  5
13D
330
17
100
AcDbEntity
  8
A-MURO
100
AcDbPolyline
 90
4
 70
1
 10
2.06
 20
-19.85
 10
2.06
 20
-19.3
 10
2.21
 20
-19.3
 10
2.21
 20
-19.85
  0
HATCH
  5
13E
330
17
100
AcDbEntity
  8
A-MURO-TRAMA
 62
7
100
AcDbHatch
 10
0.0
 20
0.0
 30
0.0
210
0.0
220
0.0
230
1.0
  2
ANSI31
 70
0
 71
0
 91
1
 92
3
 72
0
 73
1
 93
4
 10
2.06
 20
-19.85
 10
2.06
 20
-19.3
 10
2.21
 20
-19.3
 10
2.21
 20
-19.85
 97
0
 75
1
 76
1
 52
0.0
 41
0.03
 77
0
 78
1
 53
45.0
 43
0.0
 44
0.0
 45
-0.0020205576
 46
0.0020205576
 79
0
 98
0
  0
LWPOLYLINE
  5
13F
330
17
100
AcDbEntity
  8
A-MURO
100
AcDbPolyline
 90
4
 70
1
 10
2.06
 20
-17.1
 10
2.06
 20
-16.240000000000002
 10
2.21
 20
-16.240000000000002
 10
2.21
 20
-17.1
  0
HATCH
  5
140
330
17
100
AcDbEntity
  8
A-MURO-TRAMA
 62
7
100
AcDbHatch
 10
0.0
 20
0.0
 30
0.0
210
0.0
220
0.0
230
1.0
  2
ANSI31
 70
0
 71
0
 91
1
 92
3
 72
0
 73
1
 93
4
 10
2.06
 20
-17.1
 10
2.06
 20
-16.240000000000002
 10
2.21
 20
-16.240000000000002
 10
2.21
 20
-17.1
 97
0
 75
1
 76
1
 52
0.0
 41
0.03
 77
0
 78
1
 53
45.0
 43
0.0
 44
0.0
 45
-0.0020205576
 46
0.0020205576
 79
0
 98
0
  0
LWPOLYLINE
  5
141
330
17
100
AcDbEntity
  8
A-MURO
100
AcDbPolyline
 90
4
 70
1
 10
2.06
 20
-15.34
 10
2.06
 20
-13.6
 10
2.21
 20
-13.6
 10
2.21
 20
-15.34
  0
HATCH
  5
142
330
17
100
AcDbEntity
  8
A-MURO-TRAMA
 62
7
100
AcDbHatch
 10
0.0
 20
0.0
 30
0.0
210
0.0
220
0.0
230
1.0
  2
ANSI31
 70
0
 71
0
 91
1
 92
3
 72
0
 73
1
 93
4
 10
2.06
 20
-15.34
 10
2.06
 20
-13.6
 10
2.21
 20
-13.6
 10
2.21
 20
-15.34
 97
0
 75
1
 76
1
 52
0.0
 41
0.03
 77
0
 78
1
 53
45.0
 43
0.0
 44
0.0
 45
-0.0020205576
 46
0.0020205576
 79
0
 98
0
  0
LWPOLYLINE
  5
143
330
17
100
AcDbEntity
  8
A-MURO
100
AcDbPolyline
 90
4
 70
1
 10
2.06
 20
-11.8
 10
2.06
 20
-11.15
 10
2.21
 20
-11.15
 10
2.21
 20
-11.8
  0
HATCH
  5
144
330
17
100
AcDbEntity
  8
A-MURO-TRAMA
 62
7
100
AcDbHatch
 10
0.0
 20
0.0
 30
0.0
210
0.0
220
0.0
230
1.0
  2
ANSI31
 70
0
 71
0
 91
1
 92
3
 72
0
 73
1
 93
4
 10
2.06
 20
-11.8
 10
2.06
 20
-11.15
 10
2.21
 20
-11.15
 10
2.21
 20
-11.8
 97
0
 75
1
 76
1
 52
0.0
 41
0.03
 77
0
 78
1
 53
45.0
 43
0.0
 44
0.0
 45
-0.0020205576
 46
0.0020205576
 79
0
 98
0
  0
LINE
  5
145
330
17
100
AcDbEntity
  8
A-VENTANA
100
AcDbLine
 10
2.06
 20
-19.3
 30
0.0
 11
2.06
 21
-17.1
 31
0.0
  0
LINE
  5
146
330
17
100
AcDbEntity
  8
A-VENTANA
100
AcDbLine
 10
2.21
 20
-19.3
 30
0.0
 11
2.21
 21
-17.1
 31
0.0
  0
LINE
  5
147
330
17
100
AcDbEntity
  8
A-VENTANA
100
AcDbLine
 10
2.135
 20
-19.3
 30
0.0
 11
2.135
 21
-17.1
 31
0.0
  0
LINE
  5
148
330
17
100
AcDbEntity
  8
A-VENTANA
100
AcDbLine
 10
2.06
 20
-19.3
 30
0.0
 11
2.21
 21
-19.3
 31
0.0
  0
LINE
  5
149
330
17
100
AcDbEntity
  8
A-VENTANA
100
AcDbLine
 10
2.06
 20
-17.1
 30
0.0
 11
2.21
 21
-17.1
 31
0.0
  0
LINE
  5
14A
330
17
100
AcDbEntity
  8
A-VENTANA
100
AcDbLine
 10
2.06
 20
-16.240000000000002
 30
0.0
 11
2.06
 21
-15.34
 31
0.0
  0
LINE
  5
14B
330
17
100
AcDbEntity
  8
A-VENTANA
100
AcDbLine
 10
2.21
 20
-16.240000000000002
 30
0.0
 11
2.21
 21
-15.34
 31
0.0
  0
LINE
  5
14C
330
17
100
AcDbEntity
  8
A-VENTANA
100
AcDbLine
 10
2.135
 20
-16.240000000000002
 30
0.0
 11
2.135
 21
-15.34
 31
0.0
  0
LINE
  5
14D
330
17
100
AcDbEntity
  8
A-VENTANA
100
AcDbLine
 10
2.06
 20
-16.240000000000002
 30
0.0
 11
2.21
 21
-16.240000000000002
 31
0.0
  0
LINE
  5
14E
330
17
100
AcDbEntity
  8
A-VENTANA
100
AcDbLine
 10
2.06
 20
-15.34
 30
0.0
 11
2.21
 21
-15.34
 31
0.0
  0
LINE
  5
14F
330
17
100
AcDbEntity
  8
A-VENTANA
100
AcDbLine
 10
2.06
 20
-13.6
 30
0.0
 11
2.06
 21
-11.8
 31
0.0
  0
LINE
  5
150
330
17
100
AcDbEntity
  8
A-VENTANA
100
AcDbLine
 10
2.21
 20
-13.6
 30
0.0
 11
2.21
 21
-11.8
 31
0.0
  0
LINE
  5
151
330
17
100
AcDbEntity
  8
A-VENTANA
100
AcDbLine
 10
2.135
 20
-13.6
 30
0.0
 11
2.135
 21
-11.8
 31
0.0
  0
LINE
  5
152
330
17
100
AcDbEntity
  8
A-VENTANA
100
AcDbLine
 10
2.06
 20
-13.6
 30
0.0
 11
2.21
 21
-13.6
 31
0.0
  0
LINE
  5
153
330
17
100
AcDbEntity
  8
A-VENTANA
100
AcDbLine
 10
2.06
 20
-11.8
 30
0.0
 11
2.21
 21
-11.8
 31
0.0
  0
LWPOLYLINE
  5
154
330
17
100
AcDbEntity
  8
A-MURO
100
AcDbPolyline
 90
4
 70
1
 10
25.03
 20
-19.85
 10
25.03
 20
-19.3
 10
25.18
 20
-19.3
 10
25.18
 20
-19.85
  0
HATCH
  5
155
330
17
100
AcDbEntity
  8
A-MURO-TRAMA
 62
7
100
AcDbHatch
 10
0.0
 20
0.0
 30
0.0
210
0.0
220
0.0
230
1.0
  2
ANSI31
 70
0
 71
0
 91
1
 92
3
 72
0
 73
1
 93
4
 10
25.03
 20
-19.85
 10
25.03
 20
-19.3
 10
25.18
 20
-19.3
 10
25.18
 20
-19.85
 97
0
 75
1
 76
1
 52
0.0
 41
0.03
 77
0
 78
1
 53
45.0
 43
0.0
 44
0.0
 45
-0.0020205576
 46
0.0020205576
 79
0
 98
0
  0
LWPOLYLINE
  5
156
330
17
100
AcDbEntity
  8
A-MURO
100
AcDbPolyline
 90
4
 70
1
 10
25.03
 20
-17.1
 10
25.03
 20
-16.15
 10
25.18
 20
-16.15
 10
25.18
 20
-17.1
  0
HATCH
  5
157
330
17
100
AcDbEntity
  8
A-MURO-TRAMA
 62
7
100
AcDbHatch
 10
0.0
 20
0.0
 30
0.0
210
0.0
220
0.0
230
1.0
  2
ANSI31
 70
0
 71
0
 91
1
 92
3
 72
0
 73
1
 93
4
 10
25.03
 20
-17.1
 10
25.03
 20
-16.15
 10
25.18
 20
-16.15
 10
25.18
 20
-17.1
 97
0
 75
1
 76
1
 52
0.0
 41
0.03
 77
0
 78
1
 53
45.0
 43
0.0
 44
0.0
 45
-0.0020205576
 46
0.0020205576
 79
0
 98
0
  0
LWPOLYLINE
  5
158
330
17
100
AcDbEntity
  8
A-MURO
100
AcDbPolyline
 90
4
 70
1
 10
25.03
 20
-15.4
 10
25.03
 20
-13.6
 10
25.18
 20
-13.6
 10
25.18
 20
-15.4
  0
HATCH
  5
159
330
17
100
AcDbEntity
  8
A-MURO-TRAMA
 62
7
100
AcDbHatch
 10
0.0
 20
0.0
 30
0.0
210
0.0
220
0.0
230
1.0
  2
ANSI31
 70
0
 71
0
 91
1
 92
3
 72
0
 73
1
 93
4
 10
25.03
 20
-15.4
 10
25.03
 20
-13.6
 10
25.18
 20
-13.6
 10
25.18
 20
-15.4
 97
0
 75
1
 76
1
 52
0.0
 41
0.03
 77
0
 78
1
 53
45.0
 43
0.0
 44
0.0
 45
-0.0020205576
 46
0.0020205576
 79
0
 98
0
  0
LWPOLYLINE
  5
15A
330
17
100
AcDbEntity
  8
A-MURO
100
AcDbPolyline
 90
4
 70
1
 10
25.03
 20
-11.8
 10
25.03
 20
-11.15
 10
25.18
 20
-11.15
 10
25.18
 20
-11.8
  0
HATCH
  5
15B
330
17
100
AcDbEntity
  8
A-MURO-TRAMA
 62
7
100
AcDbHatch
 10
0.0
 20
0.0
 30
0.0
210
0.0
220
0.0
230
1.0
  2
ANSI31
 70
0
 71
0
 91
1
 92
3
 72
0
 73
1
 93
4
 10
25.03
 20
-11.8
 10
25.03
 20
-11.15
 10
25.18
 20
-11.15
 10
25.18
 20
-11.8
 97
0
 75
1
 76
1
 52
0.0
 41
0.03
 77
0
 78
1
 53
45.0
 43
0.0
 44
0.0
 45
-0.0020205576
 46
0.0020205576
 79
0
 98
0
  0
LINE
  5
15C
330
17
100
AcDbEntity
  8
A-VENTANA
100
AcDbLine
 10
25.03
 20
-19.3
 30
0.0
 11
25.03
 21
-17.1
 31
0.0
  0
LINE
  5
15D
330
17
100
AcDbEntity
  8
A-VENTANA
100
AcDbLine
 10
25.18
 20
-19.3
 30
0.0
 11
25.18
 21
-17.1
 31
0.0
  0
LINE
  5
15E
330
17
100
AcDbEntity
  8
A-VENTANA
100
AcDbLine
 10
25.105
 20
-19.3
 30
0.0
 11
25.105
 21
-17.1
 31
0.0
  0
LINE
  5
15F
330
17
100
AcDbEntity
  8
A-VENTANA
100
AcDbLine
 10
25.03
 20
-19.3
 30
0.0
 11
25.18
 21
-19.3
 31
0.0
  0
LINE
  5
160
330
17
100
AcDbEntity
  8
A-VENTANA
100
AcDbLine
 10
25.03
 20
-17.1
 30
0.0
 11
25.18
 21
-17.1
 31
0.0
  0
LINE
  5
161
330
17
100
AcDbEntity
  8
A-VENTANA
100
AcDbLine
 10
25.03
 20
-16.15
 30
0.0
 11
25.03
 21
-15.4
 31
0.0
  0
LINE
  5
162
330
17
100
AcDbEntity
  8
A-VENTANA
100
AcDbLine
 10
25.18
 20
-16.15
 30
0.0
 11
25.18
 21
-15.4
 31
0.0
  0
LINE
  5
163
330
17
100
AcDbEntity
  8
A-VENTANA
100
AcDbLine
 10
25.105
 20
-16.15
 30
0.0
 11
25.105
 21
-15.4
 31
0.0
  0
LINE
  5
164
330
17
100
AcDbEntity
  8
A-VENTANA
100
AcDbLine
 10
25.03
 20
-16.15
 30
0.0
 11
25.18
 21
-16.15
 31
0.0
  0
LINE
  5
165
330
17
100
AcDbEntity
  8
A-VENTANA
100
AcDbLine
 10
25.03
 20
-15.4
 30
0.0
 11
25.18
 21
-15.4
 31
0.0
  0
LINE
  5
166
330
17
100
AcDbEntity
  8
A-VENTANA
100
AcDbLine
 10
25.03
 20
-13.6
 30
0.0
 11
25.03
 21
-11.8
 31
0.0
  0
LINE
  5
167
330
17
100
AcDbEntity
  8
A-VENTANA
100
AcDbLine
 10
25.18
 20
-13.6
 30
0.0
 11
25.18
 21
-11.8
 31
0.0
  0
LINE
  5
168
330
17
100
AcDbEntity
  8
A-VENTANA
100
AcDbLine
 10
25.105
 20
-13.6
 30
0.0
 11
25.105
 21
-11.8
 31
0.0
  0
LINE
  5
169
330
17
100
AcDbEntity
  8
A-VENTANA
100
AcDbLine
 10
25.03
 20
-13.6
 30
0.0
 11
25.18
 21
-13.6
 31
0.0
  0
LINE
  5
16A
330
17
100
AcDbEntity
  8
A-VENTANA
100
AcDbLine
 10
25.03
 20
-11.8
 30
0.0
 11
25.18
 21
-11.8
 31
0.0
  0
LWPOLYLINE
  5
16B
330
17
100
AcDbEntity
  8
A-MURO
100
AcDbPolyline
 90
4
 70
1
 10
7.609999999999999
 20
-19.85
 10
7.609999999999999
 20
-19.75
 10
7.76
 20
-19.75
 10
7.76
 20
-19.85
  0
HATCH
  5
16C
330
17
100
AcDbEntity
  8
A-MURO-TRAMA
 62
7
100
AcDbHatch
 10
0.0
 20
0.0
 30
0.0
210
0.0
220
0.0
230
1.0
  2
ANSI31
 70
0
 71
0
 91
1
 92
3
 72
0
 73
1
 93
4
 10
7.609999999999999
 20
-19.85
 10
7.609999999999999
 20
-19.75
 10
7.76
 20
-19.75
 10
7.76
 20
-19.85
 97
0
 75
1
 76
1
 52
0.0
 41
0.03
 77
0
 78
1
 53
45.0
 43
0.0
 44
0.0
 45
-0.0020205576
 46
0.0020205576
 79
0
 98
0
  0
LWPOLYLINE
  5
16D
330
17
100
AcDbEntity
  8
A-MURO
100
AcDbPolyline
 90
4
 70
1
 10
7.609999999999999
 20
-18.85
 10
7.609999999999999
 20
-18.0
 10
7.76
 20
-18.0
 10
7.76
 20
-18.85
  0
HATCH
  5
16E
330
17
100
AcDbEntity
  8
A-MURO-TRAMA
 62
7
100
AcDbHatch
 10
0.0
 20
0.0
 30
0.0
210
0.0
220
0.0
230
1.0
  2
ANSI31
 70
0
 71
0
 91
1
 92
3
 72
0
 73
1
 93
4
 10
7.609999999999999
 20
-18.85
 10
7.609999999999999
 20
-18.0
 10
7.76
 20
-18.0
 10
7.76
 20
-18.85
 97
0
 75
1
 76
1
 52
0.0
 41
0.03
 77
0
 78
1
 53
45.0
 43
0.0
 44
0.0
 45
-0.0020205576
 46
0.0020205576
 79
0
 98
0
  0
LWPOLYLINE
  5
16F
330
17
100
AcDbEntity
  8
A-MURO
100
AcDbPolyline
 90
4
 70
1
 10
7.609999999999999
 20
-15.6
 10
7.609999999999999
 20
-14.4
 10
7.76
 20
-14.4
 10
7.76
 20
-15.6
  0
HATCH
  5
170
330
17
100
AcDbEntity
  8
A-MURO-TRAMA
 62
7
100
AcDbHatch
 10
0.0
 20
0.0
 30
0.0
210
0.0
220
0.0
230
1.0
  2
ANSI31
 70
0
 71
0
 91
1
 92
3
 72
0
 73
1
 93
4
 10
7.609999999999999
 20
-15.6
 10
7.609999999999999
 20
-14.4
 10
7.76
 20
-14.4
 10
7.76
 20
-15.6
 97
0
 75
1
 76
1
 52
0.0
 41
0.03
 77
0
 78
1
 53
45.0
 43
0.0
 44
0.0
 45
-0.0020205576
 46
0.0020205576
 79
0
 98
0
  0
LWPOLYLINE
  5
171
330
17
100
AcDbEntity
  8
A-MURO
100
AcDbPolyline
 90
4
 70
1
 10
7.609999999999999
 20
-11.8
 10
7.609999999999999
 20
-11.15
 10
7.76
 20
-11.15
 10
7.76
 20
-11.8
  0
HATCH
  5
172
330
17
100
AcDbEntity
  8
A-MURO-TRAMA
 62
7
100
AcDbHatch
 10
0.0
 20
0.0
 30
0.0
210
0.0
220
0.0
230
1.0
  2
ANSI31
 70
0
 71
0
 91
1
 92
3
 72
0
 73
1
 93
4
 10
7.609999999999999
 20
-11.8
 10
7.609999999999999
 20
-11.15
 10
7.76
 20
-11.15
 10
7.76
 20
-11.8
 97
0
 75
1
 76
1
 52
0.0
 41
0.03
 77
0
 78
1
 53
45.0
 43
0.0
 44
0.0
 45
-0.0020205576
 46
0.0020205576
 79
0
 98
0
  0
LINE
  5
173
330
17
100
AcDbEntity
  8
A-VENTANA
100
AcDbLine
 10
7.609999999999999
 20
-18.0
 30
0.0
 11
7.609999999999999
 21
-15.6
 31
0.0
  0
LINE
  5
174
330
17
100
AcDbEntity
  8
A-VENTANA
100
AcDbLine
 10
7.76
 20
-18.0
 30
0.0
 11
7.76
 21
-15.6
 31
0.0
  0
LINE
  5
175
330
17
100
AcDbEntity
  8
A-VENTANA
100
AcDbLine
 10
7.685
 20
-18.0
 30
0.0
 11
7.685
 21
-15.6
 31
0.0
  0
LINE
  5
176
330
17
100
AcDbEntity
  8
A-VENTANA
100
AcDbLine
 10
7.609999999999999
 20
-18.0
 30
0.0
 11
7.76
 21
-18.0
 31
0.0
  0
LINE
  5
177
330
17
100
AcDbEntity
  8
A-VENTANA
100
AcDbLine
 10
7.609999999999999
 20
-15.6
 30
0.0
 11
7.76
 21
-15.6
 31
0.0
  0
LINE
  5
178
330
17
100
AcDbEntity
  8
A-VENTANA
100
AcDbLine
 10
7.609999999999999
 20
-14.4
 30
0.0
 11
7.609999999999999
 21
-11.8
 31
0.0
  0
LINE
  5
179
330
17
100
AcDbEntity
  8
A-VENTANA
100
AcDbLine
 10
7.76
 20
-14.4
 30
0.0
 11
7.76
 21
-11.8
 31
0.0
  0
LINE
  5
17A
330
17
100
AcDbEntity
  8
A-VENTANA
100
AcDbLine
 10
7.685
 20
-14.4
 30
0.0
 11
7.685
 21
-11.8
 31
0.0
  0
LINE
  5
17B
330
17
100
AcDbEntity
  8
A-VENTANA
100
AcDbLine
 10
7.609999999999999
 20
-14.4
 30
0.0
 11
7.76
 21
-14.4
 31
0.0
  0
LINE
  5
17C
330
17
100
AcDbEntity
  8
A-VENTANA
100
AcDbLine
 10
7.609999999999999
 20
-11.8
 30
0.0
 11
7.76
 21
-11.8
 31
0.0
  0
LWPOLYLINE
  5
17D
330
17
100
AcDbEntity
  8
A-MURO
100
AcDbPolyline
 90
4
 70
1
 10
10.26
 20
-18.53
 10
10.26
 20
-17.3
 10
10.41
 20
-17.3
 10
10.41
 20
-18.53
  0
HATCH
  5
17E
330
17
100
AcDbEntity
  8
A-MURO-TRAMA
 62
7
100
AcDbHatch
 10
0.0
 20
0.0
 30
0.0
210
0.0
220
0.0
230
1.0
  2
ANSI31
 70
0
 71
0
 91
1
 92
3
 72
0
 73
1
 93
4
 10
10.26
 20
-18.53
 10
10.26
 20
-17.3
 10
10.41
 20
-17.3
 10
10.41
 20
-18.53
 97
0
 75
1
 76
1
 52
0.0
 41
0.03
 77
0
 78
1
 53
45.0
 43
0.0
 44
0.0
 45
-0.0020205576
 46
0.0020205576
 79
0
 98
0
  0
LWPOLYLINE
  5
17F
330
17
100
AcDbEntity
  8
A-MURO
100
AcDbPolyline
 90
4
 70
1
 10
10.26
 20
-15.7
 10
10.26
 20
-14.3
 10
10.41
 20
-14.3
 10
10.41
 20
-15.7
  0
HATCH
  5
180
330
17
100
AcDbEntity
  8
A-MURO-TRAMA
 62
7
100
AcDbHatch
 10
0.0
 20
0.0
 30
0.0
210
0.0
220
0.0
230
1.0
  2
ANSI31
 70
0
 71
0
 91
1
 92
3
 72
0
 73
1
 93
4
 10
10.26
 20
-15.7
 10
10.26
 20
-14.3
 10
10.41
 20
-14.3
 10
10.41
 20
-15.7
 97
0
 75
1
 76
1
 52
0.0
 41
0.03
 77
0
 78
1
 53
45.0
 43
0.0
 44
0.0
 45
-0.0020205576
 46
0.0020205576
 79
0
 98
0
  0
LWPOLYLINE
  5
181
330
17
100
AcDbEntity
  8
A-MURO
100
AcDbPolyline
 90
4
 70
1
 10
10.26
 20
-12.1
 10
10.26
 20
-11.15
 10
10.41
 20
-11.15
 10
10.41
 20
-12.1
  0
HATCH
  5
182
330
17
100
AcDbEntity
  8
A-MURO-TRAMA
 62
7
100
AcDbHatch
 10
0.0
 20
0.0
 30
0.0
210
0.0
220
0.0
230
1.0
  2
ANSI31
 70
0
 71
0
 91
1
 92
3
 72
0
 73
1
 93
4
 10
10.26
 20
-12.1
 10
10.26
 20
-11.15
 10
10.41
 20
-11.15
 10
10.41
 20
-12.1
 97
0
 75
1
 76
1
 52
0.0
 41
0.03
 77
0
 78
1
 53
45.0
 43
0.0
 44
0.0
 45
-0.0020205576
 46
0.0020205576
 79
0
 98
0
  0
LINE
  5
183
330
17
100
AcDbEntity
  8
A-VENTANA
100
AcDbLine
 10
10.26
 20
-17.3
 30
0.0
 11
10.26
 21
-15.7
 31
0.0
  0
LINE
  5
184
330
17
100
AcDbEntity
  8
A-VENTANA
100
AcDbLine
 10
10.41
 20
-17.3
 30
0.0
 11
10.41
 21
-15.7
 31
0.0
  0
LINE
  5
185
330
17
100
AcDbEntity
  8
A-VENTANA
100
AcDbLine
 10
10.335
 20
-17.3
 30
0.0
 11
10.335
 21
-15.7
 31
0.0
  0
LINE
  5
186
330
17
100
AcDbEntity
  8
A-VENTANA
100
AcDbLine
 10
10.26
 20
-17.3
 30
0.0
 11
10.41
 21
-17.3
 31
0.0
  0
LINE
  5
187
330
17
100
AcDbEntity
  8
A-VENTANA
100
AcDbLine
 10
10.26
 20
-15.7
 30
0.0
 11
10.41
 21
-15.7
 31
0.0
  0
LINE
  5
188
330
17
100
AcDbEntity
  8
A-VENTANA
100
AcDbLine
 10
10.26
 20
-14.3
 30
0.0
 11
10.26
 21
-12.1
 31
0.0
  0
LINE
  5
189
330
17
100
AcDbEntity
  8
A-VENTANA
100
AcDbLine
 10
10.41
 20
-14.3
 30
0.0
 11
10.41
 21
-12.1
 31
0.0
  0
LINE
  5
18A
330
17
100
AcDbEntity
  8
A-VENTANA
100
AcDbLine
 10
10.335
 20
-14.3
 30
0.0
 11
10.335
 21
-12.1
 31
0.0
  0
LINE
  5
18B
330
17
100
AcDbEntity
  8
A-VENTANA
100
AcDbLine
 10
10.26
 20
-14.3
 30
0.0
 11
10.41
 21
-14.3
 31
0.0
  0
LINE
  5
18C
330
17
100
AcDbEntity
  8
A-VENTANA
100
AcDbLine
 10
10.26
 20
-12.1
 30
0.0
 11
10.41
 21
-12.1
 31
0.0
  0
LINE
  5
18D
330
17
100
AcDbEntity
  8
A-VENTANA
100
AcDbLine
 10
7.859999999999999
 20
-18.65
 30
0.0
 11
10.16
 21
-18.65
 31
0.0
  0
LINE
  5
18E
330
17
100
AcDbEntity
  8
A-VENTANA
100
AcDbLine
 10
7.859999999999999
 20
-18.53
 30
0.0
 11
10.16
 21
-18.53
 31
0.0
  0
LINE
  5
18F
330
17
100
AcDbEntity
  8
A-VENTANA
100
AcDbLine
 10
7.859999999999999
 20
-18.59
 30
0.0
 11
10.16
 21
-18.59
 31
0.0
  0
LINE
  5
190
330
17
100
AcDbEntity
  8
A-VENTANA
100
AcDbLine
 10
7.859999999999999
 20
-18.65
 30
0.0
 11
7.859999999999999
 21
-18.53
 31
0.0
  0
LINE
  5
191
330
17
100
AcDbEntity
  8
A-VENTANA
100
AcDbLine
 10
10.16
 20
-18.65
 30
0.0
 11
10.16
 21
-18.53
 31
0.0
  0
LWPOLYLINE
  5
192
330
17
100
AcDbEntity
  8
A-MURO
100
AcDbPolyline
 90
4
 70
1
 10
7.76
 20
-18.65
 10
7.76
 20
-18.53
 10
7.859999999999999
 20
-18.53
 10
7.859999999999999
 20
-18.65
  0
HATCH
  5
193
330
17
100
AcDbEntity
  8
A-MURO-TRAMA
 62
7
100
AcDbHatch
 10
0.0
 20
0.0
 30
0.0
210
0.0
220
0.0
230
1.0
  2
ANSI31
 70
0
 71
0
 91
1
 92
3
 72
0
 73
1
 93
4
 10
7.76
 20
-18.65
 10
7.76
 20
-18.53
 10
7.859999999999999
 20
-18.53
 10
7.859999999999999
 20
-18.65
 97
0
 75
1
 76
1
 52
0.0
 41
0.03
 77
0
 78
1
 53
45.0
 43
0.0
 44
0.0
 45
-0.0020205576
 46
0.0020205576
 79
0
 98
0
  0
LWPOLYLINE
  5
194
330
17
100
AcDbEntity
  8
A-MURO
100
AcDbPolyline
 90
4
 70
1
 10
10.16
 20
-18.65
 10
10.16
 20
-18.53
 10
10.41
 20
-18.53
 10
10.41
 20
-18.65
  0
HATCH
  5
195
330
17
100
AcDbEntity
  8
A-MURO-TRAMA
 62
7
100
AcDbHatch
 10
0.0
 20
0.0
 30
0.0
210
0.0
220
0.0
230
1.0
  2
ANSI31
 70
0
 71
0
 91
1
 92
3
 72
0
 73
1
 93
4
 10
10.16
 20
-18.65
 10
10.16
 20
-18.53
 10
10.41
 20
-18.53
 10
10.41
 20
-18.65
 97
0
 75
1
 76
1
 52
0.0
 41
0.03
 77
0
 78
1
 53
45.0
 43
0.0
 44
0.0
 45
-0.0020205576
 46
0.0020205576
 79
0
 98
0
  0
LWPOLYLINE
  5
196
330
17
100
AcDbEntity
  8
A-MURO
100
AcDbPolyline
 90
4
 70
1
 10
16.830000000000002
 20
-18.65
 10
16.830000000000002
 20
-14.6
 10
16.98
 20
-14.6
 10
16.98
 20
-18.65
  0
HATCH
  5
197
330
17
100
AcDbEntity
  8
A-MURO-TRAMA
 62
7
100
AcDbHatch
 10
0.0
 20
0.0
 30
0.0
210
0.0
220
0.0
230
1.0
  2
ANSI31
 70
0
 71
0
 91
1
 92
3
 72
0
 73
1
 93
4
 10
16.830000000000002
 20
-18.65
 10
16.830000000000002
 20
-14.6
 10
16.98
 20
-14.6
 10
16.98
 20
-18.65
 97
0
 75
1
 76
1
 52
0.0
 41
0.03
 77
0
 78
1
 53
45.0
 43
0.0
 44
0.0
 45
-0.0020205576
 46
0.0020205576
 79
0
 98
0
  0
LWPOLYLINE
  5
198
330
17
100
AcDbEntity
  8
A-MURO
100
AcDbPolyline
 90
4
 70
1
 10
16.830000000000002
 20
-11.8
 10
16.830000000000002
 20
-11.15
 10
16.98
 20
-11.15
 10
16.98
 20
-11.8
  0
HATCH
  5
199
330
17
100
AcDbEntity
  8
A-MURO-TRAMA
 62
7
100
AcDbHatch
 10
0.0
 20
0.0
 30
0.0
210
0.0
220
0.0
230
1.0
  2
ANSI31
 70
0
 71
0
 91
1
 92
3
 72
0
 73
1
 93
4
 10
16.830000000000002
 20
-11.8
 10
16.830000000000002
 20
-11.15
 10
16.98
 20
-11.15
 10
16.98
 20
-11.8
 97
0
 75
1
 76
1
 52
0.0
 41
0.03
 77
0
 78
1
 53
45.0
 43
0.0
 44
0.0
 45
-0.0020205576
 46
0.0020205576
 79
0
 98
0
  0
LINE
  5
19A
330
17
100
AcDbEntity
  8
A-VENTANA
100
AcDbLine
 10
16.830000000000002
 20
-14.6
 30
0.0
 11
16.830000000000002
 21
-11.8
 31
0.0
  0
LINE
  5
19B
330
17
100
AcDbEntity
  8
A-VENTANA
100
AcDbLine
 10
16.98
 20
-14.6
 30
0.0
 11
16.98
 21
-11.8
 31
0.0
  0
LINE
  5
19C
330
17
100
AcDbEntity
  8
A-VENTANA
100
AcDbLine
 10
16.905
 20
-14.6
 30
0.0
 11
16.905
 21
-11.8
 31
0.0
  0
LINE
  5
19D
330
17
100
AcDbEntity
  8
A-VENTANA
100
AcDbLine
 10
16.830000000000002
 20
-14.6
 30
0.0
 11
16.98
 21
-14.6
 31
0.0
  0
LINE
  5
19E
330
17
100
AcDbEntity
  8
A-VENTANA
100
AcDbLine
 10
16.830000000000002
 20
-11.8
 30
0.0
 11
16.98
 21
-11.8
 31
0.0
  0
LWPOLYLINE
  5
19F
330
17
100
AcDbEntity
  8
A-MURO
100
AcDbPolyline
 90
4
 70
1
 10
16.98
 20
-15.309999999999999
 10
16.98
 20
-15.190000000000001
 10
19.48
 20
-15.190000000000001
 10
19.48
 20
-15.309999999999999
  0
HATCH
  5
1A0
330
17
100
AcDbEntity
  8
A-MURO-TRAMA
 62
7
100
AcDbHatch
 10
0.0
 20
0.0
 30
0.0
210
0.0
220
0.0
230
1.0
  2
ANSI31
 70
0
 71
0
 91
1
 92
3
 72
0
 73
1
 93
4
 10
16.98
 20
-15.309999999999999
 10
16.98
 20
-15.190000000000001
 10
19.48
 20
-15.190000000000001
 10
19.48
 20
-15.309999999999999
 97
0
 75
1
 76
1
 52
0.0
 41
0.03
 77
0
 78
1
 53
45.0
 43
0.0
 44
0.0
 45
-0.0020205576
 46
0.0020205576
 79
0
 98
0
  0
LWPOLYLINE
  5
1A1
330
17
100
AcDbEntity
  8
A-MURO
100
AcDbPolyline
 90
4
 70
1
 10
19.48
 20
-18.65
 10
19.48
 20
-14.6
 10
19.63
 20
-14.6
 10
19.63
 20
-18.65
  0
HATCH
  5
1A2
330
17
100
AcDbEntity
  8
A-MURO-TRAMA
 62
7
100
AcDbHatch
 10
0.0
 20
0.0
 30
0.0
210
0.0
220
0.0
230
1.0
  2
ANSI31
 70
0
 71
0
 91
1
 92
3
 72
0
 73
1
 93
4
 10
19.48
 20
-18.65
 10
19.48
 20
-14.6
 10
19.63
 20
-14.6
 10
19.63
 20
-18.65
 97
0
 75
1
 76
1
 52
0.0
 41
0.03
 77
0
 78
1
 53
45.0
 43
0.0
 44
0.0
 45
-0.0020205576
 46
0.0020205576
 79
0
 98
0
  0
LWPOLYLINE
  5
1A3
330
17
100
AcDbEntity
  8
A-MURO
100
AcDbPolyline
 90
4
 70
1
 10
19.48
 20
-11.6
 10
19.48
 20
-11.15
 10
19.63
 20
-11.15
 10
19.63
 20
-11.6
  0
HATCH
  5
1A4
330
17
100
AcDbEntity
  8
A-MURO-TRAMA
 62
7
100
AcDbHatch
 10
0.0
 20
0.0
 30
0.0
210
0.0
220
0.0
230
1.0
  2
ANSI31
 70
0
 71
0
 91
1
 92
3
 72
0
 73
1
 93
4
 10
19.48
 20
-11.6
 10
19.48
 20
-11.15
 10
19.63
 20
-11.15
 10
19.63
 20
-11.6
 97
0
 75
1
 76
1
 52
0.0
 41
0.03
 77
0
 78
1
 53
45.0
 43
0.0
 44
0.0
 45
-0.0020205576
 46
0.0020205576
 79
0
 98
0
  0
LINE
  5
1A5
330
17
100
AcDbEntity
  8
A-VENTANA
100
AcDbLine
 10
19.48
 20
-14.6
 30
0.0
 11
19.48
 21
-11.6
 31
0.0
  0
LINE
  5
1A6
330
17
100
AcDbEntity
  8
A-VENTANA
100
AcDbLine
 10
19.63
 20
-14.6
 30
0.0
 11
19.63
 21
-11.6
 31
0.0
  0
LINE
  5
1A7
330
17
100
AcDbEntity
  8
A-VENTANA
100
AcDbLine
 10
19.555
 20
-14.6
 30
0.0
 11
19.555
 21
-11.6
 31
0.0
  0
LINE
  5
1A8
330
17
100
AcDbEntity
  8
A-VENTANA
100
AcDbLine
 10
19.48
 20
-14.6
 30
0.0
 11
19.63
 21
-14.6
 31
0.0
  0
LINE
  5
1A9
330
17
100
AcDbEntity
  8
A-VENTANA
100
AcDbLine
 10
19.48
 20
-11.6
 30
0.0
 11
19.63
 21
-11.6
 31
0.0
  0
LWPOLYLINE
  5
1AA
330
17
100
AcDbEntity
  8
A-MURO
100
AcDbPolyline
 90
4
 70
1
 10
2.21
 20
-16.4
 10
2.21
 20
-16.28
 10
4.53
 20
-16.28
 10
4.53
 20
-16.4
  0
HATCH
  5
1AB
330
17
100
AcDbEntity
  8
A-MURO-TRAMA
 62
7
100
AcDbHatch
 10
0.0
 20
0.0
 30
0.0
210
0.0
220
0.0
230
1.0
  2
ANSI31
 70
0
 71
0
 91
1
 92
3
 72
0
 73
1
 93
4
 10
2.21
 20
-16.4
 10
2.21
 20
-16.28
 10
4.53
 20
-16.28
 10
4.53
 20
-16.4
 97
0
 75
1
 76
1
 52
0.0
 41
0.03
 77
0
 78
1
 53
45.0
 43
0.0
 44
0.0
 45
-0.0020205576
 46
0.0020205576
 79
0
 98
0
  0
LWPOLYLINE
  5
1AC
330
17
100
AcDbEntity
  8
A-MURO
100
AcDbPolyline
 90
4
 70
1
 10
4.41
 20
-15.48
 10
4.41
 20
-14.73
 10
4.53
 20
-14.73
 10
4.53
 20
-15.48
  0
HATCH
  5
1AD
330
17
100
AcDbEntity
  8
A-MURO-TRAMA
 62
7
100
AcDbHatch
 10
0.0
 20
0.0
 30
0.0
210
0.0
220
0.0
230
1.0
  2
ANSI31
 70
0
 71
0
 91
1
 92
3
 72
0
 73
1
 93
4
 10
4.41
 20
-15.48
 10
4.41
 20
-14.73
 10
4.53
 20
-14.73
 10
4.53
 20
-15.48
 97
0
 75
1
 76
1
 52
0.0
 41
0.03
 77
0
 78
1
 53
45.0
 43
0.0
 44
0.0
 45
-0.0020205576
 46
0.0020205576
 79
0
 98
0
  0
LWPOLYLINE
  5
1AE
330
17
100
AcDbEntity
  8
A-MURO
100
AcDbPolyline
 90
4
 70
1
 10
2.21
 20
-14.73
 10
2.21
 20
-14.61
 10
5.58
 20
-14.61
 10
5.58
 20
-14.73
  0
HATCH
  5
1AF
330
17
100
AcDbEntity
  8
A-MURO-TRAMA
 62
7
100
AcDbHatch
 10
0.0
 20
0.0
 30
0.0
210
0.0
220
0.0
230
1.0
  2
ANSI31
 70
0
 71
0
 91
1
 92
3
 72
0
 73
1
 93
4
 10
2.21
 20
-14.73
 10
2.21
 20
-14.61
 10
5.58
 20
-14.61
 10
5.58
 20
-14.73
 97
0
 75
1
 76
1
 52
0.0
 41
0.03
 77
0
 78
1
 53
45.0
 43
0.0
 44
0.0
 45
-0.0020205576
 46
0.0020205576
 79
0
 98
0
  0
LWPOLYLINE
  5
1B0
330
17
100
AcDbEntity
  8
A-MURO
100
AcDbPolyline
 90
4
 70
1
 10
5.46
 20
-14.61
 10
5.46
 20
-14.0
 10
5.58
 20
-14.0
 10
5.58
 20
-14.61
  0
HATCH
  5
1B1
330
17
100
AcDbEntity
  8
A-MURO-TRAMA
 62
7
100
AcDbHatch
 10
0.0
 20
0.0
 30
0.0
210
0.0
220
0.0
230
1.0
  2
ANSI31
 70
0
 71
0
 91
1
 92
3
 72
0
 73
1
 93
4
 10
5.46
 20
-14.61
 10
5.46
 20
-14.0
 10
5.58
 20
-14.0
 10
5.58
 20
-14.61
 97
0
 75
1
 76
1
 52
0.0
 41
0.03
 77
0
 78
1
 53
45.0
 43
0.0
 44
0.0
 45
-0.0020205576
 46
0.0020205576
 79
0
 98
0
  0
LWPOLYLINE
  5
1B2
330
17
100
AcDbEntity
  8
A-MURO
100
AcDbPolyline
 90
4
 70
1
 10
5.46
 20
-13.2
 10
5.46
 20
-11.15
 10
5.58
 20
-11.15
 10
5.58
 20
-13.2
  0
HATCH
  5
1B3
330
17
100
AcDbEntity
  8
A-MURO-TRAMA
 62
7
100
AcDbHatch
 10
0.0
 20
0.0
 30
0.0
210
0.0
220
0.0
230
1.0
  2
ANSI31
 70
0
 71
0
 91
1
 92
3
 72
0
 73
1
 93
4
 10
5.46
 20
-13.2
 10
5.46
 20
-11.15
 10
5.58
 20
-11.15
 10
5.58
 20
-13.2
 97
0
 75
1
 76
1
 52
0.0
 41
0.03
 77
0
 78
1
 53
45.0
 43
0.0
 44
0.0
 45
-0.0020205576
 46
0.0020205576
 79
0
 98
0
  0
LINE
  5
1B4
330
17
100
AcDbEntity
  8
A-PUERTA
100
AcDbLine
 10
7.609999999999999
 20
-18.85
 30
0.0
 11
6.709999999999999
 21
-18.85
 31
0.0
  0
ARC
  5
1B5
330
17
100
AcDbEntity
  8
A-PUERTA
100
AcDbCircle
 10
7.609999999999999
 20
-18.85
 30
0.0
 40
0.9
100
AcDbArc
 50
180.0
 51
-90.0
  0
LINE
  5
1B6
330
17
100
AcDbEntity
  8
A-PUERTA
100
AcDbLine
 10
4.53
 20
-16.28
 30
0.0
 11
5.33
 21
-16.28
 31
0.0
  0
ARC
  5
1B7
330
17
100
AcDbEntity
  8
A-PUERTA
100
AcDbCircle
 10
4.53
 20
-16.28
 30
0.0
 40
0.8
100
AcDbArc
 50
0.0
 51
90.0
  0
LINE
  5
1B8
330
17
100
AcDbEntity
  8
A-PUERTA
100
AcDbLine
 10
5.46
 20
-14.0
 30
0.0
 11
4.66
 21
-14.0
 31
0.0
  0
ARC
  5
1B9
330
17
100
AcDbEntity
  8
A-PUERTA
100
AcDbCircle
 10
5.46
 20
-14.0
 30
0.0
 40
0.8
100
AcDbArc
 50
90.0
 51
180.0
  0
LWPOLYLINE
  5
1BA
330
17
100
AcDbEntity
  8
A-MOBILIARIO
100
AcDbPolyline
 90
4
 70
1
 10
2.7
 20
-19.85
 10
2.7
 20
-17.85
 10
4.3
 20
-17.85
 10
4.3
 20
-19.85
  0
LWPOLYLINE
  5
1BB
330
17
100
AcDbEntity
  8
A-MOBILIARIO
100
AcDbPolyline
 90
4
 70
1
 10
2.7800000000000002
 20
-19.77
 10
2.7800000000000002
 20
-19.3
 10
3.46
 20
-19.3
 10
3.46
 20
-19.77
  0
LWPOLYLINE
  5
1BC
330
17
100
AcDbEntity
  8
A-MOBILIARIO
100
AcDbPolyline
 90
4
 70
1
 10
3.54
 20
-19.77
 10
3.54
 20
-19.3
 10
4.22
 20
-19.3
 10
4.22
 20
-19.77
  0
LINE
  5
1BD
330
17
100
AcDbEntity
  8
A-MOBILIARIO
100
AcDbLine
 10
2.7
 20
-19.1
 30
0.0
 11
4.3
 21
-19.1
 31
0.0
  0
LWPOLYLINE
  5
1BE
330
17
100
AcDbEntity
  8
A-MOBILIARIO
100
AcDbPolyline
 90
4
 70
1
 10
2.22
 20
-19.85
 10
2.22
 20
-19.4
 10
2.65
 20
-19.4
 10
2.65
 20
-19.85
  0
LWPOLYLINE
  5
1BF
330
17
100
AcDbEntity
  8
A-MOBILIARIO
100
AcDbPolyline
 90
4
 70
1
 10
4.35
 20
-19.85
 10
4.35
 20
-19.4
 10
4.78
 20
-19.4
 10
4.78
 20
-19.85
  0
LWPOLYLINE
  5
1C0
330
17
100
AcDbEntity
  8
A-MOBILIARIO
100
AcDbPolyline
 90
4
 70
1
 10
6.72
 20
-18.0
 10
6.72
 20
-16.0
 10
7.57
 20
-16.0
 10
7.57
 20
-18.0
  0
LWPOLYLINE
  5
1C1
330
17
100
AcDbEntity
  8
A-MOBILIARIO
100
AcDbPolyline
 90
4
 70
1
 10
7.37
 20
-18.0
 10
7.37
 20
-16.0
 10
7.57
 20
-16.0
 10
7.57
 20
-18.0
  0
LWPOLYLINE
  5
1C2
330
17
100
AcDbEntity
  8
A-MOBILIARIO
100
AcDbPolyline
 90
4
 70
1
 10
6.72
 20
-18.0
 10
6.72
 20
-17.8
 10
7.37
 20
-17.8
 10
7.37
 20
-18.0
  0
LWPOLYLINE
  5
1C3
330
17
100
AcDbEntity
  8
A-MOBILIARIO
100
AcDbPolyline
 90
4
 70
1
 10
6.72
 20
-16.2
 10
6.72
 20
-16.0
 10
7.37
 20
-16.0
 10
7.37
 20
-16.2
  0
LWPOLYLINE
  5
1C4
330
17
100
AcDbEntity
  8
A-MOBILIARIO
100
AcDbPolyline
 90
4
 70
1
 10
5.85
 20
-17.5
 10
5.85
 20
-16.5
 10
6.35
 20
-16.5
 10
6.35
 20
-17.5
  0
LWPOLYLINE
  5
1C5
330
17
100
AcDbEntity
  8
A-MOBILIARIO
100
AcDbPolyline
 90
4
 70
1
 10
5.35
 20
-19.45
 10
5.35
 20
-18.65
 10
6.15
 20
-18.65
 10
6.15
 20
-19.45
  0
LWPOLYLINE
  5
1C6
330
17
100
AcDbEntity
  8
A-MOBILIARIO
100
AcDbPolyline
 90
4
 70
1
 10
5.35
 20
-19.45
 10
5.35
 20
-19.25
 10
6.15
 20
-19.25
 10
6.15
 20
-19.45
  0
LWPOLYLINE
  5
1C7
330
17
100
AcDbEntity
  8
A-MOBILIARIO
100
AcDbPolyline
 90
4
 70
1
 10
5.35
 20
-19.25
 10
5.35
 20
-18.65
 10
5.55
 20
-18.65
 10
5.55
 20
-19.25
  0
LWPOLYLINE
  5
1C8
330
17
100
AcDbEntity
  8
A-MOBILIARIO
100
AcDbPolyline
 90
4
 70
1
 10
5.95
 20
-19.25
 10
5.95
 20
-18.65
 10
6.15
 20
-18.65
 10
6.15
 20
-19.25
  0
LWPOLYLINE
  5
1C9
330
17
100
AcDbEntity
  8
A-MOBILIARIO
100
AcDbPolyline
 90
4
 70
1
 10
7.0
 20
-13.6
 10
7.0
 20
-12.4
 10
7.58
 20
-12.4
 10
7.58
 20
-13.6
  0
LWPOLYLINE
  5
1CA
330
17
100
AcDbEntity
  8
A-MOBILIARIO
100
AcDbPolyline
 90
4
 70
1
 10
6.49
 20
-12.79
 10
6.49
 20
-13.21
 10
6.91
 20
-13.21
 10
6.91
 20
-12.79
  0
LWPOLYLINE
  5
1CB
330
17
100
AcDbEntity
  8
A-MOBILIARIO
100
AcDbPolyline
 90
4
 70
1
 10
6.49
 20
-12.79
 10
6.49
 20
-13.21
 10
6.55
 20
-13.21
 10
6.55
 20
-12.79
  0
LWPOLYLINE
  5
1CC
330
17
100
AcDbEntity
  8
A-MOBILIARIO
100
AcDbPolyline
 90
4
 70
1
 10
2.21
 20
-16.28
 10
2.21
 20
-14.73
 10
3.06
 20
-14.73
 10
3.06
 20
-16.28
  0
LINE
  5
1CD
330
17
100
AcDbEntity
  8
A-MOBILIARIO
100
AcDbLine
 10
2.21
 20
-16.28
 30
0.0
 11
3.06
 21
-14.73
 31
0.0
  0
LINE
  5
1CE
330
17
100
AcDbEntity
  8
A-MOBILIARIO
100
AcDbLine
 10
2.21
 20
-14.73
 30
0.0
 11
3.06
 21
-16.28
 31
0.0
  0
CIRCLE
  5
1CF
330
17
100
AcDbEntity
  8
A-MOBILIARIO
100
AcDbCircle
 10
2.635
 20
-15.504999999999999
 30
0.0
 40
0.04
  0
LWPOLYLINE
  5
1D0
330
17
100
AcDbEntity
  8
A-MOBILIARIO
100
AcDbPolyline
 90
4
 70
1
 10
3.6550000000000002
 20
-14.73
 10
3.215
 20
-14.73
 10
3.215
 20
-14.93
 10
3.6550000000000002
 20
-14.93
  0
ELLIPSE
  5
1D1
330
17
100
AcDbEntity
  8
A-MOBILIARIO
100
AcDbEllipse
 10
3.435
 20
-15.18
 30
0.0
 11
0.0
 21
-0.25
 31
0.0
 40
0.7
 41
0.0
 42
6.283185307179586
  0
LWPOLYLINE
  5
1D2
330
17
100
AcDbEntity
  8
A-MOBILIARIO
100
AcDbPolyline
 90
4
 70
1
 10
3.86
 20
-15.23
 10
3.86
 20
-14.73
 10
4.359999999999999
 20
-14.73
 10
4.359999999999999
 20
-15.23
  0
ELLIPSE
  5
1D3
330
17
100
AcDbEntity
  8
A-MOBILIARIO
100
AcDbEllipse
 10
4.109999999999999
 20
-14.98
 30
0.0
 11
0.0
 21
0.14999999999999986
 31
0.0
 40
0.75
 41
0.0
 42
6.283185307179586
  0
LWPOLYLINE
  5
1D4
330
17
100
AcDbEntity
  8
A-MOBILIARIO
100
AcDbPolyline
 90
4
 70
1
 10
2.21
 20
-11.75
 10
2.21
 20
-11.15
 10
5.46
 20
-11.15
 10
5.46
 20
-11.75
  0
LINE
  5
1D5
330
17
100
AcDbEntity
  8
A-MOBILIARIO
100
AcDbLine
 10
2.26
 20
-11.45
 30
0.0
 11
5.41
 21
-11.45
 31
0.0
  0
LWPOLYLINE
  5
1D6
330
17
100
AcDbEntity
  8
A-MOBILIARIO
100
AcDbPolyline
 90
4
 70
1
 10
2.21
 20
-14.61
 10
2.21
 20
-14.010000000000002
 10
4.6
 20
-14.010000000000002
 10
4.6
 20
-14.61
  0
LINE
  5
1D7
330
17
100
AcDbEntity
  8
A-MOBILIARIO
100
AcDbLine
 10
2.26
 20
-14.31
 30
0.0
 11
4.55
 21
-14.31
 31
0.0
  0
LWPOLYLINE
  5
1D8
330
17
100
AcDbEntity
  8
A-MOBILIARIO
100
AcDbPolyline
 90
4
 70
1
 10
12.6
 20
-11.75
 10
12.6
 20
-11.15
 10
13.4
 20
-11.15
 10
13.4
 20
-11.75
  0
TEXT
  5
1D9
330
17
100
AcDbEntity
  8
A-MOBILIARIO
100
AcDbText
 10
13.0
 20
-11.450000000000001
 30
0.0
 40
0.1
  1
REF
  7
ARIAL
 72
1
 11
13.0
 21
-11.450000000000001
 31
0.0
100
AcDbText
 73
2
  0
LWPOLYLINE
  5
1DA
330
17
100
AcDbEntity
  8
A-MOBILIARIO
100
AcDbPolyline
 90
4
 70
1
 10
13.4
 20
-11.75
 10
13.4
 20
-11.15
 10
16.830000000000002
 20
-11.15
 10
16.830000000000002
 20
-11.75
  0
LWPOLYLINE
  5
1DB
330
17
100
AcDbEntity
  8
A-MOBILIARIO
100
AcDbPolyline
 90
4
 70
1
 10
14.3
 20
-11.73
 10
14.3
 20
-11.17
 10
14.9
 20
-11.17
 10
14.9
 20
-11.73
  0
CIRCLE
  5
1DC
330
17
100
AcDbEntity
  8
A-MOBILIARIO
100
AcDbCircle
 10
14.46
 20
-11.59
 30
0.0
 40
0.08
  0
CIRCLE
  5
1DD
330
17
100
AcDbEntity
  8
A-MOBILIARIO
100
AcDbCircle
 10
14.740000000000002
 20
-11.59
 30
0.0
 40
0.08
  0
CIRCLE
  5
1DE
330
17
100
AcDbEntity
  8
A-MOBILIARIO
100
AcDbCircle
 10
14.46
 20
-11.309999999999999
 30
0.0
 40
0.08
  0
CIRCLE
  5
1DF
330
17
100
AcDbEntity
  8
A-MOBILIARIO
100
AcDbCircle
 10
14.740000000000002
 20
-11.309999999999999
 30
0.0
 40
0.08
  0
LWPOLYLINE
  5
1E0
330
17
100
AcDbEntity
  8
A-MOBILIARIO
100
AcDbPolyline
 90
4
 70
1
 10
16.23
 20
-14.4
 10
16.23
 20
-11.75
 10
16.830000000000002
 20
-11.75
 10
16.830000000000002
 20
-14.4
  0
LWPOLYLINE
  5
1E1
330
17
100
AcDbEntity
  8
A-MOBILIARIO
100
AcDbPolyline
 90
4
 70
1
 10
16.28
 20
-13.6
 10
16.28
 20
-12.8
 10
16.750000000000004
 20
-12.8
 10
16.750000000000004
 20
-13.6
  0
LWPOLYLINE
  5
1E2
330
17
100
AcDbEntity
  8
A-MOBILIARIO
100
AcDbPolyline
 90
4
 70
1
 10
16.34
 20
-13.54
 10
16.34
 20
-12.86
 10
16.690000000000005
 20
-12.86
 10
16.690000000000005
 20
-13.54
  0
LWPOLYLINE
  5
1E3
330
17
100
AcDbEntity
  8
A-MOBILIARIO
100
AcDbPolyline
 90
4
 70
1
 10
14.4
 20
-15.1
 10
14.4
 20
-12.8
 10
15.3
 20
-12.8
 10
15.3
 20
-15.1
  0
TEXT
  5
1E4
330
17
100
AcDbEntity
  8
A-MOBILIARIO
100
AcDbText
 10
14.85
 20
-13.95
 30
0.0
 40
0.1
  1
ISLA
  7
ARIAL
 72
1
 11
14.85
 21
-13.95
 31
0.0
100
AcDbText
 73
2
  0
LWPOLYLINE
  5
1E5
330
17
100
AcDbEntity
  8
A-MOBILIARIO
100
AcDbPolyline
 90
4
 70
1
 10
10.41
 20
-13.0
 10
10.41
 20
-11.15
 10
11.01
 20
-11.15
 10
11.01
 20
-13.0
  0
LINE
  5
1E6
330
17
100
AcDbEntity
  8
A-MOBILIARIO
100
AcDbLine
 10
10.71
 20
-12.95
 30
0.0
 11
10.71
 21
-11.200000000000001
 31
0.0
  0
TEXT
  5
1E7
330
17
100
AcDbEntity
  8
A-MOBILIARIO
100
AcDbText
 10
10.71
 20
-12.08
 30
0.0
 40
0.08
  1
DESPENSA
  7
ARIAL
 72
1
 11
10.71
 21
-12.08
 31
0.0
100
AcDbText
 73
2
  0
LWPOLYLINE
  5
1E8
330
17
100
AcDbEntity
  8
A-MOBILIARIO
100
AcDbPolyline
 90
4
 70
1
 10
10.41
 20
-18.0
 10
10.41
 20
-16.2
 10
10.86
 20
-16.2
 10
10.86
 20
-18.0
  0
TEXT
  5
1E9
330
17
100
AcDbEntity
  8
A-MOBILIARIO
100
AcDbText
 10
10.63
 20
-17.1
 30
0.0
 40
0.08
  1
APARADOR
  7
ARIAL
 72
1
 11
10.63
 21
-17.1
 31
0.0
100
AcDbText
 73
2
  0
LWPOLYLINE
  5
1EA
330
17
100
AcDbEntity
  8
A-MOBILIARIO
100
AcDbPolyline
 90
4
 70
1
 10
11.7
 20
-16.7
 10
11.7
 20
-14.5
 10
12.7
 20
-14.5
 10
12.7
 20
-16.7
  0
LWPOLYLINE
  5
1EB
330
17
100
AcDbEntity
  8
A-MOBILIARIO
100
AcDbPolyline
 90
4
 70
1
 10
11.219999999999999
 20
-16.14
 10
11.219999999999999
 20
-16.56
 10
11.64
 20
-16.56
 10
11.64
 20
-16.14
  0
LWPOLYLINE
  5
1EC
330
17
100
AcDbEntity
  8
A-MOBILIARIO
100
AcDbPolyline
 90
4
 70
1
 10
11.219999999999999
 20
-16.14
 10
11.219999999999999
 20
-16.56
 10
11.28
 20
-16.56
 10
11.28
 20
-16.14
  0
LWPOLYLINE
  5
1ED
330
17
100
AcDbEntity
  8
A-MOBILIARIO
100
AcDbPolyline
 90
4
 70
1
 10
13.180000000000001
 20
-16.56
 10
13.180000000000001
 20
-16.14
 10
12.76
 20
-16.14
 10
12.76
 20
-16.56
  0
LWPOLYLINE
  5
1EE
330
17
100
AcDbEntity
  8
A-MOBILIARIO
100
AcDbPolyline
 90
4
 70
1
 10
13.180000000000001
 20
-16.56
 10
13.180000000000001
 20
-16.14
 10
13.120000000000001
 20
-16.14
 10
13.120000000000001
 20
-16.56
  0
LWPOLYLINE
  5
1EF
330
17
100
AcDbEntity
  8
A-MOBILIARIO
100
AcDbPolyline
 90
4
 70
1
 10
11.219999999999999
 20
-15.39
 10
11.219999999999999
 20
-15.809999999999999
 10
11.64
 20
-15.809999999999999
 10
11.64
 20
-15.39
  0
LWPOLYLINE
  5
1F0
330
17
100
AcDbEntity
  8
A-MOBILIARIO
100
AcDbPolyline
 90
4
 70
1
 10
11.219999999999999
 20
-15.39
 10
11.219999999999999
 20
-15.809999999999999
 10
11.28
 20
-15.809999999999999
 10
11.28
 20
-15.39
  0
LWPOLYLINE
  5
1F1
330
17
100
AcDbEntity
  8
A-MOBILIARIO
100
AcDbPolyline
 90
4
 70
1
 10
13.180000000000001
 20
-15.809999999999999
 10
13.180000000000001
 20
-15.39
 10
12.76
 20
-15.39
 10
12.76
 20
-15.809999999999999
  0
LWPOLYLINE
  5
1F2
330
17
100
AcDbEntity
  8
A-MOBILIARIO
100
AcDbPolyline
 90
4
 70
1
 10
13.180000000000001
 20
-15.809999999999999
 10
13.180000000000001
 20
-15.39
 10
13.120000000000001
 20
-15.39
 10
13.120000000000001
 20
-15.809999999999999
  0
LWPOLYLINE
  5
1F3
330
17
100
AcDbEntity
  8
A-MOBILIARIO
100
AcDbPolyline
 90
4
 70
1
 10
11.219999999999999
 20
-14.64
 10
11.219999999999999
 20
-15.059999999999999
 10
11.64
 20
-15.059999999999999
 10
11.64
 20
-14.64
  0
LWPOLYLINE
  5
1F4
330
17
100
AcDbEntity
  8
A-MOBILIARIO
100
AcDbPolyline
 90
4
 70
1
 10
11.219999999999999
 20
-14.64
 10
11.219999999999999
 20
-15.059999999999999
 10
11.28
 20
-15.059999999999999
 10
11.28
 20
-14.64
  0
LWPOLYLINE
  5
1F5
330
17
100
AcDbEntity
  8
A-MOBILIARIO
100
AcDbPolyline
 90
4
 70
1
 10
13.180000000000001
 20
-15.059999999999999
 10
13.180000000000001
 20
-14.64
 10
12.76
 20
-14.64
 10
12.76
 20
-15.059999999999999
  0
LWPOLYLINE
  5
1F6
330
17
100
AcDbEntity
  8
A-MOBILIARIO
100
AcDbPolyline
 90
4
 70
1
 10
13.180000000000001
 20
-15.059999999999999
 10
13.180000000000001
 20
-14.64
 10
13.120000000000001
 20
-14.64
 10
13.120000000000001
 20
-15.059999999999999
  0
LWPOLYLINE
  5
1F7
330
17
100
AcDbEntity
  8
A-MOBILIARIO
100
AcDbPolyline
 90
4
 70
1
 10
11.989999999999998
 20
-17.18
 10
12.41
 20
-17.18
 10
12.41
 20
-16.76
 10
11.989999999999998
 20
-16.76
  0
LWPOLYLINE
  5
1F8
330
17
100
AcDbEntity
  8
A-MOBILIARIO
100
AcDbPolyline
 90
4
 70
1
 10
11.989999999999998
 20
-17.18
 10
12.41
 20
-17.18
 10
12.41
 20
-17.12
 10
11.989999999999998
 20
-17.12
  0
LWPOLYLINE
  5
1F9
330
17
100
AcDbEntity
  8
A-MOBILIARIO
100
AcDbPolyline
 90
4
 70
1
 10
12.41
 20
-14.02
 10
11.989999999999998
 20
-14.02
 10
11.989999999999998
 20
-14.440000000000001
 10
12.41
 20
-14.440000000000001
  0
LWPOLYLINE
  5
1FA
330
17
100
AcDbEntity
  8
A-MOBILIARIO
100
AcDbPolyline
 90
4
 70
1
 10
12.41
 20
-14.02
 10
11.989999999999998
 20
-14.02
 10
11.989999999999998
 20
-14.08
 10
12.41
 20
-14.08
  0
LWPOLYLINE
  5
1FB
330
17
100
AcDbEntity
  8
A-MOBILIARIO
100
AcDbPolyline
 90
4
 70
1
 10
21.4
 20
-19.85
 10
21.4
 20
-19.4
 10
23.2
 20
-19.4
 10
23.2
 20
-19.85
  0
TEXT
  5
1FC
330
17
100
AcDbEntity
  8
A-MOBILIARIO
100
AcDbText
 10
22.3
 20
-19.63
 30
0.0
 40
0.1
  1
TV
  7
ARIAL
 72
1
 11
22.3
 21
-19.63
 31
0.0
100
AcDbText
 73
2
  0
LWPOLYLINE
  5
1FD
330
17
100
AcDbEntity
  8
A-MOBILIARIO
100
AcDbPolyline
 90
4
 70
1
 10
21.0
 20
-16.9
 10
21.0
 20
-16.05
 10
23.6
 20
-16.05
 10
23.6
 20
-16.9
  0
LWPOLYLINE
  5
1FE
330
17
100
AcDbEntity
  8
A-MOBILIARIO
100
AcDbPolyline
 90
4
 70
1
 10
21.0
 20
-16.25
 10
21.0
 20
-16.05
 10
23.6
 20
-16.05
 10
23.6
 20
-16.25
  0
LWPOLYLINE
  5
1FF
330
17
100
AcDbEntity
  8
A-MOBILIARIO
100
AcDbPolyline
 90
4
 70
1
 10
21.0
 20
-16.9
 10
21.0
 20
-16.25
 10
21.2
 20
-16.25
 10
21.2
 20
-16.9
  0
LWPOLYLINE
  5
200
330
17
100
AcDbEntity
  8
A-MOBILIARIO
100
AcDbPolyline
 90
4
 70
1
 10
23.400000000000002
 20
-16.9
 10
23.400000000000002
 20
-16.25
 10
23.6
 20
-16.25
 10
23.6
 20
-16.9
  0
LWPOLYLINE
  5
201
330
17
100
AcDbEntity
  8
A-MOBILIARIO
100
AcDbPolyline
 90
4
 70
1
 10
21.8
 20
-18.2
 10
21.8
 20
-17.4
 10
22.8
 20
-17.4
 10
22.8
 20
-18.2
  0
LWPOLYLINE
  5
202
330
17
100
AcDbEntity
  8
A-MOBILIARIO
100
AcDbPolyline
 90
4
 70
1
 10
23.75
 20
-18.2
 10
23.75
 20
-17.4
 10
24.55
 20
-17.4
 10
24.55
 20
-18.2
  0
LWPOLYLINE
  5
203
330
17
100
AcDbEntity
  8
A-MOBILIARIO
100
AcDbPolyline
 90
4
 70
1
 10
24.35
 20
-18.2
 10
24.35
 20
-17.4
 10
24.55
 20
-17.4
 10
24.55
 20
-18.2
  0
LWPOLYLINE
  5
204
330
17
100
AcDbEntity
  8
A-MOBILIARIO
100
AcDbPolyline
 90
4
 70
1
 10
23.75
 20
-18.2
 10
23.75
 20
-18.0
 10
24.35
 20
-18.0
 10
24.35
 20
-18.2
  0
LWPOLYLINE
  5
205
330
17
100
AcDbEntity
  8
A-MOBILIARIO
100
AcDbPolyline
 90
4
 70
1
 10
23.75
 20
-17.6
 10
23.75
 20
-17.4
 10
24.35
 20
-17.4
 10
24.35
 20
-17.6
  0
CIRCLE
  5
206
330
17
100
AcDbEntity
  8
A-MOBILIARIO
100
AcDbCircle
 10
23.3
 20
-13.4
 30
0.0
 40
0.45
  0
LWPOLYLINE
  5
207
330
17
100
AcDbEntity
  8
A-MOBILIARIO
100
AcDbPolyline
 90
4
 70
1
 10
24.09195959492893
 20
-12.905025253169416
 10
23.794974746830583
 20
-12.608040405071067
 10
23.497989898732236
 20
-12.905025253169418
 10
23.794974746830583
 20
-13.202010101267767
  0
LWPOLYLINE
  5
208
330
17
100
AcDbEntity
  8
A-MOBILIARIO
100
AcDbPolyline
 90
4
 70
1
 10
24.09195959492893
 20
-12.905025253169416
 10
23.794974746830583
 20
-12.608040405071067
 10
23.752548339959393
 20
-12.65046681194226
 10
24.04953318805774
 20
-12.94745166004061
  0
LWPOLYLINE
  5
209
330
17
100
AcDbEntity
  8
A-MOBILIARIO
100
AcDbPolyline
 90
4
 70
1
 10
23.794974746830583
 20
-14.191959594928933
 10
24.09195959492893
 20
-13.894974746830583
 10
23.794974746830583
 20
-13.597989898732234
 10
23.497989898732236
 20
-13.894974746830584
  0
LWPOLYLINE
  5
20A
330
17
100
AcDbEntity
  8
A-MOBILIARIO
100
AcDbPolyline
 90
4
 70
1
 10
23.794974746830583
 20
-14.191959594928933
 10
24.09195959492893
 20
-13.894974746830583
 10
24.04953318805774
 20
-13.852548339959391
 10
23.752548339959393
 20
-14.149533188057742
  0
LWPOLYLINE
  5
20B
330
17
100
AcDbEntity
  8
A-MOBILIARIO
100
AcDbPolyline
 90
4
 70
1
 10
22.50804040507107
 20
-13.894974746830584
 10
22.80502525316942
 20
-14.191959594928933
 10
23.102010101267766
 20
-13.894974746830583
 10
22.80502525316942
 20
-13.597989898732234
  0
LWPOLYLINE
  5
20C
330
17
100
AcDbEntity
  8
A-MOBILIARIO
100
AcDbPolyline
 90
4
 70
1
 10
22.50804040507107
 20
-13.894974746830584
 10
22.80502525316942
 20
-14.191959594928933
 10
22.84745166004061
 20
-14.14953318805774
 10
22.55046681194226
 20
-13.852548339959391
  0
LWPOLYLINE
  5
20D
330
17
100
AcDbEntity
  8
A-MOBILIARIO
100
AcDbPolyline
 90
4
 70
1
 10
22.80502525316942
 20
-12.608040405071067
 10
22.50804040507107
 20
-12.905025253169418
 10
22.80502525316942
 20
-13.202010101267767
 10
23.102010101267766
 20
-12.905025253169416
  0
LWPOLYLINE
  5
20E
330
17
100
AcDbEntity
  8
A-MOBILIARIO
100
AcDbPolyline
 90
4
 70
1
 10
22.80502525316942
 20
-12.608040405071067
 10
22.50804040507107
 20
-12.905025253169418
 10
22.55046681194226
 20
-12.94745166004061
 10
22.84745166004061
 20
-12.650466811942259
  0
LWPOLYLINE
  5
20F
330
17
100
AcDbEntity
  8
A-MOBILIARIO
100
AcDbPolyline
 90
4
 70
1
 10
20.3
 20
-11.55
 10
20.3
 20
-11.15
 10
22.8
 20
-11.15
 10
22.8
 20
-11.55
  0
TEXT
  5
210
330
17
100
AcDbEntity
  8
A-MOBILIARIO
100
AcDbText
 10
21.55
 20
-11.35
 30
0.0
 40
0.08
  1
LIBRERO
 50
90.0
  7
ARIAL
 72
1
 11
21.55
 21
-11.35
 31
0.0
100
AcDbText
 73
2
  0
LINE
  5
211
330
17
100
AcDbEntity
  8
A-ESCALERA
100
AcDbLine
 10
16.98
 20
-18.65
 30
0.0
 11
18.080000000000002
 21
-18.65
 31
0.0
  0
LINE
  5
212
330
17
100
AcDbEntity
  8
A-ESCALERA
100
AcDbLine
 10
16.98
 20
-18.37
 30
0.0
 11
18.080000000000002
 21
-18.37
 31
0.0
  0
LINE
  5
213
330
17
100
AcDbEntity
  8
A-ESCALERA
100
AcDbLine
 10
16.98
 20
-18.09
 30
0.0
 11
18.080000000000002
 21
-18.09
 31
0.0
  0
LINE
  5
214
330
17
100
AcDbEntity
  8
A-ESCALERA
100
AcDbLine
 10
16.98
 20
-17.81
 30
0.0
 11
18.080000000000002
 21
-17.81
 31
0.0
  0
LINE
  5
215
330
17
100
AcDbEntity
  8
A-ESCALERA
100
AcDbLine
 10
16.98
 20
-17.53
 30
0.0
 11
18.080000000000002
 21
-17.53
 31
0.0
  0
LINE
  5
216
330
17
100
AcDbEntity
  8
A-ESCALERA
100
AcDbLine
 10
16.98
 20
-17.25
 30
0.0
 11
18.080000000000002
 21
-17.25
 31
0.0
  0
LINE
  5
217
330
17
100
AcDbEntity
  8
A-ESCALERA
100
AcDbLine
 10
16.98
 20
-16.97
 30
0.0
 11
18.080000000000002
 21
-16.97
 31
0.0
  0
LINE
  5
218
330
17
100
AcDbEntity
  8
A-PROYECCION
 48
0.1
100
AcDbLine
 10
16.98
 20
-16.689999999999998
 30
0.0
 11
18.080000000000002
 21
-16.689999999999998
 31
0.0
  0
LINE
  5
219
330
17
100
AcDbEntity
  8
A-PROYECCION
 48
0.1
100
AcDbLine
 10
16.98
 20
-16.41
 30
0.0
 11
18.080000000000002
 21
-16.41
 31
0.0
  0
LINE
  5
21A
330
17
100
AcDbEntity
  8
A-ESCALERA
100
AcDbLine
 10
18.080000000000002
 20
-18.65
 30
0.0
 11
18.080000000000002
 21
-16.97
 31
0.0
  0
LINE
  5
21B
330
17
100
AcDbEntity
  8
A-PROYECCION
 48
0.1
100
AcDbLine
 10
18.080000000000002
 20
-16.97
 30
0.0
 11
18.080000000000002
 21
-16.41
 31
0.0
  0
LINE
  5
21C
330
17
100
AcDbEntity
  8
A-ESCALERA
100
AcDbLine
 10
16.98
 20
-17.22
 30
0.0
 11
18.080000000000002
 21
-16.72
 31
0.0
  0
LINE
  5
21D
330
17
100
AcDbEntity
  8
A-ESCALERA
100
AcDbLine
 10
18.38
 20
-16.41
 30
0.0
 11
19.48
 21
-16.41
 31
0.0
  0
LINE
  5
21E
330
17
100
AcDbEntity
  8
A-ESCALERA
100
AcDbLine
 10
18.38
 20
-16.689999999999998
 30
0.0
 11
19.48
 21
-16.689999999999998
 31
0.0
  0
LINE
  5
21F
330
17
100
AcDbEntity
  8
A-ESCALERA
100
AcDbLine
 10
18.38
 20
-16.97
 30
0.0
 11
19.48
 21
-16.97
 31
0.0
  0
LINE
  5
220
330
17
100
AcDbEntity
  8
A-ESCALERA
100
AcDbLine
 10
18.38
 20
-17.25
 30
0.0
 11
19.48
 21
-17.25
 31
0.0
  0
LINE
  5
221
330
17
100
AcDbEntity
  8
A-ESCALERA
100
AcDbLine
 10
18.38
 20
-17.53
 30
0.0
 11
19.48
 21
-17.53
 31
0.0
  0
LINE
  5
222
330
17
100
AcDbEntity
  8
A-ESCALERA
100
AcDbLine
 10
18.38
 20
-17.81
 30
0.0
 11
19.48
 21
-17.81
 31
0.0
  0
LINE
  5
223
330
17
100
AcDbEntity
  8
A-ESCALERA
100
AcDbLine
 10
18.38
 20
-18.09
 30
0.0
 11
19.48
 21
-18.09
 31
0.0
  0
LINE
  5
224
330
17
100
AcDbEntity
  8
A-ESCALERA
100
AcDbLine
 10
18.38
 20
-18.37
 30
0.0
 11
19.48
 21
-18.37
 31
0.0
  0
LINE
  5
225
330
17
100
AcDbEntity
  8
A-ESCALERA
100
AcDbLine
 10
18.38
 20
-18.37
 30
0.0
 11
18.38
 21
-16.41
 31
0.0
  0
LINE
  5
226
330
17
100
AcDbEntity
  8
A-PROYECCION
 48
0.1
100
AcDbLine
 10
16.98
 20
-16.41
 30
0.0
 11
19.48
 21
-16.41
 31
0.0
  0
LINE
  5
227
330
17
100
AcDbEntity
  8
A-ESCALERA
100
AcDbLine
 10
18.23
 20
-18.37
 30
0.0
 11
18.23
 21
-16.41
 31
0.0
  0
LINE
  5
228
330
17
100
AcDbEntity
  8
A-ESCALERA
100
AcDbLine
 10
17.53
 20
-18.5
 30
0.0
 11
17.53
 21
-17.12
 31
0.0
  0
SOLID
  5
229
330
17
100
AcDbEntity
  8
A-ESCALERA
100
AcDbTrace
 10
17.53
 20
-17.12
 30
0.0
 11
17.41
 21
-17.32
 31
0.0
 12
17.650000000000002
 22
-17.32
 32
0.0
 13
17.650000000000002
 23
-17.32
 33
0.0
  0
TEXT
  5
22A
330
17
100
AcDbEntity
  8
A-ESCALERA
100
AcDbText
 10
17.71
 20
-17.81
 30
0.0
 40
0.12
  1
SUBE
  7
ARIAL
 72
1
 11
17.71
 21
-17.81
 31
0.0
100
AcDbText
 73
2
  0
LINE
  5
22B
330
17
100
AcDbEntity
  8
A-ESCALERA
100
AcDbLine
 10
18.93
 20
-18.2
 30
0.0
 11
18.93
 21
-16.56
 31
0.0
  0
SOLID
  5
22C
330
17
100
AcDbEntity
  8
A-ESCALERA
100
AcDbTrace
 10
18.93
 20
-16.56
 30
0.0
 11
18.81
 21
-16.759999999999998
 31
0.0
 12
19.05
 22
-16.759999999999998
 32
0.0
 13
19.05
 23
-16.759999999999998
 33
0.0
  0
TEXT
  5
22D
330
17
100
AcDbEntity
  8
A-ESCALERA
100
AcDbText
 10
19.11
 20
-17.38
 30
0.0
 40
0.12
  1
BAJA
  7
ARIAL
 72
1
 11
19.11
 21
-17.38
 31
0.0
100
AcDbText
 73
2
  0
LWPOLYLINE
  5
22E
330
17
100
AcDbEntity
  8
E-COLUMNA
100
AcDbPolyline
 90
4
 70
1
 10
2.06
 20
-15.31
 10
2.06
 20
-15.01
 10
2.36
 20
-15.01
 10
2.36
 20
-15.31
  0
HATCH
  5
22F
330
17
100
AcDbEntity
  8
E-COLUMNA
 62
7
100
AcDbHatch
 10
0.0
 20
0.0
 30
0.0
210
0.0
220
0.0
230
1.0
  2
SOLID
 70
1
 71
0
 91
1
 92
3
 72
0
 73
1
 93
4
 10
2.06
 20
-15.31
 10
2.06
 20
-15.01
 10
2.36
 20
-15.01
 10
2.36
 20
-15.31
 97
0
 75
0
 76
1
 98
0
  0
TEXT
  5
230
330
17
100
AcDbEntity
  8
E-COLUMNA
100
AcDbText
 10
2.48
 20
-14.89
 30
0.0
 40
0.1
  1
C1
  7
ARIAL
 11
2.48
 21
-14.89
 31
0.0
100
AcDbText
 73
2
  0
LWPOLYLINE
  5
231
330
17
100
AcDbEntity
  8
E-COLUMNA
100
AcDbPolyline
 90
4
 70
1
 10
7.534999999999999
 20
-15.31
 10
7.534999999999999
 20
-15.01
 10
7.835
 20
-15.01
 10
7.835
 20
-15.31
  0
HATCH
  5
232
330
17
100
AcDbEntity
  8
E-COLUMNA
 62
7
100
AcDbHatch
 10
0.0
 20
0.0
 30
0.0
210
0.0
220
0.0
230
1.0
  2
SOLID
 70
1
 71
0
 91
1
 92
3
 72
0
 73
1
 93
4
 10
7.534999999999999
 20
-15.31
 10
7.534999999999999
 20
-15.01
 10
7.835
 20
-15.01
 10
7.835
 20
-15.31
 97
0
 75
0
 76
1
 98
0
  0
TEXT
  5
233
330
17
100
AcDbEntity
  8
E-COLUMNA
100
AcDbText
 10
7.955
 20
-14.89
 30
0.0
 40
0.1
  1
C2
  7
ARIAL
 11
7.955
 21
-14.89
 31
0.0
100
AcDbText
 73
2
  0
LWPOLYLINE
  5
234
330
17
100
AcDbEntity
  8
E-COLUMNA
100
AcDbPolyline
 90
4
 70
1
 10
10.185
 20
-15.31
 10
10.185
 20
-15.01
 10
10.485000000000001
 20
-15.01
 10
10.485000000000001
 20
-15.31
  0
HATCH
  5
235
330
17
100
AcDbEntity
  8
E-COLUMNA
 62
7
100
AcDbHatch
 10
0.0
 20
0.0
 30
0.0
210
0.0
220
0.0
230
1.0
  2
SOLID
 70
1
 71
0
 91
1
 92
3
 72
0
 73
1
 93
4
 10
10.185
 20
-15.31
 10
10.185
 20
-15.01
 10
10.485000000000001
 20
-15.01
 10
10.485000000000001
 20
-15.31
 97
0
 75
0
 76
1
 98
0
  0
TEXT
  5
236
330
17
100
AcDbEntity
  8
E-COLUMNA
100
AcDbText
 10
10.605
 20
-14.89
 30
0.0
 40
0.1
  1
C3
  7
ARIAL
 11
10.605
 21
-14.89
 31
0.0
100
AcDbText
 73
2
  0
LWPOLYLINE
  5
237
330
17
100
AcDbEntity
  8
E-COLUMNA
100
AcDbPolyline
 90
4
 70
1
 10
16.755000000000003
 20
-15.31
 10
16.755000000000003
 20
-15.01
 10
17.055
 20
-15.01
 10
17.055
 20
-15.31
  0
HATCH
  5
238
330
17
100
AcDbEntity
  8
E-COLUMNA
 62
7
100
AcDbHatch
 10
0.0
 20
0.0
 30
0.0
210
0.0
220
0.0
230
1.0
  2
SOLID
 70
1
 71
0
 91
1
 92
3
 72
0
 73
1
 93
4
 10
16.755000000000003
 20
-15.31
 10
16.755000000000003
 20
-15.01
 10
17.055
 20
-15.01
 10
17.055
 20
-15.31
 97
0
 75
0
 76
1
 98
0
  0
TEXT
  5
239
330
17
100
AcDbEntity
  8
E-COLUMNA
100
AcDbText
 10
17.175
 20
-14.89
 30
0.0
 40
0.1
  1
C4
  7
ARIAL
 11
17.175
 21
-14.89
 31
0.0
100
AcDbText
 73
2
  0
LWPOLYLINE
  5
23A
330
17
100
AcDbEntity
  8
E-COLUMNA
100
AcDbPolyline
 90
4
 70
1
 10
19.405
 20
-15.31
 10
19.405
 20
-15.01
 10
19.705
 20
-15.01
 10
19.705
 20
-15.31
  0
HATCH
  5
23B
330
17
100
AcDbEntity
  8
E-COLUMNA
 62
7
100
AcDbHatch
 10
0.0
 20
0.0
 30
0.0
210
0.0
220
0.0
230
1.0
  2
SOLID
 70
1
 71
0
 91
1
 92
3
 72
0
 73
1
 93
4
 10
19.405
 20
-15.31
 10
19.405
 20
-15.01
 10
19.705
 20
-15.01
 10
19.705
 20
-15.31
 97
0
 75
0
 76
1
 98
0
  0
TEXT
  5
23C
330
17
100
AcDbEntity
  8
E-COLUMNA
100
AcDbText
 10
19.825
 20
-14.89
 30
0.0
 40
0.1
  1
C5
  7
ARIAL
 11
19.825
 21
-14.89
 31
0.0
100
AcDbText
 73
2
  0
LWPOLYLINE
  5
23D
330
17
100
AcDbEntity
  8
E-COLUMNA
100
AcDbPolyline
 90
4
 70
1
 10
24.880000000000003
 20
-15.31
 10
24.880000000000003
 20
-15.01
 10
25.18
 20
-15.01
 10
25.18
 20
-15.31
  0
HATCH
  5
23E
330
17
100
AcDbEntity
  8
E-COLUMNA
 62
7
100
AcDbHatch
 10
0.0
 20
0.0
 30
0.0
210
0.0
220
0.0
230
1.0
  2
SOLID
 70
1
 71
0
 91
1
 92
3
 72
0
 73
1
 93
4
 10
24.880000000000003
 20
-15.31
 10
24.880000000000003
 20
-15.01
 10
25.18
 20
-15.01
 10
25.18
 20
-15.31
 97
0
 75
0
 76
1
 98
0
  0
TEXT
  5
23F
330
17
100
AcDbEntity
  8
E-COLUMNA
100
AcDbText
 10
25.3
 20
-14.89
 30
0.0
 40
0.1
  1
C6
  7
ARIAL
 11
25.3
 21
-14.89
 31
0.0
100
AcDbText
 73
2
  0
LINE
  5
240
330
17
100
AcDbEntity
  8
A-PROYECCION
 48
0.1
100
AcDbLine
 10
7.76
 20
-18.53
 30
0.0
 11
10.26
 21
-11.15
 31
0.0
  0
LINE
  5
241
330
17
100
AcDbEntity
  8
A-PROYECCION
 48
0.1
100
AcDbLine
 10
7.76
 20
-11.15
 30
0.0
 11
10.26
 21
-18.53
 31
0.0
  0
LINE
  5
242
330
17
100
AcDbEntity
  8
A-PROYECCION
 48
0.1
100
AcDbLine
 10
16.98
 20
-15.190000000000001
 30
0.0
 11
19.48
 21
-11.15
 31
0.0
  0
LINE
  5
243
330
17
100
AcDbEntity
  8
A-PROYECCION
 48
0.1
100
AcDbLine
 10
16.98
 20
-11.15
 30
0.0
 11
19.48
 21
-15.190000000000001
 31
0.0
  0
MTEXT
  5
244
330
17
100
AcDbEntity
  8
A-ESPACIOS
100
AcDbMText
 10
5.25
 20
-18.05
 30
0.0
 40
0.15
 41
4.0
 71
5
  1
SUITE 1\PDORMITORIO Y ESTAR
  7
ARIAL
  0
MTEXT
  5
245
330
17
100
AcDbEntity
  8
A-ESPACIOS
100
AcDbMText
 10
4.05
 20
-15.879999999999999
 30
0.0
 40
0.1
 41
4.0
 71
5
  1
BAÑO\P3,41 m²
  7
ARIAL
  0
MTEXT
  5
246
330
17
100
AcDbEntity
  8
A-ESPACIOS
100
AcDbMText
 10
3.85
 20
-12.9
 30
0.0
 40
0.12
 41
4.0
 71
5
  1
WALK-IN CLOSET\P3.46 x 3.25\P11,24 m²
  7
ARIAL
  0
MTEXT
  5
247
330
17
100
AcDbEntity
  8
A-ESPACIOS
100
AcDbMText
 10
14.9
 20
-17.1
 30
0.0
 40
0.15
 41
4.0
 71
5
  1
COCINA - COMEDOR\P7.38 x 6.42\P47,38 m²
  7
ARIAL
  0
MTEXT
  5
248
330
17
100
AcDbEntity
  8
A-ESPACIOS
100
AcDbMText
 10
20.7
 20
-13.8
 30
0.0
 40
0.15
 41
4.0
 71
5
  1
SALA FAMILIAR\P8.70 x 5.40\P46,98 m²
  7
ARIAL
  0
TEXT
  5
249
330
17
100
AcDbEntity
  8
A-ESPACIOS
100
AcDbText
 10
13.0
 20
-19.25
 30
0.0
 40
0.13
  1
PASILLO
  7
ARIAL
 72
1
 11
13.0
 21
-19.25
 31
0.0
100
AcDbText
 73
2
  0
MTEXT
  5
24A
330
17
100
AcDbEntity
  8
A-ESPACIOS
100
AcDbMText
 10
9.0
 20
-14.84
 30
0.0
 40
0.14
 41
3.0
 71
5
  1
PATIO DE LUZ P1\P(ABIERTO)
  7
ARIAL
  0
MTEXT
  5
24B
330
17
100
AcDbEntity
  8
A-ESPACIOS
100
AcDbMText
 10
18.25
 20
-13.17
 30
0.0
 40
0.14
 41
3.0
 71
5
  1
PATIO P2\P(ABIERTO)
  7
ARIAL
  0
TEXT
  5
24C
330
17
100
AcDbEntity
  8
A-ESPACIOS
100
AcDbText
 10
-2.15
 20
-15.5
 30
0.0
 40
0.22
  1
CALLE PÚBLICA
 50
90.0
  7
ARIAL
 72
1
 11
-2.15
 21
-15.5
 31
0.0
100
AcDbText
 73
2
  0
LINE
  5
24D
330
17
100
AcDbEntity
  8
A-EJES
 48
0.05
100
AcDbLine
 10
-0.2
 20
-19.925
 30
0.0
 11
29.85
 21
-19.925
 31
0.0
  0
CIRCLE
  5
24E
330
17
100
AcDbEntity
  8
A-EJES-TXT
100
AcDbCircle
 10
30.130000000000003
 20
-19.925
 30
0.0
 40
0.28
  0
TEXT
  5
24F
330
17
100
AcDbEntity
  8
A-EJES-TXT
100
AcDbText
 10
30.130000000000003
 20
-19.925
 30
0.0
 40
0.22
  1
A
  7
ARIAL
 72
1
 11
30.130000000000003
 21
-19.925
 31
0.0
100
AcDbText
 73
2
  0
LINE
  5
250
330
17
100
AcDbEntity
  8
A-EJES
 48
0.05
100
AcDbLine
 10
-0.2
 20
-18.59
 30
0.0
 11
29.85
 21
-18.59
 31
0.0
  0
CIRCLE
  5
251
330
17
100
AcDbEntity
  8
A-EJES-TXT
100
AcDbCircle
 10
30.130000000000003
 20
-18.59
 30
0.0
 40
0.28
  0
TEXT
  5
252
330
17
100
AcDbEntity
  8
A-EJES-TXT
100
AcDbText
 10
30.130000000000003
 20
-18.59
 30
0.0
 40
0.22
  1
B
  7
ARIAL
 72
1
 11
30.130000000000003
 21
-18.59
 31
0.0
100
AcDbText
 73
2
  0
LINE
  5
253
330
17
100
AcDbEntity
  8
A-EJES
 48
0.05
100
AcDbLine
 10
-0.2
 20
-15.16
 30
0.0
 11
29.85
 21
-15.16
 31
0.0
  0
CIRCLE
  5
254
330
17
100
AcDbEntity
  8
A-EJES-TXT
100
AcDbCircle
 10
30.130000000000003
 20
-15.16
 30
0.0
 40
0.28
  0
TEXT
  5
255
330
17
100
AcDbEntity
  8
A-EJES-TXT
100
AcDbText
 10
30.130000000000003
 20
-15.16
 30
0.0
 40
0.22
  1
C
  7
ARIAL
 72
1
 11
30.130000000000003
 21
-15.16
 31
0.0
100
AcDbText
 73
2
  0
LINE
  5
256
330
17
100
AcDbEntity
  8
A-EJES
 48
0.05
100
AcDbLine
 10
-0.2
 20
-11.075
 30
0.0
 11
29.85
 21
-11.075
 31
0.0
  0
CIRCLE
  5
257
330
17
100
AcDbEntity
  8
A-EJES-TXT
100
AcDbCircle
 10
30.130000000000003
 20
-11.075
 30
0.0
 40
0.28
  0
TEXT
  5
258
330
17
100
AcDbEntity
  8
A-EJES-TXT
100
AcDbText
 10
30.130000000000003
 20
-11.075
 30
0.0
 40
0.22
  1
D
  7
ARIAL
 72
1
 11
30.130000000000003
 21
-11.075
 31
0.0
100
AcDbText
 73
2
  0
LINE
  5
259
330
17
100
AcDbEntity
  8
A-EJES
 48
0.05
100
AcDbLine
 10
2.1350000000000002
 20
-22.35
 30
0.0
 11
2.1350000000000002
 21
-9.8
 31
0.0
  0
CIRCLE
  5
25A
330
17
100
AcDbEntity
  8
A-EJES-TXT
100
AcDbCircle
 10
2.1350000000000002
 20
-22.63
 30
0.0
 40
0.28
  0
TEXT
  5
25B
330
17
100
AcDbEntity
  8
A-EJES-TXT
100
AcDbText
 10
2.1350000000000002
 20
-22.63
 30
0.0
 40
0.22
  1
1
  7
ARIAL
 72
1
 11
2.1350000000000002
 21
-22.63
 31
0.0
100
AcDbText
 73
2
  0
LINE
  5
25C
330
17
100
AcDbEntity
  8
A-EJES
 48
0.05
100
AcDbLine
 10
7.685
 20
-22.35
 30
0.0
 11
7.685
 21
-9.8
 31
0.0
  0
CIRCLE
  5
25D
330
17
100
AcDbEntity
  8
A-EJES-TXT
100
AcDbCircle
 10
7.685
 20
-22.63
 30
0.0
 40
0.28
  0
TEXT
  5
25E
330
17
100
AcDbEntity
  8
A-EJES-TXT
100
AcDbText
 10
7.685
 20
-22.63
 30
0.0
 40
0.22
  1
2
  7
ARIAL
 72
1
 11
7.685
 21
-22.63
 31
0.0
100
AcDbText
 73
2
  0
LINE
  5
25F
330
17
100
AcDbEntity
  8
A-EJES
 48
0.05
100
AcDbLine
 10
10.335
 20
-22.35
 30
0.0
 11
10.335
 21
-9.8
 31
0.0
  0
CIRCLE
  5
260
330
17
100
AcDbEntity
  8
A-EJES-TXT
100
AcDbCircle
 10
10.335
 20
-22.63
 30
0.0
 40
0.28
  0
TEXT
  5
261
330
17
100
AcDbEntity
  8
A-EJES-TXT
100
AcDbText
 10
10.335
 20
-22.63
 30
0.0
 40
0.22
  1
3
  7
ARIAL
 72
1
 11
10.335
 21
-22.63
 31
0.0
100
AcDbText
 73
2
  0
LINE
  5
262
330
17
100
AcDbEntity
  8
A-EJES
 48
0.05
100
AcDbLine
 10
16.905
 20
-22.35
 30
0.0
 11
16.905
 21
-9.8
 31
0.0
  0
CIRCLE
  5
263
330
17
100
AcDbEntity
  8
A-EJES-TXT
100
AcDbCircle
 10
16.905
 20
-22.63
 30
0.0
 40
0.28
  0
TEXT
  5
264
330
17
100
AcDbEntity
  8
A-EJES-TXT
100
AcDbText
 10
16.905
 20
-22.63
 30
0.0
 40
0.22
  1
4
  7
ARIAL
 72
1
 11
16.905
 21
-22.63
 31
0.0
100
AcDbText
 73
2
  0
LINE
  5
265
330
17
100
AcDbEntity
  8
A-EJES
 48
0.05
100
AcDbLine
 10
19.555
 20
-22.35
 30
0.0
 11
19.555
 21
-9.8
 31
0.0
  0
CIRCLE
  5
266
330
17
100
AcDbEntity
  8
A-EJES-TXT
100
AcDbCircle
 10
19.555
 20
-22.63
 30
0.0
 40
0.28
  0
TEXT
  5
267
330
17
100
AcDbEntity
  8
A-EJES-TXT
100
AcDbText
 10
19.555
 20
-22.63
 30
0.0
 40
0.22
  1
5
  7
ARIAL
 72
1
 11
19.555
 21
-22.63
 31
0.0
100
AcDbText
 73
2
  0
LINE
  5
268
330
17
100
AcDbEntity
  8
A-EJES
 48
0.05
100
AcDbLine
 10
25.105
 20
-22.35
 30
0.0
 11
25.105
 21
-9.8
 31
0.0
  0
CIRCLE
  5
269
330
17
100
AcDbEntity
  8
A-EJES-TXT
100
AcDbCircle
 10
25.105
 20
-22.63
 30
0.0
 40
0.28
  0
TEXT
  5
26A
330
17
100
AcDbEntity
  8
A-EJES-TXT
100
AcDbText
 10
25.105
 20
-22.63
 30
0.0
 40
0.22
  1
6
  7
ARIAL
 72
1
 11
25.105
 21
-22.63
 31
0.0
100
AcDbText
 73
2
  0
LWPOLYLINE
  5
26B
330
17
100
AcDbEntity
  8
T-LINDERO
100
AcDbPolyline
 90
5
 70
1
 10
0.0
 20
-40.0
 10
0.010879637986303953
 20
-35.33528332765827
 10
0.05655167053563409
 20
-30.992575178851485
 10
28.51811244861565
 20
-31.000196537113997
 10
28.511978184595964
 20
-40.0
  0
LWPOLYLINE
  5
26C
330
17
100
AcDbEntity
  8
A-MURO
100
AcDbPolyline
 90
4
 70
1
 10
2.06
 20
-40.0
 10
2.06
 20
-39.85
 10
25.18
 20
-39.85
 10
25.18
 20
-40.0
  0
HATCH
  5
26D
330
17
100
AcDbEntity
  8
A-MURO-TRAMA
 62
7
100
AcDbHatch
 10
0.0
 20
0.0
 30
0.0
210
0.0
220
0.0
230
1.0
  2
ANSI31
 70
0
 71
0
 91
1
 92
3
 72
0
 73
1
 93
4
 10
2.06
 20
-40.0
 10
2.06
 20
-39.85
 10
25.18
 20
-39.85
 10
25.18
 20
-40.0
 97
0
 75
1
 76
1
 52
0.0
 41
0.03
 77
0
 78
1
 53
45.0
 43
0.0
 44
0.0
 45
-0.0020205576
 46
0.0020205576
 79
0
 98
0
  0
LWPOLYLINE
  5
26E
330
17
100
AcDbEntity
  8
A-MURO
100
AcDbPolyline
 90
4
 70
1
 10
2.06
 20
-31.15
 10
2.06
 20
-31.0
 10
25.18
 20
-31.0
 10
25.18
 20
-31.15
  0
HATCH
  5
26F
330
17
100
AcDbEntity
  8
A-MURO-TRAMA
 62
7
100
AcDbHatch
 10
0.0
 20
0.0
 30
0.0
210
0.0
220
0.0
230
1.0
  2
ANSI31
 70
0
 71
0
 91
1
 92
3
 72
0
 73
1
 93
4
 10
2.06
 20
-31.15
 10
2.06
 20
-31.0
 10
25.18
 20
-31.0
 10
25.18
 20
-31.15
 97
0
 75
1
 76
1
 52
0.0
 41
0.03
 77
0
 78
1
 53
45.0
 43
0.0
 44
0.0
 45
-0.0020205576
 46
0.0020205576
 79
0
 98
0
  0
LWPOLYLINE
  5
270
330
17
100
AcDbEntity
  8
A-MURO
100
AcDbPolyline
 90
4
 70
1
 10
2.06
 20
-39.85
 10
2.06
 20
-39.3
 10
2.21
 20
-39.3
 10
2.21
 20
-39.85
  0
HATCH
  5
271
330
17
100
AcDbEntity
  8
A-MURO-TRAMA
 62
7
100
AcDbHatch
 10
0.0
 20
0.0
 30
0.0
210
0.0
220
0.0
230
1.0
  2
ANSI31
 70
0
 71
0
 91
1
 92
3
 72
0
 73
1
 93
4
 10
2.06
 20
-39.85
 10
2.06
 20
-39.3
 10
2.21
 20
-39.3
 10
2.21
 20
-39.85
 97
0
 75
1
 76
1
 52
0.0
 41
0.03
 77
0
 78
1
 53
45.0
 43
0.0
 44
0.0
 45
-0.0020205576
 46
0.0020205576
 79
0
 98
0
  0
LWPOLYLINE
  5
272
330
17
100
AcDbEntity
  8
A-MURO
100
AcDbPolyline
 90
4
 70
1
 10
2.06
 20
-37.1
 10
2.06
 20
-36.24
 10
2.21
 20
-36.24
 10
2.21
 20
-37.1
  0
HATCH
  5
273
330
17
100
AcDbEntity
  8
A-MURO-TRAMA
 62
7
100
AcDbHatch
 10
0.0
 20
0.0
 30
0.0
210
0.0
220
0.0
230
1.0
  2
ANSI31
 70
0
 71
0
 91
1
 92
3
 72
0
 73
1
 93
4
 10
2.06
 20
-37.1
 10
2.06
 20
-36.24
 10
2.21
 20
-36.24
 10
2.21
 20
-37.1
 97
0
 75
1
 76
1
 52
0.0
 41
0.03
 77
0
 78
1
 53
45.0
 43
0.0
 44
0.0
 45
-0.0020205576
 46
0.0020205576
 79
0
 98
0
  0
LWPOLYLINE
  5
274
330
17
100
AcDbEntity
  8
A-MURO
100
AcDbPolyline
 90
4
 70
1
 10
2.06
 20
-35.34
 10
2.06
 20
-33.6
 10
2.21
 20
-33.6
 10
2.21
 20
-35.34
  0
HATCH
  5
275
330
17
100
AcDbEntity
  8
A-MURO-TRAMA
 62
7
100
AcDbHatch
 10
0.0
 20
0.0
 30
0.0
210
0.0
220
0.0
230
1.0
  2
ANSI31
 70
0
 71
0
 91
1
 92
3
 72
0
 73
1
 93
4
 10
2.06
 20
-35.34
 10
2.06
 20
-33.6
 10
2.21
 20
-33.6
 10
2.21
 20
-35.34
 97
0
 75
1
 76
1
 52
0.0
 41
0.03
 77
0
 78
1
 53
45.0
 43
0.0
 44
0.0
 45
-0.0020205576
 46
0.0020205576
 79
0
 98
0
  0
LWPOLYLINE
  5
276
330
17
100
AcDbEntity
  8
A-MURO
100
AcDbPolyline
 90
4
 70
1
 10
2.06
 20
-31.8
 10
2.06
 20
-31.15
 10
2.21
 20
-31.15
 10
2.21
 20
-31.8
  0
HATCH
  5
277
330
17
100
AcDbEntity
  8
A-MURO-TRAMA
 62
7
100
AcDbHatch
 10
0.0
 20
0.0
 30
0.0
210
0.0
220
0.0
230
1.0
  2
ANSI31
 70
0
 71
0
 91
1
 92
3
 72
0
 73
1
 93
4
 10
2.06
 20
-31.8
 10
2.06
 20
-31.15
 10
2.21
 20
-31.15
 10
2.21
 20
-31.8
 97
0
 75
1
 76
1
 52
0.0
 41
0.03
 77
0
 78
1
 53
45.0
 43
0.0
 44
0.0
 45
-0.0020205576
 46
0.0020205576
 79
0
 98
0
  0
LINE
  5
278
330
17
100
AcDbEntity
  8
A-VENTANA
100
AcDbLine
 10
2.06
 20
-39.3
 30
0.0
 11
2.06
 21
-37.1
 31
0.0
  0
LINE
  5
279
330
17
100
AcDbEntity
  8
A-VENTANA
100
AcDbLine
 10
2.21
 20
-39.3
 30
0.0
 11
2.21
 21
-37.1
 31
0.0
  0
LINE
  5
27A
330
17
100
AcDbEntity
  8
A-VENTANA
100
AcDbLine
 10
2.135
 20
-39.3
 30
0.0
 11
2.135
 21
-37.1
 31
0.0
  0
LINE
  5
27B
330
17
100
AcDbEntity
  8
A-VENTANA
100
AcDbLine
 10
2.06
 20
-39.3
 30
0.0
 11
2.21
 21
-39.3
 31
0.0
  0
LINE
  5
27C
330
17
100
AcDbEntity
  8
A-VENTANA
100
AcDbLine
 10
2.06
 20
-37.1
 30
0.0
 11
2.21
 21
-37.1
 31
0.0
  0
LINE
  5
27D
330
17
100
AcDbEntity
  8
A-VENTANA
100
AcDbLine
 10
2.06
 20
-36.24
 30
0.0
 11
2.06
 21
-35.34
 31
0.0
  0
LINE
  5
27E
330
17
100
AcDbEntity
  8
A-VENTANA
100
AcDbLine
 10
2.21
 20
-36.24
 30
0.0
 11
2.21
 21
-35.34
 31
0.0
  0
LINE
  5
27F
330
17
100
AcDbEntity
  8
A-VENTANA
100
AcDbLine
 10
2.135
 20
-36.24
 30
0.0
 11
2.135
 21
-35.34
 31
0.0
  0
LINE
  5
280
330
17
100
AcDbEntity
  8
A-VENTANA
100
AcDbLine
 10
2.06
 20
-36.24
 30
0.0
 11
2.21
 21
-36.24
 31
0.0
  0
LINE
  5
281
330
17
100
AcDbEntity
  8
A-VENTANA
100
AcDbLine
 10
2.06
 20
-35.34
 30
0.0
 11
2.21
 21
-35.34
 31
0.0
  0
LINE
  5
282
330
17
100
AcDbEntity
  8
A-VENTANA
100
AcDbLine
 10
2.06
 20
-33.6
 30
0.0
 11
2.06
 21
-31.8
 31
0.0
  0
LINE
  5
283
330
17
100
AcDbEntity
  8
A-VENTANA
100
AcDbLine
 10
2.21
 20
-33.6
 30
0.0
 11
2.21
 21
-31.8
 31
0.0
  0
LINE
  5
284
330
17
100
AcDbEntity
  8
A-VENTANA
100
AcDbLine
 10
2.135
 20
-33.6
 30
0.0
 11
2.135
 21
-31.8
 31
0.0
  0
LINE
  5
285
330
17
100
AcDbEntity
  8
A-VENTANA
100
AcDbLine
 10
2.06
 20
-33.6
 30
0.0
 11
2.21
 21
-33.6
 31
0.0
  0
LINE
  5
286
330
17
100
AcDbEntity
  8
A-VENTANA
100
AcDbLine
 10
2.06
 20
-31.8
 30
0.0
 11
2.21
 21
-31.8
 31
0.0
  0
LWPOLYLINE
  5
287
330
17
100
AcDbEntity
  8
A-MURO
100
AcDbPolyline
 90
4
 70
1
 10
25.03
 20
-39.85
 10
25.03
 20
-39.3
 10
25.18
 20
-39.3
 10
25.18
 20
-39.85
  0
HATCH
  5
288
330
17
100
AcDbEntity
  8
A-MURO-TRAMA
 62
7
100
AcDbHatch
 10
0.0
 20
0.0
 30
0.0
210
0.0
220
0.0
230
1.0
  2
ANSI31
 70
0
 71
0
 91
1
 92
3
 72
0
 73
1
 93
4
 10
25.03
 20
-39.85
 10
25.03
 20
-39.3
 10
25.18
 20
-39.3
 10
25.18
 20
-39.85
 97
0
 75
1
 76
1
 52
0.0
 41
0.03
 77
0
 78
1
 53
45.0
 43
0.0
 44
0.0
 45
-0.0020205576
 46
0.0020205576
 79
0
 98
0
  0
LWPOLYLINE
  5
289
330
17
100
AcDbEntity
  8
A-MURO
100
AcDbPolyline
 90
4
 70
1
 10
25.03
 20
-37.1
 10
25.03
 20
-36.15
 10
25.18
 20
-36.15
 10
25.18
 20
-37.1
  0
HATCH
  5
28A
330
17
100
AcDbEntity
  8
A-MURO-TRAMA
 62
7
100
AcDbHatch
 10
0.0
 20
0.0
 30
0.0
210
0.0
220
0.0
230
1.0
  2
ANSI31
 70
0
 71
0
 91
1
 92
3
 72
0
 73
1
 93
4
 10
25.03
 20
-37.1
 10
25.03
 20
-36.15
 10
25.18
 20
-36.15
 10
25.18
 20
-37.1
 97
0
 75
1
 76
1
 52
0.0
 41
0.03
 77
0
 78
1
 53
45.0
 43
0.0
 44
0.0
 45
-0.0020205576
 46
0.0020205576
 79
0
 98
0
  0
LWPOLYLINE
  5
28B
330
17
100
AcDbEntity
  8
A-MURO
100
AcDbPolyline
 90
4
 70
1
 10
25.03
 20
-35.4
 10
25.03
 20
-33.6
 10
25.18
 20
-33.6
 10
25.18
 20
-35.4
  0
HATCH
  5
28C
330
17
100
AcDbEntity
  8
A-MURO-TRAMA
 62
7
100
AcDbHatch
 10
0.0
 20
0.0
 30
0.0
210
0.0
220
0.0
230
1.0
  2
ANSI31
 70
0
 71
0
 91
1
 92
3
 72
0
 73
1
 93
4
 10
25.03
 20
-35.4
 10
25.03
 20
-33.6
 10
25.18
 20
-33.6
 10
25.18
 20
-35.4
 97
0
 75
1
 76
1
 52
0.0
 41
0.03
 77
0
 78
1
 53
45.0
 43
0.0
 44
0.0
 45
-0.0020205576
 46
0.0020205576
 79
0
 98
0
  0
LWPOLYLINE
  5
28D
330
17
100
AcDbEntity
  8
A-MURO
100
AcDbPolyline
 90
4
 70
1
 10
25.03
 20
-31.8
 10
25.03
 20
-31.15
 10
25.18
 20
-31.15
 10
25.18
 20
-31.8
  0
HATCH
  5
28E
330
17
100
AcDbEntity
  8
A-MURO-TRAMA
 62
7
100
AcDbHatch
 10
0.0
 20
0.0
 30
0.0
210
0.0
220
0.0
230
1.0
  2
ANSI31
 70
0
 71
0
 91
1
 92
3
 72
0
 73
1
 93
4
 10
25.03
 20
-31.8
 10
25.03
 20
-31.15
 10
25.18
 20
-31.15
 10
25.18
 20
-31.8
 97
0
 75
1
 76
1
 52
0.0
 41
0.03
 77
0
 78
1
 53
45.0
 43
0.0
 44
0.0
 45
-0.0020205576
 46
0.0020205576
 79
0
 98
0
  0
LINE
  5
28F
330
17
100
AcDbEntity
  8
A-VENTANA
100
AcDbLine
 10
25.03
 20
-39.3
 30
0.0
 11
25.03
 21
-37.1
 31
0.0
  0
LINE
  5
290
330
17
100
AcDbEntity
  8
A-VENTANA
100
AcDbLine
 10
25.18
 20
-39.3
 30
0.0
 11
25.18
 21
-37.1
 31
0.0
  0
LINE
  5
291
330
17
100
AcDbEntity
  8
A-VENTANA
100
AcDbLine
 10
25.105
 20
-39.3
 30
0.0
 11
25.105
 21
-37.1
 31
0.0
  0
LINE
  5
292
330
17
100
AcDbEntity
  8
A-VENTANA
100
AcDbLine
 10
25.03
 20
-39.3
 30
0.0
 11
25.18
 21
-39.3
 31
0.0
  0
LINE
  5
293
330
17
100
AcDbEntity
  8
A-VENTANA
100
AcDbLine
 10
25.03
 20
-37.1
 30
0.0
 11
25.18
 21
-37.1
 31
0.0
  0
LINE
  5
294
330
17
100
AcDbEntity
  8
A-VENTANA
100
AcDbLine
 10
25.03
 20
-36.15
 30
0.0
 11
25.03
 21
-35.4
 31
0.0
  0
LINE
  5
295
330
17
100
AcDbEntity
  8
A-VENTANA
100
AcDbLine
 10
25.18
 20
-36.15
 30
0.0
 11
25.18
 21
-35.4
 31
0.0
  0
LINE
  5
296
330
17
100
AcDbEntity
  8
A-VENTANA
100
AcDbLine
 10
25.105
 20
-36.15
 30
0.0
 11
25.105
 21
-35.4
 31
0.0
  0
LINE
  5
297
330
17
100
AcDbEntity
  8
A-VENTANA
100
AcDbLine
 10
25.03
 20
-36.15
 30
0.0
 11
25.18
 21
-36.15
 31
0.0
  0
LINE
  5
298
330
17
100
AcDbEntity
  8
A-VENTANA
100
AcDbLine
 10
25.03
 20
-35.4
 30
0.0
 11
25.18
 21
-35.4
 31
0.0
  0
LINE
  5
299
330
17
100
AcDbEntity
  8
A-VENTANA
100
AcDbLine
 10
25.03
 20
-33.6
 30
0.0
 11
25.03
 21
-31.8
 31
0.0
  0
LINE
  5
29A
330
17
100
AcDbEntity
  8
A-VENTANA
100
AcDbLine
 10
25.18
 20
-33.6
 30
0.0
 11
25.18
 21
-31.8
 31
0.0
  0
LINE
  5
29B
330
17
100
AcDbEntity
  8
A-VENTANA
100
AcDbLine
 10
25.105
 20
-33.6
 30
0.0
 11
25.105
 21
-31.8
 31
0.0
  0
LINE
  5
29C
330
17
100
AcDbEntity
  8
A-VENTANA
100
AcDbLine
 10
25.03
 20
-33.6
 30
0.0
 11
25.18
 21
-33.6
 31
0.0
  0
LINE
  5
29D
330
17
100
AcDbEntity
  8
A-VENTANA
100
AcDbLine
 10
25.03
 20
-31.8
 30
0.0
 11
25.18
 21
-31.8
 31
0.0
  0
LWPOLYLINE
  5
29E
330
17
100
AcDbEntity
  8
A-MURO
100
AcDbPolyline
 90
4
 70
1
 10
7.609999999999999
 20
-39.85
 10
7.609999999999999
 20
-39.75
 10
7.76
 20
-39.75
 10
7.76
 20
-39.85
  0
HATCH
  5
29F
330
17
100
AcDbEntity
  8
A-MURO-TRAMA
 62
7
100
AcDbHatch
 10
0.0
 20
0.0
 30
0.0
210
0.0
220
0.0
230
1.0
  2
ANSI31
 70
0
 71
0
 91
1
 92
3
 72
0
 73
1
 93
4
 10
7.609999999999999
 20
-39.85
 10
7.609999999999999
 20
-39.75
 10
7.76
 20
-39.75
 10
7.76
 20
-39.85
 97
0
 75
1
 76
1
 52
0.0
 41
0.03
 77
0
 78
1
 53
45.0
 43
0.0
 44
0.0
 45
-0.0020205576
 46
0.0020205576
 79
0
 98
0
  0
LWPOLYLINE
  5
2A0
330
17
100
AcDbEntity
  8
A-MURO
100
AcDbPolyline
 90
4
 70
1
 10
7.609999999999999
 20
-38.85
 10
7.609999999999999
 20
-38.0
 10
7.76
 20
-38.0
 10
7.76
 20
-38.85
  0
HATCH
  5
2A1
330
17
100
AcDbEntity
  8
A-MURO-TRAMA
 62
7
100
AcDbHatch
 10
0.0
 20
0.0
 30
0.0
210
0.0
220
0.0
230
1.0
  2
ANSI31
 70
0
 71
0
 91
1
 92
3
 72
0
 73
1
 93
4
 10
7.609999999999999
 20
-38.85
 10
7.609999999999999
 20
-38.0
 10
7.76
 20
-38.0
 10
7.76
 20
-38.85
 97
0
 75
1
 76
1
 52
0.0
 41
0.03
 77
0
 78
1
 53
45.0
 43
0.0
 44
0.0
 45
-0.0020205576
 46
0.0020205576
 79
0
 98
0
  0
LWPOLYLINE
  5
2A2
330
17
100
AcDbEntity
  8
A-MURO
100
AcDbPolyline
 90
4
 70
1
 10
7.609999999999999
 20
-35.6
 10
7.609999999999999
 20
-34.4
 10
7.76
 20
-34.4
 10
7.76
 20
-35.6
  0
HATCH
  5
2A3
330
17
100
AcDbEntity
  8
A-MURO-TRAMA
 62
7
100
AcDbHatch
 10
0.0
 20
0.0
 30
0.0
210
0.0
220
0.0
230
1.0
  2
ANSI31
 70
0
 71
0
 91
1
 92
3
 72
0
 73
1
 93
4
 10
7.609999999999999
 20
-35.6
 10
7.609999999999999
 20
-34.4
 10
7.76
 20
-34.4
 10
7.76
 20
-35.6
 97
0
 75
1
 76
1
 52
0.0
 41
0.03
 77
0
 78
1
 53
45.0
 43
0.0
 44
0.0
 45
-0.0020205576
 46
0.0020205576
 79
0
 98
0
  0
LWPOLYLINE
  5
2A4
330
17
100
AcDbEntity
  8
A-MURO
100
AcDbPolyline
 90
4
 70
1
 10
7.609999999999999
 20
-31.8
 10
7.609999999999999
 20
-31.15
 10
7.76
 20
-31.15
 10
7.76
 20
-31.8
  0
HATCH
  5
2A5
330
17
100
AcDbEntity
  8
A-MURO-TRAMA
 62
7
100
AcDbHatch
 10
0.0
 20
0.0
 30
0.0
210
0.0
220
0.0
230
1.0
  2
ANSI31
 70
0
 71
0
 91
1
 92
3
 72
0
 73
1
 93
4
 10
7.609999999999999
 20
-31.8
 10
7.609999999999999
 20
-31.15
 10
7.76
 20
-31.15
 10
7.76
 20
-31.8
 97
0
 75
1
 76
1
 52
0.0
 41
0.03
 77
0
 78
1
 53
45.0
 43
0.0
 44
0.0
 45
-0.0020205576
 46
0.0020205576
 79
0
 98
0
  0
LINE
  5
2A6
330
17
100
AcDbEntity
  8
A-VENTANA
100
AcDbLine
 10
7.609999999999999
 20
-38.0
 30
0.0
 11
7.609999999999999
 21
-35.6
 31
0.0
  0
LINE
  5
2A7
330
17
100
AcDbEntity
  8
A-VENTANA
100
AcDbLine
 10
7.76
 20
-38.0
 30
0.0
 11
7.76
 21
-35.6
 31
0.0
  0
LINE
  5
2A8
330
17
100
AcDbEntity
  8
A-VENTANA
100
AcDbLine
 10
7.685
 20
-38.0
 30
0.0
 11
7.685
 21
-35.6
 31
0.0
  0
LINE
  5
2A9
330
17
100
AcDbEntity
  8
A-VENTANA
100
AcDbLine
 10
7.609999999999999
 20
-38.0
 30
0.0
 11
7.76
 21
-38.0
 31
0.0
  0
LINE
  5
2AA
330
17
100
AcDbEntity
  8
A-VENTANA
100
AcDbLine
 10
7.609999999999999
 20
-35.6
 30
0.0
 11
7.76
 21
-35.6
 31
0.0
  0
LINE
  5
2AB
330
17
100
AcDbEntity
  8
A-VENTANA
100
AcDbLine
 10
7.609999999999999
 20
-34.4
 30
0.0
 11
7.609999999999999
 21
-31.8
 31
0.0
  0
LINE
  5
2AC
330
17
100
AcDbEntity
  8
A-VENTANA
100
AcDbLine
 10
7.76
 20
-34.4
 30
0.0
 11
7.76
 21
-31.8
 31
0.0
  0
LINE
  5
2AD
330
17
100
AcDbEntity
  8
A-VENTANA
100
AcDbLine
 10
7.685
 20
-34.4
 30
0.0
 11
7.685
 21
-31.8
 31
0.0
  0
LINE
  5
2AE
330
17
100
AcDbEntity
  8
A-VENTANA
100
AcDbLine
 10
7.609999999999999
 20
-34.4
 30
0.0
 11
7.76
 21
-34.4
 31
0.0
  0
LINE
  5
2AF
330
17
100
AcDbEntity
  8
A-VENTANA
100
AcDbLine
 10
7.609999999999999
 20
-31.8
 30
0.0
 11
7.76
 21
-31.8
 31
0.0
  0
LWPOLYLINE
  5
2B0
330
17
100
AcDbEntity
  8
A-MURO
100
AcDbPolyline
 90
4
 70
1
 10
10.26
 20
-38.53
 10
10.26
 20
-37.3
 10
10.41
 20
-37.3
 10
10.41
 20
-38.53
  0
HATCH
  5
2B1
330
17
100
AcDbEntity
  8
A-MURO-TRAMA
 62
7
100
AcDbHatch
 10
0.0
 20
0.0
 30
0.0
210
0.0
220
0.0
230
1.0
  2
ANSI31
 70
0
 71
0
 91
1
 92
3
 72
0
 73
1
 93
4
 10
10.26
 20
-38.53
 10
10.26
 20
-37.3
 10
10.41
 20
-37.3
 10
10.41
 20
-38.53
 97
0
 75
1
 76
1
 52
0.0
 41
0.03
 77
0
 78
1
 53
45.0
 43
0.0
 44
0.0
 45
-0.0020205576
 46
0.0020205576
 79
0
 98
0
  0
LWPOLYLINE
  5
2B2
330
17
100
AcDbEntity
  8
A-MURO
100
AcDbPolyline
 90
4
 70
1
 10
10.26
 20
-35.7
 10
10.26
 20
-33.4
 10
10.41
 20
-33.4
 10
10.41
 20
-35.7
  0
HATCH
  5
2B3
330
17
100
AcDbEntity
  8
A-MURO-TRAMA
 62
7
100
AcDbHatch
 10
0.0
 20
0.0
 30
0.0
210
0.0
220
0.0
230
1.0
  2
ANSI31
 70
0
 71
0
 91
1
 92
3
 72
0
 73
1
 93
4
 10
10.26
 20
-35.7
 10
10.26
 20
-33.4
 10
10.41
 20
-33.4
 10
10.41
 20
-35.7
 97
0
 75
1
 76
1
 52
0.0
 41
0.03
 77
0
 78
1
 53
45.0
 43
0.0
 44
0.0
 45
-0.0020205576
 46
0.0020205576
 79
0
 98
0
  0
LWPOLYLINE
  5
2B4
330
17
100
AcDbEntity
  8
A-MURO
100
AcDbPolyline
 90
4
 70
1
 10
10.26
 20
-31.6
 10
10.26
 20
-31.15
 10
10.41
 20
-31.15
 10
10.41
 20
-31.6
  0
HATCH
  5
2B5
330
17
100
AcDbEntity
  8
A-MURO-TRAMA
 62
7
100
AcDbHatch
 10
0.0
 20
0.0
 30
0.0
210
0.0
220
0.0
230
1.0
  2
ANSI31
 70
0
 71
0
 91
1
 92
3
 72
0
 73
1
 93
4
 10
10.26
 20
-31.6
 10
10.26
 20
-31.15
 10
10.41
 20
-31.15
 10
10.41
 20
-31.6
 97
0
 75
1
 76
1
 52
0.0
 41
0.03
 77
0
 78
1
 53
45.0
 43
0.0
 44
0.0
 45
-0.0020205576
 46
0.0020205576
 79
0
 98
0
  0
LINE
  5
2B6
330
17
100
AcDbEntity
  8
A-VENTANA
100
AcDbLine
 10
10.26
 20
-37.3
 30
0.0
 11
10.26
 21
-35.7
 31
0.0
  0
LINE
  5
2B7
330
17
100
AcDbEntity
  8
A-VENTANA
100
AcDbLine
 10
10.41
 20
-37.3
 30
0.0
 11
10.41
 21
-35.7
 31
0.0
  0
LINE
  5
2B8
330
17
100
AcDbEntity
  8
A-VENTANA
100
AcDbLine
 10
10.335
 20
-37.3
 30
0.0
 11
10.335
 21
-35.7
 31
0.0
  0
LINE
  5
2B9
330
17
100
AcDbEntity
  8
A-VENTANA
100
AcDbLine
 10
10.26
 20
-37.3
 30
0.0
 11
10.41
 21
-37.3
 31
0.0
  0
LINE
  5
2BA
330
17
100
AcDbEntity
  8
A-VENTANA
100
AcDbLine
 10
10.26
 20
-35.7
 30
0.0
 11
10.41
 21
-35.7
 31
0.0
  0
LINE
  5
2BB
330
17
100
AcDbEntity
  8
A-VENTANA
100
AcDbLine
 10
10.26
 20
-33.4
 30
0.0
 11
10.26
 21
-31.6
 31
0.0
  0
LINE
  5
2BC
330
17
100
AcDbEntity
  8
A-VENTANA
100
AcDbLine
 10
10.41
 20
-33.4
 30
0.0
 11
10.41
 21
-31.6
 31
0.0
  0
LINE
  5
2BD
330
17
100
AcDbEntity
  8
A-VENTANA
100
AcDbLine
 10
10.335
 20
-33.4
 30
0.0
 11
10.335
 21
-31.6
 31
0.0
  0
LINE
  5
2BE
330
17
100
AcDbEntity
  8
A-VENTANA
100
AcDbLine
 10
10.26
 20
-33.4
 30
0.0
 11
10.41
 21
-33.4
 31
0.0
  0
LINE
  5
2BF
330
17
100
AcDbEntity
  8
A-VENTANA
100
AcDbLine
 10
10.26
 20
-31.6
 30
0.0
 11
10.41
 21
-31.6
 31
0.0
  0
LINE
  5
2C0
330
17
100
AcDbEntity
  8
A-VENTANA
100
AcDbLine
 10
7.859999999999999
 20
-38.65
 30
0.0
 11
10.16
 21
-38.65
 31
0.0
  0
LINE
  5
2C1
330
17
100
AcDbEntity
  8
A-VENTANA
100
AcDbLine
 10
7.859999999999999
 20
-38.53
 30
0.0
 11
10.16
 21
-38.53
 31
0.0
  0
LINE
  5
2C2
330
17
100
AcDbEntity
  8
A-VENTANA
100
AcDbLine
 10
7.859999999999999
 20
-38.59
 30
0.0
 11
10.16
 21
-38.59
 31
0.0
  0
LINE
  5
2C3
330
17
100
AcDbEntity
  8
A-VENTANA
100
AcDbLine
 10
7.859999999999999
 20
-38.65
 30
0.0
 11
7.859999999999999
 21
-38.53
 31
0.0
  0
LINE
  5
2C4
330
17
100
AcDbEntity
  8
A-VENTANA
100
AcDbLine
 10
10.16
 20
-38.65
 30
0.0
 11
10.16
 21
-38.53
 31
0.0
  0
LWPOLYLINE
  5
2C5
330
17
100
AcDbEntity
  8
A-MURO
100
AcDbPolyline
 90
4
 70
1
 10
7.76
 20
-38.65
 10
7.76
 20
-38.53
 10
7.859999999999999
 20
-38.53
 10
7.859999999999999
 20
-38.65
  0
HATCH
  5
2C6
330
17
100
AcDbEntity
  8
A-MURO-TRAMA
 62
7
100
AcDbHatch
 10
0.0
 20
0.0
 30
0.0
210
0.0
220
0.0
230
1.0
  2
ANSI31
 70
0
 71
0
 91
1
 92
3
 72
0
 73
1
 93
4
 10
7.76
 20
-38.65
 10
7.76
 20
-38.53
 10
7.859999999999999
 20
-38.53
 10
7.859999999999999
 20
-38.65
 97
0
 75
1
 76
1
 52
0.0
 41
0.03
 77
0
 78
1
 53
45.0
 43
0.0
 44
0.0
 45
-0.0020205576
 46
0.0020205576
 79
0
 98
0
  0
LWPOLYLINE
  5
2C7
330
17
100
AcDbEntity
  8
A-MURO
100
AcDbPolyline
 90
4
 70
1
 10
10.16
 20
-38.65
 10
10.16
 20
-38.53
 10
10.41
 20
-38.53
 10
10.41
 20
-38.65
  0
HATCH
  5
2C8
330
17
100
AcDbEntity
  8
A-MURO-TRAMA
 62
7
100
AcDbHatch
 10
0.0
 20
0.0
 30
0.0
210
0.0
220
0.0
230
1.0
  2
ANSI31
 70
0
 71
0
 91
1
 92
3
 72
0
 73
1
 93
4
 10
10.16
 20
-38.65
 10
10.16
 20
-38.53
 10
10.41
 20
-38.53
 10
10.41
 20
-38.65
 97
0
 75
1
 76
1
 52
0.0
 41
0.03
 77
0
 78
1
 53
45.0
 43
0.0
 44
0.0
 45
-0.0020205576
 46
0.0020205576
 79
0
 98
0
  0
LWPOLYLINE
  5
2C9
330
17
100
AcDbEntity
  8
A-MURO
100
AcDbPolyline
 90
4
 70
1
 10
10.41
 20
-38.65
 10
10.41
 20
-38.53
 10
15.55
 20
-38.53
 10
15.55
 20
-38.65
  0
HATCH
  5
2CA
330
17
100
AcDbEntity
  8
A-MURO-TRAMA
 62
7
100
AcDbHatch
 10
0.0
 20
0.0
 30
0.0
210
0.0
220
0.0
230
1.0
  2
ANSI31
 70
0
 71
0
 91
1
 92
3
 72
0
 73
1
 93
4
 10
10.41
 20
-38.65
 10
10.41
 20
-38.53
 10
15.55
 20
-38.53
 10
15.55
 20
-38.65
 97
0
 75
1
 76
1
 52
0.0
 41
0.03
 77
0
 78
1
 53
45.0
 43
0.0
 44
0.0
 45
-0.0020205576
 46
0.0020205576
 79
0
 98
0
  0
LWPOLYLINE
  5
2CB
330
17
100
AcDbEntity
  8
A-MURO
100
AcDbPolyline
 90
4
 70
1
 10
16.45
 20
-38.65
 10
16.45
 20
-38.53
 10
16.830000000000002
 20
-38.53
 10
16.830000000000002
 20
-38.65
  0
HATCH
  5
2CC
330
17
100
AcDbEntity
  8
A-MURO-TRAMA
 62
7
100
AcDbHatch
 10
0.0
 20
0.0
 30
0.0
210
0.0
220
0.0
230
1.0
  2
ANSI31
 70
0
 71
0
 91
1
 92
3
 72
0
 73
1
 93
4
 10
16.45
 20
-38.65
 10
16.45
 20
-38.53
 10
16.830000000000002
 20
-38.53
 10
16.830000000000002
 20
-38.65
 97
0
 75
1
 76
1
 52
0.0
 41
0.03
 77
0
 78
1
 53
45.0
 43
0.0
 44
0.0
 45
-0.0020205576
 46
0.0020205576
 79
0
 98
0
  0
LWPOLYLINE
  5
2CD
330
17
100
AcDbEntity
  8
A-MURO
100
AcDbPolyline
 90
4
 70
1
 10
16.830000000000002
 20
-38.65
 10
16.830000000000002
 20
-34.6
 10
16.98
 20
-34.6
 10
16.98
 20
-38.65
  0
HATCH
  5
2CE
330
17
100
AcDbEntity
  8
A-MURO-TRAMA
 62
7
100
AcDbHatch
 10
0.0
 20
0.0
 30
0.0
210
0.0
220
0.0
230
1.0
  2
ANSI31
 70
0
 71
0
 91
1
 92
3
 72
0
 73
1
 93
4
 10
16.830000000000002
 20
-38.65
 10
16.830000000000002
 20
-34.6
 10
16.98
 20
-34.6
 10
16.98
 20
-38.65
 97
0
 75
1
 76
1
 52
0.0
 41
0.03
 77
0
 78
1
 53
45.0
 43
0.0
 44
0.0
 45
-0.0020205576
 46
0.0020205576
 79
0
 98
0
  0
LWPOLYLINE
  5
2CF
330
17
100
AcDbEntity
  8
A-MURO
100
AcDbPolyline
 90
4
 70
1
 10
16.830000000000002
 20
-33.0
 10
16.830000000000002
 20
-32.5
 10
16.98
 20
-32.5
 10
16.98
 20
-33.0
  0
HATCH
  5
2D0
330
17
100
AcDbEntity
  8
A-MURO-TRAMA
 62
7
100
AcDbHatch
 10
0.0
 20
0.0
 30
0.0
210
0.0
220
0.0
230
1.0
  2
ANSI31
 70
0
 71
0
 91
1
 92
3
 72
0
 73
1
 93
4
 10
16.830000000000002
 20
-33.0
 10
16.830000000000002
 20
-32.5
 10
16.98
 20
-32.5
 10
16.98
 20
-33.0
 97
0
 75
1
 76
1
 52
0.0
 41
0.03
 77
0
 78
1
 53
45.0
 43
0.0
 44
0.0
 45
-0.0020205576
 46
0.0020205576
 79
0
 98
0
  0
LWPOLYLINE
  5
2D1
330
17
100
AcDbEntity
  8
A-MURO
100
AcDbPolyline
 90
4
 70
1
 10
16.830000000000002
 20
-31.4
 10
16.830000000000002
 20
-31.15
 10
16.98
 20
-31.15
 10
16.98
 20
-31.4
  0
HATCH
  5
2D2
330
17
100
AcDbEntity
  8
A-MURO-TRAMA
 62
7
100
AcDbHatch
 10
0.0
 20
0.0
 30
0.0
210
0.0
220
0.0
230
1.0
  2
ANSI31
 70
0
 71
0
 91
1
 92
3
 72
0
 73
1
 93
4
 10
16.830000000000002
 20
-31.4
 10
16.830000000000002
 20
-31.15
 10
16.98
 20
-31.15
 10
16.98
 20
-31.4
 97
0
 75
1
 76
1
 52
0.0
 41
0.03
 77
0
 78
1
 53
45.0
 43
0.0
 44
0.0
 45
-0.0020205576
 46
0.0020205576
 79
0
 98
0
  0
LINE
  5
2D3
330
17
100
AcDbEntity
  8
A-VENTANA
100
AcDbLine
 10
16.830000000000002
 20
-34.6
 30
0.0
 11
16.830000000000002
 21
-33.0
 31
0.0
  0
LINE
  5
2D4
330
17
100
AcDbEntity
  8
A-VENTANA
100
AcDbLine
 10
16.98
 20
-34.6
 30
0.0
 11
16.98
 21
-33.0
 31
0.0
  0
LINE
  5
2D5
330
17
100
AcDbEntity
  8
A-VENTANA
100
AcDbLine
 10
16.905
 20
-34.6
 30
0.0
 11
16.905
 21
-33.0
 31
0.0
  0
LINE
  5
2D6
330
17
100
AcDbEntity
  8
A-VENTANA
100
AcDbLine
 10
16.830000000000002
 20
-34.6
 30
0.0
 11
16.98
 21
-34.6
 31
0.0
  0
LINE
  5
2D7
330
17
100
AcDbEntity
  8
A-VENTANA
100
AcDbLine
 10
16.830000000000002
 20
-33.0
 30
0.0
 11
16.98
 21
-33.0
 31
0.0
  0
LINE
  5
2D8
330
17
100
AcDbEntity
  8
A-VENTANA
100
AcDbLine
 10
16.830000000000002
 20
-32.5
 30
0.0
 11
16.830000000000002
 21
-31.4
 31
0.0
  0
LINE
  5
2D9
330
17
100
AcDbEntity
  8
A-VENTANA
100
AcDbLine
 10
16.98
 20
-32.5
 30
0.0
 11
16.98
 21
-31.4
 31
0.0
  0
LINE
  5
2DA
330
17
100
AcDbEntity
  8
A-VENTANA
100
AcDbLine
 10
16.905
 20
-32.5
 30
0.0
 11
16.905
 21
-31.4
 31
0.0
  0
LINE
  5
2DB
330
17
100
AcDbEntity
  8
A-VENTANA
100
AcDbLine
 10
16.830000000000002
 20
-32.5
 30
0.0
 11
16.98
 21
-32.5
 31
0.0
  0
LINE
  5
2DC
330
17
100
AcDbEntity
  8
A-VENTANA
100
AcDbLine
 10
16.830000000000002
 20
-31.4
 30
0.0
 11
16.98
 21
-31.4
 31
0.0
  0
LWPOLYLINE
  5
2DD
330
17
100
AcDbEntity
  8
A-MURO
100
AcDbPolyline
 90
4
 70
1
 10
16.98
 20
-35.31
 10
16.98
 20
-35.19
 10
19.48
 20
-35.19
 10
19.48
 20
-35.31
  0
HATCH
  5
2DE
330
17
100
AcDbEntity
  8
A-MURO-TRAMA
 62
7
100
AcDbHatch
 10
0.0
 20
0.0
 30
0.0
210
0.0
220
0.0
230
1.0
  2
ANSI31
 70
0
 71
0
 91
1
 92
3
 72
0
 73
1
 93
4
 10
16.98
 20
-35.31
 10
16.98
 20
-35.19
 10
19.48
 20
-35.19
 10
19.48
 20
-35.31
 97
0
 75
1
 76
1
 52
0.0
 41
0.03
 77
0
 78
1
 53
45.0
 43
0.0
 44
0.0
 45
-0.0020205576
 46
0.0020205576
 79
0
 98
0
  0
LWPOLYLINE
  5
2DF
330
17
100
AcDbEntity
  8
A-MURO
100
AcDbPolyline
 90
4
 70
1
 10
19.48
 20
-39.85
 10
19.48
 20
-39.75
 10
19.63
 20
-39.75
 10
19.63
 20
-39.85
  0
HATCH
  5
2E0
330
17
100
AcDbEntity
  8
A-MURO-TRAMA
 62
7
100
AcDbHatch
 10
0.0
 20
0.0
 30
0.0
210
0.0
220
0.0
230
1.0
  2
ANSI31
 70
0
 71
0
 91
1
 92
3
 72
0
 73
1
 93
4
 10
19.48
 20
-39.85
 10
19.48
 20
-39.75
 10
19.63
 20
-39.75
 10
19.63
 20
-39.85
 97
0
 75
1
 76
1
 52
0.0
 41
0.03
 77
0
 78
1
 53
45.0
 43
0.0
 44
0.0
 45
-0.0020205576
 46
0.0020205576
 79
0
 98
0
  0
LWPOLYLINE
  5
2E1
330
17
100
AcDbEntity
  8
A-MURO
100
AcDbPolyline
 90
4
 70
1
 10
19.48
 20
-38.85
 10
19.48
 20
-34.6
 10
19.63
 20
-34.6
 10
19.63
 20
-38.85
  0
HATCH
  5
2E2
330
17
100
AcDbEntity
  8
A-MURO-TRAMA
 62
7
100
AcDbHatch
 10
0.0
 20
0.0
 30
0.0
210
0.0
220
0.0
230
1.0
  2
ANSI31
 70
0
 71
0
 91
1
 92
3
 72
0
 73
1
 93
4
 10
19.48
 20
-38.85
 10
19.48
 20
-34.6
 10
19.63
 20
-34.6
 10
19.63
 20
-38.85
 97
0
 75
1
 76
1
 52
0.0
 41
0.03
 77
0
 78
1
 53
45.0
 43
0.0
 44
0.0
 45
-0.0020205576
 46
0.0020205576
 79
0
 98
0
  0
LWPOLYLINE
  5
2E3
330
17
100
AcDbEntity
  8
A-MURO
100
AcDbPolyline
 90
4
 70
1
 10
19.48
 20
-31.6
 10
19.48
 20
-31.15
 10
19.63
 20
-31.15
 10
19.63
 20
-31.6
  0
HATCH
  5
2E4
330
17
100
AcDbEntity
  8
A-MURO-TRAMA
 62
7
100
AcDbHatch
 10
0.0
 20
0.0
 30
0.0
210
0.0
220
0.0
230
1.0
  2
ANSI31
 70
0
 71
0
 91
1
 92
3
 72
0
 73
1
 93
4
 10
19.48
 20
-31.6
 10
19.48
 20
-31.15
 10
19.63
 20
-31.15
 10
19.63
 20
-31.6
 97
0
 75
1
 76
1
 52
0.0
 41
0.03
 77
0
 78
1
 53
45.0
 43
0.0
 44
0.0
 45
-0.0020205576
 46
0.0020205576
 79
0
 98
0
  0
LINE
  5
2E5
330
17
100
AcDbEntity
  8
A-VENTANA
100
AcDbLine
 10
19.48
 20
-34.6
 30
0.0
 11
19.48
 21
-31.6
 31
0.0
  0
LINE
  5
2E6
330
17
100
AcDbEntity
  8
A-VENTANA
100
AcDbLine
 10
19.63
 20
-34.6
 30
0.0
 11
19.63
 21
-31.6
 31
0.0
  0
LINE
  5
2E7
330
17
100
AcDbEntity
  8
A-VENTANA
100
AcDbLine
 10
19.555
 20
-34.6
 30
0.0
 11
19.555
 21
-31.6
 31
0.0
  0
LINE
  5
2E8
330
17
100
AcDbEntity
  8
A-VENTANA
100
AcDbLine
 10
19.48
 20
-34.6
 30
0.0
 11
19.63
 21
-34.6
 31
0.0
  0
LINE
  5
2E9
330
17
100
AcDbEntity
  8
A-VENTANA
100
AcDbLine
 10
19.48
 20
-31.6
 30
0.0
 11
19.63
 21
-31.6
 31
0.0
  0
LWPOLYLINE
  5
2EA
330
17
100
AcDbEntity
  8
A-MURO
100
AcDbPolyline
 90
4
 70
1
 10
2.21
 20
-36.4
 10
2.21
 20
-36.28
 10
4.53
 20
-36.28
 10
4.53
 20
-36.4
  0
HATCH
  5
2EB
330
17
100
AcDbEntity
  8
A-MURO-TRAMA
 62
7
100
AcDbHatch
 10
0.0
 20
0.0
 30
0.0
210
0.0
220
0.0
230
1.0
  2
ANSI31
 70
0
 71
0
 91
1
 92
3
 72
0
 73
1
 93
4
 10
2.21
 20
-36.4
 10
2.21
 20
-36.28
 10
4.53
 20
-36.28
 10
4.53
 20
-36.4
 97
0
 75
1
 76
1
 52
0.0
 41
0.03
 77
0
 78
1
 53
45.0
 43
0.0
 44
0.0
 45
-0.0020205576
 46
0.0020205576
 79
0
 98
0
  0
LWPOLYLINE
  5
2EC
330
17
100
AcDbEntity
  8
A-MURO
100
AcDbPolyline
 90
4
 70
1
 10
4.41
 20
-35.48
 10
4.41
 20
-34.730000000000004
 10
4.53
 20
-34.730000000000004
 10
4.53
 20
-35.48
  0
HATCH
  5
2ED
330
17
100
AcDbEntity
  8
A-MURO-TRAMA
 62
7
100
AcDbHatch
 10
0.0
 20
0.0
 30
0.0
210
0.0
220
0.0
230
1.0
  2
ANSI31
 70
0
 71
0
 91
1
 92
3
 72
0
 73
1
 93
4
 10
4.41
 20
-35.48
 10
4.41
 20
-34.730000000000004
 10
4.53
 20
-34.730000000000004
 10
4.53
 20
-35.48
 97
0
 75
1
 76
1
 52
0.0
 41
0.03
 77
0
 78
1
 53
45.0
 43
0.0
 44
0.0
 45
-0.0020205576
 46
0.0020205576
 79
0
 98
0
  0
LWPOLYLINE
  5
2EE
330
17
100
AcDbEntity
  8
A-MURO
100
AcDbPolyline
 90
4
 70
1
 10
2.21
 20
-34.730000000000004
 10
2.21
 20
-34.61
 10
5.58
 20
-34.61
 10
5.58
 20
-34.730000000000004
  0
HATCH
  5
2EF
330
17
100
AcDbEntity
  8
A-MURO-TRAMA
 62
7
100
AcDbHatch
 10
0.0
 20
0.0
 30
0.0
210
0.0
220
0.0
230
1.0
  2
ANSI31
 70
0
 71
0
 91
1
 92
3
 72
0
 73
1
 93
4
 10
2.21
 20
-34.730000000000004
 10
2.21
 20
-34.61
 10
5.58
 20
-34.61
 10
5.58
 20
-34.730000000000004
 97
0
 75
1
 76
1
 52
0.0
 41
0.03
 77
0
 78
1
 53
45.0
 43
0.0
 44
0.0
 45
-0.0020205576
 46
0.0020205576
 79
0
 98
0
  0
LWPOLYLINE
  5
2F0
330
17
100
AcDbEntity
  8
A-MURO
100
AcDbPolyline
 90
4
 70
1
 10
5.46
 20
-34.61
 10
5.46
 20
-34.0
 10
5.58
 20
-34.0
 10
5.58
 20
-34.61
  0
HATCH
  5
2F1
330
17
100
AcDbEntity
  8
A-MURO-TRAMA
 62
7
100
AcDbHatch
 10
0.0
 20
0.0
 30
0.0
210
0.0
220
0.0
230
1.0
  2
ANSI31
 70
0
 71
0
 91
1
 92
3
 72
0
 73
1
 93
4
 10
5.46
 20
-34.61
 10
5.46
 20
-34.0
 10
5.58
 20
-34.0
 10
5.58
 20
-34.61
 97
0
 75
1
 76
1
 52
0.0
 41
0.03
 77
0
 78
1
 53
45.0
 43
0.0
 44
0.0
 45
-0.0020205576
 46
0.0020205576
 79
0
 98
0
  0
LWPOLYLINE
  5
2F2
330
17
100
AcDbEntity
  8
A-MURO
100
AcDbPolyline
 90
4
 70
1
 10
5.46
 20
-33.2
 10
5.46
 20
-31.15
 10
5.58
 20
-31.15
 10
5.58
 20
-33.2
  0
HATCH
  5
2F3
330
17
100
AcDbEntity
  8
A-MURO-TRAMA
 62
7
100
AcDbHatch
 10
0.0
 20
0.0
 30
0.0
210
0.0
220
0.0
230
1.0
  2
ANSI31
 70
0
 71
0
 91
1
 92
3
 72
0
 73
1
 93
4
 10
5.46
 20
-33.2
 10
5.46
 20
-31.15
 10
5.58
 20
-31.15
 10
5.58
 20
-33.2
 97
0
 75
1
 76
1
 52
0.0
 41
0.03
 77
0
 78
1
 53
45.0
 43
0.0
 44
0.0
 45
-0.0020205576
 46
0.0020205576
 79
0
 98
0
  0
LINE
  5
2F4
330
17
100
AcDbEntity
  8
A-PUERTA
100
AcDbLine
 10
7.609999999999999
 20
-38.85
 30
0.0
 11
6.709999999999999
 21
-38.85
 31
0.0
  0
ARC
  5
2F5
330
17
100
AcDbEntity
  8
A-PUERTA
100
AcDbCircle
 10
7.609999999999999
 20
-38.85
 30
0.0
 40
0.9
100
AcDbArc
 50
180.0
 51
-90.0
  0
LINE
  5
2F6
330
17
100
AcDbEntity
  8
A-PUERTA
100
AcDbLine
 10
4.53
 20
-36.28
 30
0.0
 11
5.33
 21
-36.28
 31
0.0
  0
ARC
  5
2F7
330
17
100
AcDbEntity
  8
A-PUERTA
100
AcDbCircle
 10
4.53
 20
-36.28
 30
0.0
 40
0.8
100
AcDbArc
 50
0.0
 51
90.0
  0
LINE
  5
2F8
330
17
100
AcDbEntity
  8
A-PUERTA
100
AcDbLine
 10
5.46
 20
-34.0
 30
0.0
 11
4.66
 21
-34.0
 31
0.0
  0
ARC
  5
2F9
330
17
100
AcDbEntity
  8
A-PUERTA
100
AcDbCircle
 10
5.46
 20
-34.0
 30
0.0
 40
0.8
100
AcDbArc
 50
90.0
 51
180.0
  0
LWPOLYLINE
  5
2FA
330
17
100
AcDbEntity
  8
A-MOBILIARIO
100
AcDbPolyline
 90
4
 70
1
 10
2.7
 20
-39.85
 10
2.7
 20
-37.85
 10
4.3
 20
-37.85
 10
4.3
 20
-39.85
  0
LWPOLYLINE
  5
2FB
330
17
100
AcDbEntity
  8
A-MOBILIARIO
100
AcDbPolyline
 90
4
 70
1
 10
2.7800000000000002
 20
-39.77
 10
2.7800000000000002
 20
-39.3
 10
3.46
 20
-39.3
 10
3.46
 20
-39.77
  0
LWPOLYLINE
  5
2FC
330
17
100
AcDbEntity
  8
A-MOBILIARIO
100
AcDbPolyline
 90
4
 70
1
 10
3.54
 20
-39.77
 10
3.54
 20
-39.3
 10
4.22
 20
-39.3
 10
4.22
 20
-39.77
  0
LINE
  5
2FD
330
17
100
AcDbEntity
  8
A-MOBILIARIO
100
AcDbLine
 10
2.7
 20
-39.1
 30
0.0
 11
4.3
 21
-39.1
 31
0.0
  0
LWPOLYLINE
  5
2FE
330
17
100
AcDbEntity
  8
A-MOBILIARIO
100
AcDbPolyline
 90
4
 70
1
 10
2.22
 20
-39.85
 10
2.22
 20
-39.4
 10
2.65
 20
-39.4
 10
2.65
 20
-39.85
  0
LWPOLYLINE
  5
2FF
330
17
100
AcDbEntity
  8
A-MOBILIARIO
100
AcDbPolyline
 90
4
 70
1
 10
4.35
 20
-39.85
 10
4.35
 20
-39.4
 10
4.78
 20
-39.4
 10
4.78
 20
-39.85
  0
LWPOLYLINE
  5
300
330
17
100
AcDbEntity
  8
A-MOBILIARIO
100
AcDbPolyline
 90
4
 70
1
 10
6.72
 20
-38.0
 10
6.72
 20
-36.0
 10
7.57
 20
-36.0
 10
7.57
 20
-38.0
  0
LWPOLYLINE
  5
301
330
17
100
AcDbEntity
  8
A-MOBILIARIO
100
AcDbPolyline
 90
4
 70
1
 10
7.37
 20
-38.0
 10
7.37
 20
-36.0
 10
7.57
 20
-36.0
 10
7.57
 20
-38.0
  0
LWPOLYLINE
  5
302
330
17
100
AcDbEntity
  8
A-MOBILIARIO
100
AcDbPolyline
 90
4
 70
1
 10
6.72
 20
-38.0
 10
6.72
 20
-37.8
 10
7.37
 20
-37.8
 10
7.37
 20
-38.0
  0
LWPOLYLINE
  5
303
330
17
100
AcDbEntity
  8
A-MOBILIARIO
100
AcDbPolyline
 90
4
 70
1
 10
6.72
 20
-36.2
 10
6.72
 20
-36.0
 10
7.37
 20
-36.0
 10
7.37
 20
-36.2
  0
LWPOLYLINE
  5
304
330
17
100
AcDbEntity
  8
A-MOBILIARIO
100
AcDbPolyline
 90
4
 70
1
 10
5.85
 20
-37.5
 10
5.85
 20
-36.5
 10
6.35
 20
-36.5
 10
6.35
 20
-37.5
  0
LWPOLYLINE
  5
305
330
17
100
AcDbEntity
  8
A-MOBILIARIO
100
AcDbPolyline
 90
4
 70
1
 10
5.35
 20
-39.45
 10
5.35
 20
-38.65
 10
6.15
 20
-38.65
 10
6.15
 20
-39.45
  0
LWPOLYLINE
  5
306
330
17
100
AcDbEntity
  8
A-MOBILIARIO
100
AcDbPolyline
 90
4
 70
1
 10
5.35
 20
-39.45
 10
5.35
 20
-39.25
 10
6.15
 20
-39.25
 10
6.15
 20
-39.45
  0
LWPOLYLINE
  5
307
330
17
100
AcDbEntity
  8
A-MOBILIARIO
100
AcDbPolyline
 90
4
 70
1
 10
5.35
 20
-39.25
 10
5.35
 20
-38.65
 10
5.55
 20
-38.65
 10
5.55
 20
-39.25
  0
LWPOLYLINE
  5
308
330
17
100
AcDbEntity
  8
A-MOBILIARIO
100
AcDbPolyline
 90
4
 70
1
 10
5.95
 20
-39.25
 10
5.95
 20
-38.65
 10
6.15
 20
-38.65
 10
6.15
 20
-39.25
  0
LWPOLYLINE
  5
309
330
17
100
AcDbEntity
  8
A-MOBILIARIO
100
AcDbPolyline
 90
4
 70
1
 10
7.0
 20
-33.6
 10
7.0
 20
-32.4
 10
7.58
 20
-32.4
 10
7.58
 20
-33.6
  0
LWPOLYLINE
  5
30A
330
17
100
AcDbEntity
  8
A-MOBILIARIO
100
AcDbPolyline
 90
4
 70
1
 10
6.49
 20
-32.79
 10
6.49
 20
-33.21
 10
6.91
 20
-33.21
 10
6.91
 20
-32.79
  0
LWPOLYLINE
  5
30B
330
17
100
AcDbEntity
  8
A-MOBILIARIO
100
AcDbPolyline
 90
4
 70
1
 10
6.49
 20
-32.79
 10
6.49
 20
-33.21
 10
6.55
 20
-33.21
 10
6.55
 20
-32.79
  0
LWPOLYLINE
  5
30C
330
17
100
AcDbEntity
  8
A-MOBILIARIO
100
AcDbPolyline
 90
4
 70
1
 10
2.21
 20
-36.28
 10
2.21
 20
-34.730000000000004
 10
3.06
 20
-34.730000000000004
 10
3.06
 20
-36.28
  0
LINE
  5
30D
330
17
100
AcDbEntity
  8
A-MOBILIARIO
100
AcDbLine
 10
2.21
 20
-36.28
 30
0.0
 11
3.06
 21
-34.730000000000004
 31
0.0
  0
LINE
  5
30E
330
17
100
AcDbEntity
  8
A-MOBILIARIO
100
AcDbLine
 10
2.21
 20
-34.730000000000004
 30
0.0
 11
3.06
 21
-36.28
 31
0.0
  0
CIRCLE
  5
30F
330
17
100
AcDbEntity
  8
A-MOBILIARIO
100
AcDbCircle
 10
2.635
 20
-35.505
 30
0.0
 40
0.04
  0
LWPOLYLINE
  5
310
330
17
100
AcDbEntity
  8
A-MOBILIARIO
100
AcDbPolyline
 90
4
 70
1
 10
3.6550000000000002
 20
-34.730000000000004
 10
3.215
 20
-34.730000000000004
 10
3.215
 20
-34.93
 10
3.6550000000000002
 20
-34.93
  0
ELLIPSE
  5
311
330
17
100
AcDbEntity
  8
A-MOBILIARIO
100
AcDbEllipse
 10
3.435
 20
-35.18
 30
0.0
 11
0.0
 21
-0.25
 31
0.0
 40
0.7
 41
0.0
 42
6.283185307179586
  0
LWPOLYLINE
  5
312
330
17
100
AcDbEntity
  8
A-MOBILIARIO
100
AcDbPolyline
 90
4
 70
1
 10
3.86
 20
-35.230000000000004
 10
3.86
 20
-34.730000000000004
 10
4.359999999999999
 20
-34.730000000000004
 10
4.359999999999999
 20
-35.230000000000004
  0
ELLIPSE
  5
313
330
17
100
AcDbEntity
  8
A-MOBILIARIO
100
AcDbEllipse
 10
4.109999999999999
 20
-34.980000000000004
 30
0.0
 11
0.0
 21
0.14999999999999986
 31
0.0
 40
0.75
 41
0.0
 42
6.283185307179586
  0
LWPOLYLINE
  5
314
330
17
100
AcDbEntity
  8
A-MOBILIARIO
100
AcDbPolyline
 90
4
 70
1
 10
2.21
 20
-31.75
 10
2.21
 20
-31.15
 10
5.46
 20
-31.15
 10
5.46
 20
-31.75
  0
LINE
  5
315
330
17
100
AcDbEntity
  8
A-MOBILIARIO
100
AcDbLine
 10
2.26
 20
-31.45
 30
0.0
 11
5.41
 21
-31.45
 31
0.0
  0
LWPOLYLINE
  5
316
330
17
100
AcDbEntity
  8
A-MOBILIARIO
100
AcDbPolyline
 90
4
 70
1
 10
2.21
 20
-34.61
 10
2.21
 20
-34.01
 10
4.6
 20
-34.01
 10
4.6
 20
-34.61
  0
LINE
  5
317
330
17
100
AcDbEntity
  8
A-MOBILIARIO
100
AcDbLine
 10
2.26
 20
-34.31
 30
0.0
 11
4.55
 21
-34.31
 31
0.0
  0
LWPOLYLINE
  5
318
330
17
100
AcDbEntity
  8
A-MURO
100
AcDbPolyline
 90
4
 70
1
 10
14.510000000000003
 20
-32.82
 10
14.510000000000003
 20
-32.7
 10
14.630000000000003
 20
-32.7
 10
14.630000000000003
 20
-32.82
  0
HATCH
  5
319
330
17
100
AcDbEntity
  8
A-MURO-TRAMA
 62
7
100
AcDbHatch
 10
0.0
 20
0.0
 30
0.0
210
0.0
220
0.0
230
1.0
  2
ANSI31
 70
0
 71
0
 91
1
 92
3
 72
0
 73
1
 93
4
 10
14.510000000000003
 20
-32.82
 10
14.510000000000003
 20
-32.7
 10
14.630000000000003
 20
-32.7
 10
14.630000000000003
 20
-32.82
 97
0
 75
1
 76
1
 52
0.0
 41
0.03
 77
0
 78
1
 53
45.0
 43
0.0
 44
0.0
 45
-0.0020205576
 46
0.0020205576
 79
0
 98
0
  0
LWPOLYLINE
  5
31A
330
17
100
AcDbEntity
  8
A-MURO
100
AcDbPolyline
 90
4
 70
1
 10
14.630000000000003
 20
-32.82
 10
14.630000000000003
 20
-32.7
 10
15.1
 20
-32.7
 10
15.1
 20
-32.82
  0
HATCH
  5
31B
330
17
100
AcDbEntity
  8
A-MURO-TRAMA
 62
7
100
AcDbHatch
 10
0.0
 20
0.0
 30
0.0
210
0.0
220
0.0
230
1.0
  2
ANSI31
 70
0
 71
0
 91
1
 92
3
 72
0
 73
1
 93
4
 10
14.630000000000003
 20
-32.82
 10
14.630000000000003
 20
-32.7
 10
15.1
 20
-32.7
 10
15.1
 20
-32.82
 97
0
 75
1
 76
1
 52
0.0
 41
0.03
 77
0
 78
1
 53
45.0
 43
0.0
 44
0.0
 45
-0.0020205576
 46
0.0020205576
 79
0
 98
0
  0
LWPOLYLINE
  5
31C
330
17
100
AcDbEntity
  8
A-MURO
100
AcDbPolyline
 90
4
 70
1
 10
15.9
 20
-32.82
 10
15.9
 20
-32.7
 10
16.830000000000002
 20
-32.7
 10
16.830000000000002
 20
-32.82
  0
HATCH
  5
31D
330
17
100
AcDbEntity
  8
A-MURO-TRAMA
 62
7
100
AcDbHatch
 10
0.0
 20
0.0
 30
0.0
210
0.0
220
0.0
230
1.0
  2
ANSI31
 70
0
 71
0
 91
1
 92
3
 72
0
 73
1
 93
4
 10
15.9
 20
-32.82
 10
15.9
 20
-32.7
 10
16.830000000000002
 20
-32.7
 10
16.830000000000002
 20
-32.82
 97
0
 75
1
 76
1
 52
0.0
 41
0.03
 77
0
 78
1
 53
45.0
 43
0.0
 44
0.0
 45
-0.0020205576
 46
0.0020205576
 79
0
 98
0
  0
LWPOLYLINE
  5
31E
330
17
100
AcDbEntity
  8
A-MURO
100
AcDbPolyline
 90
4
 70
1
 10
14.510000000000003
 20
-34.02
 10
14.510000000000003
 20
-31.15
 10
14.630000000000003
 20
-31.15
 10
14.630000000000003
 20
-34.02
  0
HATCH
  5
31F
330
17
100
AcDbEntity
  8
A-MURO-TRAMA
 62
7
100
AcDbHatch
 10
0.0
 20
0.0
 30
0.0
210
0.0
220
0.0
230
1.0
  2
ANSI31
 70
0
 71
0
 91
1
 92
3
 72
0
 73
1
 93
4
 10
14.510000000000003
 20
-34.02
 10
14.510000000000003
 20
-31.15
 10
14.630000000000003
 20
-31.15
 10
14.630000000000003
 20
-34.02
 97
0
 75
1
 76
1
 52
0.0
 41
0.03
 77
0
 78
1
 53
45.0
 43
0.0
 44
0.0
 45
-0.0020205576
 46
0.0020205576
 79
0
 98
0
  0
LWPOLYLINE
  5
320
330
17
100
AcDbEntity
  8
A-MURO
100
AcDbPolyline
 90
4
 70
1
 10
10.41
 20
-34.02
 10
10.41
 20
-33.9
 10
12.3
 20
-33.9
 10
12.3
 20
-34.02
  0
HATCH
  5
321
330
17
100
AcDbEntity
  8
A-MURO-TRAMA
 62
7
100
AcDbHatch
 10
0.0
 20
0.0
 30
0.0
210
0.0
220
0.0
230
1.0
  2
ANSI31
 70
0
 71
0
 91
1
 92
3
 72
0
 73
1
 93
4
 10
10.41
 20
-34.02
 10
10.41
 20
-33.9
 10
12.3
 20
-33.9
 10
12.3
 20
-34.02
 97
0
 75
1
 76
1
 52
0.0
 41
0.03
 77
0
 78
1
 53
45.0
 43
0.0
 44
0.0
 45
-0.0020205576
 46
0.0020205576
 79
0
 98
0
  0
LWPOLYLINE
  5
322
330
17
100
AcDbEntity
  8
A-MURO
100
AcDbPolyline
 90
4
 70
1
 10
13.1
 20
-34.02
 10
13.1
 20
-33.9
 10
14.510000000000003
 20
-33.9
 10
14.510000000000003
 20
-34.02
  0
HATCH
  5
323
330
17
100
AcDbEntity
  8
A-MURO-TRAMA
 62
7
100
AcDbHatch
 10
0.0
 20
0.0
 30
0.0
210
0.0
220
0.0
230
1.0
  2
ANSI31
 70
0
 71
0
 91
1
 92
3
 72
0
 73
1
 93
4
 10
13.1
 20
-34.02
 10
13.1
 20
-33.9
 10
14.510000000000003
 20
-33.9
 10
14.510000000000003
 20
-34.02
 97
0
 75
1
 76
1
 52
0.0
 41
0.03
 77
0
 78
1
 53
45.0
 43
0.0
 44
0.0
 45
-0.0020205576
 46
0.0020205576
 79
0
 98
0
  0
LINE
  5
324
330
17
100
AcDbEntity
  8
A-PUERTA
100
AcDbLine
 10
16.45
 20
-38.53
 30
0.0
 11
16.45
 21
-37.63
 31
0.0
  0
ARC
  5
325
330
17
100
AcDbEntity
  8
A-PUERTA
100
AcDbCircle
 10
16.45
 20
-38.53
 30
0.0
 40
0.9
100
AcDbArc
 50
90.0
 51
180.0
  0
LINE
  5
326
330
17
100
AcDbEntity
  8
A-PUERTA
100
AcDbLine
 10
15.1
 20
-32.82
 30
0.0
 11
15.1
 21
-33.62
 31
0.0
  0
ARC
  5
327
330
17
100
AcDbEntity
  8
A-PUERTA
100
AcDbCircle
 10
15.1
 20
-32.82
 30
0.0
 40
0.8
100
AcDbArc
 50
-90.0
 51
0.0
  0
LINE
  5
328
330
17
100
AcDbEntity
  8
A-PUERTA
100
AcDbLine
 10
13.1
 20
-33.9
 30
0.0
 11
13.1
 21
-33.1
 31
0.0
  0
ARC
  5
329
330
17
100
AcDbEntity
  8
A-PUERTA
100
AcDbCircle
 10
13.1
 20
-33.9
 30
0.0
 40
0.8
100
AcDbArc
 50
90.0
 51
180.0
  0
LWPOLYLINE
  5
32A
330
17
100
AcDbEntity
  8
A-MOBILIARIO
100
AcDbPolyline
 90
4
 70
1
 10
15.980000000000002
 20
-32.7
 10
15.980000000000002
 20
-31.15
 10
16.830000000000002
 20
-31.15
 10
16.830000000000002
 20
-32.7
  0
LINE
  5
32B
330
17
100
AcDbEntity
  8
A-MOBILIARIO
100
AcDbLine
 10
15.980000000000002
 20
-32.7
 30
0.0
 11
16.830000000000002
 21
-31.15
 31
0.0
  0
LINE
  5
32C
330
17
100
AcDbEntity
  8
A-MOBILIARIO
100
AcDbLine
 10
15.980000000000002
 20
-31.15
 30
0.0
 11
16.830000000000002
 21
-32.7
 31
0.0
  0
CIRCLE
  5
32D
330
17
100
AcDbEntity
  8
A-MOBILIARIO
100
AcDbCircle
 10
16.405
 20
-31.925
 30
0.0
 40
0.04
  0
LWPOLYLINE
  5
32E
330
17
100
AcDbEntity
  8
A-MOBILIARIO
100
AcDbPolyline
 90
4
 70
1
 10
15.825000000000003
 20
-31.15
 10
15.385000000000002
 20
-31.15
 10
15.385000000000002
 20
-31.35
 10
15.825000000000003
 20
-31.35
  0
ELLIPSE
  5
32F
330
17
100
AcDbEntity
  8
A-MOBILIARIO
100
AcDbEllipse
 10
15.605000000000002
 20
-31.6
 30
0.0
 11
0.0
 21
-0.25
 31
0.0
 40
0.7
 41
0.0
 42
6.283185307179586
  0
LWPOLYLINE
  5
330
330
17
100
AcDbEntity
  8
A-MOBILIARIO
100
AcDbPolyline
 90
4
 70
1
 10
14.680000000000003
 20
-31.65
 10
14.680000000000003
 20
-31.15
 10
15.180000000000003
 20
-31.15
 10
15.180000000000003
 20
-31.65
  0
ELLIPSE
  5
331
330
17
100
AcDbEntity
  8
A-MOBILIARIO
100
AcDbEllipse
 10
14.930000000000003
 20
-31.4
 30
0.0
 11
0.0
 21
0.15
 31
0.0
 40
0.75
 41
0.0
 42
6.283185307179586
  0
LWPOLYLINE
  5
332
330
17
100
AcDbEntity
  8
A-MOBILIARIO
100
AcDbPolyline
 90
4
 70
1
 10
10.41
 20
-31.75
 10
10.41
 20
-31.15
 10
14.510000000000003
 20
-31.15
 10
14.510000000000003
 20
-31.75
  0
LINE
  5
333
330
17
100
AcDbEntity
  8
A-MOBILIARIO
100
AcDbLine
 10
10.46
 20
-31.45
 30
0.0
 11
14.460000000000003
 21
-31.45
 31
0.0
  0
LWPOLYLINE
  5
334
330
17
100
AcDbEntity
  8
A-MOBILIARIO
100
AcDbPolyline
 90
4
 70
1
 10
13.910000000000004
 20
-33.9
 10
13.910000000000004
 20
-31.75
 10
14.510000000000003
 20
-31.75
 10
14.510000000000003
 20
-33.9
  0
LINE
  5
335
330
17
100
AcDbEntity
  8
A-MOBILIARIO
100
AcDbLine
 10
14.210000000000004
 20
-33.85
 30
0.0
 11
14.210000000000004
 21
-31.8
 31
0.0
  0
LWPOLYLINE
  5
336
330
17
100
AcDbEntity
  8
A-MOBILIARIO
100
AcDbPolyline
 90
4
 70
1
 10
11.4
 20
-38.53
 10
11.4
 20
-36.53
 10
13.0
 20
-36.53
 10
13.0
 20
-38.53
  0
LWPOLYLINE
  5
337
330
17
100
AcDbEntity
  8
A-MOBILIARIO
100
AcDbPolyline
 90
4
 70
1
 10
11.48
 20
-38.45
 10
11.48
 20
-37.98
 10
12.16
 20
-37.98
 10
12.16
 20
-38.45
  0
LWPOLYLINE
  5
338
330
17
100
AcDbEntity
  8
A-MOBILIARIO
100
AcDbPolyline
 90
4
 70
1
 10
12.239999999999998
 20
-38.45
 10
12.239999999999998
 20
-37.98
 10
12.92
 20
-37.98
 10
12.92
 20
-38.45
  0
LINE
  5
339
330
17
100
AcDbEntity
  8
A-MOBILIARIO
100
AcDbLine
 10
11.4
 20
-37.78
 30
0.0
 11
13.0
 21
-37.78
 31
0.0
  0
LWPOLYLINE
  5
33A
330
17
100
AcDbEntity
  8
A-MOBILIARIO
100
AcDbPolyline
 90
4
 70
1
 10
10.92
 20
-38.53
 10
10.92
 20
-38.08
 10
11.35
 20
-38.08
 10
11.35
 20
-38.53
  0
LWPOLYLINE
  5
33B
330
17
100
AcDbEntity
  8
A-MOBILIARIO
100
AcDbPolyline
 90
4
 70
1
 10
13.05
 20
-38.53
 10
13.05
 20
-38.08
 10
13.48
 20
-38.08
 10
13.48
 20
-38.53
  0
LWPOLYLINE
  5
33C
330
17
100
AcDbEntity
  8
A-MOBILIARIO
100
AcDbPolyline
 90
4
 70
1
 10
15.980000000000002
 20
-37.4
 10
15.980000000000002
 20
-35.4
 10
16.830000000000002
 20
-35.4
 10
16.830000000000002
 20
-37.4
  0
LWPOLYLINE
  5
33D
330
17
100
AcDbEntity
  8
A-MOBILIARIO
100
AcDbPolyline
 90
4
 70
1
 10
16.630000000000003
 20
-37.4
 10
16.630000000000003
 20
-35.4
 10
16.830000000000002
 20
-35.4
 10
16.830000000000002
 20
-37.4
  0
LWPOLYLINE
  5
33E
330
17
100
AcDbEntity
  8
A-MOBILIARIO
100
AcDbPolyline
 90
4
 70
1
 10
15.980000000000002
 20
-37.4
 10
15.980000000000002
 20
-37.2
 10
16.630000000000003
 20
-37.2
 10
16.630000000000003
 20
-37.4
  0
LWPOLYLINE
  5
33F
330
17
100
AcDbEntity
  8
A-MOBILIARIO
100
AcDbPolyline
 90
4
 70
1
 10
15.980000000000002
 20
-35.6
 10
15.980000000000002
 20
-35.4
 10
16.630000000000003
 20
-35.4
 10
16.630000000000003
 20
-35.6
  0
LWPOLYLINE
  5
340
330
17
100
AcDbEntity
  8
A-MOBILIARIO
100
AcDbPolyline
 90
4
 70
1
 10
15.0
 20
-36.9
 10
15.0
 20
-35.9
 10
15.5
 20
-35.9
 10
15.5
 20
-36.9
  0
LWPOLYLINE
  5
341
330
17
100
AcDbEntity
  8
A-MOBILIARIO
100
AcDbPolyline
 90
4
 70
1
 10
14.9
 20
-34.9
 10
14.9
 20
-34.1
 10
15.7
 20
-34.1
 10
15.7
 20
-34.9
  0
LWPOLYLINE
  5
342
330
17
100
AcDbEntity
  8
A-MOBILIARIO
100
AcDbPolyline
 90
4
 70
1
 10
14.9
 20
-34.3
 10
14.9
 20
-34.1
 10
15.7
 20
-34.1
 10
15.7
 20
-34.3
  0
LWPOLYLINE
  5
343
330
17
100
AcDbEntity
  8
A-MOBILIARIO
100
AcDbPolyline
 90
4
 70
1
 10
14.9
 20
-34.9
 10
14.9
 20
-34.3
 10
15.1
 20
-34.3
 10
15.1
 20
-34.9
  0
LWPOLYLINE
  5
344
330
17
100
AcDbEntity
  8
A-MOBILIARIO
100
AcDbPolyline
 90
4
 70
1
 10
15.5
 20
-34.9
 10
15.5
 20
-34.3
 10
15.7
 20
-34.3
 10
15.7
 20
-34.9
  0
LWPOLYLINE
  5
345
330
17
100
AcDbEntity
  8
A-MURO
100
AcDbPolyline
 90
4
 70
1
 10
22.71
 20
-36.4
 10
22.71
 20
-36.28
 10
25.03
 20
-36.28
 10
25.03
 20
-36.4
  0
HATCH
  5
346
330
17
100
AcDbEntity
  8
A-MURO-TRAMA
 62
7
100
AcDbHatch
 10
0.0
 20
0.0
 30
0.0
210
0.0
220
0.0
230
1.0
  2
ANSI31
 70
0
 71
0
 91
1
 92
3
 72
0
 73
1
 93
4
 10
22.71
 20
-36.4
 10
22.71
 20
-36.28
 10
25.03
 20
-36.28
 10
25.03
 20
-36.4
 97
0
 75
1
 76
1
 52
0.0
 41
0.03
 77
0
 78
1
 53
45.0
 43
0.0
 44
0.0
 45
-0.0020205576
 46
0.0020205576
 79
0
 98
0
  0
LWPOLYLINE
  5
347
330
17
100
AcDbEntity
  8
A-MURO
100
AcDbPolyline
 90
4
 70
1
 10
22.71
 20
-35.48
 10
22.71
 20
-34.730000000000004
 10
22.830000000000002
 20
-34.730000000000004
 10
22.830000000000002
 20
-35.48
  0
HATCH
  5
348
330
17
100
AcDbEntity
  8
A-MURO-TRAMA
 62
7
100
AcDbHatch
 10
0.0
 20
0.0
 30
0.0
210
0.0
220
0.0
230
1.0
  2
ANSI31
 70
0
 71
0
 91
1
 92
3
 72
0
 73
1
 93
4
 10
22.71
 20
-35.48
 10
22.71
 20
-34.730000000000004
 10
22.830000000000002
 20
-34.730000000000004
 10
22.830000000000002
 20
-35.48
 97
0
 75
1
 76
1
 52
0.0
 41
0.03
 77
0
 78
1
 53
45.0
 43
0.0
 44
0.0
 45
-0.0020205576
 46
0.0020205576
 79
0
 98
0
  0
LWPOLYLINE
  5
349
330
17
100
AcDbEntity
  8
A-MURO
100
AcDbPolyline
 90
4
 70
1
 10
21.66
 20
-34.730000000000004
 10
21.66
 20
-34.61
 10
25.03
 20
-34.61
 10
25.03
 20
-34.730000000000004
  0
HATCH
  5
34A
330
17
100
AcDbEntity
  8
A-MURO-TRAMA
 62
7
100
AcDbHatch
 10
0.0
 20
0.0
 30
0.0
210
0.0
220
0.0
230
1.0
  2
ANSI31
 70
0
 71
0
 91
1
 92
3
 72
0
 73
1
 93
4
 10
21.66
 20
-34.730000000000004
 10
21.66
 20
-34.61
 10
25.03
 20
-34.61
 10
25.03
 20
-34.730000000000004
 97
0
 75
1
 76
1
 52
0.0
 41
0.03
 77
0
 78
1
 53
45.0
 43
0.0
 44
0.0
 45
-0.0020205576
 46
0.0020205576
 79
0
 98
0
  0
LWPOLYLINE
  5
34B
330
17
100
AcDbEntity
  8
A-MURO
100
AcDbPolyline
 90
4
 70
1
 10
21.66
 20
-34.61
 10
21.66
 20
-34.0
 10
21.78
 20
-34.0
 10
21.78
 20
-34.61
  0
HATCH
  5
34C
330
17
100
AcDbEntity
  8
A-MURO-TRAMA
 62
7
100
AcDbHatch
 10
0.0
 20
0.0
 30
0.0
210
0.0
220
0.0
230
1.0
  2
ANSI31
 70
0
 71
0
 91
1
 92
3
 72
0
 73
1
 93
4
 10
21.66
 20
-34.61
 10
21.66
 20
-34.0
 10
21.78
 20
-34.0
 10
21.78
 20
-34.61
 97
0
 75
1
 76
1
 52
0.0
 41
0.03
 77
0
 78
1
 53
45.0
 43
0.0
 44
0.0
 45
-0.0020205576
 46
0.0020205576
 79
0
 98
0
  0
LWPOLYLINE
  5
34D
330
17
100
AcDbEntity
  8
A-MURO
100
AcDbPolyline
 90
4
 70
1
 10
21.66
 20
-33.2
 10
21.66
 20
-31.15
 10
21.78
 20
-31.15
 10
21.78
 20
-33.2
  0
HATCH
  5
34E
330
17
100
AcDbEntity
  8
A-MURO-TRAMA
 62
7
100
AcDbHatch
 10
0.0
 20
0.0
 30
0.0
210
0.0
220
0.0
230
1.0
  2
ANSI31
 70
0
 71
0
 91
1
 92
3
 72
0
 73
1
 93
4
 10
21.66
 20
-33.2
 10
21.66
 20
-31.15
 10
21.78
 20
-31.15
 10
21.78
 20
-33.2
 97
0
 75
1
 76
1
 52
0.0
 41
0.03
 77
0
 78
1
 53
45.0
 43
0.0
 44
0.0
 45
-0.0020205576
 46
0.0020205576
 79
0
 98
0
  0
LINE
  5
34F
330
17
100
AcDbEntity
  8
A-PUERTA
100
AcDbLine
 10
19.63
 20
-38.85
 30
0.0
 11
20.529999999999998
 21
-38.85
 31
0.0
  0
ARC
  5
350
330
17
100
AcDbEntity
  8
A-PUERTA
100
AcDbCircle
 10
19.63
 20
-38.85
 30
0.0
 40
0.9
100
AcDbArc
 50
-90.0
 51
0.0
  0
LINE
  5
351
330
17
100
AcDbEntity
  8
A-PUERTA
100
AcDbLine
 10
22.71
 20
-36.28
 30
0.0
 11
21.91
 21
-36.28
 31
0.0
  0
ARC
  5
352
330
17
100
AcDbEntity
  8
A-PUERTA
100
AcDbCircle
 10
22.71
 20
-36.28
 30
0.0
 40
0.8
100
AcDbArc
 50
90.0
 51
180.0
  0
LINE
  5
353
330
17
100
AcDbEntity
  8
A-PUERTA
100
AcDbLine
 10
21.78
 20
-34.0
 30
0.0
 11
22.580000000000002
 21
-34.0
 31
0.0
  0
ARC
  5
354
330
17
100
AcDbEntity
  8
A-PUERTA
100
AcDbCircle
 10
21.78
 20
-34.0
 30
0.0
 40
0.8
100
AcDbArc
 50
0.0
 51
90.0
  0
LWPOLYLINE
  5
355
330
17
100
AcDbEntity
  8
A-MOBILIARIO
100
AcDbPolyline
 90
4
 70
1
 10
22.9
 20
-39.85
 10
22.9
 20
-37.85
 10
24.5
 20
-37.85
 10
24.5
 20
-39.85
  0
LWPOLYLINE
  5
356
330
17
100
AcDbEntity
  8
A-MOBILIARIO
100
AcDbPolyline
 90
4
 70
1
 10
22.979999999999997
 20
-39.77
 10
22.979999999999997
 20
-39.3
 10
23.66
 20
-39.3
 10
23.66
 20
-39.77
  0
LWPOLYLINE
  5
357
330
17
100
AcDbEntity
  8
A-MOBILIARIO
100
AcDbPolyline
 90
4
 70
1
 10
23.74
 20
-39.77
 10
23.74
 20
-39.3
 10
24.42
 20
-39.3
 10
24.42
 20
-39.77
  0
LINE
  5
358
330
17
100
AcDbEntity
  8
A-MOBILIARIO
100
AcDbLine
 10
22.9
 20
-39.1
 30
0.0
 11
24.5
 21
-39.1
 31
0.0
  0
LWPOLYLINE
  5
359
330
17
100
AcDbEntity
  8
A-MOBILIARIO
100
AcDbPolyline
 90
4
 70
1
 10
22.42
 20
-39.85
 10
22.42
 20
-39.4
 10
22.85
 20
-39.4
 10
22.85
 20
-39.85
  0
LWPOLYLINE
  5
35A
330
17
100
AcDbEntity
  8
A-MOBILIARIO
100
AcDbPolyline
 90
4
 70
1
 10
24.55
 20
-39.85
 10
24.55
 20
-39.4
 10
24.98
 20
-39.4
 10
24.98
 20
-39.85
  0
LWPOLYLINE
  5
35B
330
17
100
AcDbEntity
  8
A-MOBILIARIO
100
AcDbPolyline
 90
4
 70
1
 10
19.63
 20
-38.0
 10
19.63
 20
-36.0
 10
20.48
 20
-36.0
 10
20.48
 20
-38.0
  0
LWPOLYLINE
  5
35C
330
17
100
AcDbEntity
  8
A-MOBILIARIO
100
AcDbPolyline
 90
4
 70
1
 10
19.63
 20
-38.0
 10
19.63
 20
-36.0
 10
19.83
 20
-36.0
 10
19.83
 20
-38.0
  0
LWPOLYLINE
  5
35D
330
17
100
AcDbEntity
  8
A-MOBILIARIO
100
AcDbPolyline
 90
4
 70
1
 10
19.83
 20
-38.0
 10
19.83
 20
-37.8
 10
20.48
 20
-37.8
 10
20.48
 20
-38.0
  0
LWPOLYLINE
  5
35E
330
17
100
AcDbEntity
  8
A-MOBILIARIO
100
AcDbPolyline
 90
4
 70
1
 10
19.83
 20
-36.2
 10
19.83
 20
-36.0
 10
20.48
 20
-36.0
 10
20.48
 20
-36.2
  0
LWPOLYLINE
  5
35F
330
17
100
AcDbEntity
  8
A-MOBILIARIO
100
AcDbPolyline
 90
4
 70
1
 10
20.95
 20
-37.5
 10
20.95
 20
-36.5
 10
21.45
 20
-36.5
 10
21.45
 20
-37.5
  0
LWPOLYLINE
  5
360
330
17
100
AcDbEntity
  8
A-MOBILIARIO
100
AcDbPolyline
 90
4
 70
1
 10
19.63
 20
-33.6
 10
19.63
 20
-32.4
 10
20.209999999999997
 20
-32.4
 10
20.209999999999997
 20
-33.6
  0
LWPOLYLINE
  5
361
330
17
100
AcDbEntity
  8
A-MOBILIARIO
100
AcDbPolyline
 90
4
 70
1
 10
20.74
 20
-33.21
 10
20.74
 20
-32.79
 10
20.319999999999997
 20
-32.79
 10
20.319999999999997
 20
-33.21
  0
LWPOLYLINE
  5
362
330
17
100
AcDbEntity
  8
A-MOBILIARIO
100
AcDbPolyline
 90
4
 70
1
 10
20.74
 20
-33.21
 10
20.74
 20
-32.79
 10
20.679999999999996
 20
-32.79
 10
20.679999999999996
 20
-33.21
  0
LWPOLYLINE
  5
363
330
17
100
AcDbEntity
  8
A-MOBILIARIO
100
AcDbPolyline
 90
4
 70
1
 10
24.18
 20
-36.28
 10
24.18
 20
-34.730000000000004
 10
25.03
 20
-34.730000000000004
 10
25.03
 20
-36.28
  0
LINE
  5
364
330
17
100
AcDbEntity
  8
A-MOBILIARIO
100
AcDbLine
 10
24.18
 20
-36.28
 30
0.0
 11
25.03
 21
-34.730000000000004
 31
0.0
  0
LINE
  5
365
330
17
100
AcDbEntity
  8
A-MOBILIARIO
100
AcDbLine
 10
24.18
 20
-34.730000000000004
 30
0.0
 11
25.03
 21
-36.28
 31
0.0
  0
CIRCLE
  5
366
330
17
100
AcDbEntity
  8
A-MOBILIARIO
100
AcDbCircle
 10
24.605
 20
-35.505
 30
0.0
 40
0.04
  0
LWPOLYLINE
  5
367
330
17
100
AcDbEntity
  8
A-MOBILIARIO
100
AcDbPolyline
 90
4
 70
1
 10
24.025
 20
-34.730000000000004
 10
23.585
 20
-34.730000000000004
 10
23.585
 20
-34.93
 10
24.025
 20
-34.93
  0
ELLIPSE
  5
368
330
17
100
AcDbEntity
  8
A-MOBILIARIO
100
AcDbEllipse
 10
23.805
 20
-35.18
 30
0.0
 11
0.0
 21
-0.25
 31
0.0
 40
0.7
 41
0.0
 42
6.283185307179586
  0
LWPOLYLINE
  5
369
330
17
100
AcDbEntity
  8
A-MOBILIARIO
100
AcDbPolyline
 90
4
 70
1
 10
22.880000000000003
 20
-35.230000000000004
 10
22.880000000000003
 20
-34.730000000000004
 10
23.380000000000003
 20
-34.730000000000004
 10
23.380000000000003
 20
-35.230000000000004
  0
ELLIPSE
  5
36A
330
17
100
AcDbEntity
  8
A-MOBILIARIO
100
AcDbEllipse
 10
23.130000000000003
 20
-34.980000000000004
 30
0.0
 11
0.0
 21
0.15
 31
0.0
 40
0.75
 41
0.0
 42
6.283185307179586
  0
LWPOLYLINE
  5
36B
330
17
100
AcDbEntity
  8
A-MOBILIARIO
100
AcDbPolyline
 90
4
 70
1
 10
21.78
 20
-31.75
 10
21.78
 20
-31.15
 10
25.03
 20
-31.15
 10
25.03
 20
-31.75
  0
LINE
  5
36C
330
17
100
AcDbEntity
  8
A-MOBILIARIO
100
AcDbLine
 10
21.830000000000002
 20
-31.45
 30
0.0
 11
24.98
 21
-31.45
 31
0.0
  0
LWPOLYLINE
  5
36D
330
17
100
AcDbEntity
  8
A-MOBILIARIO
100
AcDbPolyline
 90
4
 70
1
 10
22.64
 20
-34.61
 10
22.64
 20
-34.01
 10
25.03
 20
-34.01
 10
25.03
 20
-34.61
  0
LINE
  5
36E
330
17
100
AcDbEntity
  8
A-MOBILIARIO
100
AcDbLine
 10
22.69
 20
-34.31
 30
0.0
 11
24.98
 21
-34.31
 31
0.0
  0
LINE
  5
36F
330
17
100
AcDbEntity
  8
A-ESCALERA
100
AcDbLine
 10
16.98
 20
-38.65
 30
0.0
 11
18.080000000000002
 21
-38.65
 31
0.0
  0
LINE
  5
370
330
17
100
AcDbEntity
  8
A-ESCALERA
100
AcDbLine
 10
16.98
 20
-38.37
 30
0.0
 11
18.080000000000002
 21
-38.37
 31
0.0
  0
LINE
  5
371
330
17
100
AcDbEntity
  8
A-ESCALERA
100
AcDbLine
 10
16.98
 20
-38.09
 30
0.0
 11
18.080000000000002
 21
-38.09
 31
0.0
  0
LINE
  5
372
330
17
100
AcDbEntity
  8
A-ESCALERA
100
AcDbLine
 10
16.98
 20
-37.81
 30
0.0
 11
18.080000000000002
 21
-37.81
 31
0.0
  0
LINE
  5
373
330
17
100
AcDbEntity
  8
A-ESCALERA
100
AcDbLine
 10
16.98
 20
-37.53
 30
0.0
 11
18.080000000000002
 21
-37.53
 31
0.0
  0
LINE
  5
374
330
17
100
AcDbEntity
  8
A-ESCALERA
100
AcDbLine
 10
16.98
 20
-37.25
 30
0.0
 11
18.080000000000002
 21
-37.25
 31
0.0
  0
LINE
  5
375
330
17
100
AcDbEntity
  8
A-ESCALERA
100
AcDbLine
 10
16.98
 20
-36.97
 30
0.0
 11
18.080000000000002
 21
-36.97
 31
0.0
  0
LINE
  5
376
330
17
100
AcDbEntity
  8
A-ESCALERA
100
AcDbLine
 10
16.98
 20
-36.69
 30
0.0
 11
18.080000000000002
 21
-36.69
 31
0.0
  0
LINE
  5
377
330
17
100
AcDbEntity
  8
A-ESCALERA
100
AcDbLine
 10
16.98
 20
-36.41
 30
0.0
 11
18.080000000000002
 21
-36.41
 31
0.0
  0
LINE
  5
378
330
17
100
AcDbEntity
  8
A-ESCALERA
100
AcDbLine
 10
18.080000000000002
 20
-38.65
 30
0.0
 11
18.080000000000002
 21
-36.41
 31
0.0
  0
LINE
  5
379
330
17
100
AcDbEntity
  8
A-ESCALERA
100
AcDbLine
 10
18.38
 20
-36.41
 30
0.0
 11
19.48
 21
-36.41
 31
0.0
  0
LINE
  5
37A
330
17
100
AcDbEntity
  8
A-ESCALERA
100
AcDbLine
 10
18.38
 20
-36.69
 30
0.0
 11
19.48
 21
-36.69
 31
0.0
  0
LINE
  5
37B
330
17
100
AcDbEntity
  8
A-ESCALERA
100
AcDbLine
 10
18.38
 20
-36.97
 30
0.0
 11
19.48
 21
-36.97
 31
0.0
  0
LINE
  5
37C
330
17
100
AcDbEntity
  8
A-ESCALERA
100
AcDbLine
 10
18.38
 20
-37.25
 30
0.0
 11
19.48
 21
-37.25
 31
0.0
  0
LINE
  5
37D
330
17
100
AcDbEntity
  8
A-ESCALERA
100
AcDbLine
 10
18.38
 20
-37.53
 30
0.0
 11
19.48
 21
-37.53
 31
0.0
  0
LINE
  5
37E
330
17
100
AcDbEntity
  8
A-ESCALERA
100
AcDbLine
 10
18.38
 20
-37.81
 30
0.0
 11
19.48
 21
-37.81
 31
0.0
  0
LINE
  5
37F
330
17
100
AcDbEntity
  8
A-ESCALERA
100
AcDbLine
 10
18.38
 20
-38.09
 30
0.0
 11
19.48
 21
-38.09
 31
0.0
  0
LINE
  5
380
330
17
100
AcDbEntity
  8
A-ESCALERA
100
AcDbLine
 10
18.38
 20
-38.37
 30
0.0
 11
19.48
 21
-38.37
 31
0.0
  0
LINE
  5
381
330
17
100
AcDbEntity
  8
A-ESCALERA
100
AcDbLine
 10
18.38
 20
-38.37
 30
0.0
 11
18.38
 21
-36.41
 31
0.0
  0
LINE
  5
382
330
17
100
AcDbEntity
  8
A-ESCALERA
100
AcDbLine
 10
16.98
 20
-36.41
 30
0.0
 11
19.48
 21
-36.41
 31
0.0
  0
LINE
  5
383
330
17
100
AcDbEntity
  8
A-ESCALERA
100
AcDbLine
 10
18.23
 20
-38.37
 30
0.0
 11
18.23
 21
-36.41
 31
0.0
  0
LWPOLYLINE
  5
384
330
17
100
AcDbEntity
  8
A-ESCALERA
100
AcDbPolyline
 90
3
 70
0
 10
16.98
 20
-38.65
 10
18.38
 20
-38.65
 10
18.38
 20
-38.37
  0
LWPOLYLINE
  5
385
330
17
100
AcDbEntity
  8
A-ESCALERA
100
AcDbPolyline
 90
3
 70
0
 10
16.98
 20
-38.6
 10
18.33
 20
-38.6
 10
18.33
 20
-38.37
  0
LINE
  5
386
330
17
100
AcDbEntity
  8
A-ESCALERA
100
AcDbLine
 10
18.93
 20
-38.22
 30
0.0
 11
18.93
 21
-36.56
 31
0.0
  0
SOLID
  5
387
330
17
100
AcDbEntity
  8
A-ESCALERA
100
AcDbTrace
 10
18.93
 20
-36.56
 30
0.0
 11
18.81
 21
-36.76
 31
0.0
 12
19.05
 22
-36.76
 32
0.0
 13
19.05
 23
-36.76
 33
0.0
  0
TEXT
  5
388
330
17
100
AcDbEntity
  8
A-ESCALERA
100
AcDbText
 10
19.11
 20
-37.39
 30
0.0
 40
0.12
  1
BAJA
  7
ARIAL
 72
1
 11
19.11
 21
-37.39
 31
0.0
100
AcDbText
 73
2
  0
LWPOLYLINE
  5
389
330
17
100
AcDbEntity
  8
E-COLUMNA
100
AcDbPolyline
 90
4
 70
1
 10
2.06
 20
-35.31
 10
2.06
 20
-35.01
 10
2.36
 20
-35.01
 10
2.36
 20
-35.31
  0
HATCH
  5
38A
330
17
100
AcDbEntity
  8
E-COLUMNA
 62
7
100
AcDbHatch
 10
0.0
 20
0.0
 30
0.0
210
0.0
220
0.0
230
1.0
  2
SOLID
 70
1
 71
0
 91
1
 92
3
 72
0
 73
1
 93
4
 10
2.06
 20
-35.31
 10
2.06
 20
-35.01
 10
2.36
 20
-35.01
 10
2.36
 20
-35.31
 97
0
 75
0
 76
1
 98
0
  0
TEXT
  5
38B
330
17
100
AcDbEntity
  8
E-COLUMNA
100
AcDbText
 10
2.48
 20
-34.89
 30
0.0
 40
0.1
  1
C1
  7
ARIAL
 11
2.48
 21
-34.89
 31
0.0
100
AcDbText
 73
2
  0
LWPOLYLINE
  5
38C
330
17
100
AcDbEntity
  8
E-COLUMNA
100
AcDbPolyline
 90
4
 70
1
 10
7.534999999999999
 20
-35.31
 10
7.534999999999999
 20
-35.01
 10
7.835
 20
-35.01
 10
7.835
 20
-35.31
  0
HATCH
  5
38D
330
17
100
AcDbEntity
  8
E-COLUMNA
 62
7
100
AcDbHatch
 10
0.0
 20
0.0
 30
0.0
210
0.0
220
0.0
230
1.0
  2
SOLID
 70
1
 71
0
 91
1
 92
3
 72
0
 73
1
 93
4
 10
7.534999999999999
 20
-35.31
 10
7.534999999999999
 20
-35.01
 10
7.835
 20
-35.01
 10
7.835
 20
-35.31
 97
0
 75
0
 76
1
 98
0
  0
TEXT
  5
38E
330
17
100
AcDbEntity
  8
E-COLUMNA
100
AcDbText
 10
7.955
 20
-34.89
 30
0.0
 40
0.1
  1
C2
  7
ARIAL
 11
7.955
 21
-34.89
 31
0.0
100
AcDbText
 73
2
  0
LWPOLYLINE
  5
38F
330
17
100
AcDbEntity
  8
E-COLUMNA
100
AcDbPolyline
 90
4
 70
1
 10
10.185
 20
-35.31
 10
10.185
 20
-35.01
 10
10.485000000000001
 20
-35.01
 10
10.485000000000001
 20
-35.31
  0
HATCH
  5
390
330
17
100
AcDbEntity
  8
E-COLUMNA
 62
7
100
AcDbHatch
 10
0.0
 20
0.0
 30
0.0
210
0.0
220
0.0
230
1.0
  2
SOLID
 70
1
 71
0
 91
1
 92
3
 72
0
 73
1
 93
4
 10
10.185
 20
-35.31
 10
10.185
 20
-35.01
 10
10.485000000000001
 20
-35.01
 10
10.485000000000001
 20
-35.31
 97
0
 75
0
 76
1
 98
0
  0
TEXT
  5
391
330
17
100
AcDbEntity
  8
E-COLUMNA
100
AcDbText
 10
10.605
 20
-34.89
 30
0.0
 40
0.1
  1
C3
  7
ARIAL
 11
10.605
 21
-34.89
 31
0.0
100
AcDbText
 73
2
  0
LWPOLYLINE
  5
392
330
17
100
AcDbEntity
  8
E-COLUMNA
100
AcDbPolyline
 90
4
 70
1
 10
16.755000000000003
 20
-35.31
 10
16.755000000000003
 20
-35.01
 10
17.055
 20
-35.01
 10
17.055
 20
-35.31
  0
HATCH
  5
393
330
17
100
AcDbEntity
  8
E-COLUMNA
 62
7
100
AcDbHatch
 10
0.0
 20
0.0
 30
0.0
210
0.0
220
0.0
230
1.0
  2
SOLID
 70
1
 71
0
 91
1
 92
3
 72
0
 73
1
 93
4
 10
16.755000000000003
 20
-35.31
 10
16.755000000000003
 20
-35.01
 10
17.055
 20
-35.01
 10
17.055
 20
-35.31
 97
0
 75
0
 76
1
 98
0
  0
TEXT
  5
394
330
17
100
AcDbEntity
  8
E-COLUMNA
100
AcDbText
 10
17.175
 20
-34.89
 30
0.0
 40
0.1
  1
C4
  7
ARIAL
 11
17.175
 21
-34.89
 31
0.0
100
AcDbText
 73
2
  0
LWPOLYLINE
  5
395
330
17
100
AcDbEntity
  8
E-COLUMNA
100
AcDbPolyline
 90
4
 70
1
 10
19.405
 20
-35.31
 10
19.405
 20
-35.01
 10
19.705
 20
-35.01
 10
19.705
 20
-35.31
  0
HATCH
  5
396
330
17
100
AcDbEntity
  8
E-COLUMNA
 62
7
100
AcDbHatch
 10
0.0
 20
0.0
 30
0.0
210
0.0
220
0.0
230
1.0
  2
SOLID
 70
1
 71
0
 91
1
 92
3
 72
0
 73
1
 93
4
 10
19.405
 20
-35.31
 10
19.405
 20
-35.01
 10
19.705
 20
-35.01
 10
19.705
 20
-35.31
 97
0
 75
0
 76
1
 98
0
  0
TEXT
  5
397
330
17
100
AcDbEntity
  8
E-COLUMNA
100
AcDbText
 10
19.825
 20
-34.89
 30
0.0
 40
0.1
  1
C5
  7
ARIAL
 11
19.825
 21
-34.89
 31
0.0
100
AcDbText
 73
2
  0
LWPOLYLINE
  5
398
330
17
100
AcDbEntity
  8
E-COLUMNA
100
AcDbPolyline
 90
4
 70
1
 10
24.880000000000003
 20
-35.31
 10
24.880000000000003
 20
-35.01
 10
25.18
 20
-35.01
 10
25.18
 20
-35.31
  0
HATCH
  5
399
330
17
100
AcDbEntity
  8
E-COLUMNA
 62
7
100
AcDbHatch
 10
0.0
 20
0.0
 30
0.0
210
0.0
220
0.0
230
1.0
  2
SOLID
 70
1
 71
0
 91
1
 92
3
 72
0
 73
1
 93
4
 10
24.880000000000003
 20
-35.31
 10
24.880000000000003
 20
-35.01
 10
25.18
 20
-35.01
 10
25.18
 20
-35.31
 97
0
 75
0
 76
1
 98
0
  0
TEXT
  5
39A
330
17
100
AcDbEntity
  8
E-COLUMNA
100
AcDbText
 10
25.3
 20
-34.89
 30
0.0
 40
0.1
  1
C6
  7
ARIAL
 11
25.3
 21
-34.89
 31
0.0
100
AcDbText
 73
2
  0
LINE
  5
39B
330
17
100
AcDbEntity
  8
A-PROYECCION
 48
0.1
100
AcDbLine
 10
7.76
 20
-38.53
 30
0.0
 11
10.26
 21
-31.15
 31
0.0
  0
LINE
  5
39C
330
17
100
AcDbEntity
  8
A-PROYECCION
 48
0.1
100
AcDbLine
 10
7.76
 20
-31.15
 30
0.0
 11
10.26
 21
-38.53
 31
0.0
  0
LINE
  5
39D
330
17
100
AcDbEntity
  8
A-PROYECCION
 48
0.1
100
AcDbLine
 10
16.98
 20
-35.19
 30
0.0
 11
19.48
 21
-31.15
 31
0.0
  0
LINE
  5
39E
330
17
100
AcDbEntity
  8
A-PROYECCION
 48
0.1
100
AcDbLine
 10
16.98
 20
-31.15
 30
0.0
 11
19.48
 21
-35.19
 31
0.0
  0
MTEXT
  5
39F
330
17
100
AcDbEntity
  8
A-ESPACIOS
100
AcDbMText
 10
5.25
 20
-38.05
 30
0.0
 40
0.15
 41
4.0
 71
5
  1
SUITE 1\PDORMITORIO Y ESTAR
  7
ARIAL
  0
MTEXT
  5
3A0
330
17
100
AcDbEntity
  8
A-ESPACIOS
100
AcDbMText
 10
4.05
 20
-35.88
 30
0.0
 40
0.1
 41
4.0
 71
5
  1
BAÑO\P3,41 m²
  7
ARIAL
  0
MTEXT
  5
3A1
330
17
100
AcDbEntity
  8
A-ESPACIOS
100
AcDbMText
 10
3.85
 20
-32.9
 30
0.0
 40
0.12
 41
4.0
 71
5
  1
WALK-IN CLOSET\P3.46 x 3.25\P11,24 m²
  7
ARIAL
  0
MTEXT
  5
3A2
330
17
100
AcDbEntity
  8
A-ESPACIOS
100
AcDbMText
 10
12.0
 20
-35.45
 30
0.0
 40
0.15
 41
4.0
 71
5
  1
SUITE 2\PDORMITORIO Y ESTAR
  7
ARIAL
  0
MTEXT
  5
3A3
330
17
100
AcDbEntity
  8
A-ESPACIOS
100
AcDbMText
 10
15.55
 20
-32.25
 30
0.0
 40
0.1
 41
4.0
 71
5
  1
BAÑO\P3,41 m²
  7
ARIAL
  0
MTEXT
  5
3A4
330
17
100
AcDbEntity
  8
A-ESPACIOS
100
AcDbMText
 10
11.3
 20
-33.0
 30
0.0
 40
0.12
 41
4.0
 71
5
  1
WALK-IN CLOSET\P2.75 x 4.10\P11,28 m²
  7
ARIAL
  0
MTEXT
  5
3A5
330
17
100
AcDbEntity
  8
A-ESPACIOS
100
AcDbMText
 10
21.55
 20
-38.05
 30
0.0
 40
0.15
 41
4.0
 71
5
  1
SUITE 3\PDORMITORIO Y ESTAR
  7
ARIAL
  0
MTEXT
  5
3A6
330
17
100
AcDbEntity
  8
A-ESPACIOS
100
AcDbMText
 10
23.15
 20
-35.88
 30
0.0
 40
0.1
 41
4.0
 71
5
  1
BAÑO\P3,41 m²
  7
ARIAL
  0
MTEXT
  5
3A7
330
17
100
AcDbEntity
  8
A-ESPACIOS
100
AcDbMText
 10
23.35
 20
-32.9
 30
0.0
 40
0.12
 41
4.0
 71
5
  1
WALK-IN CLOSET\P3.46 x 3.25\P11,24 m²
  7
ARIAL
  0
TEXT
  5
3A8
330
17
100
AcDbEntity
  8
A-ESPACIOS
100
AcDbText
 10
13.0
 20
-39.25
 30
0.0
 40
0.13
  1
PASILLO
  7
ARIAL
 72
1
 11
13.0
 21
-39.25
 31
0.0
100
AcDbText
 73
2
  0
MTEXT
  5
3A9
330
17
100
AcDbEntity
  8
A-ESPACIOS
100
AcDbMText
 10
9.0
 20
-34.84
 30
0.0
 40
0.14
 41
3.0
 71
5
  1
PATIO DE LUZ P1\P(ABIERTO)
  7
ARIAL
  0
MTEXT
  5
3AA
330
17
100
AcDbEntity
  8
A-ESPACIOS
100
AcDbMText
 10
18.25
 20
-33.17
 30
0.0
 40
0.14
 41
3.0
 71
5
  1
PATIO P2\P(ABIERTO)
  7
ARIAL
  0
TEXT
  5
3AB
330
17
100
AcDbEntity
  8
A-ESPACIOS
100
AcDbText
 10
-2.15
 20
-35.5
 30
0.0
 40
0.22
  1
CALLE PÚBLICA
 50
90.0
  7
ARIAL
 72
1
 11
-2.15
 21
-35.5
 31
0.0
100
AcDbText
 73
2
  0
LINE
  5
3AC
330
17
100
AcDbEntity
  8
A-EJES
 48
0.05
100
AcDbLine
 10
-0.2
 20
-39.925
 30
0.0
 11
29.85
 21
-39.925
 31
0.0
  0
CIRCLE
  5
3AD
330
17
100
AcDbEntity
  8
A-EJES-TXT
100
AcDbCircle
 10
30.130000000000003
 20
-39.925
 30
0.0
 40
0.28
  0
TEXT
  5
3AE
330
17
100
AcDbEntity
  8
A-EJES-TXT
100
AcDbText
 10
30.130000000000003
 20
-39.925
 30
0.0
 40
0.22
  1
A
  7
ARIAL
 72
1
 11
30.130000000000003
 21
-39.925
 31
0.0
100
AcDbText
 73
2
  0
LINE
  5
3AF
330
17
100
AcDbEntity
  8
A-EJES
 48
0.05
100
AcDbLine
 10
-0.2
 20
-38.59
 30
0.0
 11
29.85
 21
-38.59
 31
0.0
  0
CIRCLE
  5
3B0
330
17
100
AcDbEntity
  8
A-EJES-TXT
100
AcDbCircle
 10
30.130000000000003
 20
-38.59
 30
0.0
 40
0.28
  0
TEXT
  5
3B1
330
17
100
AcDbEntity
  8
A-EJES-TXT
100
AcDbText
 10
30.130000000000003
 20
-38.59
 30
0.0
 40
0.22
  1
B
  7
ARIAL
 72
1
 11
30.130000000000003
 21
-38.59
 31
0.0
100
AcDbText
 73
2
  0
LINE
  5
3B2
330
17
100
AcDbEntity
  8
A-EJES
 48
0.05
100
AcDbLine
 10
-0.2
 20
-35.16
 30
0.0
 11
29.85
 21
-35.16
 31
0.0
  0
CIRCLE
  5
3B3
330
17
100
AcDbEntity
  8
A-EJES-TXT
100
AcDbCircle
 10
30.130000000000003
 20
-35.16
 30
0.0
 40
0.28
  0
TEXT
  5
3B4
330
17
100
AcDbEntity
  8
A-EJES-TXT
100
AcDbText
 10
30.130000000000003
 20
-35.16
 30
0.0
 40
0.22
  1
C
  7
ARIAL
 72
1
 11
30.130000000000003
 21
-35.16
 31
0.0
100
AcDbText
 73
2
  0
LINE
  5
3B5
330
17
100
AcDbEntity
  8
A-EJES
 48
0.05
100
AcDbLine
 10
-0.2
 20
-31.075
 30
0.0
 11
29.85
 21
-31.075
 31
0.0
  0
CIRCLE
  5
3B6
330
17
100
AcDbEntity
  8
A-EJES-TXT
100
AcDbCircle
 10
30.130000000000003
 20
-31.075
 30
0.0
 40
0.28
  0
TEXT
  5
3B7
330
17
100
AcDbEntity
  8
A-EJES-TXT
100
AcDbText
 10
30.130000000000003
 20
-31.075
 30
0.0
 40
0.22
  1
D
  7
ARIAL
 72
1
 11
30.130000000000003
 21
-31.075
 31
0.0
100
AcDbText
 73
2
  0
LINE
  5
3B8
330
17
100
AcDbEntity
  8
A-EJES
 48
0.05
100
AcDbLine
 10
2.1350000000000002
 20
-42.35
 30
0.0
 11
2.1350000000000002
 21
-29.8
 31
0.0
  0
CIRCLE
  5
3B9
330
17
100
AcDbEntity
  8
A-EJES-TXT
100
AcDbCircle
 10
2.1350000000000002
 20
-42.63
 30
0.0
 40
0.28
  0
TEXT
  5
3BA
330
17
100
AcDbEntity
  8
A-EJES-TXT
100
AcDbText
 10
2.1350000000000002
 20
-42.63
 30
0.0
 40
0.22
  1
1
  7
ARIAL
 72
1
 11
2.1350000000000002
 21
-42.63
 31
0.0
100
AcDbText
 73
2
  0
LINE
  5
3BB
330
17
100
AcDbEntity
  8
A-EJES
 48
0.05
100
AcDbLine
 10
7.685
 20
-42.35
 30
0.0
 11
7.685
 21
-29.8
 31
0.0
  0
CIRCLE
  5
3BC
330
17
100
AcDbEntity
  8
A-EJES-TXT
100
AcDbCircle
 10
7.685
 20
-42.63
 30
0.0
 40
0.28
  0
TEXT
  5
3BD
330
17
100
AcDbEntity
  8
A-EJES-TXT
100
AcDbText
 10
7.685
 20
-42.63
 30
0.0
 40
0.22
  1
2
  7
ARIAL
 72
1
 11
7.685
 21
-42.63
 31
0.0
100
AcDbText
 73
2
  0
LINE
  5
3BE
330
17
100
AcDbEntity
  8
A-EJES
 48
0.05
100
AcDbLine
 10
10.335
 20
-42.35
 30
0.0
 11
10.335
 21
-29.8
 31
0.0
  0
CIRCLE
  5
3BF
330
17
100
AcDbEntity
  8
A-EJES-TXT
100
AcDbCircle
 10
10.335
 20
-42.63
 30
0.0
 40
0.28
  0
TEXT
  5
3C0
330
17
100
AcDbEntity
  8
A-EJES-TXT
100
AcDbText
 10
10.335
 20
-42.63
 30
0.0
 40
0.22
  1
3
  7
ARIAL
 72
1
 11
10.335
 21
-42.63
 31
0.0
100
AcDbText
 73
2
  0
LINE
  5
3C1
330
17
100
AcDbEntity
  8
A-EJES
 48
0.05
100
AcDbLine
 10
16.905
 20
-42.35
 30
0.0
 11
16.905
 21
-29.8
 31
0.0
  0
CIRCLE
  5
3C2
330
17
100
AcDbEntity
  8
A-EJES-TXT
100
AcDbCircle
 10
16.905
 20
-42.63
 30
0.0
 40
0.28
  0
TEXT
  5
3C3
330
17
100
AcDbEntity
  8
A-EJES-TXT
100
AcDbText
 10
16.905
 20
-42.63
 30
0.0
 40
0.22
  1
4
  7
ARIAL
 72
1
 11
16.905
 21
-42.63
 31
0.0
100
AcDbText
 73
2
  0
LINE
  5
3C4
330
17
100
AcDbEntity
  8
A-EJES
 48
0.05
100
AcDbLine
 10
19.555
 20
-42.35
 30
0.0
 11
19.555
 21
-29.8
 31
0.0
  0
CIRCLE
  5
3C5
330
17
100
AcDbEntity
  8
A-EJES-TXT
100
AcDbCircle
 10
19.555
 20
-42.63
 30
0.0
 40
0.28
  0
TEXT
  5
3C6
330
17
100
AcDbEntity
  8
A-EJES-TXT
100
AcDbText
 10
19.555
 20
-42.63
 30
0.0
 40
0.22
  1
5
  7
ARIAL
 72
1
 11
19.555
 21
-42.63
 31
0.0
100
AcDbText
 73
2
  0
LINE
  5
3C7
330
17
100
AcDbEntity
  8
A-EJES
 48
0.05
100
AcDbLine
 10
25.105
 20
-42.35
 30
0.0
 11
25.105
 21
-29.8
 31
0.0
  0
CIRCLE
  5
3C8
330
17
100
AcDbEntity
  8
A-EJES-TXT
100
AcDbCircle
 10
25.105
 20
-42.63
 30
0.0
 40
0.28
  0
TEXT
  5
3C9
330
17
100
AcDbEntity
  8
A-EJES-TXT
100
AcDbText
 10
25.105
 20
-42.63
 30
0.0
 40
0.22
  1
6
  7
ARIAL
 72
1
 11
25.105
 21
-42.63
 31
0.0
100
AcDbText
 73
2
  0
LWPOLYLINE
  5
3CA
330
17
100
AcDbEntity
  8
S-AN
100
AcDbPolyline
 90
2
 70
0
 10
3.43
 20
-35.05
 10
3.55
 20
-34.55
  0
LWPOLYLINE
  5
3CB
330
17
100
AcDbEntity
  8
S-AJ
 48
0.02
100
AcDbPolyline
 90
2
 70
0
 10
2.64
 20
-35.5
 10
2.85
 20
-34.55
  0
LWPOLYLINE
  5
3CC
330
17
100
AcDbEntity
  8
S-AJ
 48
0.02
100
AcDbPolyline
 90
4
 70
0
 10
4.05
 20
-34.85
 10
3.88
 20
-34.7
 10
2.7
 20
-34.7
 10
2.85
 20
-34.55
  0
CIRCLE
  5
3CD
330
17
100
AcDbEntity
  8
S-ACC
100
AcDbCircle
 10
2.64
 20
-35.5
 30
0.0
 40
0.08
  0
CIRCLE
  5
3CE
330
17
100
AcDbEntity
  8
S-ACC
100
AcDbCircle
 10
2.64
 20
-35.5
 30
0.0
 40
0.03
  0
CIRCLE
  5
3CF
330
17
100
AcDbEntity
  8
S-ACC
100
AcDbCircle
 10
3.43
 20
-35.05
 30
0.0
 40
0.07
  0
HATCH
  5
3D0
330
17
100
AcDbEntity
  8
S-ACC
 62
7
100
AcDbHatch
 10
0.0
 20
0.0
 30
0.0
210
0.0
220
0.0
230
1.0
  2
SOLID
 70
1
 71
0
 91
1
 92
1
 93
1
 72
2
 10
3.43
 20
-35.05
 40
0.07
 50
0
 51
360
 73
1
 97
0
 75
0
 76
1
 98
0
  0
CIRCLE
  5
3D1
330
17
100
AcDbEntity
  8
S-ACC
100
AcDbCircle
 10
4.05
 20
-34.85
 30
0.0
 40
0.07
  0
HATCH
  5
3D2
330
17
100
AcDbEntity
  8
S-ACC
 62
7
100
AcDbHatch
 10
0.0
 20
0.0
 30
0.0
210
0.0
220
0.0
230
1.0
  2
SOLID
 70
1
 71
0
 91
1
 92
1
 93
1
 72
2
 10
4.05
 20
-34.85
 40
0.07
 50
0
 51
360
 73
1
 97
0
 75
0
 76
1
 98
0
  0
LINE
  5
3D3
330
17
100
AcDbEntity
  8
S-FINO
100
AcDbLine
 10
3.43
 20
-35.05
 30
0.0
 11
3.43
 21
-35.6
 31
0.0
  0
TEXT
  5
3D4
330
17
100
AcDbEntity
  8
S-TXT
100
AcDbText
 10
3.5100000000000002
 20
-35.6
 30
0.0
 40
0.17
  1
WC 4"
  7
ARIAL
 11
3.5100000000000002
 21
-35.6
 31
0.0
100
AcDbText
 73
2
  0
LINE
  5
3D5
330
17
100
AcDbEntity
  8
S-FINO
100
AcDbLine
 10
2.64
 20
-35.5
 30
0.0
 11
2.09
 21
-35.95
 31
0.0
  0
TEXT
  5
3D6
330
17
100
AcDbEntity
  8
S-TXT
100
AcDbText
 10
2.01
 20
-35.95
 30
0.0
 40
0.17
  1
SP 2"
  7
ARIAL
 72
2
 11
2.01
 21
-35.95
 31
0.0
100
AcDbText
 73
2
  0
LINE
  5
3D7
330
17
100
AcDbEntity
  8
S-FINO
100
AcDbLine
 10
4.05
 20
-34.85
 30
0.0
 11
4.5
 21
-34.4
 31
0.0
  0
TEXT
  5
3D8
330
17
100
AcDbEntity
  8
S-TXT
100
AcDbText
 10
4.58
 20
-34.4
 30
0.0
 40
0.17
  1
LM 2"
  7
ARIAL
 11
4.58
 21
-34.4
 31
0.0
100
AcDbText
 73
2
  0
CIRCLE
  5
3D9
330
17
100
AcDbEntity
  8
S-AN
100
AcDbCircle
 10
3.55
 20
-34.55
 30
0.0
 40
0.09
  0
LINE
  5
3DA
330
17
100
AcDbEntity
  8
S-AN
100
AcDbLine
 10
3.46
 20
-34.64
 30
0.0
 11
3.6399999999999997
 21
-34.459999999999994
 31
0.0
  0
LINE
  5
3DB
330
17
100
AcDbEntity
  8
S-AN
100
AcDbLine
 10
3.46
 20
-34.459999999999994
 30
0.0
 11
3.6399999999999997
 21
-34.64
 31
0.0
  0
CIRCLE
  5
3DC
330
17
100
AcDbEntity
  8
S-AJ
100
AcDbCircle
 10
2.85
 20
-34.55
 30
0.0
 40
0.09
  0
LINE
  5
3DD
330
17
100
AcDbEntity
  8
S-AJ
100
AcDbLine
 10
2.7600000000000002
 20
-34.64
 30
0.0
 11
2.94
 21
-34.459999999999994
 31
0.0
  0
LINE
  5
3DE
330
17
100
AcDbEntity
  8
S-AJ
100
AcDbLine
 10
2.7600000000000002
 20
-34.459999999999994
 30
0.0
 11
2.94
 21
-34.64
 31
0.0
  0
LINE
  5
3DF
330
17
100
AcDbEntity
  8
S-FINO
100
AcDbLine
 10
3.2
 20
-34.55
 30
0.0
 11
3.3000000000000003
 21
-33.8
 31
0.0
  0
TEXT
  5
3E0
330
17
100
AcDbEntity
  8
S-TXT
100
AcDbText
 10
3.3800000000000003
 20
-33.8
 30
0.0
 40
0.17
  1
VENT. 2"
  7
ARIAL
 11
3.3800000000000003
 21
-33.8
 31
0.0
100
AcDbText
 73
2
  0
LWPOLYLINE
  5
3E1
330
17
100
AcDbEntity
  8
S-AN
100
AcDbPolyline
 90
2
 70
0
 10
23.810000000000002
 20
-35.05
 10
24.73
 20
-34.86
  0
LWPOLYLINE
  5
3E2
330
17
100
AcDbEntity
  8
S-AJ
 48
0.02
100
AcDbPolyline
 90
2
 70
0
 10
24.6
 20
-35.5
 10
24.93
 20
-34.86
  0
LWPOLYLINE
  5
3E3
330
17
100
AcDbEntity
  8
S-AJ
 48
0.02
100
AcDbPolyline
 90
4
 70
0
 10
23.19
 20
-34.85
 10
23.360000000000003
 20
-34.7
 10
25.08
 20
-34.7
 10
24.93
 20
-34.86
  0
CIRCLE
  5
3E4
330
17
100
AcDbEntity
  8
S-ACC
100
AcDbCircle
 10
24.6
 20
-35.5
 30
0.0
 40
0.08
  0
CIRCLE
  5
3E5
330
17
100
AcDbEntity
  8
S-ACC
100
AcDbCircle
 10
24.6
 20
-35.5
 30
0.0
 40
0.03
  0
CIRCLE
  5
3E6
330
17
100
AcDbEntity
  8
S-ACC
100
AcDbCircle
 10
23.810000000000002
 20
-35.05
 30
0.0
 40
0.07
  0
HATCH
  5
3E7
330
17
100
AcDbEntity
  8
S-ACC
 62
7
100
AcDbHatch
 10
0.0
 20
0.0
 30
0.0
210
0.0
220
0.0
230
1.0
  2
SOLID
 70
1
 71
0
 91
1
 92
1
 93
1
 72
2
 10
23.810000000000002
 20
-35.05
 40
0.07
 50
0
 51
360
 73
1
 97
0
 75
0
 76
1
 98
0
  0
CIRCLE
  5
3E8
330
17
100
AcDbEntity
  8
S-ACC
100
AcDbCircle
 10
23.19
 20
-34.85
 30
0.0
 40
0.07
  0
HATCH
  5
3E9
330
17
100
AcDbEntity
  8
S-ACC
 62
7
100
AcDbHatch
 10
0.0
 20
0.0
 30
0.0
210
0.0
220
0.0
230
1.0
  2
SOLID
 70
1
 71
0
 91
1
 92
1
 93
1
 72
2
 10
23.19
 20
-34.85
 40
0.07
 50
0
 51
360
 73
1
 97
0
 75
0
 76
1
 98
0
  0
LINE
  5
3EA
330
17
100
AcDbEntity
  8
S-FINO
100
AcDbLine
 10
23.810000000000002
 20
-35.05
 30
0.0
 11
23.810000000000002
 21
-35.6
 31
0.0
  0
TEXT
  5
3EB
330
17
100
AcDbEntity
  8
S-TXT
100
AcDbText
 10
23.89
 20
-35.6
 30
0.0
 40
0.17
  1
WC 4"
  7
ARIAL
 11
23.89
 21
-35.6
 31
0.0
100
AcDbText
 73
2
  0
LINE
  5
3EC
330
17
100
AcDbEntity
  8
S-FINO
100
AcDbLine
 10
24.6
 20
-35.5
 30
0.0
 11
25.150000000000002
 21
-35.95
 31
0.0
  0
TEXT
  5
3ED
330
17
100
AcDbEntity
  8
S-TXT
100
AcDbText
 10
25.23
 20
-35.95
 30
0.0
 40
0.17
  1
SP 2"
  7
ARIAL
 11
25.23
 21
-35.95
 31
0.0
100
AcDbText
 73
2
  0
LINE
  5
3EE
330
17
100
AcDbEntity
  8
S-FINO
100
AcDbLine
 10
23.19
 20
-34.85
 30
0.0
 11
22.740000000000002
 21
-34.4
 31
0.0
  0
TEXT
  5
3EF
330
17
100
AcDbEntity
  8
S-TXT
100
AcDbText
 10
22.660000000000004
 20
-34.4
 30
0.0
 40
0.17
  1
LM 2"
  7
ARIAL
 72
2
 11
22.660000000000004
 21
-34.4
 31
0.0
100
AcDbText
 73
2
  0
CIRCLE
  5
3F0
330
17
100
AcDbEntity
  8
S-AN
100
AcDbCircle
 10
24.73
 20
-34.86
 30
0.0
 40
0.09
  0
LINE
  5
3F1
330
17
100
AcDbEntity
  8
S-AN
100
AcDbLine
 10
24.64
 20
-34.95
 30
0.0
 11
24.82
 21
-34.769999999999996
 31
0.0
  0
LINE
  5
3F2
330
17
100
AcDbEntity
  8
S-AN
100
AcDbLine
 10
24.64
 20
-34.769999999999996
 30
0.0
 11
24.82
 21
-34.95
 31
0.0
  0
CIRCLE
  5
3F3
330
17
100
AcDbEntity
  8
S-AJ
100
AcDbCircle
 10
24.93
 20
-34.86
 30
0.0
 40
0.09
  0
LINE
  5
3F4
330
17
100
AcDbEntity
  8
S-AJ
100
AcDbLine
 10
24.84
 20
-34.95
 30
0.0
 11
25.02
 21
-34.769999999999996
 31
0.0
  0
LINE
  5
3F5
330
17
100
AcDbEntity
  8
S-AJ
100
AcDbLine
 10
24.84
 20
-34.769999999999996
 30
0.0
 11
25.02
 21
-34.95
 31
0.0
  0
LINE
  5
3F6
330
17
100
AcDbEntity
  8
S-FINO
100
AcDbLine
 10
24.83
 20
-34.86
 30
0.0
 11
24.4
 21
-33.8
 31
0.0
  0
TEXT
  5
3F7
330
17
100
AcDbEntity
  8
S-TXT
100
AcDbText
 10
24.32
 20
-33.8
 30
0.0
 40
0.17
  1
VENT. 2"
  7
ARIAL
 72
2
 11
24.32
 21
-33.8
 31
0.0
100
AcDbText
 73
2
  0
LWPOLYLINE
  5
3F8
330
17
100
AcDbEntity
  8
S-AN
100
AcDbPolyline
 90
2
 70
0
 10
15.6
 20
-31.45
 10
16.53
 20
-31.3
  0
LWPOLYLINE
  5
3F9
330
17
100
AcDbEntity
  8
S-AJ
 48
0.02
100
AcDbPolyline
 90
2
 70
0
 10
16.4
 20
-31.9
 10
16.73
 20
-31.3
  0
LWPOLYLINE
  5
3FA
330
17
100
AcDbEntity
  8
S-AJ
 48
0.02
100
AcDbPolyline
 90
4
 70
0
 10
14.95
 20
-31.35
 10
15.1
 20
-31.2
 10
16.6
 20
-31.2
 10
16.73
 20
-31.3
  0
CIRCLE
  5
3FB
330
17
100
AcDbEntity
  8
S-ACC
100
AcDbCircle
 10
16.4
 20
-31.9
 30
0.0
 40
0.08
  0
CIRCLE
  5
3FC
330
17
100
AcDbEntity
  8
S-ACC
100
AcDbCircle
 10
16.4
 20
-31.9
 30
0.0
 40
0.03
  0
CIRCLE
  5
3FD
330
17
100
AcDbEntity
  8
S-ACC
100
AcDbCircle
 10
15.6
 20
-31.45
 30
0.0
 40
0.07
  0
HATCH
  5
3FE
330
17
100
AcDbEntity
  8
S-ACC
 62
7
100
AcDbHatch
 10
0.0
 20
0.0
 30
0.0
210
0.0
220
0.0
230
1.0
  2
SOLID
 70
1
 71
0
 91
1
 92
1
 93
1
 72
2
 10
15.6
 20
-31.45
 40
0.07
 50
0
 51
360
 73
1
 97
0
 75
0
 76
1
 98
0
  0
CIRCLE
  5
3FF
330
17
100
AcDbEntity
  8
S-ACC
100
AcDbCircle
 10
14.95
 20
-31.35
 30
0.0
 40
0.07
  0
HATCH
  5
400
330
17
100
AcDbEntity
  8
S-ACC
 62
7
100
AcDbHatch
 10
0.0
 20
0.0
 30
0.0
210
0.0
220
0.0
230
1.0
  2
SOLID
 70
1
 71
0
 91
1
 92
1
 93
1
 72
2
 10
14.95
 20
-31.35
 40
0.07
 50
0
 51
360
 73
1
 97
0
 75
0
 76
1
 98
0
  0
CIRCLE
  5
401
330
17
100
AcDbEntity
  8
S-AN
100
AcDbCircle
 10
16.53
 20
-31.3
 30
0.0
 40
0.09
  0
LINE
  5
402
330
17
100
AcDbEntity
  8
S-AN
100
AcDbLine
 10
16.44
 20
-31.39
 30
0.0
 11
16.62
 21
-31.21
 31
0.0
  0
LINE
  5
403
330
17
100
AcDbEntity
  8
S-AN
100
AcDbLine
 10
16.44
 20
-31.21
 30
0.0
 11
16.62
 21
-31.39
 31
0.0
  0
CIRCLE
  5
404
330
17
100
AcDbEntity
  8
S-AJ
100
AcDbCircle
 10
16.73
 20
-31.3
 30
0.0
 40
0.09
  0
LINE
  5
405
330
17
100
AcDbEntity
  8
S-AJ
100
AcDbLine
 10
16.64
 20
-31.39
 30
0.0
 11
16.82
 21
-31.21
 31
0.0
  0
LINE
  5
406
330
17
100
AcDbEntity
  8
S-AJ
100
AcDbLine
 10
16.64
 20
-31.21
 30
0.0
 11
16.82
 21
-31.39
 31
0.0
  0
LINE
  5
407
330
17
100
AcDbEntity
  8
S-FINO
100
AcDbLine
 10
15.6
 20
-31.45
 30
0.0
 11
15.75
 21
-32.55
 31
0.0
  0
TEXT
  5
408
330
17
100
AcDbEntity
  8
S-TXT
100
AcDbText
 10
15.83
 20
-32.55
 30
0.0
 40
0.17
  1
WC 4"
  7
ARIAL
 11
15.83
 21
-32.55
 31
0.0
100
AcDbText
 73
2
  0
LINE
  5
409
330
17
100
AcDbEntity
  8
S-FINO
100
AcDbLine
 10
14.95
 20
-31.35
 30
0.0
 11
14.5
 21
-31.799999999999997
 31
0.0
  0
TEXT
  5
40A
330
17
100
AcDbEntity
  8
S-TXT
100
AcDbText
 10
14.42
 20
-31.799999999999997
 30
0.0
 40
0.17
  1
LM 2"
  7
ARIAL
 72
2
 11
14.42
 21
-31.799999999999997
 31
0.0
100
AcDbText
 73
2
  0
LINE
  5
40B
330
17
100
AcDbEntity
  8
S-FINO
100
AcDbLine
 10
16.4
 20
-31.9
 30
0.0
 11
17.2
 21
-32.2
 31
0.0
  0
TEXT
  5
40C
330
17
100
AcDbEntity
  8
S-TXT
100
AcDbText
 10
17.279999999999998
 20
-32.2
 30
0.0
 40
0.17
  1
SP 2"
  7
ARIAL
 11
17.279999999999998
 21
-32.2
 31
0.0
100
AcDbText
 73
2
  0
LINE
  5
40D
330
17
100
AcDbEntity
  8
S-FINO
100
AcDbLine
 10
16.63
 20
-31.3
 30
0.0
 11
17.529999999999998
 21
-31.6
 31
0.0
  0
TEXT
  5
40E
330
17
100
AcDbEntity
  8
S-TXT
100
AcDbText
 10
17.609999999999996
 20
-31.6
 30
0.0
 40
0.17
  1
VENT. 2"
  7
ARIAL
 11
17.609999999999996
 21
-31.6
 31
0.0
100
AcDbText
 73
2
  0
LWPOLYLINE
  5
40F
330
17
100
AcDbEntity
  8
S-AN
100
AcDbPolyline
 90
2
 70
0
 10
3.43
 20
-15.05
 10
3.55
 20
-14.55
  0
LWPOLYLINE
  5
410
330
17
100
AcDbEntity
  8
S-AJ
 48
0.02
100
AcDbPolyline
 90
2
 70
0
 10
2.64
 20
-15.5
 10
2.85
 20
-14.55
  0
LWPOLYLINE
  5
411
330
17
100
AcDbEntity
  8
S-AJ
 48
0.02
100
AcDbPolyline
 90
4
 70
0
 10
4.05
 20
-14.85
 10
3.88
 20
-14.7
 10
2.7
 20
-14.7
 10
2.85
 20
-14.55
  0
CIRCLE
  5
412
330
17
100
AcDbEntity
  8
S-ACC
100
AcDbCircle
 10
2.64
 20
-15.5
 30
0.0
 40
0.08
  0
CIRCLE
  5
413
330
17
100
AcDbEntity
  8
S-ACC
100
AcDbCircle
 10
2.64
 20
-15.5
 30
0.0
 40
0.03
  0
CIRCLE
  5
414
330
17
100
AcDbEntity
  8
S-ACC
100
AcDbCircle
 10
3.43
 20
-15.05
 30
0.0
 40
0.07
  0
HATCH
  5
415
330
17
100
AcDbEntity
  8
S-ACC
 62
7
100
AcDbHatch
 10
0.0
 20
0.0
 30
0.0
210
0.0
220
0.0
230
1.0
  2
SOLID
 70
1
 71
0
 91
1
 92
1
 93
1
 72
2
 10
3.43
 20
-15.05
 40
0.07
 50
0
 51
360
 73
1
 97
0
 75
0
 76
1
 98
0
  0
CIRCLE
  5
416
330
17
100
AcDbEntity
  8
S-ACC
100
AcDbCircle
 10
4.05
 20
-14.85
 30
0.0
 40
0.07
  0
HATCH
  5
417
330
17
100
AcDbEntity
  8
S-ACC
 62
7
100
AcDbHatch
 10
0.0
 20
0.0
 30
0.0
210
0.0
220
0.0
230
1.0
  2
SOLID
 70
1
 71
0
 91
1
 92
1
 93
1
 72
2
 10
4.05
 20
-14.85
 40
0.07
 50
0
 51
360
 73
1
 97
0
 75
0
 76
1
 98
0
  0
LINE
  5
418
330
17
100
AcDbEntity
  8
S-FINO
100
AcDbLine
 10
3.43
 20
-15.05
 30
0.0
 11
3.43
 21
-15.6
 31
0.0
  0
TEXT
  5
419
330
17
100
AcDbEntity
  8
S-TXT
100
AcDbText
 10
3.5100000000000002
 20
-15.6
 30
0.0
 40
0.17
  1
WC 4"
  7
ARIAL
 11
3.5100000000000002
 21
-15.6
 31
0.0
100
AcDbText
 73
2
  0
LINE
  5
41A
330
17
100
AcDbEntity
  8
S-FINO
100
AcDbLine
 10
2.64
 20
-15.5
 30
0.0
 11
2.09
 21
-15.95
 31
0.0
  0
TEXT
  5
41B
330
17
100
AcDbEntity
  8
S-TXT
100
AcDbText
 10
2.01
 20
-15.95
 30
0.0
 40
0.17
  1
SP 2"
  7
ARIAL
 72
2
 11
2.01
 21
-15.95
 31
0.0
100
AcDbText
 73
2
  0
LINE
  5
41C
330
17
100
AcDbEntity
  8
S-FINO
100
AcDbLine
 10
4.05
 20
-14.85
 30
0.0
 11
4.5
 21
-14.399999999999999
 31
0.0
  0
TEXT
  5
41D
330
17
100
AcDbEntity
  8
S-TXT
100
AcDbText
 10
4.58
 20
-14.399999999999999
 30
0.0
 40
0.17
  1
LM 2"
  7
ARIAL
 11
4.58
 21
-14.399999999999999
 31
0.0
100
AcDbText
 73
2
  0
LWPOLYLINE
  5
41E
330
17
100
AcDbEntity
  8
S-FINO
100
AcDbPolyline
 90
4
 70
1
 10
2.65
 20
-14.61
 10
2.65
 20
-14.4
 10
3.75
 20
-14.4
 10
3.75
 20
-14.61
  0
CIRCLE
  5
41F
330
17
100
AcDbEntity
  8
S-AN
100
AcDbCircle
 10
3.55
 20
-14.55
 30
0.0
 40
0.09
  0
LINE
  5
420
330
17
100
AcDbEntity
  8
S-AN
100
AcDbLine
 10
3.46
 20
-14.64
 30
0.0
 11
3.6399999999999997
 21
-14.46
 31
0.0
  0
LINE
  5
421
330
17
100
AcDbEntity
  8
S-AN
100
AcDbLine
 10
3.46
 20
-14.46
 30
0.0
 11
3.6399999999999997
 21
-14.64
 31
0.0
  0
CIRCLE
  5
422
330
17
100
AcDbEntity
  8
S-AJ
100
AcDbCircle
 10
2.85
 20
-14.55
 30
0.0
 40
0.09
  0
LINE
  5
423
330
17
100
AcDbEntity
  8
S-AJ
100
AcDbLine
 10
2.7600000000000002
 20
-14.64
 30
0.0
 11
2.94
 21
-14.46
 31
0.0
  0
LINE
  5
424
330
17
100
AcDbEntity
  8
S-AJ
100
AcDbLine
 10
2.7600000000000002
 20
-14.46
 30
0.0
 11
2.94
 21
-14.64
 31
0.0
  0
LWPOLYLINE
  5
425
330
17
100
AcDbEntity
  8
S-ACC
100
AcDbPolyline
 90
4
 70
1
 10
16.43
 20
-11.45
 10
16.43
 20
-11.15
 10
16.83
 20
-11.15
 10
16.83
 20
-11.45
  0
CIRCLE
  5
426
330
17
100
AcDbEntity
  8
S-AN
100
AcDbCircle
 10
16.53
 20
-11.3
 30
0.0
 40
0.09
  0
LINE
  5
427
330
17
100
AcDbEntity
  8
S-AN
100
AcDbLine
 10
16.44
 20
-11.39
 30
0.0
 11
16.62
 21
-11.21
 31
0.0
  0
LINE
  5
428
330
17
100
AcDbEntity
  8
S-AN
100
AcDbLine
 10
16.44
 20
-11.21
 30
0.0
 11
16.62
 21
-11.39
 31
0.0
  0
CIRCLE
  5
429
330
17
100
AcDbEntity
  8
S-AJ
100
AcDbCircle
 10
16.73
 20
-11.3
 30
0.0
 40
0.09
  0
LINE
  5
42A
330
17
100
AcDbEntity
  8
S-AJ
100
AcDbLine
 10
16.64
 20
-11.39
 30
0.0
 11
16.82
 21
-11.21
 31
0.0
  0
LINE
  5
42B
330
17
100
AcDbEntity
  8
S-AJ
100
AcDbLine
 10
16.64
 20
-11.21
 30
0.0
 11
16.82
 21
-11.39
 31
0.0
  0
LWPOLYLINE
  5
42C
330
17
100
AcDbEntity
  8
S-AJ
 48
0.02
100
AcDbPolyline
 90
4
 70
0
 10
16.55
 20
-13.2
 10
16.55
 20
-11.6
 10
16.73
 20
-11.45
 10
16.73
 20
-11.3
  0
CIRCLE
  5
42D
330
17
100
AcDbEntity
  8
S-ACC
100
AcDbCircle
 10
16.55
 20
-13.2
 30
0.0
 40
0.07
  0
HATCH
  5
42E
330
17
100
AcDbEntity
  8
S-ACC
 62
7
100
AcDbHatch
 10
0.0
 20
0.0
 30
0.0
210
0.0
220
0.0
230
1.0
  2
SOLID
 70
1
 71
0
 91
1
 92
1
 93
1
 72
2
 10
16.55
 20
-13.2
 40
0.07
 50
0
 51
360
 73
1
 97
0
 75
0
 76
1
 98
0
  0
LINE
  5
42F
330
17
100
AcDbEntity
  8
S-FINO
100
AcDbLine
 10
16.55
 20
-13.2
 30
0.0
 11
17.400000000000002
 21
-13.600000000000001
 31
0.0
  0
TEXT
  5
430
330
17
100
AcDbEntity
  8
S-TXT
100
AcDbText
 10
17.48
 20
-13.600000000000001
 30
0.0
 40
0.17
  1
LP 2"
  7
ARIAL
 11
17.48
 21
-13.600000000000001
 31
0.0
100
AcDbText
 73
2
  0
LINE
  5
431
330
17
100
AcDbEntity
  8
S-FINO
100
AcDbLine
 10
16.5
 20
-11.45
 30
0.0
 11
15.7
 21
-12.2
 31
0.0
  0
TEXT
  5
432
330
17
100
AcDbEntity
  8
S-TXT
100
AcDbText
 10
15.62
 20
-12.2
 30
0.0
 40
0.17
  1
DUCTO (PD)
  7
ARIAL
 72
2
 11
15.62
 21
-12.2
 31
0.0
100
AcDbText
 73
2
  0
LWPOLYLINE
  5
433
330
17
100
AcDbEntity
  8
S-ACC
100
AcDbPolyline
 90
4
 70
1
 10
24.63
 20
-15.01
 10
24.63
 20
-14.71
 10
25.03
 20
-14.71
 10
25.03
 20
-15.01
  0
CIRCLE
  5
434
330
17
100
AcDbEntity
  8
S-AN
100
AcDbCircle
 10
24.73
 20
-14.86
 30
0.0
 40
0.09
  0
LINE
  5
435
330
17
100
AcDbEntity
  8
S-AN
100
AcDbLine
 10
24.64
 20
-14.95
 30
0.0
 11
24.82
 21
-14.77
 31
0.0
  0
LINE
  5
436
330
17
100
AcDbEntity
  8
S-AN
100
AcDbLine
 10
24.64
 20
-14.77
 30
0.0
 11
24.82
 21
-14.95
 31
0.0
  0
CIRCLE
  5
437
330
17
100
AcDbEntity
  8
S-AJ
100
AcDbCircle
 10
24.93
 20
-14.86
 30
0.0
 40
0.09
  0
LINE
  5
438
330
17
100
AcDbEntity
  8
S-AJ
100
AcDbLine
 10
24.84
 20
-14.95
 30
0.0
 11
25.02
 21
-14.77
 31
0.0
  0
LINE
  5
439
330
17
100
AcDbEntity
  8
S-AJ
100
AcDbLine
 10
24.84
 20
-14.77
 30
0.0
 11
25.02
 21
-14.95
 31
0.0
  0
LINE
  5
43A
330
17
100
AcDbEntity
  8
S-FINO
100
AcDbLine
 10
24.63
 20
-14.86
 30
0.0
 11
23.23
 21
-15.16
 31
0.0
  0
TEXT
  5
43B
330
17
100
AcDbEntity
  8
S-TXT
100
AcDbText
 10
23.150000000000002
 20
-15.16
 30
0.0
 40
0.17
  1
DUCTO (PD)
  7
ARIAL
 72
2
 11
23.150000000000002
 21
-15.16
 31
0.0
100
AcDbText
 73
2
  0
LWPOLYLINE
  5
43C
330
17
100
AcDbEntity
  8
S-AN
100
AcDbPolyline
 90
3
 70
0
 10
3.55
 20
5.45
 10
7.4
 20
5.45
 10
7.45
 20
5.1
  0
LWPOLYLINE
  5
43D
330
17
100
AcDbEntity
  8
S-AJ
 48
0.02
100
AcDbPolyline
 90
4
 70
0
 10
2.85
 20
5.45
 10
3.05
 20
5.7
 10
7.92
 20
5.7
 10
7.92
 20
5.1
  0
CIRCLE
  5
43E
330
17
100
AcDbEntity
  8
S-AN
100
AcDbCircle
 10
3.55
 20
5.45
 30
0.0
 40
0.09
  0
LINE
  5
43F
330
17
100
AcDbEntity
  8
S-AN
100
AcDbLine
 10
3.46
 20
5.36
 30
0.0
 11
3.6399999999999997
 21
5.54
 31
0.0
  0
LINE
  5
440
330
17
100
AcDbEntity
  8
S-AN
100
AcDbLine
 10
3.46
 20
5.54
 30
0.0
 11
3.6399999999999997
 21
5.36
 31
0.0
  0
CIRCLE
  5
441
330
17
100
AcDbEntity
  8
S-AJ
100
AcDbCircle
 10
2.85
 20
5.45
 30
0.0
 40
0.09
  0
LINE
  5
442
330
17
100
AcDbEntity
  8
S-AJ
100
AcDbLine
 10
2.7600000000000002
 20
5.36
 30
0.0
 11
2.94
 21
5.54
 31
0.0
  0
LINE
  5
443
330
17
100
AcDbEntity
  8
S-AJ
100
AcDbLine
 10
2.7600000000000002
 20
5.54
 30
0.0
 11
2.94
 21
5.36
 31
0.0
  0
CIRCLE
  5
444
330
17
100
AcDbEntity
  8
S-AN
100
AcDbCircle
 10
7.45
 20
5.1
 30
0.0
 40
0.09
  0
LINE
  5
445
330
17
100
AcDbEntity
  8
S-AN
100
AcDbLine
 10
7.36
 20
5.01
 30
0.0
 11
7.54
 21
5.1899999999999995
 31
0.0
  0
LINE
  5
446
330
17
100
AcDbEntity
  8
S-AN
100
AcDbLine
 10
7.36
 20
5.1899999999999995
 30
0.0
 11
7.54
 21
5.01
 31
0.0
  0
CIRCLE
  5
447
330
17
100
AcDbEntity
  8
S-AJ
100
AcDbCircle
 10
7.92
 20
5.1
 30
0.0
 40
0.09
  0
LINE
  5
448
330
17
100
AcDbEntity
  8
S-AJ
100
AcDbLine
 10
7.83
 20
5.01
 30
0.0
 11
8.01
 21
5.1899999999999995
 31
0.0
  0
LINE
  5
449
330
17
100
AcDbEntity
  8
S-AJ
100
AcDbLine
 10
7.83
 20
5.1899999999999995
 30
0.0
 11
8.01
 21
5.01
 31
0.0
  0
TEXT
  5
44A
330
17
100
AcDbEntity
  8
S-TXT
100
AcDbText
 10
2.55
 20
6.4
 30
0.0
 40
0.17
  1
COLECTORES AN / AG COLGADOS
  7
ARIAL
 11
2.55
 21
6.4
 31
0.0
100
AcDbText
 73
2
  0
TEXT
  5
44B
330
17
100
AcDbEntity
  8
S-TXT
100
AcDbText
 10
2.55
 20
6.15
 30
0.0
 40
0.17
  1
BAJO LA LOSA DEL N2, CON FORRO (PD)
  7
ARIAL
 11
2.55
 21
6.15
 31
0.0
100
AcDbText
 73
2
  0
LINE
  5
44C
330
17
100
AcDbEntity
  8
S-FINO
100
AcDbLine
 10
7.45
 20
5.1
 30
0.0
 11
6.9
 21
4.35
 31
0.0
  0
TEXT
  5
44D
330
17
100
AcDbEntity
  8
S-TXT
100
AcDbText
 10
6.82
 20
4.35
 30
0.0
 40
0.17
  1
BAJAN JUNTO A C2
  7
ARIAL
 72
2
 11
6.82
 21
4.35
 31
0.0
100
AcDbText
 73
2
  0
LWPOLYLINE
  5
44E
330
17
100
AcDbEntity
  8
S-AN
100
AcDbPolyline
 90
3
 70
0
 10
7.45
 20
5.1
 10
7.45
 20
6.6
 10
7.875
 20
6.6
  0
LWPOLYLINE
  5
44F
330
17
100
AcDbEntity
  8
S-AJ
 48
0.02
100
AcDbPolyline
 90
2
 70
0
 10
7.92
 20
5.1
 10
8.1
 20
5.775
  0
CIRCLE
  5
450
330
17
100
AcDbEntity
  8
S-AN
100
AcDbCircle
 10
16.53
 20
8.7
 30
0.0
 40
0.09
  0
LINE
  5
451
330
17
100
AcDbEntity
  8
S-AN
100
AcDbLine
 10
16.44
 20
8.61
 30
0.0
 11
16.62
 21
8.79
 31
0.0
  0
LINE
  5
452
330
17
100
AcDbEntity
  8
S-AN
100
AcDbLine
 10
16.44
 20
8.79
 30
0.0
 11
16.62
 21
8.61
 31
0.0
  0
CIRCLE
  5
453
330
17
100
AcDbEntity
  8
S-AJ
100
AcDbCircle
 10
16.73
 20
8.7
 30
0.0
 40
0.09
  0
LINE
  5
454
330
17
100
AcDbEntity
  8
S-AJ
100
AcDbLine
 10
16.64
 20
8.61
 30
0.0
 11
16.82
 21
8.79
 31
0.0
  0
LINE
  5
455
330
17
100
AcDbEntity
  8
S-AJ
100
AcDbLine
 10
16.64
 20
8.79
 30
0.0
 11
16.82
 21
8.61
 31
0.0
  0
LWPOLYLINE
  5
456
330
17
100
AcDbEntity
  8
S-AN
100
AcDbPolyline
 90
2
 70
0
 10
16.53
 20
8.7
 10
16.4
 20
7.275
  0
LWPOLYLINE
  5
457
330
17
100
AcDbEntity
  8
S-AJ
 48
0.02
100
AcDbPolyline
 90
2
 70
0
 10
16.73
 20
8.7
 10
17.4
 20
7.275
  0
LWPOLYLINE
  5
458
330
17
100
AcDbEntity
  8
S-AN
100
AcDbPolyline
 90
2
 70
0
 10
16.3
 20
6.825
 10
16.3
 20
6.6
  0
LWPOLYLINE
  5
459
330
17
100
AcDbEntity
  8
S-AJ
 48
0.02
100
AcDbPolyline
 90
2
 70
0
 10
17.4
 20
6.825
 10
17.4
 20
6.0
  0
LINE
  5
45A
330
17
100
AcDbEntity
  8
S-FINO
100
AcDbLine
 10
16.63
 20
8.7
 30
0.0
 11
17.73
 21
7.749999999999999
 31
0.0
  0
TEXT
  5
45B
330
17
100
AcDbEntity
  8
S-TXT
100
AcDbText
 10
17.81
 20
7.749999999999999
 30
0.0
 40
0.17
  1
BAJANTES SUITE 2 Y FREGADERO
  7
ARIAL
 11
17.81
 21
7.749999999999999
 31
0.0
100
AcDbText
 73
2
  0
CIRCLE
  5
45C
330
17
100
AcDbEntity
  8
S-AN
100
AcDbCircle
 10
24.73
 20
5.14
 30
0.0
 40
0.09
  0
LINE
  5
45D
330
17
100
AcDbEntity
  8
S-AN
100
AcDbLine
 10
24.64
 20
5.05
 30
0.0
 11
24.82
 21
5.2299999999999995
 31
0.0
  0
LINE
  5
45E
330
17
100
AcDbEntity
  8
S-AN
100
AcDbLine
 10
24.64
 20
5.2299999999999995
 30
0.0
 11
24.82
 21
5.05
 31
0.0
  0
CIRCLE
  5
45F
330
17
100
AcDbEntity
  8
S-AJ
100
AcDbCircle
 10
24.93
 20
5.14
 30
0.0
 40
0.09
  0
LINE
  5
460
330
17
100
AcDbEntity
  8
S-AJ
100
AcDbLine
 10
24.84
 20
5.05
 30
0.0
 11
25.02
 21
5.2299999999999995
 31
0.0
  0
LINE
  5
461
330
17
100
AcDbEntity
  8
S-AJ
100
AcDbLine
 10
24.84
 20
5.2299999999999995
 30
0.0
 11
25.02
 21
5.05
 31
0.0
  0
LWPOLYLINE
  5
462
330
17
100
AcDbEntity
  8
S-AJ
 48
0.02
100
AcDbPolyline
 90
2
 70
0
 10
24.93
 20
5.14
 10
24.5
 20
5.775
  0
LWPOLYLINE
  5
463
330
17
100
AcDbEntity
  8
S-AN
100
AcDbPolyline
 90
4
 70
0
 10
24.73
 20
5.14
 10
24.05
 20
5.4
 10
24.05
 20
6.45
 10
24.175
 20
6.45
  0
LINE
  5
464
330
17
100
AcDbEntity
  8
S-FINO
100
AcDbLine
 10
24.83
 20
5.14
 30
0.0
 11
24.599999999999998
 21
3.6999999999999997
 31
0.0
  0
TEXT
  5
465
330
17
100
AcDbEntity
  8
S-TXT
100
AcDbText
 10
24.52
 20
3.6999999999999997
 30
0.0
 40
0.17
  1
BAJANTES SUITE 3 (JUNTO A C6)
  7
ARIAL
 72
2
 11
24.52
 21
3.6999999999999997
 31
0.0
100
AcDbText
 73
2
  0
LWPOLYLINE
  5
466
330
17
100
AcDbEntity
  8
S-ACC
100
AcDbPolyline
 90
4
 70
1
 10
22.779999999999998
 20
5.58
 10
22.779999999999998
 20
6.42
 10
23.62
 20
6.42
 10
23.62
 20
5.58
  0
LWPOLYLINE
  5
467
330
17
100
AcDbEntity
  8
S-FINO
100
AcDbPolyline
 90
4
 70
1
 10
22.9
 20
5.7
 10
22.9
 20
6.3
 10
23.5
 20
6.3
 10
23.5
 20
5.7
  0
TEXT
  5
468
330
17
100
AcDbEntity
  8
S-TXT
100
AcDbText
 10
23.2
 20
6.0
 30
0.0
 40
0.12
  1
TG
  7
ARIAL
 72
1
 11
23.2
 21
6.0
 31
0.0
100
AcDbText
 73
2
  0
LINE
  5
469
330
17
100
AcDbEntity
  8
S-FINO
100
AcDbLine
 10
23.0
 20
5.58
 30
0.0
 11
22.3
 21
5.0
 31
0.0
  0
TEXT
  5
46A
330
17
100
AcDbEntity
  8
S-TXT
100
AcDbText
 10
22.220000000000002
 20
5.0
 30
0.0
 40
0.17
  1
TG (DET. 1 Y 3)
  7
ARIAL
 72
2
 11
22.220000000000002
 21
5.0
 31
0.0
100
AcDbText
 73
2
  0
LWPOLYLINE
  5
46B
330
17
100
AcDbEntity
  8
S-AN
100
AcDbPolyline
 90
3
 70
0
 10
8.325
 20
6.6
 10
16.3
 20
6.6
 10
24.175
 20
6.6
  0
LWPOLYLINE
  5
46C
330
17
100
AcDbEntity
  8
S-AJ
 48
0.02
100
AcDbPolyline
 90
3
 70
0
 10
8.325
 20
6.0
 10
17.4
 20
6.0
 10
22.779999999999998
 20
6.0
  0
LWPOLYLINE
  5
46D
330
17
100
AcDbEntity
  8
S-AJ
 48
0.02
100
AcDbPolyline
 90
2
 70
0
 10
23.62
 20
6.0
 10
24.175
 20
6.0
  0
LWPOLYLINE
  5
46E
330
17
100
AcDbEntity
  8
S-ACC
100
AcDbPolyline
 90
4
 70
1
 10
7.875
 20
5.775
 10
7.875
 20
6.225
 10
8.325
 20
6.225
 10
8.325
 20
5.775
  0
LWPOLYLINE
  5
46F
330
17
100
AcDbEntity
  8
S-FINO
100
AcDbPolyline
 90
4
 70
1
 10
7.925
 20
5.825
 10
7.925
 20
6.175
 10
8.274999999999999
 20
6.175
 10
8.274999999999999
 20
5.825
  0
TEXT
  5
470
330
17
100
AcDbEntity
  8
S-TXT
100
AcDbText
 10
8.1
 20
6.0
 30
0.0
 40
0.11
  1
CR
  7
ARIAL
 72
1
 11
8.1
 21
6.0
 31
0.0
100
AcDbText
 73
2
  0
LWPOLYLINE
  5
471
330
17
100
AcDbEntity
  8
S-ACC
100
AcDbPolyline
 90
4
 70
1
 10
7.875
 20
6.375
 10
7.875
 20
6.824999999999999
 10
8.325
 20
6.824999999999999
 10
8.325
 20
6.375
  0
LWPOLYLINE
  5
472
330
17
100
AcDbEntity
  8
S-FINO
100
AcDbPolyline
 90
4
 70
1
 10
7.925
 20
6.425
 10
7.925
 20
6.7749999999999995
 10
8.274999999999999
 20
6.7749999999999995
 10
8.274999999999999
 20
6.425
  0
TEXT
  5
473
330
17
100
AcDbEntity
  8
S-TXT
100
AcDbText
 10
8.1
 20
6.6
 30
0.0
 40
0.11
  1
CR
  7
ARIAL
 72
1
 11
8.1
 21
6.6
 31
0.0
100
AcDbText
 73
2
  0
LWPOLYLINE
  5
474
330
17
100
AcDbEntity
  8
S-ACC
100
AcDbPolyline
 90
4
 70
1
 10
16.075
 20
6.825
 10
16.075
 20
7.2749999999999995
 10
16.525000000000002
 20
7.2749999999999995
 10
16.525000000000002
 20
6.825
  0
LWPOLYLINE
  5
475
330
17
100
AcDbEntity
  8
S-FINO
100
AcDbPolyline
 90
4
 70
1
 10
16.125
 20
6.875
 10
16.125
 20
7.225
 10
16.475
 20
7.225
 10
16.475
 20
6.875
  0
TEXT
  5
476
330
17
100
AcDbEntity
  8
S-TXT
100
AcDbText
 10
16.3
 20
7.05
 30
0.0
 40
0.11
  1
CR
  7
ARIAL
 72
1
 11
16.3
 21
7.05
 31
0.0
100
AcDbText
 73
2
  0
LWPOLYLINE
  5
477
330
17
100
AcDbEntity
  8
S-ACC
100
AcDbPolyline
 90
4
 70
1
 10
17.174999999999997
 20
6.825
 10
17.174999999999997
 20
7.2749999999999995
 10
17.625
 20
7.2749999999999995
 10
17.625
 20
6.825
  0
LWPOLYLINE
  5
478
330
17
100
AcDbEntity
  8
S-FINO
100
AcDbPolyline
 90
4
 70
1
 10
17.224999999999998
 20
6.875
 10
17.224999999999998
 20
7.225
 10
17.575
 20
7.225
 10
17.575
 20
6.875
  0
TEXT
  5
479
330
17
100
AcDbEntity
  8
S-TXT
100
AcDbText
 10
17.4
 20
7.05
 30
0.0
 40
0.11
  1
CR
  7
ARIAL
 72
1
 11
17.4
 21
7.05
 31
0.0
100
AcDbText
 73
2
  0
LWPOLYLINE
  5
47A
330
17
100
AcDbEntity
  8
S-ACC
100
AcDbPolyline
 90
4
 70
1
 10
24.174999999999997
 20
5.775
 10
24.174999999999997
 20
6.225
 10
24.625
 20
6.225
 10
24.625
 20
5.775
  0
LWPOLYLINE
  5
47B
330
17
100
AcDbEntity
  8
S-FINO
100
AcDbPolyline
 90
4
 70
1
 10
24.224999999999998
 20
5.825
 10
24.224999999999998
 20
6.175
 10
24.575
 20
6.175
 10
24.575
 20
5.825
  0
TEXT
  5
47C
330
17
100
AcDbEntity
  8
S-TXT
100
AcDbText
 10
24.4
 20
6.0
 30
0.0
 40
0.11
  1
CR
  7
ARIAL
 72
1
 11
24.4
 21
6.0
 31
0.0
100
AcDbText
 73
2
  0
LWPOLYLINE
  5
47D
330
17
100
AcDbEntity
  8
S-ACC
100
AcDbPolyline
 90
4
 70
1
 10
24.174999999999997
 20
6.375
 10
24.174999999999997
 20
6.824999999999999
 10
24.625
 20
6.824999999999999
 10
24.625
 20
6.375
  0
LWPOLYLINE
  5
47E
330
17
100
AcDbEntity
  8
S-FINO
100
AcDbPolyline
 90
4
 70
1
 10
24.224999999999998
 20
6.425
 10
24.224999999999998
 20
6.7749999999999995
 10
24.575
 20
6.7749999999999995
 10
24.575
 20
6.425
  0
TEXT
  5
47F
330
17
100
AcDbEntity
  8
S-TXT
100
AcDbText
 10
24.4
 20
6.6
 30
0.0
 40
0.11
  1
CR
  7
ARIAL
 72
1
 11
24.4
 21
6.6
 31
0.0
100
AcDbText
 73
2
  0
TEXT
  5
480
330
17
100
AcDbEntity
  8
S-TXT
100
AcDbText
 10
9.0
 20
6.8
 30
0.0
 40
0.17
  1
COLECTOR AN 4" (PVC SDR-26) [PR]
  7
ARIAL
 11
9.0
 21
6.8
 31
0.0
100
AcDbText
 73
2
  0
TEXT
  5
481
330
17
100
AcDbEntity
  8
S-TXT
100
AcDbText
 10
9.0
 20
5.75
 30
0.0
 40
0.17
  1
COLECTOR AG 4" (PVC SDR-26) [PR]
  7
ARIAL
 11
9.0
 21
5.75
 31
0.0
100
AcDbText
 73
2
  0
LWPOLYLINE
  5
482
330
17
100
AcDbEntity
  8
S-AN
100
AcDbPolyline
 90
4
 70
0
 10
24.625
 20
6.6
 10
25.3
 20
6.6
 10
25.55
 20
7.9
 10
26.415
 20
7.9
  0
LWPOLYLINE
  5
483
330
17
100
AcDbEntity
  8
S-AJ
 48
0.02
100
AcDbPolyline
 90
4
 70
0
 10
24.625
 20
6.0
 10
25.4
 20
6.0
 10
25.7
 20
7.7
 10
26.415
 20
7.7
  0
LWPOLYLINE
  5
484
330
17
100
AcDbEntity
  8
S-ACC
100
AcDbPolyline
 90
4
 70
1
 10
26.415
 20
7.575
 10
26.415
 20
8.025
 10
26.865000000000002
 20
8.025
 10
26.865000000000002
 20
7.575
  0
LWPOLYLINE
  5
485
330
17
100
AcDbEntity
  8
S-FINO
100
AcDbPolyline
 90
4
 70
1
 10
26.465
 20
7.625
 10
26.465
 20
7.9750000000000005
 10
26.815
 20
7.9750000000000005
 10
26.815
 20
7.625
  0
TEXT
  5
486
330
17
100
AcDbEntity
  8
S-TXT
100
AcDbText
 10
26.64
 20
7.8
 30
0.0
 40
0.11
  1
CR
  7
ARIAL
 72
1
 11
26.64
 21
7.8
 31
0.0
100
AcDbText
 73
2
  0
LWPOLYLINE
  5
487
330
17
100
AcDbEntity
  8
S-ACC
100
AcDbPolyline
 90
4
 70
1
 10
27.625
 20
0.5750000000000001
 10
27.625
 20
1.0250000000000001
 10
28.075000000000003
 20
1.0250000000000001
 10
28.075000000000003
 20
0.5750000000000001
  0
LWPOLYLINE
  5
488
330
17
100
AcDbEntity
  8
S-FINO
100
AcDbPolyline
 90
4
 70
1
 10
27.675
 20
0.6250000000000001
 10
27.675
 20
0.9750000000000001
 10
28.025000000000002
 20
0.9750000000000001
 10
28.025000000000002
 20
0.6250000000000001
  0
TEXT
  5
489
330
17
100
AcDbEntity
  8
S-TXT
100
AcDbText
 10
27.85
 20
0.8
 30
0.0
 40
0.11
  1
CR
  7
ARIAL
 72
1
 11
27.85
 21
0.8
 31
0.0
100
AcDbText
 73
2
  0
LWPOLYLINE
  5
48A
330
17
100
AcDbEntity
  8
S-AN
100
AcDbPolyline
 90
2
 70
0
 10
26.64
 20
7.575
 10
26.64
 20
7.24
  0
LWPOLYLINE
  5
48B
330
17
100
AcDbEntity
  8
S-ACC
100
AcDbPolyline
 90
4
 70
1
 10
26.0
 20
5.0
 10
26.0
 20
7.24
 10
27.28
 20
7.24
 10
27.28
 20
5.0
  0
LWPOLYLINE
  5
48C
330
17
100
AcDbEntity
  8
S-FINO
100
AcDbPolyline
 90
4
 70
1
 10
26.12
 20
5.12
 10
26.12
 20
7.12
 10
27.16
 20
7.12
 10
27.16
 20
5.12
  0
LWPOLYLINE
  5
48D
330
17
100
AcDbEntity
  8
S-FINO
100
AcDbPolyline
 90
4
 70
1
 10
26.12
 20
5.67
 10
26.12
 20
5.79
 10
27.16
 20
5.79
 10
27.16
 20
5.67
  0
TEXT
  5
48E
330
17
100
AcDbEntity
  8
S-TXT
100
AcDbText
 10
26.38
 20
6.45
 30
0.0
 40
0.12
  1
TANQUE
 50
90.0
  7
ARIAL
 72
1
 11
26.38
 21
6.45
 31
0.0
100
AcDbText
 73
2
  0
TEXT
  5
48F
330
17
100
AcDbEntity
  8
S-TXT
100
AcDbText
 10
26.62
 20
6.45
 30
0.0
 40
0.12
  1
SÉPTICO
 50
90.0
  7
ARIAL
 72
1
 11
26.62
 21
6.45
 31
0.0
100
AcDbText
 73
2
  0
TEXT
  5
490
330
17
100
AcDbEntity
  8
S-TXT
100
AcDbText
 10
26.9
 20
6.45
 30
0.0
 40
0.12
  1
(DET. 1)
 50
90.0
  7
ARIAL
 72
1
 11
26.9
 21
6.45
 31
0.0
100
AcDbText
 73
2
  0
CIRCLE
  5
491
330
17
100
AcDbEntity
  8
S-ACC
100
AcDbCircle
 10
26.64
 20
4.65
 30
0.0
 40
0.25
  0
LWPOLYLINE
  5
492
330
17
100
AcDbEntity
  8
S-AN
100
AcDbPolyline
 90
2
 70
0
 10
26.64
 20
5.0
 10
26.64
 20
4.9
  0
LWPOLYLINE
  5
493
330
17
100
AcDbEntity
  8
S-AN
100
AcDbPolyline
 90
2
 70
0
 10
26.64
 20
4.4
 10
26.64
 20
4.24
  0
LWPOLYLINE
  5
494
330
17
100
AcDbEntity
  8
S-ACC
100
AcDbPolyline
 90
4
 70
1
 10
26.0
 20
3.2
 10
26.0
 20
4.24
 10
27.28
 20
4.24
 10
27.28
 20
3.2
  0
LWPOLYLINE
  5
495
330
17
100
AcDbEntity
  8
S-FINO
100
AcDbPolyline
 90
4
 70
1
 10
26.12
 20
3.32
 10
26.12
 20
4.12
 10
27.16
 20
4.12
 10
27.16
 20
3.32
  0
TEXT
  5
496
330
17
100
AcDbEntity
  8
S-TXT
100
AcDbText
 10
26.64
 20
3.72
 30
0.0
 40
0.13
  1
FAFA
 50
90.0
  7
ARIAL
 72
1
 11
26.64
 21
3.72
 31
0.0
100
AcDbText
 73
2
  0
TEXT
  5
497
330
17
100
AcDbEntity
  8
S-TXT
100
AcDbText
 10
26.64
 20
4.65
 30
0.0
 40
0.12
  1
CI
  7
ARIAL
 72
1
 11
26.64
 21
4.65
 31
0.0
100
AcDbText
 73
2
  0
LWPOLYLINE
  5
498
330
17
100
AcDbEntity
  8
S-AN
100
AcDbPolyline
 90
3
 70
0
 10
26.64
 20
3.2
 10
26.64
 20
0.8
 10
27.625
 20
0.8
  0
LWPOLYLINE
  5
499
330
17
100
AcDbEntity
  8
S-FINO
100
AcDbPolyline
 90
4
 70
1
 10
27.6
 20
1.0250000000000001
 10
27.6
 20
8.4
 10
28.1
 20
8.4
 10
28.1
 20
1.0250000000000001
  0
LWPOLYLINE
  5
49A
330
17
100
AcDbEntity
  8
S-AN
100
AcDbPolyline
 90
2
 70
0
 10
27.85
 20
1.0250000000000001
 10
27.85
 20
8.4
  0
TEXT
  5
49B
330
17
100
AcDbEntity
  8
S-TXT
100
AcDbText
 10
27.44
 20
1.25
 30
0.0
 40
0.12
  1
DRENAJE: TUBO PERFORADO 4" EN ZANJA 0.50, L = 7.40 (PD) - DET. 2
 50
90.0
  7
ARIAL
 11
27.44
 21
1.25
 31
0.0
100
AcDbText
 73
2
  0
TEXT
  5
49C
330
17
100
AcDbEntity
  8
S-TXT
100
AcDbText
 10
25.45
 20
0.35
 30
0.0
 40
0.13
  1
PATIO POSTERIOR - JARDÍN SECO
 50
90.0
  7
ARIAL
 11
25.45
 21
0.35
 31
0.0
100
AcDbText
 73
2
  0
VIEWPORT
  5
4A1
330
49D
100
AcDbEntity
 67
1
  8
VIEWPORTS
100
AcDbViewport
 10
420.5
 20
297.0
 30
0.0
 40
925.1
 41
653.4000000000001
 68
1
 69
1
 12
420.5
 22
297.0
 13
0.0
 23
0.0
 14
10.0
 24
10.0
 15
10.0
 25
10.0
 16
0.0
 26
0.0
 36
1.0
 17
0.0
 27
0.0
 37
0.0
 42
50.0
 43
0.0
 44
0.0
 45
653.4000000000001
 50
0.0
 51
0.0
 72
100
 90
557088
  1

281
0
 71
0
 74
0
110
0.0
120
0.0
130
0.0
111
1.0
121
0.0
131
0.0
112
0.0
122
1.0
132
0.0
 79
0
146
0.0
282
0
  0
LWPOLYLINE
  5
4A2
330
49D
100
AcDbEntity
 67
1
  8
A-VIEWPORT
100
AcDbPolyline
 90
4
 70
1
 10
0.0
 20
0.0
 10
841.0
 20
0.0
 10
841.0
 20
594.0
 10
0.0
 20
594.0
  0
LWPOLYLINE
  5
4A3
330
49D
100
AcDbEntity
 67
1
  8
A-MARCO
100
AcDbPolyline
 90
4
 70
1
 10
25.0
 20
10.0
 10
831.0
 20
10.0
 10
831.0
 20
584.0
 10
25.0
 20
584.0
  0
TEXT
  5
4A4
330
49D
100
AcDbEntity
 67
1
  8
A-TEXTO
100
AcDbText
 10
25.0
 20
4.0
 30
0.0
 40
1.8
  1
FORMATO A1  841 mm x 594 mm
  7
ARIAL
 11
25.0
 21
4.0
 31
0.0
100
AcDbText
  0
VIEWPORT
  5
4A5
330
49D
100
AcDbEntity
 67
1
  8
A-VIEWPORT
100
AcDbViewport
 10
186.0
 20
512.0
 30
0.0
 40
316.0
 41
136.0
 68
2
 69
3
 12
14.8
 22
-36.25
 13
0.0
 23
0.0
 14
10.0
 24
10.0
 15
10.0
 25
10.0
 16
0.0
 26
0.0
 36
1.0
 17
0.0
 27
0.0
 37
0.0
 42
50.0
 43
0.0
 44
0.0
 45
13.6
 50
0.0
 51
0.0
 72
100
 90
16384
  1

281
0
 71
0
 74
0
110
0.0
120
0.0
130
0.0
111
1.0
121
0.0
131
0.0
112
0.0
122
1.0
132
0.0
 79
0
146
0.0
282
0
  0
TEXT
  5
4A6
330
49D
100
AcDbEntity
 67
1
  8
A-TITULOS
100
AcDbText
 10
30.0
 20
444.0
 30
0.0
 40
4.5
  1
AGUAS RESIDUALES - NIVEL 3
  7
ARIAL
 11
30.0
 21
444.0
 31
0.0
100
AcDbText
 73
3
  0
TEXT
  5
4A7
330
49D
100
AcDbEntity
 67
1
  8
A-TEXTO
100
AcDbText
 10
30.0
 20
437.5
 30
0.0
 40
2.5
  1
Esc. 1:100
  7
ARIAL
 11
30.0
 21
437.5
 31
0.0
100
AcDbText
 73
3
  0
VIEWPORT
  5
4A8
330
49D
100
AcDbEntity
 67
1
  8
A-VIEWPORT
100
AcDbViewport
 10
186.0
 20
362.0
 30
0.0
 40
316.0
 41
136.0
 68
2
 69
4
 12
14.8
 22
-16.25
 13
0.0
 23
0.0
 14
10.0
 24
10.0
 15
10.0
 25
10.0
 16
0.0
 26
0.0
 36
1.0
 17
0.0
 27
0.0
 37
0.0
 42
50.0
 43
0.0
 44
0.0
 45
13.6
 50
0.0
 51
0.0
 72
100
 90
16384
  1

281
0
 71
0
 74
0
110
0.0
120
0.0
130
0.0
111
1.0
121
0.0
131
0.0
112
0.0
122
1.0
132
0.0
 79
0
146
0.0
282
0
  0
TEXT
  5
4A9
330
49D
100
AcDbEntity
 67
1
  8
A-TITULOS
100
AcDbText
 10
30.0
 20
294.0
 30
0.0
 40
4.5
  1
AGUAS RESIDUALES - NIVEL 2
  7
ARIAL
 11
30.0
 21
294.0
 31
0.0
100
AcDbText
 73
3
  0
TEXT
  5
4AA
330
49D
100
AcDbEntity
 67
1
  8
A-TEXTO
100
AcDbText
 10
30.0
 20
287.5
 30
0.0
 40
2.5
  1
Esc. 1:100
  7
ARIAL
 11
30.0
 21
287.5
 31
0.0
100
AcDbText
 73
3
  0
VIEWPORT
  5
4AB
330
49D
100
AcDbEntity
 67
1
  8
A-VIEWPORT
100
AcDbViewport
 10
186.0
 20
212.0
 30
0.0
 40
316.0
 41
136.0
 68
2
 69
5
 12
14.8
 22
3.75
 13
0.0
 23
0.0
 14
10.0
 24
10.0
 15
10.0
 25
10.0
 16
0.0
 26
0.0
 36
1.0
 17
0.0
 27
0.0
 37
0.0
 42
50.0
 43
0.0
 44
0.0
 45
13.6
 50
0.0
 51
0.0
 72
100
 90
16384
  1

281
0
 71
0
 74
0
110
0.0
120
0.0
130
0.0
111
1.0
121
0.0
131
0.0
112
0.0
122
1.0
132
0.0
 79
0
146
0.0
282
0
  0
TEXT
  5
4AC
330
49D
100
AcDbEntity
 67
1
  8
A-TITULOS
100
AcDbText
 10
30.0
 20
144.0
 30
0.0
 40
4.5
  1
AGUAS RESIDUALES - NIVEL 1
  7
ARIAL
 11
30.0
 21
144.0
 31
0.0
100
AcDbText
 73
3
  0
TEXT
  5
4AD
330
49D
100
AcDbEntity
 67
1
  8
A-TEXTO
100
AcDbText
 10
30.0
 20
137.5
 30
0.0
 40
2.5
  1
Esc. 1:100
  7
ARIAL
 11
30.0
 21
137.5
 31
0.0
100
AcDbText
 73
3
  0
TEXT
  5
4AE
330
49D
100
AcDbEntity
 67
1
  8
A-TITULOS
100
AcDbText
 10
362.0
 20
580.0
 30
0.0
 40
3.0
  1
DETALLE 1 - TANQUE SÉPTICO [PR]
  7
ARIAL
 11
362.0
 21
580.0
 31
0.0
100
AcDbText
 73
3
  0
TEXT
  5
4AF
330
49D
100
AcDbEntity
 67
1
  8
A-TEXTO
100
AcDbText
 10
362.0
 20
575.5
 30
0.0
 40
2.0
  1
Esc. 1:30 - COTAS EN METROS
  7
ARIAL
 11
362.0
 21
575.5
 31
0.0
100
AcDbText
 73
3
  0
TEXT
  5
4B0
330
49D
100
AcDbEntity
 67
1
  8
A-TEXTO
100
AcDbText
 10
362.0
 20
569.0
 30
0.0
 40
2.2
  1
VISTA SUPERIOR
  7
ARIAL
 11
362.0
 21
569.0
 31
0.0
100
AcDbText
 73
3
  0
LWPOLYLINE
  5
4B1
330
49D
100
AcDbEntity
 67
1
  8
S-FINO
100
AcDbPolyline
 90
4
 70
1
 10
376.6666666666667
 20
512.6666666666666
 10
554.6666666666667
 20
512.6666666666666
 10
554.6666666666667
 20
562.0
 10
376.6666666666667
 20
562.0
  0
TEXT
  5
4B2
330
49D
100
AcDbEntity
 67
1
  8
A-TEXTO
100
AcDbText
 10
379.0
 20
563.4
 30
0.0
 40
1.3
  1
ÁREA DE INSTALACIÓN
  7
ARIAL
 11
379.0
 21
563.4
 31
0.0
100
AcDbText
 73
2
  0
LWPOLYLINE
  5
4B3
330
49D
100
AcDbEntity
 67
1
  8
S-DET
100
AcDbPolyline
 90
4
 70
1
 10
384.0
 20
524.6666666666666
 10
409.3333333333333
 20
524.6666666666666
 10
409.3333333333333
 20
550.0
 10
384.0
 20
550.0
  0
HATCH
  5
4B4
330
49D
100
AcDbEntity
 67
1
  8
S-FINO
 62
7
100
AcDbHatch
 10
0.0
 20
0.0
 30
0.0
210
0.0
220
0.0
230
1.0
  2
ANSI31
 70
0
 71
0
 91
1
 92
3
 72
0
 73
1
 93
4
 10
385.3333333333333
 20
526.0
 10
408.0
 20
526.0
 10
408.0
 20
548.6666666666666
 10
385.3333333333333
 20
548.6666666666666
 97
0
 75
1
 76
1
 52
0.0
 41
0.8
 77
0
 78
1
 53
45.0
 43
0.0
 44
0.0
 45
-1.7960512242
 46
1.7960512242
 79
0
 98
0
  0
LWPOLYLINE
  5
4B5
330
49D
100
AcDbEntity
 67
1
  8
S-FINO
100
AcDbPolyline
 90
4
 70
1
 10
385.3333333333333
 20
526.0
 10
408.0
 20
526.0
 10
408.0
 20
548.6666666666666
 10
385.3333333333333
 20
548.6666666666666
  0
LWPOLYLINE
  5
4B6
330
49D
100
AcDbEntity
 67
1
  8
S-DET
100
AcDbPolyline
 90
4
 70
1
 10
393.0
 20
538.6666666666666
 10
400.3333333333333
 20
538.6666666666666
 10
400.3333333333333
 20
539.6666666666666
 10
393.0
 20
539.6666666666666
  0
HATCH
  5
4B7
330
49D
100
AcDbEntity
 67
1
  8
S-DET
 62
7
100
AcDbHatch
 10
0.0
 20
0.0
 30
0.0
210
0.0
220
0.0
230
1.0
  2
SOLID
 70
1
 71
0
 91
1
 92
3
 72
0
 73
1
 93
4
 10
393.0
 20
538.6666666666666
 10
400.3333333333333
 20
538.6666666666666
 10
400.3333333333333
 20
539.6666666666666
 10
393.0
 20
539.6666666666666
 97
0
 75
0
 76
1
 98
0
  0
TEXT
  5
4B8
330
49D
100
AcDbEntity
 67
1
  8
A-TEXTO
100
AcDbText
 10
396.6666666666667
 20
544.6666666666666
 30
0.0
 40
1.4
  1
TRAMPA DE
  7
ARIAL
 72
1
 11
396.6666666666667
 21
544.6666666666666
 31
0.0
100
AcDbText
 73
2
  0
TEXT
  5
4B9
330
49D
100
AcDbEntity
 67
1
  8
A-TEXTO
100
AcDbText
 10
396.6666666666667
 20
542.0
 30
0.0
 40
1.4
  1
GRASA
  7
ARIAL
 72
1
 11
396.6666666666667
 21
542.0
 31
0.0
100
AcDbText
 73
2
  0
HATCH
  5
4BA
330
49D
100
AcDbEntity
 67
1
  8
S-FINO
 62
7
100
AcDbHatch
 10
0.0
 20
0.0
 30
0.0
210
0.0
220
0.0
230
1.0
  2
ANSI37
 70
0
 71
0
 91
1
 92
3
 72
0
 73
1
 93
4
 10
419.0
 20
554.6666666666666
 10
493.6666666666667
 20
554.6666666666666
 10
493.6666666666667
 20
558.6666666666666
 10
419.0
 20
558.6666666666666
 97
0
 75
1
 76
1
 52
0.0
 41
0.35
 77
0
 78
2
 53
45.0
 43
0.0
 44
0.0
 45
-0.7857724106
 46
0.7857724106
 79
0
 53
135.0
 43
0.0
 44
0.0
 45
-0.7857724106
 46
-0.7857724106
 79
0
 98
0
  0
LWPOLYLINE
  5
4BB
330
49D
100
AcDbEntity
 67
1
  8
S-DET
100
AcDbPolyline
 90
4
 70
1
 10
419.0
 20
554.6666666666666
 10
493.6666666666667
 20
554.6666666666666
 10
493.6666666666667
 20
558.6666666666666
 10
419.0
 20
558.6666666666666
  0
LINE
  5
4BC
330
49D
100
AcDbEntity
 67
1
  8
S-FINO
100
AcDbLine
 10
431.44444444444446
 20
554.6666666666666
 30
0.0
 11
431.44444444444446
 21
558.6666666666666
 31
0.0
  0
LINE
  5
4BD
330
49D
100
AcDbEntity
 67
1
  8
S-FINO
100
AcDbLine
 10
443.8888888888889
 20
554.6666666666666
 30
0.0
 11
443.8888888888889
 21
558.6666666666666
 31
0.0
  0
LINE
  5
4BE
330
49D
100
AcDbEntity
 67
1
  8
S-FINO
100
AcDbLine
 10
456.33333333333337
 20
554.6666666666666
 30
0.0
 11
456.33333333333337
 21
558.6666666666666
 31
0.0
  0
LINE
  5
4BF
330
49D
100
AcDbEntity
 67
1
  8
S-FINO
100
AcDbLine
 10
468.77777777777777
 20
554.6666666666666
 30
0.0
 11
468.77777777777777
 21
558.6666666666666
 31
0.0
  0
LINE
  5
4C0
330
49D
100
AcDbEntity
 67
1
  8
S-FINO
100
AcDbLine
 10
481.22222222222223
 20
554.6666666666666
 30
0.0
 11
481.22222222222223
 21
558.6666666666666
 31
0.0
  0
HATCH
  5
4C1
330
49D
100
AcDbEntity
 67
1
  8
S-FINO
 62
7
100
AcDbHatch
 10
0.0
 20
0.0
 30
0.0
210
0.0
220
0.0
230
1.0
  2
ANSI37
 70
0
 71
0
 91
1
 92
3
 72
0
 73
1
 93
4
 10
419.0
 20
516.0
 10
493.6666666666667
 20
516.0
 10
493.6666666666667
 20
520.0
 10
419.0
 20
520.0
 97
0
 75
1
 76
1
 52
0.0
 41
0.35
 77
0
 78
2
 53
45.0
 43
0.0
 44
0.0
 45
-0.7857724106
 46
0.7857724106
 79
0
 53
135.0
 43
0.0
 44
0.0
 45
-0.7857724106
 46
-0.7857724106
 79
0
 98
0
  0
LWPOLYLINE
  5
4C2
330
49D
100
AcDbEntity
 67
1
  8
S-DET
100
AcDbPolyline
 90
4
 70
1
 10
419.0
 20
516.0
 10
493.6666666666667
 20
516.0
 10
493.6666666666667
 20
520.0
 10
419.0
 20
520.0
  0
LINE
  5
4C3
330
49D
100
AcDbEntity
 67
1
  8
S-FINO
100
AcDbLine
 10
431.44444444444446
 20
516.0
 30
0.0
 11
431.44444444444446
 21
520.0
 31
0.0
  0
LINE
  5
4C4
330
49D
100
AcDbEntity
 67
1
  8
S-FINO
100
AcDbLine
 10
443.8888888888889
 20
516.0
 30
0.0
 11
443.8888888888889
 21
520.0
 31
0.0
  0
LINE
  5
4C5
330
49D
100
AcDbEntity
 67
1
  8
S-FINO
100
AcDbLine
 10
456.33333333333337
 20
516.0
 30
0.0
 11
456.33333333333337
 21
520.0
 31
0.0
  0
LINE
  5
4C6
330
49D
100
AcDbEntity
 67
1
  8
S-FINO
100
AcDbLine
 10
468.77777777777777
 20
516.0
 30
0.0
 11
468.77777777777777
 21
520.0
 31
0.0
  0
LINE
  5
4C7
330
49D
100
AcDbEntity
 67
1
  8
S-FINO
100
AcDbLine
 10
481.22222222222223
 20
516.0
 30
0.0
 11
481.22222222222223
 21
520.0
 31
0.0
  0
HATCH
  5
4C8
330
49D
100
AcDbEntity
 67
1
  8
S-FINO
 62
7
100
AcDbHatch
 10
0.0
 20
0.0
 30
0.0
210
0.0
220
0.0
230
1.0
  2
ANSI37
 70
0
 71
0
 91
1
 92
3
 72
0
 73
1
 93
4
 10
419.0
 20
520.0
 10
423.0
 20
520.0
 10
423.0
 20
554.6666666666666
 10
419.0
 20
554.6666666666666
 97
0
 75
1
 76
1
 52
0.0
 41
0.35
 77
0
 78
2
 53
45.0
 43
0.0
 44
0.0
 45
-0.7857724106
 46
0.7857724106
 79
0
 53
135.0
 43
0.0
 44
0.0
 45
-0.7857724106
 46
-0.7857724106
 79
0
 98
0
  0
LWPOLYLINE
  5
4C9
330
49D
100
AcDbEntity
 67
1
  8
S-DET
100
AcDbPolyline
 90
4
 70
1
 10
419.0
 20
520.0
 10
423.0
 20
520.0
 10
423.0
 20
554.6666666666666
 10
419.0
 20
554.6666666666666
  0
LINE
  5
4CA
330
49D
100
AcDbEntity
 67
1
  8
S-FINO
100
AcDbLine
 10
419.0
 20
528.6666666666666
 30
0.0
 11
423.0
 21
528.6666666666666
 31
0.0
  0
LINE
  5
4CB
330
49D
100
AcDbEntity
 67
1
  8
S-FINO
100
AcDbLine
 10
419.0
 20
537.3333333333333
 30
0.0
 11
423.0
 21
537.3333333333333
 31
0.0
  0
LINE
  5
4CC
330
49D
100
AcDbEntity
 67
1
  8
S-FINO
100
AcDbLine
 10
419.0
 20
546.0
 30
0.0
 11
423.0
 21
546.0
 31
0.0
  0
HATCH
  5
4CD
330
49D
100
AcDbEntity
 67
1
  8
S-FINO
 62
7
100
AcDbHatch
 10
0.0
 20
0.0
 30
0.0
210
0.0
220
0.0
230
1.0
  2
ANSI37
 70
0
 71
0
 91
1
 92
3
 72
0
 73
1
 93
4
 10
489.6666666666667
 20
520.0
 10
493.6666666666667
 20
520.0
 10
493.6666666666667
 20
554.6666666666666
 10
489.6666666666667
 20
554.6666666666666
 97
0
 75
1
 76
1
 52
0.0
 41
0.35
 77
0
 78
2
 53
45.0
 43
0.0
 44
0.0
 45
-0.7857724106
 46
0.7857724106
 79
0
 53
135.0
 43
0.0
 44
0.0
 45
-0.7857724106
 46
-0.7857724106
 79
0
 98
0
  0
LWPOLYLINE
  5
4CE
330
49D
100
AcDbEntity
 67
1
  8
S-DET
100
AcDbPolyline
 90
4
 70
1
 10
489.6666666666667
 20
520.0
 10
493.6666666666667
 20
520.0
 10
493.6666666666667
 20
554.6666666666666
 10
489.6666666666667
 20
554.6666666666666
  0
LINE
  5
4CF
330
49D
100
AcDbEntity
 67
1
  8
S-FINO
100
AcDbLine
 10
489.6666666666667
 20
528.6666666666666
 30
0.0
 11
493.6666666666667
 21
528.6666666666666
 31
0.0
  0
LINE
  5
4D0
330
49D
100
AcDbEntity
 67
1
  8
S-FINO
100
AcDbLine
 10
489.6666666666667
 20
537.3333333333333
 30
0.0
 11
493.6666666666667
 21
537.3333333333333
 31
0.0
  0
LINE
  5
4D1
330
49D
100
AcDbEntity
 67
1
  8
S-FINO
100
AcDbLine
 10
489.6666666666667
 20
546.0
 30
0.0
 11
493.6666666666667
 21
546.0
 31
0.0
  0
HATCH
  5
4D2
330
49D
100
AcDbEntity
 67
1
  8
S-FINO
 62
7
100
AcDbHatch
 10
0.0
 20
0.0
 30
0.0
210
0.0
220
0.0
230
1.0
  2
ANSI37
 70
0
 71
0
 91
1
 92
3
 72
0
 73
1
 93
4
 10
467.33333333333337
 20
520.0
 10
471.33333333333337
 20
520.0
 10
471.33333333333337
 20
554.6666666666666
 10
467.33333333333337
 20
554.6666666666666
 97
0
 75
1
 76
1
 52
0.0
 41
0.35
 77
0
 78
2
 53
45.0
 43
0.0
 44
0.0
 45
-0.7857724106
 46
0.7857724106
 79
0
 53
135.0
 43
0.0
 44
0.0
 45
-0.7857724106
 46
-0.7857724106
 79
0
 98
0
  0
LWPOLYLINE
  5
4D3
330
49D
100
AcDbEntity
 67
1
  8
S-DET
100
AcDbPolyline
 90
4
 70
1
 10
467.33333333333337
 20
520.0
 10
471.33333333333337
 20
520.0
 10
471.33333333333337
 20
554.6666666666666
 10
467.33333333333337
 20
554.6666666666666
  0
LINE
  5
4D4
330
49D
100
AcDbEntity
 67
1
  8
S-FINO
100
AcDbLine
 10
467.33333333333337
 20
528.6666666666666
 30
0.0
 11
471.33333333333337
 21
528.6666666666666
 31
0.0
  0
LINE
  5
4D5
330
49D
100
AcDbEntity
 67
1
  8
S-FINO
100
AcDbLine
 10
467.33333333333337
 20
537.3333333333333
 30
0.0
 11
471.33333333333337
 21
537.3333333333333
 31
0.0
  0
LINE
  5
4D6
330
49D
100
AcDbEntity
 67
1
  8
S-FINO
100
AcDbLine
 10
467.33333333333337
 20
546.0
 30
0.0
 11
471.33333333333337
 21
546.0
 31
0.0
  0
HATCH
  5
4D7
330
49D
100
AcDbEntity
 67
1
  8
S-FINO
 62
7
100
AcDbHatch
 10
0.0
 20
0.0
 30
0.0
210
0.0
220
0.0
230
1.0
  2
ANSI31
 70
0
 71
0
 91
1
 92
3
 72
0
 73
1
 93
4
 10
439.0
 20
540.6666666666666
 10
451.0
 20
540.6666666666666
 10
451.0
 20
552.6666666666666
 10
439.0
 20
552.6666666666666
 97
0
 75
1
 76
1
 52
0.0
 41
0.8
 77
0
 78
1
 53
45.0
 43
0.0
 44
0.0
 45
-1.7960512242
 46
1.7960512242
 79
0
 98
0
  0
LWPOLYLINE
  5
4D8
330
49D
100
AcDbEntity
 67
1
  8
S-FINO
100
AcDbPolyline
 90
4
 70
1
 10
439.0
 20
540.6666666666666
 10
451.0
 20
540.6666666666666
 10
451.0
 20
552.6666666666666
 10
439.0
 20
552.6666666666666
  0
LWPOLYLINE
  5
4D9
330
49D
100
AcDbEntity
 67
1
  8
S-DET
100
AcDbPolyline
 90
4
 70
1
 10
441.3333333333333
 20
548.0
 10
448.6666666666667
 20
548.0
 10
448.6666666666667
 20
549.0
 10
441.3333333333333
 20
549.0
  0
HATCH
  5
4DA
330
49D
100
AcDbEntity
 67
1
  8
S-DET
 62
7
100
AcDbHatch
 10
0.0
 20
0.0
 30
0.0
210
0.0
220
0.0
230
1.0
  2
SOLID
 70
1
 71
0
 91
1
 92
3
 72
0
 73
1
 93
4
 10
441.3333333333333
 20
548.0
 10
448.6666666666667
 20
548.0
 10
448.6666666666667
 20
549.0
 10
441.3333333333333
 20
549.0
 97
0
 75
0
 76
1
 98
0
  0
HATCH
  5
4DB
330
49D
100
AcDbEntity
 67
1
  8
S-FINO
 62
7
100
AcDbHatch
 10
0.0
 20
0.0
 30
0.0
210
0.0
220
0.0
230
1.0
  2
ANSI31
 70
0
 71
0
 91
1
 92
3
 72
0
 73
1
 93
4
 10
474.33333333333337
 20
540.6666666666666
 10
486.33333333333337
 20
540.6666666666666
 10
486.33333333333337
 20
552.6666666666666
 10
474.33333333333337
 20
552.6666666666666
 97
0
 75
1
 76
1
 52
0.0
 41
0.8
 77
0
 78
1
 53
45.0
 43
0.0
 44
0.0
 45
-1.7960512242
 46
1.7960512242
 79
0
 98
0
  0
LWPOLYLINE
  5
4DC
330
49D
100
AcDbEntity
 67
1
  8
S-FINO
100
AcDbPolyline
 90
4
 70
1
 10
474.33333333333337
 20
540.6666666666666
 10
486.33333333333337
 20
540.6666666666666
 10
486.33333333333337
 20
552.6666666666666
 10
474.33333333333337
 20
552.6666666666666
  0
LWPOLYLINE
  5
4DD
330
49D
100
AcDbEntity
 67
1
  8
S-DET
100
AcDbPolyline
 90
4
 70
1
 10
476.6666666666667
 20
548.0
 10
484.0
 20
548.0
 10
484.0
 20
549.0
 10
476.6666666666667
 20
549.0
  0
HATCH
  5
4DE
330
49D
100
AcDbEntity
 67
1
  8
S-DET
 62
7
100
AcDbHatch
 10
0.0
 20
0.0
 30
0.0
210
0.0
220
0.0
230
1.0
  2
SOLID
 70
1
 71
0
 91
1
 92
3
 72
0
 73
1
 93
4
 10
476.6666666666667
 20
548.0
 10
484.0
 20
548.0
 10
484.0
 20
549.0
 10
476.6666666666667
 20
549.0
 97
0
 75
0
 76
1
 98
0
  0
CIRCLE
  5
4DF
330
49D
100
AcDbEntity
 67
1
  8
S-DET
100
AcDbCircle
 10
427.3333333333333
 20
537.3333333333334
 30
0.0
 40
2.0
  0
CIRCLE
  5
4E0
330
49D
100
AcDbEntity
 67
1
  8
S-DET
100
AcDbCircle
 10
462.6666666666667
 20
537.3333333333334
 30
0.0
 40
2.0
  0
CIRCLE
  5
4E1
330
49D
100
AcDbEntity
 67
1
  8
S-DET
100
AcDbCircle
 10
475.0
 20
537.3333333333334
 30
0.0
 40
2.0
  0
CIRCLE
  5
4E2
330
49D
100
AcDbEntity
 67
1
  8
S-DET
100
AcDbCircle
 10
486.0
 20
537.3333333333334
 30
0.0
 40
2.0
  0
TEXT
  5
4E3
330
49D
100
AcDbEntity
 67
1
  8
A-TEXTO
100
AcDbText
 10
445.0
 20
531.3333333333334
 30
0.0
 40
1.5
  1
CÁMARA 1
  7
ARIAL
 72
1
 11
445.0
 21
531.3333333333334
 31
0.0
100
AcDbText
 73
2
  0
TEXT
  5
4E4
330
49D
100
AcDbEntity
 67
1
  8
A-TEXTO
100
AcDbText
 10
445.0
 20
528.0
 30
0.0
 40
1.5
  1
DIGESTIÓN
  7
ARIAL
 72
1
 11
445.0
 21
528.0
 31
0.0
100
AcDbText
 73
2
  0
TEXT
  5
4E5
330
49D
100
AcDbEntity
 67
1
  8
A-TEXTO
100
AcDbText
 10
445.0
 20
524.6666666666666
 30
0.0
 40
1.3
  1
(2/3 DEL LARGO)
  7
ARIAL
 72
1
 11
445.0
 21
524.6666666666666
 31
0.0
100
AcDbText
 73
2
  0
TEXT
  5
4E6
330
49D
100
AcDbEntity
 67
1
  8
A-TEXTO
100
AcDbText
 10
480.33333333333337
 20
531.3333333333334
 30
0.0
 40
1.3
  1
CÁMARA 2
  7
ARIAL
 72
1
 11
480.33333333333337
 21
531.3333333333334
 31
0.0
100
AcDbText
 73
2
  0
TEXT
  5
4E7
330
49D
100
AcDbEntity
 67
1
  8
A-TEXTO
100
AcDbText
 10
480.33333333333337
 20
528.0
 30
0.0
 40
1.1
  1
CLARIFICACIÓN
  7
ARIAL
 72
1
 11
480.33333333333337
 21
528.0
 31
0.0
100
AcDbText
 73
2
  0
TEXT
  5
4E8
330
49D
100
AcDbEntity
 67
1
  8
A-TEXTO
100
AcDbText
 10
480.33333333333337
 20
524.6666666666666
 30
0.0
 40
1.1
  1
(1/3 DEL LARGO)
  7
ARIAL
 72
1
 11
480.33333333333337
 21
524.6666666666666
 31
0.0
100
AcDbText
 73
2
  0
CIRCLE
  5
4E9
330
49D
100
AcDbEntity
 67
1
  8
S-DET
100
AcDbCircle
 10
504.6666666666667
 20
537.3333333333334
 30
0.0
 40
8.333333333333334
  0
CIRCLE
  5
4EA
330
49D
100
AcDbEntity
 67
1
  8
S-FINO
100
AcDbCircle
 10
504.6666666666667
 20
537.3333333333334
 30
0.0
 40
7.333333333333334
  0
TEXT
  5
4EB
330
49D
100
AcDbEntity
 67
1
  8
A-TEXTO
100
AcDbText
 10
504.6666666666667
 20
552.0
 30
0.0
 40
1.3
  1
CILINDRO DE
  7
ARIAL
 72
1
 11
504.6666666666667
 21
552.0
 31
0.0
100
AcDbText
 73
2
  0
TEXT
  5
4EC
330
49D
100
AcDbEntity
 67
1
  8
A-TEXTO
100
AcDbText
 10
504.6666666666667
 20
549.3333333333334
 30
0.0
 40
1.3
  1
INSPECCIÓN
  7
ARIAL
 72
1
 11
504.6666666666667
 21
549.3333333333334
 31
0.0
100
AcDbText
 73
2
  0
HATCH
  5
4ED
330
49D
100
AcDbEntity
 67
1
  8
S-FINO
 62
7
100
AcDbHatch
 10
0.0
 20
0.0
 30
0.0
210
0.0
220
0.0
230
1.0
  2
ANSI37
 70
0
 71
0
 91
1
 92
3
 72
0
 73
1
 93
4
 10
515.6666666666667
 20
554.6666666666666
 10
550.3333333333334
 20
554.6666666666666
 10
550.3333333333334
 20
558.6666666666666
 10
515.6666666666667
 20
558.6666666666666
 97
0
 75
1
 76
1
 52
0.0
 41
0.35
 77
0
 78
2
 53
45.0
 43
0.0
 44
0.0
 45
-0.7857724106
 46
0.7857724106
 79
0
 53
135.0
 43
0.0
 44
0.0
 45
-0.7857724106
 46
-0.7857724106
 79
0
 98
0
  0
LWPOLYLINE
  5
4EE
330
49D
100
AcDbEntity
 67
1
  8
S-DET
100
AcDbPolyline
 90
4
 70
1
 10
515.6666666666667
 20
554.6666666666666
 10
550.3333333333334
 20
554.6666666666666
 10
550.3333333333334
 20
558.6666666666666
 10
515.6666666666667
 20
558.6666666666666
  0
LINE
  5
4EF
330
49D
100
AcDbEntity
 67
1
  8
S-FINO
100
AcDbLine
 10
527.2222222222223
 20
554.6666666666666
 30
0.0
 11
527.2222222222223
 21
558.6666666666666
 31
0.0
  0
LINE
  5
4F0
330
49D
100
AcDbEntity
 67
1
  8
S-FINO
100
AcDbLine
 10
538.7777777777778
 20
554.6666666666666
 30
0.0
 11
538.7777777777778
 21
558.6666666666666
 31
0.0
  0
HATCH
  5
4F1
330
49D
100
AcDbEntity
 67
1
  8
S-FINO
 62
7
100
AcDbHatch
 10
0.0
 20
0.0
 30
0.0
210
0.0
220
0.0
230
1.0
  2
ANSI37
 70
0
 71
0
 91
1
 92
3
 72
0
 73
1
 93
4
 10
515.6666666666667
 20
516.0
 10
550.3333333333334
 20
516.0
 10
550.3333333333334
 20
520.0
 10
515.6666666666667
 20
520.0
 97
0
 75
1
 76
1
 52
0.0
 41
0.35
 77
0
 78
2
 53
45.0
 43
0.0
 44
0.0
 45
-0.7857724106
 46
0.7857724106
 79
0
 53
135.0
 43
0.0
 44
0.0
 45
-0.7857724106
 46
-0.7857724106
 79
0
 98
0
  0
LWPOLYLINE
  5
4F2
330
49D
100
AcDbEntity
 67
1
  8
S-DET
100
AcDbPolyline
 90
4
 70
1
 10
515.6666666666667
 20
516.0
 10
550.3333333333334
 20
516.0
 10
550.3333333333334
 20
520.0
 10
515.6666666666667
 20
520.0
  0
LINE
  5
4F3
330
49D
100
AcDbEntity
 67
1
  8
S-FINO
100
AcDbLine
 10
527.2222222222223
 20
516.0
 30
0.0
 11
527.2222222222223
 21
520.0
 31
0.0
  0
LINE
  5
4F4
330
49D
100
AcDbEntity
 67
1
  8
S-FINO
100
AcDbLine
 10
538.7777777777778
 20
516.0
 30
0.0
 11
538.7777777777778
 21
520.0
 31
0.0
  0
HATCH
  5
4F5
330
49D
100
AcDbEntity
 67
1
  8
S-FINO
 62
7
100
AcDbHatch
 10
0.0
 20
0.0
 30
0.0
210
0.0
220
0.0
230
1.0
  2
ANSI37
 70
0
 71
0
 91
1
 92
3
 72
0
 73
1
 93
4
 10
515.6666666666667
 20
520.0
 10
519.6666666666667
 20
520.0
 10
519.6666666666667
 20
554.6666666666666
 10
515.6666666666667
 20
554.6666666666666
 97
0
 75
1
 76
1
 52
0.0
 41
0.35
 77
0
 78
2
 53
45.0
 43
0.0
 44
0.0
 45
-0.7857724106
 46
0.7857724106
 79
0
 53
135.0
 43
0.0
 44
0.0
 45
-0.7857724106
 46
-0.7857724106
 79
0
 98
0
  0
LWPOLYLINE
  5
4F6
330
49D
100
AcDbEntity
 67
1
  8
S-DET
100
AcDbPolyline
 90
4
 70
1
 10
515.6666666666667
 20
520.0
 10
519.6666666666667
 20
520.0
 10
519.6666666666667
 20
554.6666666666666
 10
515.6666666666667
 20
554.6666666666666
  0
LINE
  5
4F7
330
49D
100
AcDbEntity
 67
1
  8
S-FINO
100
AcDbLine
 10
515.6666666666667
 20
528.6666666666666
 30
0.0
 11
519.6666666666667
 21
528.6666666666666
 31
0.0
  0
LINE
  5
4F8
330
49D
100
AcDbEntity
 67
1
  8
S-FINO
100
AcDbLine
 10
515.6666666666667
 20
537.3333333333333
 30
0.0
 11
519.6666666666667
 21
537.3333333333333
 31
0.0
  0
LINE
  5
4F9
330
49D
100
AcDbEntity
 67
1
  8
S-FINO
100
AcDbLine
 10
515.6666666666667
 20
546.0
 30
0.0
 11
519.6666666666667
 21
546.0
 31
0.0
  0
HATCH
  5
4FA
330
49D
100
AcDbEntity
 67
1
  8
S-FINO
 62
7
100
AcDbHatch
 10
0.0
 20
0.0
 30
0.0
210
0.0
220
0.0
230
1.0
  2
ANSI37
 70
0
 71
0
 91
1
 92
3
 72
0
 73
1
 93
4
 10
546.3333333333334
 20
520.0
 10
550.3333333333334
 20
520.0
 10
550.3333333333334
 20
554.6666666666666
 10
546.3333333333334
 20
554.6666666666666
 97
0
 75
1
 76
1
 52
0.0
 41
0.35
 77
0
 78
2
 53
45.0
 43
0.0
 44
0.0
 45
-0.7857724106
 46
0.7857724106
 79
0
 53
135.0
 43
0.0
 44
0.0
 45
-0.7857724106
 46
-0.7857724106
 79
0
 98
0
  0
LWPOLYLINE
  5
4FB
330
49D
100
AcDbEntity
 67
1
  8
S-DET
100
AcDbPolyline
 90
4
 70
1
 10
546.3333333333334
 20
520.0
 10
550.3333333333334
 20
520.0
 10
550.3333333333334
 20
554.6666666666666
 10
546.3333333333334
 20
554.6666666666666
  0
LINE
  5
4FC
330
49D
100
AcDbEntity
 67
1
  8
S-FINO
100
AcDbLine
 10
546.3333333333334
 20
528.6666666666666
 30
0.0
 11
550.3333333333334
 21
528.6666666666666
 31
0.0
  0
LINE
  5
4FD
330
49D
100
AcDbEntity
 67
1
  8
S-FINO
100
AcDbLine
 10
546.3333333333334
 20
537.3333333333333
 30
0.0
 11
550.3333333333334
 21
537.3333333333333
 31
0.0
  0
LINE
  5
4FE
330
49D
100
AcDbEntity
 67
1
  8
S-FINO
100
AcDbLine
 10
546.3333333333334
 20
546.0
 30
0.0
 11
550.3333333333334
 21
546.0
 31
0.0
  0
HATCH
  5
4FF
330
49D
100
AcDbEntity
 67
1
  8
S-FINO
 62
7
100
AcDbHatch
 10
0.0
 20
0.0
 30
0.0
210
0.0
220
0.0
230
1.0
  2
ANSI31
 70
0
 71
0
 91
1
 92
3
 72
0
 73
1
 93
4
 10
527.0
 20
540.6666666666666
 10
539.0
 20
540.6666666666666
 10
539.0
 20
552.6666666666666
 10
527.0
 20
552.6666666666666
 97
0
 75
1
 76
1
 52
0.0
 41
0.8
 77
0
 78
1
 53
45.0
 43
0.0
 44
0.0
 45
-1.7960512242
 46
1.7960512242
 79
0
 98
0
  0
LWPOLYLINE
  5
500
330
49D
100
AcDbEntity
 67
1
  8
S-FINO
100
AcDbPolyline
 90
4
 70
1
 10
527.0
 20
540.6666666666666
 10
539.0
 20
540.6666666666666
 10
539.0
 20
552.6666666666666
 10
527.0
 20
552.6666666666666
  0
LWPOLYLINE
  5
501
330
49D
100
AcDbEntity
 67
1
  8
S-DET
100
AcDbPolyline
 90
4
 70
1
 10
529.3333333333333
 20
548.0
 10
536.6666666666667
 20
548.0
 10
536.6666666666667
 20
549.0
 10
529.3333333333333
 20
549.0
  0
HATCH
  5
502
330
49D
100
AcDbEntity
 67
1
  8
S-DET
 62
7
100
AcDbHatch
 10
0.0
 20
0.0
 30
0.0
210
0.0
220
0.0
230
1.0
  2
SOLID
 70
1
 71
0
 91
1
 92
3
 72
0
 73
1
 93
4
 10
529.3333333333333
 20
548.0
 10
536.6666666666667
 20
548.0
 10
536.6666666666667
 20
549.0
 10
529.3333333333333
 20
549.0
 97
0
 75
0
 76
1
 98
0
  0
CIRCLE
  5
503
330
49D
100
AcDbEntity
 67
1
  8
S-DET
100
AcDbCircle
 10
541.3333333333334
 20
527.3333333333334
 30
0.0
 40
2.333333333333334
  0
TEXT
  5
504
330
49D
100
AcDbEntity
 67
1
  8
A-TEXTO
100
AcDbText
 10
533.0
 20
533.3333333333334
 30
0.0
 40
1.5
  1
FAFA
  7
ARIAL
 72
1
 11
533.0
 21
533.3333333333334
 31
0.0
100
AcDbText
 73
2
  0
LWPOLYLINE
  5
505
330
49D
100
AcDbEntity
 67
1
  8
S-DET
100
AcDbPolyline
 90
4
 70
1
 10
365.6666666666667
 20
536.0
 10
388.0
 20
536.0
 10
388.0
 20
538.6666666666666
 10
365.6666666666667
 20
538.6666666666666
  0
LWPOLYLINE
  5
506
330
49D
100
AcDbEntity
 67
1
  8
S-DET
100
AcDbPolyline
 90
4
 70
1
 10
405.3333333333333
 20
536.0
 10
425.6666666666667
 20
536.0
 10
425.6666666666667
 20
538.6666666666666
 10
405.3333333333333
 20
538.6666666666666
  0
LWPOLYLINE
  5
507
330
49D
100
AcDbEntity
 67
1
  8
S-DET
100
AcDbPolyline
 90
4
 70
1
 10
487.0
 20
536.0
 10
496.33333333333337
 20
536.0
 10
496.33333333333337
 20
538.6666666666666
 10
487.0
 20
538.6666666666666
  0
LWPOLYLINE
  5
508
330
49D
100
AcDbEntity
 67
1
  8
S-DET
100
AcDbPolyline
 90
4
 70
1
 10
513.0
 20
536.0
 10
521.6666666666667
 20
536.0
 10
521.6666666666667
 20
538.6666666666666
 10
513.0
 20
538.6666666666666
  0
LWPOLYLINE
  5
509
330
49D
100
AcDbEntity
 67
1
  8
S-DET
100
AcDbPolyline
 90
4
 70
1
 10
544.3333333333334
 20
536.0
 10
565.6666666666667
 20
536.0
 10
565.6666666666667
 20
538.6666666666666
 10
544.3333333333334
 20
538.6666666666666
  0
HATCH
  5
50A
330
49D
100
AcDbEntity
 67
1
  8
S-DET
 62
7
100
AcDbHatch
 10
0.0
 20
0.0
 30
0.0
210
0.0
220
0.0
230
1.0
  2
SOLID
 70
1
 71
0
 91
1
 92
3
 72
0
 73
1
 93
3
 10
383.3333333333333
 20
537.3333333333334
 10
381.7333333333333
 20
537.8133333333334
 10
381.7333333333333
 20
536.8533333333334
 97
0
 75
0
 76
1
 98
0
  0
HATCH
  5
50B
330
49D
100
AcDbEntity
 67
1
  8
S-DET
 62
7
100
AcDbHatch
 10
0.0
 20
0.0
 30
0.0
210
0.0
220
0.0
230
1.0
  2
SOLID
 70
1
 71
0
 91
1
 92
3
 72
0
 73
1
 93
3
 10
569.6666666666667
 20
537.3333333333334
 10
568.0666666666667
 20
537.8133333333334
 10
568.0666666666667
 20
536.8533333333334
 97
0
 75
0
 76
1
 98
0
  0
TEXT
  5
50C
330
49D
100
AcDbEntity
 67
1
  8
A-TEXTO
100
AcDbText
 10
365.6666666666667
 20
539.7333333333333
 30
0.0
 40
1.5
  1
ENTRADA
  7
ARIAL
 11
365.6666666666667
 21
539.7333333333333
 31
0.0
100
AcDbText
 73
2
  0
TEXT
  5
50D
330
49D
100
AcDbEntity
 67
1
  8
A-TEXTO
100
AcDbText
 10
556.6666666666666
 20
539.7333333333333
 30
0.0
 40
1.5
  1
SALIDA
  7
ARIAL
 11
556.6666666666666
 21
539.7333333333333
 31
0.0
100
AcDbText
 73
2
  0
LINE
  5
50E
330
49D
100
AcDbEntity
 67
1
  8
S-FINO
100
AcDbLine
 10
423.0
 20
565.5
 30
0.0
 11
489.6666666666667
 21
565.5
 31
0.0
  0
LINE
  5
50F
330
49D
100
AcDbEntity
 67
1
  8
S-FINO
100
AcDbLine
 10
422.4
 20
564.9
 30
0.0
 11
423.6
 21
566.1
 31
0.0
  0
LINE
  5
510
330
49D
100
AcDbEntity
 67
1
  8
S-FINO
100
AcDbLine
 10
423.0
 20
564.3
 30
0.0
 11
423.0
 21
566.7
 31
0.0
  0
LINE
  5
511
330
49D
100
AcDbEntity
 67
1
  8
S-FINO
100
AcDbLine
 10
489.06666666666666
 20
564.9
 30
0.0
 11
490.2666666666667
 21
566.1
 31
0.0
  0
LINE
  5
512
330
49D
100
AcDbEntity
 67
1
  8
S-FINO
100
AcDbLine
 10
489.6666666666667
 20
564.3
 30
0.0
 11
489.6666666666667
 21
566.7
 31
0.0
  0
TEXT
  5
513
330
49D
100
AcDbEntity
 67
1
  8
A-TEXTO
100
AcDbText
 10
456.33333333333337
 20
566.8
 30
0.0
 40
1.6
  1
2.00
  7
ARIAL
 72
1
 11
456.33333333333337
 21
566.8
 31
0.0
100
AcDbText
 73
1
  0
LINE
  5
514
330
49D
100
AcDbEntity
 67
1
  8
S-FINO
100
AcDbLine
 10
519.6666666666667
 20
565.5
 30
0.0
 11
546.3333333333334
 21
565.5
 31
0.0
  0
LINE
  5
515
330
49D
100
AcDbEntity
 67
1
  8
S-FINO
100
AcDbLine
 10
519.0666666666667
 20
564.9
 30
0.0
 11
520.2666666666668
 21
566.1
 31
0.0
  0
LINE
  5
516
330
49D
100
AcDbEntity
 67
1
  8
S-FINO
100
AcDbLine
 10
519.6666666666667
 20
564.3
 30
0.0
 11
519.6666666666667
 21
566.7
 31
0.0
  0
LINE
  5
517
330
49D
100
AcDbEntity
 67
1
  8
S-FINO
100
AcDbLine
 10
545.7333333333333
 20
564.9
 30
0.0
 11
546.9333333333334
 21
566.1
 31
0.0
  0
LINE
  5
518
330
49D
100
AcDbEntity
 67
1
  8
S-FINO
100
AcDbLine
 10
546.3333333333334
 20
564.3
 30
0.0
 11
546.3333333333334
 21
566.7
 31
0.0
  0
TEXT
  5
519
330
49D
100
AcDbEntity
 67
1
  8
A-TEXTO
100
AcDbText
 10
533.0
 20
566.8
 30
0.0
 40
1.6
  1
0.80
  7
ARIAL
 72
1
 11
533.0
 21
566.8
 31
0.0
100
AcDbText
 73
1
  0
LINE
  5
51A
330
49D
100
AcDbEntity
 67
1
  8
S-FINO
100
AcDbLine
 10
386.6666666666667
 20
552.0
 30
0.0
 11
406.6666666666667
 21
552.0
 31
0.0
  0
LINE
  5
51B
330
49D
100
AcDbEntity
 67
1
  8
S-FINO
100
AcDbLine
 10
386.06666666666666
 20
551.4
 30
0.0
 11
387.2666666666667
 21
552.6
 31
0.0
  0
LINE
  5
51C
330
49D
100
AcDbEntity
 67
1
  8
S-FINO
100
AcDbLine
 10
386.6666666666667
 20
550.8
 30
0.0
 11
386.6666666666667
 21
553.2
 31
0.0
  0
LINE
  5
51D
330
49D
100
AcDbEntity
 67
1
  8
S-FINO
100
AcDbLine
 10
406.06666666666666
 20
551.4
 30
0.0
 11
407.2666666666667
 21
552.6
 31
0.0
  0
LINE
  5
51E
330
49D
100
AcDbEntity
 67
1
  8
S-FINO
100
AcDbLine
 10
406.6666666666667
 20
550.8
 30
0.0
 11
406.6666666666667
 21
553.2
 31
0.0
  0
TEXT
  5
51F
330
49D
100
AcDbEntity
 67
1
  8
A-TEXTO
100
AcDbText
 10
396.6666666666667
 20
553.3
 30
0.0
 40
1.6
  1
0.60
  7
ARIAL
 72
1
 11
396.6666666666667
 21
553.3
 31
0.0
100
AcDbText
 73
1
  0
LINE
  5
520
330
49D
100
AcDbEntity
 67
1
  8
S-FINO
100
AcDbLine
 10
414.6666666666667
 20
520.0
 30
0.0
 11
414.6666666666667
 21
554.6666666666666
 31
0.0
  0
LINE
  5
521
330
49D
100
AcDbEntity
 67
1
  8
S-FINO
100
AcDbLine
 10
414.06666666666666
 20
519.4
 30
0.0
 11
415.2666666666667
 21
520.6
 31
0.0
  0
LINE
  5
522
330
49D
100
AcDbEntity
 67
1
  8
S-FINO
100
AcDbLine
 10
413.4666666666667
 20
520.0
 30
0.0
 11
415.8666666666667
 21
520.0
 31
0.0
  0
LINE
  5
523
330
49D
100
AcDbEntity
 67
1
  8
S-FINO
100
AcDbLine
 10
414.06666666666666
 20
554.0666666666666
 30
0.0
 11
415.2666666666667
 21
555.2666666666667
 31
0.0
  0
LINE
  5
524
330
49D
100
AcDbEntity
 67
1
  8
S-FINO
100
AcDbLine
 10
413.4666666666667
 20
554.6666666666666
 30
0.0
 11
415.8666666666667
 21
554.6666666666666
 31
0.0
  0
TEXT
  5
525
330
49D
100
AcDbEntity
 67
1
  8
A-TEXTO
100
AcDbText
 10
415.9666666666667
 20
537.3333333333333
 30
0.0
 40
1.6
  1

  7
ARIAL
 11
415.9666666666667
 21
537.3333333333333
 31
0.0
100
AcDbText
 73
2
  0
TEXT
  5
526
330
49D
100
AcDbEntity
 67
1
  8
A-TEXTO
100
AcDbText
 10
413.2666666666667
 20
546.6666666666666
 30
0.0
 40
1.6
  1
1.04
 50
90.0
  7
ARIAL
 72
1
 11
413.2666666666667
 21
546.6666666666666
 31
0.0
100
AcDbText
 73
2
  0
TEXT
  5
527
330
49D
100
AcDbEntity
 67
1
  8
A-TEXTO
100
AcDbText
 10
362.0
 20
506.0
 30
0.0
 40
2.2
  1
VISTA LATERAL
  7
ARIAL
 11
362.0
 21
506.0
 31
0.0
100
AcDbText
 73
3
  0
LINE
  5
528
330
49D
100
AcDbEntity
 67
1
  8
S-DET
100
AcDbLine
 10
364.0
 20
474.0
 30
0.0
 11
565.6666666666667
 21
474.0
 31
0.0
  0
TEXT
  5
529
330
49D
100
AcDbEntity
 67
1
  8
A-TEXTO
100
AcDbText
 10
364.0
 20
475.6
 30
0.0
 40
1.3
  1
NIVEL DEL TERRENO
  7
ARIAL
 11
364.0
 21
475.6
 31
0.0
100
AcDbText
 73
2
  0
SPLINE
  5
52A
330
49D
100
AcDbEntity
 67
1
  8
S-FINO
100
AcDbSpline
 70
0
 71
3
 72
0
 73
0
 74
8
 11
374.0
 21
474.0
 31
0.0
 11
375.6666666666667
 21
460.6666666666667
 31
0.0
 11
379.0
 21
447.3333333333333
 31
0.0
 11
390.6666666666667
 21
442.3333333333333
 31
0.0
 11
399.0
 21
437.3333333333333
 31
0.0
 11
402.3333333333333
 21
429.0
 31
0.0
 11
412.3333333333333
 21
422.3333333333333
 31
0.0
 11
419.0
 21
417.3333333333333
 31
0.0
  0
HATCH
  5
52B
330
49D
100
AcDbEntity
 67
1
  8
S-FINO
 62
7
100
AcDbHatch
 10
0.0
 20
0.0
 30
0.0
210
0.0
220
0.0
230
1.0
  2
CROSS
 70
0
 71
0
 91
1
 92
3
 72
0
 73
1
 93
35
 10
374.0
 20
474.0
 10
384.0
 20
474.0
 10
384.0
 20
449.0
 10
409.3333333333333
 20
449.0
 10
409.3333333333333
 20
474.0
 10
419.0
 20
474.0
 10
419.0
 20
417.3333333333333
 10
417.4233661399211
 20
418.66486837117895
 10
415.8107191572071
 20
419.9637893938863
 10
414.1260459292228
 20
421.1974823863171
 10
412.33333333333326
 20
422.33333333333337
 10
409.55155852304574
 20
423.790663425383
 10
406.7626419647437
 20
425.2231887048995
 10
404.25907109073637
 20
426.87745296529954
 10
402.33333333333326
 20
429.0
 10
401.38556129210275
 20
430.98718950032946
 10
400.6777131641735
 20
433.1722978451206
 10
399.96434178749064
 20
435.3545906006847
 10
398.99999999999994
 20
437.3333333333333
 10
397.46219663027654
 20
439.0711129772993
 10
395.47337855128404
 20
440.424185294375
 10
393.1645378633161
 20
441.4818316309298
 10
390.66666666666674
 20
442.33333333333337
 10
387.3264301260805
 20
443.2895651847638
 10
384.11601885639755
 20
444.2835622874887
 10
381.26426482518235
 20
445.5524449131357
 10
379.0
 20
447.3333333333333
 10
377.3839576494314
 20
450.01892017178704
 10
376.463825387168
 20
453.31491990129695
 10
375.9784470979874
 20
456.9534596801584
 10
375.6666666666667
 20
460.66666666666663
 10
375.32323346893395
 20
464.16159662407415
 10
374.91702872640076
 20
467.5180151894182
 10
374.4689762873339
 20
470.78209282671963
 10
374.00000000000017
 20
474.0
 97
0
 75
1
 76
1
 52
0.0
 41
0.9
 77
0
 78
2
 53
0.0
 43
0.0
 44
0.0
 45
5.715
 46
5.715
 79
2
 49
2.8575
 49
-8.5725
 53
90.0
 43
1.42875
 44
-1.42875
 45
-5.715
 46
5.715
 79
2
 49
2.8575
 49
-8.5725
 98
0
  0
HATCH
  5
52C
330
49D
100
AcDbEntity
 67
1
  8
S-FINO
 62
7
100
AcDbHatch
 10
0.0
 20
0.0
 30
0.0
210
0.0
220
0.0
230
1.0
  2
CROSS
 70
0
 71
0
 91
1
 92
3
 72
0
 73
1
 93
4
 10
493.6666666666667
 20
474.0
 10
496.33333333333337
 20
474.0
 10
496.33333333333337
 20
417.3333333333333
 10
493.6666666666667
 20
417.3333333333333
 97
0
 75
1
 76
1
 52
0.0
 41
0.9
 77
0
 78
2
 53
0.0
 43
0.0
 44
0.0
 45
5.715
 46
5.715
 79
2
 49
2.8575
 49
-8.5725
 53
90.0
 43
1.42875
 44
-1.42875
 45
-5.715
 46
5.715
 79
2
 49
2.8575
 49
-8.5725
 98
0
  0
HATCH
  5
52D
330
49D
100
AcDbEntity
 67
1
  8
S-FINO
 62
7
100
AcDbHatch
 10
0.0
 20
0.0
 30
0.0
210
0.0
220
0.0
230
1.0
  2
CROSS
 70
0
 71
0
 91
1
 92
3
 72
0
 73
1
 93
4
 10
513.0
 20
474.0
 10
515.6666666666667
 20
474.0
 10
515.6666666666667
 20
417.3333333333333
 10
513.0
 20
417.3333333333333
 97
0
 75
1
 76
1
 52
0.0
 41
0.9
 77
0
 78
2
 53
0.0
 43
0.0
 44
0.0
 45
5.715
 46
5.715
 79
2
 49
2.8575
 49
-8.5725
 53
90.0
 43
1.42875
 44
-1.42875
 45
-5.715
 46
5.715
 79
2
 49
2.8575
 49
-8.5725
 98
0
  0
LWPOLYLINE
  5
52E
330
49D
100
AcDbEntity
 67
1
  8
S-DET
100
AcDbPolyline
 90
4
 70
1
 10
384.0
 20
449.0
 10
409.3333333333333
 20
449.0
 10
409.3333333333333
 20
474.0
 10
384.0
 20
474.0
  0
LWPOLYLINE
  5
52F
330
49D
100
AcDbEntity
 67
1
  8
S-FINO
100
AcDbPolyline
 90
4
 70
1
 10
385.3333333333333
 20
450.3333333333333
 10
408.0
 20
450.3333333333333
 10
408.0
 20
472.6666666666667
 10
385.3333333333333
 20
472.6666666666667
  0
TEXT
  5
530
330
49D
100
AcDbEntity
 67
1
  8
A-TEXTO
100
AcDbText
 10
396.6666666666667
 20
469.6666666666667
 30
0.0
 40
1.4
  1
TRAMPA DE
  7
ARIAL
 72
1
 11
396.6666666666667
 21
469.6666666666667
 31
0.0
100
AcDbText
 73
2
  0
TEXT
  5
531
330
49D
100
AcDbEntity
 67
1
  8
A-TEXTO
100
AcDbText
 10
396.6666666666667
 20
467.0
 30
0.0
 40
1.4
  1
GRASA
  7
ARIAL
 72
1
 11
396.6666666666667
 21
467.0
 31
0.0
100
AcDbText
 73
2
  0
HATCH
  5
532
330
49D
100
AcDbEntity
 67
1
  8
S-FINO
 62
7
100
AcDbHatch
 10
0.0
 20
0.0
 30
0.0
210
0.0
220
0.0
230
1.0
  2
ANSI31
 70
0
 71
0
 91
1
 92
3
 72
0
 73
1
 93
4
 10
385.0
 20
474.0
 10
408.3333333333333
 20
474.0
 10
408.3333333333333
 20
475.6666666666667
 10
385.0
 20
475.6666666666667
 97
0
 75
1
 76
1
 52
0.0
 41
0.8
 77
0
 78
1
 53
45.0
 43
0.0
 44
0.0
 45
-1.7960512242
 46
1.7960512242
 79
0
 98
0
  0
LWPOLYLINE
  5
533
330
49D
100
AcDbEntity
 67
1
  8
S-FINO
100
AcDbPolyline
 90
4
 70
1
 10
385.0
 20
474.0
 10
408.3333333333333
 20
474.0
 10
408.3333333333333
 20
475.6666666666667
 10
385.0
 20
475.6666666666667
  0
LWPOLYLINE
  5
534
330
49D
100
AcDbEntity
 67
1
  8
S-DET
100
AcDbPolyline
 90
4
 70
0
 43
0.5
 10
393.0
 20
475.6666666666667
 10
393.0
 20
478.3333333333333
 10
400.3333333333333
 20
478.3333333333333
 10
400.3333333333333
 20
475.6666666666667
  0
HATCH
  5
535
330
49D
100
AcDbEntity
 67
1
  8
S-FINO
 62
7
100
AcDbHatch
 10
0.0
 20
0.0
 30
0.0
210
0.0
220
0.0
230
1.0
  2
ANSI31
 70
0
 71
0
 91
1
 92
3
 72
0
 73
1
 93
4
 10
438.33333333333337
 20
474.0
 10
451.6666666666667
 20
474.0
 10
451.6666666666667
 20
475.6666666666667
 10
438.33333333333337
 20
475.6666666666667
 97
0
 75
1
 76
1
 52
0.0
 41
0.8
 77
0
 78
1
 53
45.0
 43
0.0
 44
0.0
 45
-1.7960512242
 46
1.7960512242
 79
0
 98
0
  0
LWPOLYLINE
  5
536
330
49D
100
AcDbEntity
 67
1
  8
S-FINO
100
AcDbPolyline
 90
4
 70
1
 10
438.33333333333337
 20
474.0
 10
451.6666666666667
 20
474.0
 10
451.6666666666667
 20
475.6666666666667
 10
438.33333333333337
 20
475.6666666666667
  0
LWPOLYLINE
  5
537
330
49D
100
AcDbEntity
 67
1
  8
S-DET
100
AcDbPolyline
 90
4
 70
0
 43
0.5
 10
441.3333333333333
 20
475.6666666666667
 10
441.3333333333333
 20
478.3333333333333
 10
448.6666666666667
 20
478.3333333333333
 10
448.6666666666667
 20
475.6666666666667
  0
HATCH
  5
538
330
49D
100
AcDbEntity
 67
1
  8
S-FINO
 62
7
100
AcDbHatch
 10
0.0
 20
0.0
 30
0.0
210
0.0
220
0.0
230
1.0
  2
ANSI31
 70
0
 71
0
 91
1
 92
3
 72
0
 73
1
 93
4
 10
473.6666666666667
 20
474.0
 10
487.0
 20
474.0
 10
487.0
 20
475.6666666666667
 10
473.6666666666667
 20
475.6666666666667
 97
0
 75
1
 76
1
 52
0.0
 41
0.8
 77
0
 78
1
 53
45.0
 43
0.0
 44
0.0
 45
-1.7960512242
 46
1.7960512242
 79
0
 98
0
  0
LWPOLYLINE
  5
539
330
49D
100
AcDbEntity
 67
1
  8
S-FINO
100
AcDbPolyline
 90
4
 70
1
 10
473.6666666666667
 20
474.0
 10
487.0
 20
474.0
 10
487.0
 20
475.6666666666667
 10
473.6666666666667
 20
475.6666666666667
  0
LWPOLYLINE
  5
53A
330
49D
100
AcDbEntity
 67
1
  8
S-DET
100
AcDbPolyline
 90
4
 70
0
 43
0.5
 10
476.6666666666667
 20
475.6666666666667
 10
476.6666666666667
 20
478.3333333333333
 10
484.0
 20
478.3333333333333
 10
484.0
 20
475.6666666666667
  0
HATCH
  5
53B
330
49D
100
AcDbEntity
 67
1
  8
S-FINO
 62
7
100
AcDbHatch
 10
0.0
 20
0.0
 30
0.0
210
0.0
220
0.0
230
1.0
  2
ANSI31
 70
0
 71
0
 91
1
 92
3
 72
0
 73
1
 93
4
 10
526.3333333333334
 20
474.0
 10
539.6666666666667
 20
474.0
 10
539.6666666666667
 20
475.6666666666667
 10
526.3333333333334
 20
475.6666666666667
 97
0
 75
1
 76
1
 52
0.0
 41
0.8
 77
0
 78
1
 53
45.0
 43
0.0
 44
0.0
 45
-1.7960512242
 46
1.7960512242
 79
0
 98
0
  0
LWPOLYLINE
  5
53C
330
49D
100
AcDbEntity
 67
1
  8
S-FINO
100
AcDbPolyline
 90
4
 70
1
 10
526.3333333333334
 20
474.0
 10
539.6666666666667
 20
474.0
 10
539.6666666666667
 20
475.6666666666667
 10
526.3333333333334
 20
475.6666666666667
  0
LWPOLYLINE
  5
53D
330
49D
100
AcDbEntity
 67
1
  8
S-DET
100
AcDbPolyline
 90
4
 70
0
 43
0.5
 10
529.3333333333333
 20
475.6666666666667
 10
529.3333333333333
 20
478.3333333333333
 10
536.6666666666667
 20
478.3333333333333
 10
536.6666666666667
 20
475.6666666666667
  0
LWPOLYLINE
  5
53E
330
49D
100
AcDbEntity
 67
1
  8
S-DET
100
AcDbPolyline
 90
4
 70
1
 10
419.0
 20
470.6666666666667
 10
493.6666666666667
 20
470.6666666666667
 10
493.6666666666667
 20
474.0
 10
419.0
 20
474.0
  0
HATCH
  5
53F
330
49D
100
AcDbEntity
 67
1
  8
S-FINO
 62
7
100
AcDbHatch
 10
0.0
 20
0.0
 30
0.0
210
0.0
220
0.0
230
1.0
  2
ANSI37
 70
0
 71
0
 91
1
 92
3
 72
0
 73
1
 93
4
 10
419.0
 20
420.66666666666663
 10
423.0
 20
420.66666666666663
 10
423.0
 20
470.6666666666667
 10
419.0
 20
470.6666666666667
 97
0
 75
1
 76
1
 52
0.0
 41
0.35
 77
0
 78
2
 53
45.0
 43
0.0
 44
0.0
 45
-0.7857724106
 46
0.7857724106
 79
0
 53
135.0
 43
0.0
 44
0.0
 45
-0.7857724106
 46
-0.7857724106
 79
0
 98
0
  0
LWPOLYLINE
  5
540
330
49D
100
AcDbEntity
 67
1
  8
S-DET
100
AcDbPolyline
 90
4
 70
1
 10
419.0
 20
420.66666666666663
 10
423.0
 20
420.66666666666663
 10
423.0
 20
470.6666666666667
 10
419.0
 20
470.6666666666667
  0
LINE
  5
541
330
49D
100
AcDbEntity
 67
1
  8
S-FINO
100
AcDbLine
 10
419.0
 20
426.91666666666663
 30
0.0
 11
423.0
 21
426.91666666666663
 31
0.0
  0
LINE
  5
542
330
49D
100
AcDbEntity
 67
1
  8
S-FINO
100
AcDbLine
 10
419.0
 20
433.16666666666663
 30
0.0
 11
423.0
 21
433.16666666666663
 31
0.0
  0
LINE
  5
543
330
49D
100
AcDbEntity
 67
1
  8
S-FINO
100
AcDbLine
 10
419.0
 20
439.41666666666663
 30
0.0
 11
423.0
 21
439.41666666666663
 31
0.0
  0
LINE
  5
544
330
49D
100
AcDbEntity
 67
1
  8
S-FINO
100
AcDbLine
 10
419.0
 20
445.66666666666663
 30
0.0
 11
423.0
 21
445.66666666666663
 31
0.0
  0
LINE
  5
545
330
49D
100
AcDbEntity
 67
1
  8
S-FINO
100
AcDbLine
 10
419.0
 20
451.9166666666667
 30
0.0
 11
423.0
 21
451.9166666666667
 31
0.0
  0
LINE
  5
546
330
49D
100
AcDbEntity
 67
1
  8
S-FINO
100
AcDbLine
 10
419.0
 20
458.1666666666667
 30
0.0
 11
423.0
 21
458.1666666666667
 31
0.0
  0
LINE
  5
547
330
49D
100
AcDbEntity
 67
1
  8
S-FINO
100
AcDbLine
 10
419.0
 20
464.4166666666667
 30
0.0
 11
423.0
 21
464.4166666666667
 31
0.0
  0
HATCH
  5
548
330
49D
100
AcDbEntity
 67
1
  8
S-FINO
 62
7
100
AcDbHatch
 10
0.0
 20
0.0
 30
0.0
210
0.0
220
0.0
230
1.0
  2
ANSI37
 70
0
 71
0
 91
1
 92
3
 72
0
 73
1
 93
4
 10
467.33333333333337
 20
420.66666666666663
 10
471.33333333333337
 20
420.66666666666663
 10
471.33333333333337
 20
470.6666666666667
 10
467.33333333333337
 20
470.6666666666667
 97
0
 75
1
 76
1
 52
0.0
 41
0.35
 77
0
 78
2
 53
45.0
 43
0.0
 44
0.0
 45
-0.7857724106
 46
0.7857724106
 79
0
 53
135.0
 43
0.0
 44
0.0
 45
-0.7857724106
 46
-0.7857724106
 79
0
 98
0
  0
LWPOLYLINE
  5
549
330
49D
100
AcDbEntity
 67
1
  8
S-DET
100
AcDbPolyline
 90
4
 70
1
 10
467.33333333333337
 20
420.66666666666663
 10
471.33333333333337
 20
420.66666666666663
 10
471.33333333333337
 20
470.6666666666667
 10
467.33333333333337
 20
470.6666666666667
  0
LINE
  5
54A
330
49D
100
AcDbEntity
 67
1
  8
S-FINO
100
AcDbLine
 10
467.33333333333337
 20
426.91666666666663
 30
0.0
 11
471.33333333333337
 21
426.91666666666663
 31
0.0
  0
LINE
  5
54B
330
49D
100
AcDbEntity
 67
1
  8
S-FINO
100
AcDbLine
 10
467.33333333333337
 20
433.16666666666663
 30
0.0
 11
471.33333333333337
 21
433.16666666666663
 31
0.0
  0
LINE
  5
54C
330
49D
100
AcDbEntity
 67
1
  8
S-FINO
100
AcDbLine
 10
467.33333333333337
 20
439.41666666666663
 30
0.0
 11
471.33333333333337
 21
439.41666666666663
 31
0.0
  0
LINE
  5
54D
330
49D
100
AcDbEntity
 67
1
  8
S-FINO
100
AcDbLine
 10
467.33333333333337
 20
445.66666666666663
 30
0.0
 11
471.33333333333337
 21
445.66666666666663
 31
0.0
  0
LINE
  5
54E
330
49D
100
AcDbEntity
 67
1
  8
S-FINO
100
AcDbLine
 10
467.33333333333337
 20
451.9166666666667
 30
0.0
 11
471.33333333333337
 21
451.9166666666667
 31
0.0
  0
LINE
  5
54F
330
49D
100
AcDbEntity
 67
1
  8
S-FINO
100
AcDbLine
 10
467.33333333333337
 20
458.1666666666667
 30
0.0
 11
471.33333333333337
 21
458.1666666666667
 31
0.0
  0
LINE
  5
550
330
49D
100
AcDbEntity
 67
1
  8
S-FINO
100
AcDbLine
 10
467.33333333333337
 20
464.4166666666667
 30
0.0
 11
471.33333333333337
 21
464.4166666666667
 31
0.0
  0
HATCH
  5
551
330
49D
100
AcDbEntity
 67
1
  8
S-FINO
 62
7
100
AcDbHatch
 10
0.0
 20
0.0
 30
0.0
210
0.0
220
0.0
230
1.0
  2
ANSI37
 70
0
 71
0
 91
1
 92
3
 72
0
 73
1
 93
4
 10
489.6666666666667
 20
420.66666666666663
 10
493.6666666666667
 20
420.66666666666663
 10
493.6666666666667
 20
470.6666666666667
 10
489.6666666666667
 20
470.6666666666667
 97
0
 75
1
 76
1
 52
0.0
 41
0.35
 77
0
 78
2
 53
45.0
 43
0.0
 44
0.0
 45
-0.7857724106
 46
0.7857724106
 79
0
 53
135.0
 43
0.0
 44
0.0
 45
-0.7857724106
 46
-0.7857724106
 79
0
 98
0
  0
LWPOLYLINE
  5
552
330
49D
100
AcDbEntity
 67
1
  8
S-DET
100
AcDbPolyline
 90
4
 70
1
 10
489.6666666666667
 20
420.66666666666663
 10
493.6666666666667
 20
420.66666666666663
 10
493.6666666666667
 20
470.6666666666667
 10
489.6666666666667
 20
470.6666666666667
  0
LINE
  5
553
330
49D
100
AcDbEntity
 67
1
  8
S-FINO
100
AcDbLine
 10
489.6666666666667
 20
426.91666666666663
 30
0.0
 11
493.6666666666667
 21
426.91666666666663
 31
0.0
  0
LINE
  5
554
330
49D
100
AcDbEntity
 67
1
  8
S-FINO
100
AcDbLine
 10
489.6666666666667
 20
433.16666666666663
 30
0.0
 11
493.6666666666667
 21
433.16666666666663
 31
0.0
  0
LINE
  5
555
330
49D
100
AcDbEntity
 67
1
  8
S-FINO
100
AcDbLine
 10
489.6666666666667
 20
439.41666666666663
 30
0.0
 11
493.6666666666667
 21
439.41666666666663
 31
0.0
  0
LINE
  5
556
330
49D
100
AcDbEntity
 67
1
  8
S-FINO
100
AcDbLine
 10
489.6666666666667
 20
445.66666666666663
 30
0.0
 11
493.6666666666667
 21
445.66666666666663
 31
0.0
  0
LINE
  5
557
330
49D
100
AcDbEntity
 67
1
  8
S-FINO
100
AcDbLine
 10
489.6666666666667
 20
451.9166666666667
 30
0.0
 11
493.6666666666667
 21
451.9166666666667
 31
0.0
  0
LINE
  5
558
330
49D
100
AcDbEntity
 67
1
  8
S-FINO
100
AcDbLine
 10
489.6666666666667
 20
458.1666666666667
 30
0.0
 11
493.6666666666667
 21
458.1666666666667
 31
0.0
  0
LINE
  5
559
330
49D
100
AcDbEntity
 67
1
  8
S-FINO
100
AcDbLine
 10
489.6666666666667
 20
464.4166666666667
 30
0.0
 11
493.6666666666667
 21
464.4166666666667
 31
0.0
  0
HATCH
  5
55A
330
49D
100
AcDbEntity
 67
1
  8
S-DET
 62
7
100
AcDbHatch
 10
0.0
 20
0.0
 30
0.0
210
0.0
220
0.0
230
1.0
  2
SOLID
 70
1
 71
0
 91
1
 92
3
 72
0
 73
1
 93
4
 10
419.0
 20
417.3333333333333
 10
493.6666666666667
 20
417.3333333333333
 10
493.6666666666667
 20
420.66666666666663
 10
419.0
 20
420.66666666666663
 97
0
 75
0
 76
1
 98
0
  0
LINE
  5
55B
330
49D
100
AcDbEntity
 67
1
  8
S-FINO
100
AcDbLine
 10
423.0
 20
460.6666666666667
 30
0.0
 11
489.6666666666667
 21
460.6666666666667
 31
0.0
  0
TEXT
  5
55C
330
49D
100
AcDbEntity
 67
1
  8
A-TEXTO
100
AcDbText
 10
449.0
 20
461.9666666666667
 30
0.0
 40
1.3
  1
NIVEL DE LÍQUIDOS
  7
ARIAL
 72
1
 11
449.0
 21
461.9666666666667
 31
0.0
100
AcDbText
 73
2
  0
LWPOLYLINE
  5
55D
330
49D
100
AcDbEntity
 67
1
  8
S-DET
100
AcDbPolyline
 90
4
 70
1
 10
425.6666666666667
 20
447.3333333333333
 10
429.0
 20
447.3333333333333
 10
429.0
 20
470.6666666666667
 10
425.6666666666667
 20
470.6666666666667
  0
LWPOLYLINE
  5
55E
330
49D
100
AcDbEntity
 67
1
  8
S-DET
100
AcDbPolyline
 90
4
 70
1
 10
420.0
 20
460.6666666666667
 10
427.3333333333333
 20
460.6666666666667
 10
427.3333333333333
 20
464.0
 10
420.0
 20
464.0
  0
LWPOLYLINE
  5
55F
330
49D
100
AcDbEntity
 67
1
  8
S-DET
100
AcDbPolyline
 90
4
 70
1
 10
461.0
 20
447.3333333333333
 10
464.3333333333333
 20
447.3333333333333
 10
464.3333333333333
 20
470.6666666666667
 10
461.0
 20
470.6666666666667
  0
LWPOLYLINE
  5
560
330
49D
100
AcDbEntity
 67
1
  8
S-DET
100
AcDbPolyline
 90
4
 70
1
 10
462.6666666666667
 20
457.3333333333333
 10
470.0
 20
457.3333333333333
 10
470.0
 20
460.6666666666667
 10
462.6666666666667
 20
460.6666666666667
  0
LWPOLYLINE
  5
561
330
49D
100
AcDbEntity
 67
1
  8
S-DET
100
AcDbPolyline
 90
4
 70
1
 10
473.33333333333337
 20
447.3333333333333
 10
476.6666666666667
 20
447.3333333333333
 10
476.6666666666667
 20
470.6666666666667
 10
473.33333333333337
 20
470.6666666666667
  0
LWPOLYLINE
  5
562
330
49D
100
AcDbEntity
 67
1
  8
S-DET
100
AcDbPolyline
 90
4
 70
1
 10
467.6666666666667
 20
457.3333333333333
 10
475.0
 20
457.3333333333333
 10
475.0
 20
460.6666666666667
 10
467.6666666666667
 20
460.6666666666667
  0
LWPOLYLINE
  5
563
330
49D
100
AcDbEntity
 67
1
  8
S-DET
100
AcDbPolyline
 90
4
 70
1
 10
484.33333333333337
 20
447.3333333333333
 10
487.6666666666667
 20
447.3333333333333
 10
487.6666666666667
 20
470.6666666666667
 10
484.33333333333337
 20
470.6666666666667
  0
LWPOLYLINE
  5
564
330
49D
100
AcDbEntity
 67
1
  8
S-DET
100
AcDbPolyline
 90
4
 70
1
 10
486.0
 20
457.3333333333333
 10
493.33333333333337
 20
457.3333333333333
 10
493.33333333333337
 20
460.6666666666667
 10
486.0
 20
460.6666666666667
  0
LINE
  5
565
330
49D
100
AcDbEntity
 67
1
  8
S-FINO
100
AcDbLine
 10
427.3333333333333
 20
445.3333333333333
 30
0.0
 11
427.3333333333333
 21
439.3333333333333
 31
0.0
  0
HATCH
  5
566
330
49D
100
AcDbEntity
 67
1
  8
S-DET
 62
7
100
AcDbHatch
 10
0.0
 20
0.0
 30
0.0
210
0.0
220
0.0
230
1.0
  2
SOLID
 70
1
 71
0
 91
1
 92
3
 72
0
 73
1
 93
3
 10
427.3333333333333
 20
439.3333333333333
 10
427.7233333333333
 20
440.6333333333333
 10
426.9433333333333
 20
440.6333333333333
 97
0
 75
0
 76
1
 98
0
  0
LINE
  5
567
330
49D
100
AcDbEntity
 67
1
  8
S-FINO
100
AcDbLine
 10
462.6666666666667
 20
445.3333333333333
 30
0.0
 11
462.6666666666667
 21
439.3333333333333
 31
0.0
  0
HATCH
  5
568
330
49D
100
AcDbEntity
 67
1
  8
S-DET
 62
7
100
AcDbHatch
 10
0.0
 20
0.0
 30
0.0
210
0.0
220
0.0
230
1.0
  2
SOLID
 70
1
 71
0
 91
1
 92
3
 72
0
 73
1
 93
3
 10
462.6666666666667
 20
445.3333333333333
 10
462.2766666666667
 20
444.0333333333333
 10
463.0566666666667
 20
444.0333333333333
 97
0
 75
0
 76
1
 98
0
  0
LINE
  5
569
330
49D
100
AcDbEntity
 67
1
  8
S-FINO
100
AcDbLine
 10
475.0
 20
445.3333333333333
 30
0.0
 11
475.0
 21
439.3333333333333
 31
0.0
  0
HATCH
  5
56A
330
49D
100
AcDbEntity
 67
1
  8
S-DET
 62
7
100
AcDbHatch
 10
0.0
 20
0.0
 30
0.0
210
0.0
220
0.0
230
1.0
  2
SOLID
 70
1
 71
0
 91
1
 92
3
 72
0
 73
1
 93
3
 10
475.0
 20
439.3333333333333
 10
475.39
 20
440.6333333333333
 10
474.61
 20
440.6333333333333
 97
0
 75
0
 76
1
 98
0
  0
LINE
  5
56B
330
49D
100
AcDbEntity
 67
1
  8
S-FINO
100
AcDbLine
 10
486.0
 20
445.3333333333333
 30
0.0
 11
486.0
 21
439.3333333333333
 31
0.0
  0
HATCH
  5
56C
330
49D
100
AcDbEntity
 67
1
  8
S-DET
 62
7
100
AcDbHatch
 10
0.0
 20
0.0
 30
0.0
210
0.0
220
0.0
230
1.0
  2
SOLID
 70
1
 71
0
 91
1
 92
3
 72
0
 73
1
 93
3
 10
486.0
 20
445.3333333333333
 10
485.61
 20
444.0333333333333
 10
486.39
 20
444.0333333333333
 97
0
 75
0
 76
1
 98
0
  0
TEXT
  5
56D
330
49D
100
AcDbEntity
 67
1
  8
A-TEXTO
100
AcDbText
 10
445.0
 20
440.0
 30
0.0
 40
1.5
  1
CÁMARA 1
  7
ARIAL
 72
1
 11
445.0
 21
440.0
 31
0.0
100
AcDbText
 73
2
  0
TEXT
  5
56E
330
49D
100
AcDbEntity
 67
1
  8
A-TEXTO
100
AcDbText
 10
445.0
 20
436.66666666666663
 30
0.0
 40
1.5
  1
DIGESTIÓN
  7
ARIAL
 72
1
 11
445.0
 21
436.66666666666663
 31
0.0
100
AcDbText
 73
2
  0
TEXT
  5
56F
330
49D
100
AcDbEntity
 67
1
  8
A-TEXTO
100
AcDbText
 10
445.0
 20
433.3333333333333
 30
0.0
 40
1.3
  1
(2/3 DEL LARGO)
  7
ARIAL
 72
1
 11
445.0
 21
433.3333333333333
 31
0.0
100
AcDbText
 73
2
  0
TEXT
  5
570
330
49D
100
AcDbEntity
 67
1
  8
A-TEXTO
100
AcDbText
 10
480.33333333333337
 20
434.6666666666667
 30
0.0
 40
1.3
  1
CÁMARA 2
  7
ARIAL
 72
1
 11
480.33333333333337
 21
434.6666666666667
 31
0.0
100
AcDbText
 73
2
  0
TEXT
  5
571
330
49D
100
AcDbEntity
 67
1
  8
A-TEXTO
100
AcDbText
 10
480.33333333333337
 20
431.3333333333333
 30
0.0
 40
1.1
  1
CLARIFICACIÓN
  7
ARIAL
 72
1
 11
480.33333333333337
 21
431.3333333333333
 31
0.0
100
AcDbText
 73
2
  0
TEXT
  5
572
330
49D
100
AcDbEntity
 67
1
  8
A-TEXTO
100
AcDbText
 10
480.33333333333337
 20
428.0
 30
0.0
 40
1.1
  1
(1/3 DEL LARGO)
  7
ARIAL
 72
1
 11
480.33333333333337
 21
428.0
 31
0.0
100
AcDbText
 73
2
  0
LWPOLYLINE
  5
573
330
49D
100
AcDbEntity
 67
1
  8
S-DET
100
AcDbPolyline
 90
4
 70
1
 10
365.6666666666667
 20
460.6666666666667
 10
392.3333333333333
 20
460.6666666666667
 10
392.3333333333333
 20
464.0
 10
365.6666666666667
 20
464.0
  0
HATCH
  5
574
330
49D
100
AcDbEntity
 67
1
  8
S-DET
 62
7
100
AcDbHatch
 10
0.0
 20
0.0
 30
0.0
210
0.0
220
0.0
230
1.0
  2
SOLID
 70
1
 71
0
 91
1
 92
3
 72
0
 73
1
 93
3
 10
392.5333333333333
 20
462.3333333333333
 10
390.9333333333333
 20
462.81333333333333
 10
390.9333333333333
 20
461.8533333333333
 97
0
 75
0
 76
1
 98
0
  0
LWPOLYLINE
  5
575
330
49D
100
AcDbEntity
 67
1
  8
S-DET
100
AcDbPolyline
 90
4
 70
1
 10
402.3333333333333
 20
457.3333333333333
 10
423.0
 20
457.3333333333333
 10
423.0
 20
460.6666666666667
 10
402.3333333333333
 20
460.6666666666667
  0
LWPOLYLINE
  5
576
330
49D
100
AcDbEntity
 67
1
  8
S-DET
100
AcDbPolyline
 90
4
 70
1
 10
493.6666666666667
 20
457.3333333333333
 10
496.33333333333337
 20
457.3333333333333
 10
496.33333333333337
 20
460.6666666666667
 10
493.6666666666667
 20
460.6666666666667
  0
HATCH
  5
577
330
49D
100
AcDbEntity
 67
1
  8
S-DET
 62
7
100
AcDbHatch
 10
0.0
 20
0.0
 30
0.0
210
0.0
220
0.0
230
1.0
  2
SOLID
 70
1
 71
0
 91
1
 92
3
 72
0
 73
1
 93
3
 10
496.33333333333337
 20
459.0
 10
494.73333333333335
 20
459.48
 10
494.73333333333335
 20
458.52
 97
0
 75
0
 76
1
 98
0
  0
LWPOLYLINE
  5
578
330
49D
100
AcDbEntity
 67
1
  8
S-DET
100
AcDbPolyline
 90
4
 70
1
 10
496.33333333333337
 20
417.3333333333333
 10
513.0
 20
417.3333333333333
 10
513.0
 20
474.0
 10
496.33333333333337
 20
474.0
  0
LWPOLYLINE
  5
579
330
49D
100
AcDbEntity
 67
1
  8
S-DET
100
AcDbPolyline
 90
4
 70
0
 10
495.0
 20
474.0
 10
495.0
 20
476.6666666666667
 10
514.3333333333334
 20
476.6666666666667
 10
514.3333333333334
 20
474.0
  0
ARC
  5
57A
330
49D
100
AcDbEntity
 67
1
  8
S-DET
100
AcDbCircle
 10
504.6666666666667
 20
461.20000000000005
 30
0.0
 40
15.949999999999998
100
AcDbArc
 50
80.0
 51
100.0
  0
LWPOLYLINE
  5
57B
330
49D
100
AcDbEntity
 67
1
  8
S-DET
100
AcDbPolyline
 90
4
 70
1
 10
510.6666666666667
 20
427.3333333333333
 10
521.0
 20
427.3333333333333
 10
521.0
 20
430.6666666666667
 10
510.6666666666667
 20
430.6666666666667
  0
HATCH
  5
57C
330
49D
100
AcDbEntity
 67
1
  8
S-DET
 62
7
100
AcDbHatch
 10
0.0
 20
0.0
 30
0.0
210
0.0
220
0.0
230
1.0
  2
SOLID
 70
1
 71
0
 91
1
 92
3
 72
0
 73
1
 93
3
 10
521.2
 20
429.0
 10
519.6
 20
429.48
 10
519.6
 20
428.52
 97
0
 75
0
 76
1
 98
0
  0
LINE
  5
57D
330
49D
100
AcDbEntity
 67
1
  8
S-FINO
100
AcDbLine
 10
504.6666666666667
 20
478.0
 30
0.0
 11
498.6666666666667
 21
487.3333333333333
 31
0.0
  0
TEXT
  5
57E
330
49D
100
AcDbEntity
 67
1
  8
A-TEXTO
100
AcDbText
 10
497.6666666666667
 20
487.3333333333333
 30
0.0
 40
1.4
  1
CILINDRO DE INSPECCIÓN
  7
ARIAL
 72
2
 11
497.6666666666667
 21
487.3333333333333
 31
0.0
100
AcDbText
 73
2
  0
LWPOLYLINE
  5
57F
330
49D
100
AcDbEntity
 67
1
  8
S-DET
100
AcDbPolyline
 90
4
 70
1
 10
515.6666666666667
 20
470.6666666666667
 10
550.3333333333334
 20
470.6666666666667
 10
550.3333333333334
 20
474.0
 10
515.6666666666667
 20
474.0
  0
HATCH
  5
580
330
49D
100
AcDbEntity
 67
1
  8
S-FINO
 62
7
100
AcDbHatch
 10
0.0
 20
0.0
 30
0.0
210
0.0
220
0.0
230
1.0
  2
ANSI37
 70
0
 71
0
 91
1
 92
3
 72
0
 73
1
 93
4
 10
515.6666666666667
 20
417.3333333333333
 10
519.6666666666667
 20
417.3333333333333
 10
519.6666666666667
 20
470.6666666666667
 10
515.6666666666667
 20
470.6666666666667
 97
0
 75
1
 76
1
 52
0.0
 41
0.35
 77
0
 78
2
 53
45.0
 43
0.0
 44
0.0
 45
-0.7857724106
 46
0.7857724106
 79
0
 53
135.0
 43
0.0
 44
0.0
 45
-0.7857724106
 46
-0.7857724106
 79
0
 98
0
  0
LWPOLYLINE
  5
581
330
49D
100
AcDbEntity
 67
1
  8
S-DET
100
AcDbPolyline
 90
4
 70
1
 10
515.6666666666667
 20
417.3333333333333
 10
519.6666666666667
 20
417.3333333333333
 10
519.6666666666667
 20
470.6666666666667
 10
515.6666666666667
 20
470.6666666666667
  0
LINE
  5
582
330
49D
100
AcDbEntity
 67
1
  8
S-FINO
100
AcDbLine
 10
515.6666666666667
 20
424.0
 30
0.0
 11
519.6666666666667
 21
424.0
 31
0.0
  0
LINE
  5
583
330
49D
100
AcDbEntity
 67
1
  8
S-FINO
100
AcDbLine
 10
515.6666666666667
 20
430.66666666666663
 30
0.0
 11
519.6666666666667
 21
430.66666666666663
 31
0.0
  0
LINE
  5
584
330
49D
100
AcDbEntity
 67
1
  8
S-FINO
100
AcDbLine
 10
515.6666666666667
 20
437.3333333333333
 30
0.0
 11
519.6666666666667
 21
437.3333333333333
 31
0.0
  0
LINE
  5
585
330
49D
100
AcDbEntity
 67
1
  8
S-FINO
100
AcDbLine
 10
515.6666666666667
 20
444.0
 30
0.0
 11
519.6666666666667
 21
444.0
 31
0.0
  0
LINE
  5
586
330
49D
100
AcDbEntity
 67
1
  8
S-FINO
100
AcDbLine
 10
515.6666666666667
 20
450.6666666666667
 30
0.0
 11
519.6666666666667
 21
450.6666666666667
 31
0.0
  0
LINE
  5
587
330
49D
100
AcDbEntity
 67
1
  8
S-FINO
100
AcDbLine
 10
515.6666666666667
 20
457.33333333333337
 30
0.0
 11
519.6666666666667
 21
457.33333333333337
 31
0.0
  0
LINE
  5
588
330
49D
100
AcDbEntity
 67
1
  8
S-FINO
100
AcDbLine
 10
515.6666666666667
 20
464.0
 30
0.0
 11
519.6666666666667
 21
464.0
 31
0.0
  0
HATCH
  5
589
330
49D
100
AcDbEntity
 67
1
  8
S-FINO
 62
7
100
AcDbHatch
 10
0.0
 20
0.0
 30
0.0
210
0.0
220
0.0
230
1.0
  2
ANSI37
 70
0
 71
0
 91
1
 92
3
 72
0
 73
1
 93
4
 10
546.3333333333334
 20
417.3333333333333
 10
550.3333333333334
 20
417.3333333333333
 10
550.3333333333334
 20
470.6666666666667
 10
546.3333333333334
 20
470.6666666666667
 97
0
 75
1
 76
1
 52
0.0
 41
0.35
 77
0
 78
2
 53
45.0
 43
0.0
 44
0.0
 45
-0.7857724106
 46
0.7857724106
 79
0
 53
135.0
 43
0.0
 44
0.0
 45
-0.7857724106
 46
-0.7857724106
 79
0
 98
0
  0
LWPOLYLINE
  5
58A
330
49D
100
AcDbEntity
 67
1
  8
S-DET
100
AcDbPolyline
 90
4
 70
1
 10
546.3333333333334
 20
417.3333333333333
 10
550.3333333333334
 20
417.3333333333333
 10
550.3333333333334
 20
470.6666666666667
 10
546.3333333333334
 20
470.6666666666667
  0
LINE
  5
58B
330
49D
100
AcDbEntity
 67
1
  8
S-FINO
100
AcDbLine
 10
546.3333333333334
 20
424.0
 30
0.0
 11
550.3333333333334
 21
424.0
 31
0.0
  0
LINE
  5
58C
330
49D
100
AcDbEntity
 67
1
  8
S-FINO
100
AcDbLine
 10
546.3333333333334
 20
430.66666666666663
 30
0.0
 11
550.3333333333334
 21
430.66666666666663
 31
0.0
  0
LINE
  5
58D
330
49D
100
AcDbEntity
 67
1
  8
S-FINO
100
AcDbLine
 10
546.3333333333334
 20
437.3333333333333
 30
0.0
 11
550.3333333333334
 21
437.3333333333333
 31
0.0
  0
LINE
  5
58E
330
49D
100
AcDbEntity
 67
1
  8
S-FINO
100
AcDbLine
 10
546.3333333333334
 20
444.0
 30
0.0
 11
550.3333333333334
 21
444.0
 31
0.0
  0
LINE
  5
58F
330
49D
100
AcDbEntity
 67
1
  8
S-FINO
100
AcDbLine
 10
546.3333333333334
 20
450.6666666666667
 30
0.0
 11
550.3333333333334
 21
450.6666666666667
 31
0.0
  0
LINE
  5
590
330
49D
100
AcDbEntity
 67
1
  8
S-FINO
100
AcDbLine
 10
546.3333333333334
 20
457.33333333333337
 30
0.0
 11
550.3333333333334
 21
457.33333333333337
 31
0.0
  0
LINE
  5
591
330
49D
100
AcDbEntity
 67
1
  8
S-FINO
100
AcDbLine
 10
546.3333333333334
 20
464.0
 30
0.0
 11
550.3333333333334
 21
464.0
 31
0.0
  0
HATCH
  5
592
330
49D
100
AcDbEntity
 67
1
  8
S-DET
 62
7
100
AcDbHatch
 10
0.0
 20
0.0
 30
0.0
210
0.0
220
0.0
230
1.0
  2
SOLID
 70
1
 71
0
 91
1
 92
3
 72
0
 73
1
 93
4
 10
515.6666666666667
 20
414.0
 10
550.3333333333334
 20
414.0
 10
550.3333333333334
 20
417.3333333333333
 10
515.6666666666667
 20
417.3333333333333
 97
0
 75
0
 76
1
 98
0
  0
HATCH
  5
593
330
49D
100
AcDbEntity
 67
1
  8
S-FINO
 62
7
100
AcDbHatch
 10
0.0
 20
0.0
 30
0.0
210
0.0
220
0.0
230
1.0
  2
GRAVEL
 70
0
 71
0
 91
1
 92
3
 72
0
 73
1
 93
4
 10
519.6666666666667
 20
424.0
 10
546.3333333333334
 20
424.0
 10
546.3333333333334
 20
450.6666666666667
 10
519.6666666666667
 20
450.6666666666667
 97
0
 75
1
 76
1
 52
0.0
 41
0.35
 77
0
 78
41
 53
228.0127875
 43
6.4008
 44
8.89
 45
-71.1200000056
 46
-80.009999995
 79
2
 49
1.19602504
 49
-118.4066927385
 53
184.969741
 43
5.6007
 44
8.001
 45
106.6799999578
 46
8.8900005064
 79
2
 49
2.05241652
 49
-203.1891711273
 53
132.5104471
 43
3.556
 44
7.8232
 45
88.9000000376
 46
-97.7899999659
 79
2
 49
1.44718532
 49
-143.2715297794
 53
267.273689
 43
0.0889
 44
5.6007
 45
8.8900000186
 46
177.7999999991
 79
2
 49
1.86901582
 49
-185.0325309901
 53
292.83365418
 43
0.0
 44
3.7338
 45
-44.4500000037
 46
106.6799999985
 79
2
 49
1.83271795
 49
-181.4393271087
 53
357.273689
 43
0.7112
 44
2.0447
 45
-177.7999999991
 46
8.8900000186
 79
2
 49
1.86901582
 49
-185.0325309901
 53
37.69424047
 43
2.5781
 44
1.9558
 45
-115.5699999949
 46
-88.9000000066
 79
2
 49
2.47167781
 49
-244.6959035999
 53
72.25532837
 43
4.5339
 44
3.4671
 45
62.2300000167
 46
195.5799999947
 79
2
 49
2.33351832
 49
-231.0183981067
 53
121.42956562
 43
5.2451
 44
5.6896
 45
-71.1200000101
 46
115.5699999938
 79
2
 49
1.8753455
 49
-185.6594099455
 53
175.2363583
 43
4.2672
 44
7.2898
 45
97.7899999986
 46
-8.8900000154
 79
2
 49
2.14099648
 49
-104.908779325
 53
222.3974378
 43
2.1336
 44
7.4676
 45
-106.6799999966
 46
-97.7900000037
 79
2
 49
2.76877272
 49
-274.1087037926
 53
138.81407483
 43
8.89
 44
5.5118
 45
-62.2299999963
 46
53.3400000043
 79
2
 49
0.94501589
 49
-93.5569803852
 53
171.4692344
 43
8.1788
 44
6.1341
 45
115.5700000031
 46
-17.7799999798
 79
2
 49
1.79788693
 49
-177.9912364896
 53
225.0
 43
6.4008
 44
6.4008
 45
-0.0
 46
-8.89
 79
2
 49
1.25723269
 49
-11.3151258795
 53
203.19859051
 43
5.7785
 44
7.4676
 45
44.4500000012
 46
17.7799999969
 79
2
 49
0.67704462
 49
-67.0271782911
 53
291.80140949
 43
5.1562
 44
7.2009
 45
-8.8900000019
 46
26.6699999994
 79
2
 49
0.95747967
 49
-46.916635465
 53
30.96375653
 43
5.5118
 44
6.3119
 45
26.6700000007
 46
17.779999999
 79
2
 49
1.55511881
 49
-50.2820435352
 53
161.56505118
 43
6.8453
 44
7.112
 45
17.7800000005
 46
-8.8899999991
 79
2
 49
1.12450499
 49
-26.9881434089
 53
16.389540334
 43
0.0
 44
7.2009
 45
88.9
 46
26.67
 79
2
 49
1.575308
 49
-155.9558933539
 53
70.34617594
 43
1.5113
 44
7.6454
 45
-35.5600000033
 46
-97.7899999988
 79
2
 49
1.32159629
 49
-130.8377548737
 53
293.19859051
 43
6.8453
 44
8.89
 45
-17.7799999969
 46
44.4500000013
 79
2
 49
1.35408035
 49
-66.3501425611
 53
343.61045967
 43
7.3787
 44
7.6454
 45
-88.9000000019
 46
26.6699999938
 79
2
 49
1.575308
 49
-155.9558933539
 53
339.44395478
 43
0.0
 44
1.6891
 45
-44.45
 46
17.78
 79
2
 49
1.5191232
 49
-74.4370700959
 53
294.7751406
 43
1.4224
 44
1.1557
 45
-44.4500000529
 46
97.789999976
 79
2
 49
1.27285242
 49
-126.0125768325
 53
66.80140949
 43
6.9342
 44
0.0
 45
17.7799999972
 46
44.4500000011
 79
2
 49
1.35408035
 49
-66.3501425611
 53
17.35402464
 43
7.4676
 44
1.2446
 45
-115.5699999977
 46
-35.5600000075
 79
2
 49
1.49023959
 49
-147.5333159307
 53
69.44395478
 43
2.5781
 44
0.0
 45
-17.7800000003
 46
-44.4499999999
 79
2
 49
0.7595616
 49
-75.1966316959
 53
101.309932474
 43
6.4008
 44
0.0
 45
-8.89
 46
35.56
 79
2
 49
0.4533011
 49
-44.8769823759
 53
165.963756532
 43
6.3119
 44
0.4445
 45
26.67
 46
-8.89
 79
2
 49
1.83271795
 49
-34.8216910617
 53
186.00900596
 43
4.5339
 44
0.889
 45
88.8999999995
 46
8.8900000047
 79
2
 49
1.6984345
 49
-168.1447770217
 53
303.69006753
 43
5.5118
 44
5.5118
 45
-8.8900000012
 46
17.7799999994
 79
2
 49
1.28213358
 49
-30.7712172589
 53
353.15722659
 43
6.223
 44
4.445
 45
151.1300000009
 46
-17.7799999921
 79
2
 49
2.23844866
 49
-221.6060317276
 53
60.9453959
 43
8.4455
 44
4.1783
 45
-35.560000001
 46
-62.2299999994
 79
2
 49
0.91527884
 49
-90.6128731134
 53
90.0
 43
8.89
 44
4.9784
 45
-8.89
 46
8.89
 79
2
 49
0.5334
 49
-8.3566
 53
120.25643716
 43
4.3561
 44
1.1557
 45
35.5599999957
 46
-62.2300000025
 79
2
 49
1.23503436
 49
-122.2687927062
 53
48.0127875
 43
3.7338
 44
2.2225
 45
71.1200000059
 46
80.0099999948
 79
2
 49
2.39205008
 49
-117.2106676985
 53
0.0
 43
5.334
 44
4.0005
 45
8.89
 46
8.89
 79
2
 49
2.3114
 49
-6.5786
 53
325.3048465
 43
7.6454
 44
4.0005
 45
88.9000000337
 46
-62.2299999519
 79
2
 49
1.40563346
 49
-139.1576085345
 53
254.0546041
 43
8.8011
 44
3.2004
 45
-8.8899999994
 46
-35.5600000001
 79
2
 49
1.29440178
 49
-63.4257751357
 53
207.64597536
 43
8.4455
 44
1.9558
 45
-168.9100000062
 46
-88.8999999882
 79
2
 49
2.10750785
 49
-208.6436254803
 53
175.42607874
 43
6.5786
 44
0.9779
 45
-115.57
 46
8.89
 79
2
 49
2.22960311
 49
-220.7304625968
 98
0
  0
LINE
  5
594
330
49D
100
AcDbEntity
 67
1
  8
S-DET
100
AcDbLine
 10
519.6666666666667
 20
424.0
 30
0.0
 11
546.3333333333334
 21
424.0
 31
0.0
  0
LINE
  5
595
330
49D
100
AcDbEntity
 67
1
  8
S-FINO
100
AcDbLine
 10
519.6666666666667
 20
450.6666666666667
 30
0.0
 11
546.3333333333334
 21
450.6666666666667
 31
0.0
  0
LWPOLYLINE
  5
596
330
49D
100
AcDbEntity
 67
1
  8
S-DET
100
AcDbPolyline
 90
4
 70
1
 10
540.3333333333334
 20
455.6666666666667
 10
565.6666666666667
 20
455.6666666666667
 10
565.6666666666667
 20
459.0
 10
540.3333333333334
 20
459.0
  0
HATCH
  5
597
330
49D
100
AcDbEntity
 67
1
  8
S-DET
 62
7
100
AcDbHatch
 10
0.0
 20
0.0
 30
0.0
210
0.0
220
0.0
230
1.0
  2
SOLID
 70
1
 71
0
 91
1
 92
3
 72
0
 73
1
 93
3
 10
569.6666666666667
 20
457.3333333333333
 10
568.0666666666667
 20
457.81333333333333
 10
568.0666666666667
 20
456.8533333333333
 97
0
 75
0
 76
1
 98
0
  0
LWPOLYLINE
  5
598
330
49D
100
AcDbEntity
 67
1
  8
S-DET
100
AcDbPolyline
 90
4
 70
1
 10
539.6666666666667
 20
465.6666666666667
 10
543.0
 20
465.6666666666667
 10
543.0
 20
484.0
 10
539.6666666666667
 20
484.0
  0
LWPOLYLINE
  5
599
330
49D
100
AcDbEntity
 67
1
  8
S-DET
100
AcDbPolyline
 90
3
 70
1
 10
538.0
 20
484.0
 10
541.3333333333334
 20
486.6666666666667
 10
544.6666666666667
 20
484.0
  0
LINE
  5
59A
330
49D
100
AcDbEntity
 67
1
  8
S-FINO
100
AcDbLine
 10
543.0
 20
485.3333333333333
 30
0.0
 11
554.0
 21
491.3333333333333
 31
0.0
  0
TEXT
  5
59B
330
49D
100
AcDbEntity
 67
1
  8
A-TEXTO
100
AcDbText
 10
555.0
 20
491.3333333333333
 30
0.0
 40
1.4
  1
RESPIRADERO 4"
  7
ARIAL
 11
555.0
 21
491.3333333333333
 31
0.0
100
AcDbText
 73
2
  0
TEXT
  5
59C
330
49D
100
AcDbEntity
 67
1
  8
A-TEXTO
100
AcDbText
 10
571.6666666666667
 20
457.3333333333333
 30
0.0
 40
1.4
  1
SALIDA A DRENAJE
  7
ARIAL
 11
571.6666666666667
 21
457.3333333333333
 31
0.0
100
AcDbText
 73
2
  0
TEXT
  5
59D
330
49D
100
AcDbEntity
 67
1
  8
A-TEXTO
100
AcDbText
 10
533.0
 20
460.6666666666667
 30
0.0
 40
1.5
  1
FAFA
  7
ARIAL
 72
1
 11
533.0
 21
460.6666666666667
 31
0.0
100
AcDbText
 73
2
  0
TEXT
  5
59E
330
49D
100
AcDbEntity
 67
1
  8
A-TEXTO
100
AcDbText
 10
533.0
 20
439.0
 30
0.0
 40
1.2
  1
PIEDRA CUARTA
  7
ARIAL
 72
1
 11
533.0
 21
439.0
 31
0.0
100
AcDbText
 73
2
  0
TEXT
  5
59F
330
49D
100
AcDbEntity
 67
1
  8
A-TEXTO
100
AcDbText
 10
533.0
 20
420.66666666666663
 30
0.0
 40
1.1
  1
FALSO FONDO
  7
ARIAL
 72
1
 11
533.0
 21
420.66666666666663
 31
0.0
100
AcDbText
 73
2
  0
LINE
  5
5A0
330
49D
100
AcDbEntity
 67
1
  8
S-FINO
100
AcDbLine
 10
368.0
 20
417.3333333333333
 30
0.0
 11
368.0
 21
474.0
 31
0.0
  0
LINE
  5
5A1
330
49D
100
AcDbEntity
 67
1
  8
S-FINO
100
AcDbLine
 10
367.4
 20
416.7333333333333
 30
0.0
 11
368.6
 21
417.93333333333334
 31
0.0
  0
LINE
  5
5A2
330
49D
100
AcDbEntity
 67
1
  8
S-FINO
100
AcDbLine
 10
366.8
 20
417.3333333333333
 30
0.0
 11
369.2
 21
417.3333333333333
 31
0.0
  0
LINE
  5
5A3
330
49D
100
AcDbEntity
 67
1
  8
S-FINO
100
AcDbLine
 10
367.4
 20
473.4
 30
0.0
 11
368.6
 21
474.6
 31
0.0
  0
LINE
  5
5A4
330
49D
100
AcDbEntity
 67
1
  8
S-FINO
100
AcDbLine
 10
366.8
 20
474.0
 30
0.0
 11
369.2
 21
474.0
 31
0.0
  0
TEXT
  5
5A5
330
49D
100
AcDbEntity
 67
1
  8
A-TEXTO
100
AcDbText
 10
366.7
 20
445.66666666666663
 30
0.0
 40
1.6
  1
1.70
  7
ARIAL
 72
2
 11
366.7
 21
445.66666666666663
 31
0.0
100
AcDbText
 73
2
  0
TEXT
  5
5A6
330
49D
100
AcDbEntity
 67
1
  8
A-TEXTO
100
AcDbText
 10
366.7
 20
443.06666666666666
 30
0.0
 40
1.2
  1
PROF. TOTAL
  7
ARIAL
 72
2
 11
366.7
 21
443.06666666666666
 31
0.0
100
AcDbText
 73
2
  0
LINE
  5
5A7
330
49D
100
AcDbEntity
 67
1
  8
S-FINO
100
AcDbLine
 10
459.0
 20
460.6666666666667
 30
0.0
 11
459.0
 21
470.6666666666667
 31
0.0
  0
LINE
  5
5A8
330
49D
100
AcDbEntity
 67
1
  8
S-FINO
100
AcDbLine
 10
458.4
 20
460.06666666666666
 30
0.0
 11
459.6
 21
461.2666666666667
 31
0.0
  0
LINE
  5
5A9
330
49D
100
AcDbEntity
 67
1
  8
S-FINO
100
AcDbLine
 10
457.8
 20
460.6666666666667
 30
0.0
 11
460.2
 21
460.6666666666667
 31
0.0
  0
LINE
  5
5AA
330
49D
100
AcDbEntity
 67
1
  8
S-FINO
100
AcDbLine
 10
458.4
 20
470.06666666666666
 30
0.0
 11
459.6
 21
471.2666666666667
 31
0.0
  0
LINE
  5
5AB
330
49D
100
AcDbEntity
 67
1
  8
S-FINO
100
AcDbLine
 10
457.8
 20
470.6666666666667
 30
0.0
 11
460.2
 21
470.6666666666667
 31
0.0
  0
TEXT
  5
5AC
330
49D
100
AcDbEntity
 67
1
  8
A-TEXTO
100
AcDbText
 10
457.7
 20
465.6666666666667
 30
0.0
 40
1.6
  1
0.30
  7
ARIAL
 72
2
 11
457.7
 21
465.6666666666667
 31
0.0
100
AcDbText
 73
2
  0
LINE
  5
5AD
330
49D
100
AcDbEntity
 67
1
  8
S-FINO
100
AcDbLine
 10
459.0
 20
420.66666666666663
 30
0.0
 11
459.0
 21
460.6666666666667
 31
0.0
  0
LINE
  5
5AE
330
49D
100
AcDbEntity
 67
1
  8
S-FINO
100
AcDbLine
 10
458.4
 20
420.0666666666666
 30
0.0
 11
459.6
 21
421.26666666666665
 31
0.0
  0
LINE
  5
5AF
330
49D
100
AcDbEntity
 67
1
  8
S-FINO
100
AcDbLine
 10
457.8
 20
420.66666666666663
 30
0.0
 11
460.2
 21
420.66666666666663
 31
0.0
  0
LINE
  5
5B0
330
49D
100
AcDbEntity
 67
1
  8
S-FINO
100
AcDbLine
 10
458.4
 20
460.06666666666666
 30
0.0
 11
459.6
 21
461.2666666666667
 31
0.0
  0
LINE
  5
5B1
330
49D
100
AcDbEntity
 67
1
  8
S-FINO
100
AcDbLine
 10
457.8
 20
460.6666666666667
 30
0.0
 11
460.2
 21
460.6666666666667
 31
0.0
  0
TEXT
  5
5B2
330
49D
100
AcDbEntity
 67
1
  8
A-TEXTO
100
AcDbText
 10
457.7
 20
440.66666666666663
 30
0.0
 40
1.6
  1

  7
ARIAL
 72
2
 11
457.7
 21
440.66666666666663
 31
0.0
100
AcDbText
 73
2
  0
TEXT
  5
5B3
330
49D
100
AcDbEntity
 67
1
  8
A-TEXTO
100
AcDbText
 10
457.7
 20
450.6666666666667
 30
0.0
 40
1.6
  1
1.20
  7
ARIAL
 72
2
 11
457.7
 21
450.6666666666667
 31
0.0
100
AcDbText
 73
2
  0
LINE
  5
5B4
330
49D
100
AcDbEntity
 67
1
  8
S-FINO
100
AcDbLine
 10
553.6666666666667
 20
424.0
 30
0.0
 11
553.6666666666667
 21
450.6666666666667
 31
0.0
  0
LINE
  5
5B5
330
49D
100
AcDbEntity
 67
1
  8
S-FINO
100
AcDbLine
 10
553.0666666666667
 20
423.4
 30
0.0
 11
554.2666666666668
 21
424.6
 31
0.0
  0
LINE
  5
5B6
330
49D
100
AcDbEntity
 67
1
  8
S-FINO
100
AcDbLine
 10
552.4666666666667
 20
424.0
 30
0.0
 11
554.8666666666668
 21
424.0
 31
0.0
  0
LINE
  5
5B7
330
49D
100
AcDbEntity
 67
1
  8
S-FINO
100
AcDbLine
 10
553.0666666666667
 20
450.06666666666666
 30
0.0
 11
554.2666666666668
 21
451.2666666666667
 31
0.0
  0
LINE
  5
5B8
330
49D
100
AcDbEntity
 67
1
  8
S-FINO
100
AcDbLine
 10
552.4666666666667
 20
450.6666666666667
 30
0.0
 11
554.8666666666668
 21
450.6666666666667
 31
0.0
  0
TEXT
  5
5B9
330
49D
100
AcDbEntity
 67
1
  8
A-TEXTO
100
AcDbText
 10
554.9666666666667
 20
437.33333333333337
 30
0.0
 40
1.6
  1
0.80
  7
ARIAL
 11
554.9666666666667
 21
437.33333333333337
 31
0.0
100
AcDbText
 73
2
  0
LINE
  5
5BA
330
49D
100
AcDbEntity
 67
1
  8
S-FINO
100
AcDbLine
 10
553.6666666666667
 20
417.3333333333333
 30
0.0
 11
553.6666666666667
 21
424.0
 31
0.0
  0
LINE
  5
5BB
330
49D
100
AcDbEntity
 67
1
  8
S-FINO
100
AcDbLine
 10
553.0666666666667
 20
416.7333333333333
 30
0.0
 11
554.2666666666668
 21
417.93333333333334
 31
0.0
  0
LINE
  5
5BC
330
49D
100
AcDbEntity
 67
1
  8
S-FINO
100
AcDbLine
 10
552.4666666666667
 20
417.3333333333333
 30
0.0
 11
554.8666666666668
 21
417.3333333333333
 31
0.0
  0
LINE
  5
5BD
330
49D
100
AcDbEntity
 67
1
  8
S-FINO
100
AcDbLine
 10
553.0666666666667
 20
423.4
 30
0.0
 11
554.2666666666668
 21
424.6
 31
0.0
  0
LINE
  5
5BE
330
49D
100
AcDbEntity
 67
1
  8
S-FINO
100
AcDbLine
 10
552.4666666666667
 20
424.0
 30
0.0
 11
554.8666666666668
 21
424.0
 31
0.0
  0
TEXT
  5
5BF
330
49D
100
AcDbEntity
 67
1
  8
A-TEXTO
100
AcDbText
 10
554.9666666666667
 20
420.66666666666663
 30
0.0
 40
1.6
  1
0.20
  7
ARIAL
 11
554.9666666666667
 21
420.66666666666663
 31
0.0
100
AcDbText
 73
2
  0
LINE
  5
5C0
330
49D
100
AcDbEntity
 67
1
  8
S-FINO
100
AcDbLine
 10
423.0
 20
482.6666666666667
 30
0.0
 11
489.6666666666667
 21
482.6666666666667
 31
0.0
  0
LINE
  5
5C1
330
49D
100
AcDbEntity
 67
1
  8
S-FINO
100
AcDbLine
 10
422.4
 20
482.06666666666666
 30
0.0
 11
423.6
 21
483.2666666666667
 31
0.0
  0
LINE
  5
5C2
330
49D
100
AcDbEntity
 67
1
  8
S-FINO
100
AcDbLine
 10
423.0
 20
481.4666666666667
 30
0.0
 11
423.0
 21
483.8666666666667
 31
0.0
  0
LINE
  5
5C3
330
49D
100
AcDbEntity
 67
1
  8
S-FINO
100
AcDbLine
 10
489.06666666666666
 20
482.06666666666666
 30
0.0
 11
490.2666666666667
 21
483.2666666666667
 31
0.0
  0
LINE
  5
5C4
330
49D
100
AcDbEntity
 67
1
  8
S-FINO
100
AcDbLine
 10
489.6666666666667
 20
481.4666666666667
 30
0.0
 11
489.6666666666667
 21
483.8666666666667
 31
0.0
  0
TEXT
  5
5C5
330
49D
100
AcDbEntity
 67
1
  8
A-TEXTO
100
AcDbText
 10
456.33333333333337
 20
483.9666666666667
 30
0.0
 40
1.6
  1
2.00
  7
ARIAL
 72
1
 11
456.33333333333337
 21
483.9666666666667
 31
0.0
100
AcDbText
 73
1
  0
LINE
  5
5C6
330
49D
100
AcDbEntity
 67
1
  8
S-FINO
100
AcDbLine
 10
519.6666666666667
 20
482.6666666666667
 30
0.0
 11
546.3333333333334
 21
482.6666666666667
 31
0.0
  0
LINE
  5
5C7
330
49D
100
AcDbEntity
 67
1
  8
S-FINO
100
AcDbLine
 10
519.0666666666667
 20
482.06666666666666
 30
0.0
 11
520.2666666666668
 21
483.2666666666667
 31
0.0
  0
LINE
  5
5C8
330
49D
100
AcDbEntity
 67
1
  8
S-FINO
100
AcDbLine
 10
519.6666666666667
 20
481.4666666666667
 30
0.0
 11
519.6666666666667
 21
483.8666666666667
 31
0.0
  0
LINE
  5
5C9
330
49D
100
AcDbEntity
 67
1
  8
S-FINO
100
AcDbLine
 10
545.7333333333333
 20
482.06666666666666
 30
0.0
 11
546.9333333333334
 21
483.2666666666667
 31
0.0
  0
LINE
  5
5CA
330
49D
100
AcDbEntity
 67
1
  8
S-FINO
100
AcDbLine
 10
546.3333333333334
 20
481.4666666666667
 30
0.0
 11
546.3333333333334
 21
483.8666666666667
 31
0.0
  0
TEXT
  5
5CB
330
49D
100
AcDbEntity
 67
1
  8
A-TEXTO
100
AcDbText
 10
533.0
 20
483.9666666666667
 30
0.0
 40
1.6
  1
0.80
  7
ARIAL
 72
1
 11
533.0
 21
483.9666666666667
 31
0.0
100
AcDbText
 73
1
  0
TEXT
  5
5CC
330
49D
100
AcDbEntity
 67
1
  8
A-TEXTO
100
AcDbText
 10
362.0
 20
411.0
 30
0.0
 40
1.3
  1
ESQUEMA: LA TRAMPA DE GRASA SE UBICA EN EL COLECTOR AG Y LAS AGUAS NEGRAS ENTRAN POR LA CR DE ENTRADA (VER PLANTA N1).
  7
ARIAL
 11
362.0
 21
411.0
 31
0.0
100
AcDbText
 73
2
  0
TEXT
  5
5CD
330
49D
100
AcDbEntity
 67
1
  8
A-TITULOS
100
AcDbText
 10
600.0
 20
580.0
 30
0.0
 40
3.0
  1
DETALLE 2 - SECCIÓN DE DRENAJE [PR]
  7
ARIAL
 11
600.0
 21
580.0
 31
0.0
100
AcDbText
 73
3
  0
TEXT
  5
5CE
330
49D
100
AcDbEntity
 67
1
  8
A-TEXTO
100
AcDbText
 10
600.0
 20
575.0
 30
0.0
 40
2.0
  1
Esc. 1:10
  7
ARIAL
 11
600.0
 21
575.0
 31
0.0
100
AcDbText
 73
3
  0
LWPOLYLINE
  5
5CF
330
49D
100
AcDbEntity
 67
1
  8
S-DET
100
AcDbPolyline
 90
4
 70
1
 10
630.0
 20
563.0
 10
680.0
 20
563.0
 10
680.0
 20
553.0
 10
630.0
 20
553.0
  0
HATCH
  5
5D0
330
49D
100
AcDbEntity
 67
1
  8
S-FINO
 62
7
100
AcDbHatch
 10
0.0
 20
0.0
 30
0.0
210
0.0
220
0.0
230
1.0
  2
EARTH
 70
0
 71
0
 91
1
 92
3
 72
0
 73
1
 93
4
 10
630.0
 20
563.0
 10
680.0
 20
563.0
 10
680.0
 20
553.0
 10
630.0
 20
553.0
 97
0
 75
1
 76
1
 52
0.0
 41
0.6
 77
0
 78
6
 53
0.0
 43
0.0
 44
0.0
 45
3.81
 46
3.81
 79
2
 49
3.81
 49
-3.81
 53
0.0
 43
0.0
 44
1.42875
 45
3.81
 46
3.81
 79
2
 49
3.81
 49
-3.81
 53
0.0
 43
0.0
 44
2.8575
 45
3.81
 46
3.81
 79
2
 49
3.81
 49
-3.81
 53
90.0
 43
0.47625
 44
3.33375
 45
-3.81
 46
3.81
 79
2
 49
3.81
 49
-3.81
 53
90.0
 43
1.905
 44
3.33375
 45
-3.81
 46
3.81
 79
2
 49
3.81
 49
-3.81
 53
90.0
 43
3.33375
 44
3.33375
 45
-3.81
 46
3.81
 79
2
 49
3.81
 49
-3.81
 98
0
  0
LINE
  5
5D1
330
49D
100
AcDbEntity
 67
1
  8
S-FINO
100
AcDbLine
 10
633.0
 20
558.0
 30
0.0
 11
624.0
 21
562.0
 31
0.0
  0
TEXT
  5
5D2
330
49D
100
AcDbEntity
 67
1
  8
A-TEXTO
100
AcDbText
 10
623.0
 20
562.0
 30
0.0
 40
1.4
  1
TIERRA
  7
ARIAL
 72
2
 11
623.0
 21
562.0
 31
0.0
100
AcDbText
 73
2
  0
LWPOLYLINE
  5
5D3
330
49D
100
AcDbEntity
 67
1
  8
S-DET
100
AcDbPolyline
 90
4
 70
1
 10
630.0
 20
553.0
 10
680.0
 20
553.0
 10
680.0
 20
548.0
 10
630.0
 20
548.0
  0
HATCH
  5
5D4
330
49D
100
AcDbEntity
 67
1
  8
S-FINO
 62
7
100
AcDbHatch
 10
0.0
 20
0.0
 30
0.0
210
0.0
220
0.0
230
1.0
  2
AR-SAND
 70
0
 71
0
 91
1
 92
3
 72
0
 73
1
 93
4
 10
630.0
 20
553.0
 10
680.0
 20
553.0
 10
680.0
 20
548.0
 10
630.0
 20
548.0
 97
0
 75
1
 76
1
 52
0.0
 41
0.25
 77
0
 78
4
 53
37.5
 43
0.0
 44
0.0
 45
-0.400007824
 46
12.2353309332
 79
6
 49
0.0
 49
-9.652
 49
0.0
 49
-10.795
 49
0.0
 49
-10.31875
 53
7.5
 43
0.0
 44
0.0
 45
11.2380820785
 46
17.9206275142
 79
6
 49
0.0
 49
-5.207
 49
0.0
 49
-8.6995
 49
0.0
 49
-3.33375
 53
-32.5
 43
-7.8105
 44
0.0
 45
19.774809256
 46
0.035929617
 79
6
 49
0.0
 49
-3.175
 49
0.0
 49
-11.43
 49
0.0
 49
-14.9225
 53
-42.5
 43
-7.8105
 44
0.0
 45
19.0889113118
 46
5.5732330814
 79
6
 49
0.0
 49
-1.5875
 49
0.0
 49
-7.493
 49
0.0
 49
-8.5725
 98
0
  0
LINE
  5
5D5
330
49D
100
AcDbEntity
 67
1
  8
S-FINO
100
AcDbLine
 10
633.0
 20
550.5
 30
0.0
 11
624.0
 21
550.5
 31
0.0
  0
TEXT
  5
5D6
330
49D
100
AcDbEntity
 67
1
  8
A-TEXTO
100
AcDbText
 10
623.0
 20
550.5
 30
0.0
 40
1.4
  1
GRAVA FINA, ARENA O ARROCILLO
  7
ARIAL
 72
2
 11
623.0
 21
550.5
 31
0.0
100
AcDbText
 73
2
  0
LWPOLYLINE
  5
5D7
330
49D
100
AcDbEntity
 67
1
  8
S-DET
100
AcDbPolyline
 90
4
 70
1
 10
630.0
 20
548.0
 10
680.0
 20
548.0
 10
680.0
 20
543.0
 10
630.0
 20
543.0
  0
HATCH
  5
5D8
330
49D
100
AcDbEntity
 67
1
  8
S-FINO
 62
7
100
AcDbHatch
 10
0.0
 20
0.0
 30
0.0
210
0.0
220
0.0
230
1.0
  2
GRAVEL
 70
0
 71
0
 91
1
 92
3
 72
0
 73
1
 93
4
 10
630.0
 20
548.0
 10
680.0
 20
548.0
 10
680.0
 20
543.0
 10
630.0
 20
543.0
 97
0
 75
1
 76
1
 52
0.0
 41
0.25
 77
0
 78
41
 53
228.0127875
 43
4.572
 44
6.35
 45
-50.800000004
 46
-57.1499999964
 79
2
 49
0.8543036
 49
-84.5762090989
 53
184.969741
 43
4.0005
 44
5.715
 45
76.1999999698
 46
6.3500003618
 79
2
 49
1.4660118
 49
-145.1351222338
 53
132.5104471
 43
2.54
 44
5.588
 45
63.5000000268
 46
-69.8499999756
 79
2
 49
1.0337038
 49
-102.3368069853
 53
267.273689
 43
0.0635
 44
4.0005
 45
6.3500000133
 46
126.9999999993
 79
2
 49
1.3350113
 49
-132.1660935644
 53
292.83365418
 43
0.0
 44
2.667
 45
-31.7500000027
 46
76.1999999989
 79
2
 49
1.30908425
 49
-129.5995193633
 53
357.273689
 43
0.508
 44
1.4605
 45
-126.9999999993
 46
6.3500000133
 79
2
 49
1.3350113
 49
-132.1660935644
 53
37.69424047
 43
1.8415
 44
1.397
 45
-82.5499999963
 46
-63.5000000047
 79
2
 49
1.76548415
 49
-174.7827882856
 53
72.25532837
 43
3.2385
 44
2.4765
 45
44.450000012
 46
139.6999999962
 79
2
 49
1.6667988
 49
-165.0131415048
 53
121.42956562
 43
3.7465
 44
4.064
 45
-50.8000000072
 46
82.5499999956
 79
2
 49
1.3395325
 49
-132.6138642468
 53
175.2363583
 43
3.048
 44
5.207
 45
69.849999999
 46
-6.350000011
 79
2
 49
1.5292832
 49
-74.934842375
 53
222.3974378
 43
1.524
 44
5.334
 45
-76.1999999975
 46
-69.8500000027
 79
2
 49
1.9776948
 49
-195.7919312805
 53
138.81407483
 43
6.35
 44
3.937
 45
-44.4499999973
 46
38.1000000031
 79
2
 49
0.67501135
 49
-66.8264145608
 53
171.4692344
 43
5.842
 44
4.3815
 45
82.5500000022
 46
-12.6999999856
 79
2
 49
1.28420495
 49
-127.1365974926
 53
225.0
 43
4.572
 44
4.572
 45
-0.0
 46
-6.35
 79
2
 49
0.89802335
 49
-8.0822327711
 53
203.19859051
 43
4.1275
 44
5.334
 45
31.7500000009
 46
12.6999999978
 79
2
 49
0.4836033
 49
-47.8765559222
 53
291.80140949
 43
3.683
 44
5.1435
 45
-6.3500000013
 46
19.0499999995
 79
2
 49
0.68391405
 49
-33.511882475
 53
30.96375653
 43
3.937
 44
4.5085
 45
19.0500000005
 46
12.6999999993
 79
2
 49
1.11079915
 49
-35.9157453823
 53
161.56505118
 43
4.8895
 44
5.08
 45
12.7000000003
 46
-6.3499999993
 79
2
 49
0.80321785
 49
-19.2772452921
 53
16.389540334
 43
0.0
 44
5.1435
 45
63.5
 46
19.05
 79
2
 49
1.12522
 49
-111.3970666813
 53
70.34617594
 43
1.0795
 44
5.461
 45
-25.4000000023
 46
-69.8499999992
 79
2
 49
0.94399735
 49
-93.4555391955
 53
293.19859051
 43
4.8895
 44
6.35
 45
-12.6999999978
 46
31.7500000009
 79
2
 49
0.96720025
 49
-47.3929589722
 53
343.61045967
 43
5.2705
 44
5.461
 45
-63.5000000013
 46
19.0499999955
 79
2
 49
1.12522
 49
-111.3970666813
 53
339.44395478
 43
0.0
 44
1.2065
 45
-31.75
 46
12.7
 79
2
 49
1.085088
 49
-53.1693357828
 53
294.7751406
 43
1.016
 44
0.8255
 45
-31.7500000378
 46
69.8499999828
 79
2
 49
0.9091803
 49
-90.0089834518
 53
66.80140949
 43
4.953
 44
0.0
 45
12.699999998
 46
31.7500000008
 79
2
 49
0.96720025
 49
-47.3929589722
 53
17.35402464
 43
5.334
 44
0.889
 45
-82.5499999984
 46
-25.4000000053
 79
2
 49
1.06445685
 49
-105.3809399505
 53
69.44395478
 43
1.8415
 44
0.0
 45
-12.7000000002
 46
-31.7499999999
 79
2
 49
0.542544
 49
-53.7118797828
 53
101.309932474
 43
4.572
 44
0.0
 45
-6.35
 46
25.4
 79
2
 49
0.3237865
 49
-32.0549874113
 53
165.963756532
 43
4.5085
 44
0.3175
 45
19.05
 46
-6.35
 79
2
 49
1.30908425
 49
-24.8726364727
 53
186.00900596
 43
3.2385
 44
0.635
 45
63.4999999997
 46
6.3500000033
 79
2
 49
1.2131675
 49
-120.1034121583
 53
303.69006753
 43
3.937
 44
3.937
 45
-6.3500000009
 46
12.6999999996
 79
2
 49
0.9158097
 49
-21.9794408992
 53
353.15722659
 43
4.445
 44
3.175
 45
107.9500000007
 46
-12.6999999943
 79
2
 49
1.5988919
 49
-158.2900226626
 53
60.9453959
 43
6.0325
 44
2.9845
 45
-25.4000000007
 46
-44.4499999996
 79
2
 49
0.6537706
 49
-64.7234807953
 53
90.0
 43
6.35
 44
3.556
 45
-6.35
 46
6.35
 79
2
 49
0.381
 49
-5.969
 53
120.25643716
 43
3.1115
 44
0.8255
 45
25.3999999969
 46
-44.4500000018
 79
2
 49
0.8821674
 49
-87.334851933
 53
48.0127875
 43
2.667
 44
1.5875
 45
50.8000000042
 46
57.1499999963
 79
2
 49
1.7086072
 49
-83.7219054989
 53
0.0
 43
3.81
 44
2.8575
 45
6.35
 46
6.35
 79
2
 49
1.651
 49
-4.699
 53
325.3048465
 43
5.461
 44
2.8575
 45
63.5000000241
 46
-44.4499999656
 79
2
 49
1.0040239
 49
-99.3982918104
 53
254.0546041
 43
6.2865
 44
2.286
 45
-6.3499999995
 46
-25.4000000001
 79
2
 49
0.9245727
 49
-45.3041250969
 53
207.64597536
 43
6.0325
 44
1.397
 45
-120.6500000044
 46
-63.4999999916
 79
2
 49
1.50536275
 49
-149.0311610574
 53
175.42607874
 43
4.699
 44
0.6985
 45
-82.55
 46
6.35
 79
2
 49
1.59257365
 49
-157.6646161406
 98
0
  0
LINE
  5
5D9
330
49D
100
AcDbEntity
 67
1
  8
S-FINO
100
AcDbLine
 10
633.0
 20
545.5
 30
0.0
 11
624.0
 21
545.5
 31
0.0
  0
TEXT
  5
5DA
330
49D
100
AcDbEntity
 67
1
  8
A-TEXTO
100
AcDbText
 10
623.0
 20
545.5
 30
0.0
 40
1.4
  1
PIEDRA QUINTA
  7
ARIAL
 72
2
 11
623.0
 21
545.5
 31
0.0
100
AcDbText
 73
2
  0
LWPOLYLINE
  5
5DB
330
49D
100
AcDbEntity
 67
1
  8
S-DET
100
AcDbPolyline
 90
4
 70
1
 10
630.0
 20
543.0
 10
680.0
 20
543.0
 10
680.0
 20
533.0
 10
630.0
 20
533.0
  0
HATCH
  5
5DC
330
49D
100
AcDbEntity
 67
1
  8
S-FINO
 62
7
100
AcDbHatch
 10
0.0
 20
0.0
 30
0.0
210
0.0
220
0.0
230
1.0
  2
GRAVEL
 70
0
 71
0
 91
1
 92
3
 72
0
 73
1
 93
4
 10
630.0
 20
543.0
 10
680.0
 20
543.0
 10
680.0
 20
533.0
 10
630.0
 20
533.0
 97
0
 75
1
 76
1
 52
0.0
 41
0.25
 77
0
 78
41
 53
228.0127875
 43
4.572
 44
6.35
 45
-50.800000004
 46
-57.1499999964
 79
2
 49
0.8543036
 49
-84.5762090989
 53
184.969741
 43
4.0005
 44
5.715
 45
76.1999999698
 46
6.3500003618
 79
2
 49
1.4660118
 49
-145.1351222338
 53
132.5104471
 43
2.54
 44
5.588
 45
63.5000000268
 46
-69.8499999756
 79
2
 49
1.0337038
 49
-102.3368069853
 53
267.273689
 43
0.0635
 44
4.0005
 45
6.3500000133
 46
126.9999999993
 79
2
 49
1.3350113
 49
-132.1660935644
 53
292.83365418
 43
0.0
 44
2.667
 45
-31.7500000027
 46
76.1999999989
 79
2
 49
1.30908425
 49
-129.5995193633
 53
357.273689
 43
0.508
 44
1.4605
 45
-126.9999999993
 46
6.3500000133
 79
2
 49
1.3350113
 49
-132.1660935644
 53
37.69424047
 43
1.8415
 44
1.397
 45
-82.5499999963
 46
-63.5000000047
 79
2
 49
1.76548415
 49
-174.7827882856
 53
72.25532837
 43
3.2385
 44
2.4765
 45
44.450000012
 46
139.6999999962
 79
2
 49
1.6667988
 49
-165.0131415048
 53
121.42956562
 43
3.7465
 44
4.064
 45
-50.8000000072
 46
82.5499999956
 79
2
 49
1.3395325
 49
-132.6138642468
 53
175.2363583
 43
3.048
 44
5.207
 45
69.849999999
 46
-6.350000011
 79
2
 49
1.5292832
 49
-74.934842375
 53
222.3974378
 43
1.524
 44
5.334
 45
-76.1999999975
 46
-69.8500000027
 79
2
 49
1.9776948
 49
-195.7919312805
 53
138.81407483
 43
6.35
 44
3.937
 45
-44.4499999973
 46
38.1000000031
 79
2
 49
0.67501135
 49
-66.8264145608
 53
171.4692344
 43
5.842
 44
4.3815
 45
82.5500000022
 46
-12.6999999856
 79
2
 49
1.28420495
 49
-127.1365974926
 53
225.0
 43
4.572
 44
4.572
 45
-0.0
 46
-6.35
 79
2
 49
0.89802335
 49
-8.0822327711
 53
203.19859051
 43
4.1275
 44
5.334
 45
31.7500000009
 46
12.6999999978
 79
2
 49
0.4836033
 49
-47.8765559222
 53
291.80140949
 43
3.683
 44
5.1435
 45
-6.3500000013
 46
19.0499999995
 79
2
 49
0.68391405
 49
-33.511882475
 53
30.96375653
 43
3.937
 44
4.5085
 45
19.0500000005
 46
12.6999999993
 79
2
 49
1.11079915
 49
-35.9157453823
 53
161.56505118
 43
4.8895
 44
5.08
 45
12.7000000003
 46
-6.3499999993
 79
2
 49
0.80321785
 49
-19.2772452921
 53
16.389540334
 43
0.0
 44
5.1435
 45
63.5
 46
19.05
 79
2
 49
1.12522
 49
-111.3970666813
 53
70.34617594
 43
1.0795
 44
5.461
 45
-25.4000000023
 46
-69.8499999992
 79
2
 49
0.94399735
 49
-93.4555391955
 53
293.19859051
 43
4.8895
 44
6.35
 45
-12.6999999978
 46
31.7500000009
 79
2
 49
0.96720025
 49
-47.3929589722
 53
343.61045967
 43
5.2705
 44
5.461
 45
-63.5000000013
 46
19.0499999955
 79
2
 49
1.12522
 49
-111.3970666813
 53
339.44395478
 43
0.0
 44
1.2065
 45
-31.75
 46
12.7
 79
2
 49
1.085088
 49
-53.1693357828
 53
294.7751406
 43
1.016
 44
0.8255
 45
-31.7500000378
 46
69.8499999828
 79
2
 49
0.9091803
 49
-90.0089834518
 53
66.80140949
 43
4.953
 44
0.0
 45
12.699999998
 46
31.7500000008
 79
2
 49
0.96720025
 49
-47.3929589722
 53
17.35402464
 43
5.334
 44
0.889
 45
-82.5499999984
 46
-25.4000000053
 79
2
 49
1.06445685
 49
-105.3809399505
 53
69.44395478
 43
1.8415
 44
0.0
 45
-12.7000000002
 46
-31.7499999999
 79
2
 49
0.542544
 49
-53.7118797828
 53
101.309932474
 43
4.572
 44
0.0
 45
-6.35
 46
25.4
 79
2
 49
0.3237865
 49
-32.0549874113
 53
165.963756532
 43
4.5085
 44
0.3175
 45
19.05
 46
-6.35
 79
2
 49
1.30908425
 49
-24.8726364727
 53
186.00900596
 43
3.2385
 44
0.635
 45
63.4999999997
 46
6.3500000033
 79
2
 49
1.2131675
 49
-120.1034121583
 53
303.69006753
 43
3.937
 44
3.937
 45
-6.3500000009
 46
12.6999999996
 79
2
 49
0.9158097
 49
-21.9794408992
 53
353.15722659
 43
4.445
 44
3.175
 45
107.9500000007
 46
-12.6999999943
 79
2
 49
1.5988919
 49
-158.2900226626
 53
60.9453959
 43
6.0325
 44
2.9845
 45
-25.4000000007
 46
-44.4499999996
 79
2
 49
0.6537706
 49
-64.7234807953
 53
90.0
 43
6.35
 44
3.556
 45
-6.35
 46
6.35
 79
2
 49
0.381
 49
-5.969
 53
120.25643716
 43
3.1115
 44
0.8255
 45
25.3999999969
 46
-44.4500000018
 79
2
 49
0.8821674
 49
-87.334851933
 53
48.0127875
 43
2.667
 44
1.5875
 45
50.8000000042
 46
57.1499999963
 79
2
 49
1.7086072
 49
-83.7219054989
 53
0.0
 43
3.81
 44
2.8575
 45
6.35
 46
6.35
 79
2
 49
1.651
 49
-4.699
 53
325.3048465
 43
5.461
 44
2.8575
 45
63.5000000241
 46
-44.4499999656
 79
2
 49
1.0040239
 49
-99.3982918104
 53
254.0546041
 43
6.2865
 44
2.286
 45
-6.3499999995
 46
-25.4000000001
 79
2
 49
0.9245727
 49
-45.3041250969
 53
207.64597536
 43
6.0325
 44
1.397
 45
-120.6500000044
 46
-63.4999999916
 79
2
 49
1.50536275
 49
-149.0311610574
 53
175.42607874
 43
4.699
 44
0.6985
 45
-82.55
 46
6.35
 79
2
 49
1.59257365
 49
-157.6646161406
 98
0
  0
LWPOLYLINE
  5
5DD
330
49D
100
AcDbEntity
 67
1
  8
S-DET
100
AcDbPolyline
 90
4
 70
1
 10
630.0
 20
533.0
 10
680.0
 20
533.0
 10
680.0
 20
503.0
 10
630.0
 20
503.0
  0
HATCH
  5
5DE
330
49D
100
AcDbEntity
 67
1
  8
S-FINO
 62
7
100
AcDbHatch
 10
0.0
 20
0.0
 30
0.0
210
0.0
220
0.0
230
1.0
  2
GRAVEL
 70
0
 71
0
 91
1
 92
3
 72
0
 73
1
 93
4
 10
630.0
 20
533.0
 10
680.0
 20
533.0
 10
680.0
 20
503.0
 10
630.0
 20
503.0
 97
0
 75
1
 76
1
 52
0.0
 41
0.25
 77
0
 78
41
 53
228.0127875
 43
4.572
 44
6.35
 45
-50.800000004
 46
-57.1499999964
 79
2
 49
0.8543036
 49
-84.5762090989
 53
184.969741
 43
4.0005
 44
5.715
 45
76.1999999698
 46
6.3500003618
 79
2
 49
1.4660118
 49
-145.1351222338
 53
132.5104471
 43
2.54
 44
5.588
 45
63.5000000268
 46
-69.8499999756
 79
2
 49
1.0337038
 49
-102.3368069853
 53
267.273689
 43
0.0635
 44
4.0005
 45
6.3500000133
 46
126.9999999993
 79
2
 49
1.3350113
 49
-132.1660935644
 53
292.83365418
 43
0.0
 44
2.667
 45
-31.7500000027
 46
76.1999999989
 79
2
 49
1.30908425
 49
-129.5995193633
 53
357.273689
 43
0.508
 44
1.4605
 45
-126.9999999993
 46
6.3500000133
 79
2
 49
1.3350113
 49
-132.1660935644
 53
37.69424047
 43
1.8415
 44
1.397
 45
-82.5499999963
 46
-63.5000000047
 79
2
 49
1.76548415
 49
-174.7827882856
 53
72.25532837
 43
3.2385
 44
2.4765
 45
44.450000012
 46
139.6999999962
 79
2
 49
1.6667988
 49
-165.0131415048
 53
121.42956562
 43
3.7465
 44
4.064
 45
-50.8000000072
 46
82.5499999956
 79
2
 49
1.3395325
 49
-132.6138642468
 53
175.2363583
 43
3.048
 44
5.207
 45
69.849999999
 46
-6.350000011
 79
2
 49
1.5292832
 49
-74.934842375
 53
222.3974378
 43
1.524
 44
5.334
 45
-76.1999999975
 46
-69.8500000027
 79
2
 49
1.9776948
 49
-195.7919312805
 53
138.81407483
 43
6.35
 44
3.937
 45
-44.4499999973
 46
38.1000000031
 79
2
 49
0.67501135
 49
-66.8264145608
 53
171.4692344
 43
5.842
 44
4.3815
 45
82.5500000022
 46
-12.6999999856
 79
2
 49
1.28420495
 49
-127.1365974926
 53
225.0
 43
4.572
 44
4.572
 45
-0.0
 46
-6.35
 79
2
 49
0.89802335
 49
-8.0822327711
 53
203.19859051
 43
4.1275
 44
5.334
 45
31.7500000009
 46
12.6999999978
 79
2
 49
0.4836033
 49
-47.8765559222
 53
291.80140949
 43
3.683
 44
5.1435
 45
-6.3500000013
 46
19.0499999995
 79
2
 49
0.68391405
 49
-33.511882475
 53
30.96375653
 43
3.937
 44
4.5085
 45
19.0500000005
 46
12.6999999993
 79
2
 49
1.11079915
 49
-35.9157453823
 53
161.56505118
 43
4.8895
 44
5.08
 45
12.7000000003
 46
-6.3499999993
 79
2
 49
0.80321785
 49
-19.2772452921
 53
16.389540334
 43
0.0
 44
5.1435
 45
63.5
 46
19.05
 79
2
 49
1.12522
 49
-111.3970666813
 53
70.34617594
 43
1.0795
 44
5.461
 45
-25.4000000023
 46
-69.8499999992
 79
2
 49
0.94399735
 49
-93.4555391955
 53
293.19859051
 43
4.8895
 44
6.35
 45
-12.6999999978
 46
31.7500000009
 79
2
 49
0.96720025
 49
-47.3929589722
 53
343.61045967
 43
5.2705
 44
5.461
 45
-63.5000000013
 46
19.0499999955
 79
2
 49
1.12522
 49
-111.3970666813
 53
339.44395478
 43
0.0
 44
1.2065
 45
-31.75
 46
12.7
 79
2
 49
1.085088
 49
-53.1693357828
 53
294.7751406
 43
1.016
 44
0.8255
 45
-31.7500000378
 46
69.8499999828
 79
2
 49
0.9091803
 49
-90.0089834518
 53
66.80140949
 43
4.953
 44
0.0
 45
12.699999998
 46
31.7500000008
 79
2
 49
0.96720025
 49
-47.3929589722
 53
17.35402464
 43
5.334
 44
0.889
 45
-82.5499999984
 46
-25.4000000053
 79
2
 49
1.06445685
 49
-105.3809399505
 53
69.44395478
 43
1.8415
 44
0.0
 45
-12.7000000002
 46
-31.7499999999
 79
2
 49
0.542544
 49
-53.7118797828
 53
101.309932474
 43
4.572
 44
0.0
 45
-6.35
 46
25.4
 79
2
 49
0.3237865
 49
-32.0549874113
 53
165.963756532
 43
4.5085
 44
0.3175
 45
19.05
 46
-6.35
 79
2
 49
1.30908425
 49
-24.8726364727
 53
186.00900596
 43
3.2385
 44
0.635
 45
63.4999999997
 46
6.3500000033
 79
2
 49
1.2131675
 49
-120.1034121583
 53
303.69006753
 43
3.937
 44
3.937
 45
-6.3500000009
 46
12.6999999996
 79
2
 49
0.9158097
 49
-21.9794408992
 53
353.15722659
 43
4.445
 44
3.175
 45
107.9500000007
 46
-12.6999999943
 79
2
 49
1.5988919
 49
-158.2900226626
 53
60.9453959
 43
6.0325
 44
2.9845
 45
-25.4000000007
 46
-44.4499999996
 79
2
 49
0.6537706
 49
-64.7234807953
 53
90.0
 43
6.35
 44
3.556
 45
-6.35
 46
6.35
 79
2
 49
0.381
 49
-5.969
 53
120.25643716
 43
3.1115
 44
0.8255
 45
25.3999999969
 46
-44.4500000018
 79
2
 49
0.8821674
 49
-87.334851933
 53
48.0127875
 43
2.667
 44
1.5875
 45
50.8000000042
 46
57.1499999963
 79
2
 49
1.7086072
 49
-83.7219054989
 53
0.0
 43
3.81
 44
2.8575
 45
6.35
 46
6.35
 79
2
 49
1.651
 49
-4.699
 53
325.3048465
 43
5.461
 44
2.8575
 45
63.5000000241
 46
-44.4499999656
 79
2
 49
1.0040239
 49
-99.3982918104
 53
254.0546041
 43
6.2865
 44
2.286
 45
-6.3499999995
 46
-25.4000000001
 79
2
 49
0.9245727
 49
-45.3041250969
 53
207.64597536
 43
6.0325
 44
1.397
 45
-120.6500000044
 46
-63.4999999916
 79
2
 49
1.50536275
 49
-149.0311610574
 53
175.42607874
 43
4.699
 44
0.6985
 45
-82.55
 46
6.35
 79
2
 49
1.59257365
 49
-157.6646161406
 98
0
  0
LINE
  5
5DF
330
49D
100
AcDbEntity
 67
1
  8
S-FINO
100
AcDbLine
 10
633.0
 20
518.0
 30
0.0
 11
624.0
 21
518.0
 31
0.0
  0
TEXT
  5
5E0
330
49D
100
AcDbEntity
 67
1
  8
A-TEXTO
100
AcDbText
 10
623.0
 20
518.0
 30
0.0
 40
1.4
  1
PIEDRA TERCERA
  7
ARIAL
 72
2
 11
623.0
 21
518.0
 31
0.0
100
AcDbText
 73
2
  0
CIRCLE
  5
5E1
330
49D
100
AcDbEntity
 67
1
  8
S-AN
100
AcDbCircle
 10
655.0
 20
538.0
 30
0.0
 40
5.0
  0
LINE
  5
5E2
330
49D
100
AcDbEntity
 67
1
  8
S-FINO
100
AcDbLine
 10
660.0
 20
538.0
 30
0.0
 11
624.0
 21
538.0
 31
0.0
  0
TEXT
  5
5E3
330
49D
100
AcDbEntity
 67
1
  8
A-TEXTO
100
AcDbText
 10
623.0
 20
538.0
 30
0.0
 40
1.4
  1
TUBO PERFORADO 100 mm
  7
ARIAL
 72
2
 11
623.0
 21
538.0
 31
0.0
100
AcDbText
 73
2
  0
LINE
  5
5E4
330
49D
100
AcDbEntity
 67
1
  8
S-DET
100
AcDbLine
 10
622.0
 20
563.0
 30
0.0
 11
688.0
 21
563.0
 31
0.0
  0
TEXT
  5
5E5
330
49D
100
AcDbEntity
 67
1
  8
A-TEXTO
100
AcDbText
 10
681.0
 20
565.0
 30
0.0
 40
1.4
  1
NIVEL DE TERRENO
  7
ARIAL
 11
681.0
 21
565.0
 31
0.0
100
AcDbText
 73
2
  0
LINE
  5
5E6
330
49D
100
AcDbEntity
 67
1
  8
S-FINO
100
AcDbLine
 10
630.0
 20
496.0
 30
0.0
 11
680.0
 21
496.0
 31
0.0
  0
LINE
  5
5E7
330
49D
100
AcDbEntity
 67
1
  8
S-FINO
100
AcDbLine
 10
629.4
 20
495.4
 30
0.0
 11
630.6
 21
496.6
 31
0.0
  0
LINE
  5
5E8
330
49D
100
AcDbEntity
 67
1
  8
S-FINO
100
AcDbLine
 10
630.0
 20
494.8
 30
0.0
 11
630.0
 21
497.2
 31
0.0
  0
LINE
  5
5E9
330
49D
100
AcDbEntity
 67
1
  8
S-FINO
100
AcDbLine
 10
679.4
 20
495.4
 30
0.0
 11
680.6
 21
496.6
 31
0.0
  0
LINE
  5
5EA
330
49D
100
AcDbEntity
 67
1
  8
S-FINO
100
AcDbLine
 10
680.0
 20
494.8
 30
0.0
 11
680.0
 21
497.2
 31
0.0
  0
TEXT
  5
5EB
330
49D
100
AcDbEntity
 67
1
  8
A-TEXTO
100
AcDbText
 10
655.0
 20
497.3
 30
0.0
 40
1.6
  1
0.50
  7
ARIAL
 72
1
 11
655.0
 21
497.3
 31
0.0
100
AcDbText
 73
1
  0
LINE
  5
5EC
330
49D
100
AcDbEntity
 67
1
  8
S-FINO
100
AcDbLine
 10
686.0
 20
543.0
 30
0.0
 11
686.0
 21
563.0
 31
0.0
  0
LINE
  5
5ED
330
49D
100
AcDbEntity
 67
1
  8
S-FINO
100
AcDbLine
 10
685.4
 20
542.4
 30
0.0
 11
686.6
 21
543.6
 31
0.0
  0
LINE
  5
5EE
330
49D
100
AcDbEntity
 67
1
  8
S-FINO
100
AcDbLine
 10
684.8
 20
543.0
 30
0.0
 11
687.2
 21
543.0
 31
0.0
  0
LINE
  5
5EF
330
49D
100
AcDbEntity
 67
1
  8
S-FINO
100
AcDbLine
 10
685.4
 20
562.4
 30
0.0
 11
686.6
 21
563.6
 31
0.0
  0
LINE
  5
5F0
330
49D
100
AcDbEntity
 67
1
  8
S-FINO
100
AcDbLine
 10
684.8
 20
563.0
 30
0.0
 11
687.2
 21
563.0
 31
0.0
  0
TEXT
  5
5F1
330
49D
100
AcDbEntity
 67
1
  8
A-TEXTO
100
AcDbText
 10
687.3
 20
553.0
 30
0.0
 40
1.6
  1
0.30-0.60
  7
ARIAL
 11
687.3
 21
553.0
 31
0.0
100
AcDbText
 73
2
  0
LINE
  5
5F2
330
49D
100
AcDbEntity
 67
1
  8
S-FINO
100
AcDbLine
 10
686.0
 20
503.0
 30
0.0
 11
686.0
 21
543.0
 31
0.0
  0
LINE
  5
5F3
330
49D
100
AcDbEntity
 67
1
  8
S-FINO
100
AcDbLine
 10
685.4
 20
502.4
 30
0.0
 11
686.6
 21
503.6
 31
0.0
  0
LINE
  5
5F4
330
49D
100
AcDbEntity
 67
1
  8
S-FINO
100
AcDbLine
 10
684.8
 20
503.0
 30
0.0
 11
687.2
 21
503.0
 31
0.0
  0
LINE
  5
5F5
330
49D
100
AcDbEntity
 67
1
  8
S-FINO
100
AcDbLine
 10
685.4
 20
542.4
 30
0.0
 11
686.6
 21
543.6
 31
0.0
  0
LINE
  5
5F6
330
49D
100
AcDbEntity
 67
1
  8
S-FINO
100
AcDbLine
 10
684.8
 20
543.0
 30
0.0
 11
687.2
 21
543.0
 31
0.0
  0
TEXT
  5
5F7
330
49D
100
AcDbEntity
 67
1
  8
A-TEXTO
100
AcDbText
 10
687.3
 20
523.0
 30
0.0
 40
1.6
  1

  7
ARIAL
 11
687.3
 21
523.0
 31
0.0
100
AcDbText
 73
2
  0
TEXT
  5
5F8
330
49D
100
AcDbEntity
 67
1
  8
A-TEXTO
100
AcDbText
 10
687.3
 20
521.0
 30
0.0
 40
1.6
  1
0.60-0.90
  7
ARIAL
 11
687.3
 21
521.0
 31
0.0
100
AcDbText
 73
2
  0
TEXT
  5
5F9
330
49D
100
AcDbEntity
 67
1
  8
A-TEXTO
100
AcDbText
 10
600.0
 20
490.0
 30
0.0
 40
1.4
  1
PROFUNDIDADES MÍN.-MÁX.; ZANJA SEGÚN PRUEBA DE INFILTRACIÓN (PD)
  7
ARIAL
 11
600.0
 21
490.0
 31
0.0
100
AcDbText
 73
2
  0
TEXT
  5
5FA
330
49D
100
AcDbEntity
 67
1
  8
A-TITULOS
100
AcDbText
 10
362.0
 20
405.0
 30
0.0
 40
3.0
  1
DETALLE 3 - CAJA DE REGISTRO Y TRAMPA DE GRASA [PR]
  7
ARIAL
 11
362.0
 21
405.0
 31
0.0
100
AcDbText
 73
3
  0
TEXT
  5
5FB
330
49D
100
AcDbEntity
 67
1
  8
A-TEXTO
100
AcDbText
 10
362.0
 20
400.0
 30
0.0
 40
2.0
  1
SECCIONES - S/E
  7
ARIAL
 11
362.0
 21
400.0
 31
0.0
100
AcDbText
 73
3
  0
LWPOLYLINE
  5
5FC
330
49D
100
AcDbEntity
 67
1
  8
S-DET
100
AcDbPolyline
 90
4
 70
1
 10
372.0
 20
324.0
 10
416.0
 20
324.0
 10
416.0
 20
358.0
 10
372.0
 20
358.0
  0
LWPOLYLINE
  5
5FD
330
49D
100
AcDbEntity
 67
1
  8
S-FINO
100
AcDbPolyline
 90
4
 70
1
 10
377.0
 20
329.0
 10
411.0
 20
329.0
 10
411.0
 20
358.0
 10
377.0
 20
358.0
  0
HATCH
  5
5FE
330
49D
100
AcDbEntity
 67
1
  8
S-FINO
 62
7
100
AcDbHatch
 10
0.0
 20
0.0
 30
0.0
210
0.0
220
0.0
230
1.0
  2
ANSI31
 70
0
 71
0
 91
1
 92
3
 72
0
 73
1
 93
8
 10
372.0
 20
324.0
 10
416.0
 20
324.0
 10
416.0
 20
358.0
 10
411.0
 20
358.0
 10
411.0
 20
329.0
 10
377.0
 20
329.0
 10
377.0
 20
358.0
 10
372.0
 20
358.0
 97
0
 75
1
 76
1
 52
0.0
 41
0.6
 77
0
 78
1
 53
45.0
 43
0.0
 44
0.0
 45
-1.3470384182
 46
1.3470384182
 79
0
 98
0
  0
LWPOLYLINE
  5
5FF
330
49D
100
AcDbEntity
 67
1
  8
S-DET
100
AcDbPolyline
 90
4
 70
1
 10
374.0
 20
358.0
 10
414.0
 20
358.0
 10
414.0
 20
361.0
 10
374.0
 20
361.0
  0
ARC
  5
600
330
49D
100
AcDbEntity
 67
1
  8
S-AN
100
AcDbCircle
 10
394.0
 20
334.0
 30
0.0
 40
5.0
100
AcDbArc
 50
180.0
 51
360.0
  0
LINE
  5
601
330
49D
100
AcDbEntity
 67
1
  8
S-AN
100
AcDbLine
 10
360.0
 20
337.0
 30
0.0
 11
377.0
 21
337.0
 31
0.0
  0
LINE
  5
602
330
49D
100
AcDbEntity
 67
1
  8
S-AN
100
AcDbLine
 10
411.0
 20
337.0
 30
0.0
 11
428.0
 21
337.0
 31
0.0
  0
LINE
  5
603
330
49D
100
AcDbEntity
 67
1
  8
S-DET
100
AcDbLine
 10
390.0
 20
361.0
 30
0.0
 11
390.0
 21
364.0
 31
0.0
  0
LINE
  5
604
330
49D
100
AcDbEntity
 67
1
  8
S-DET
100
AcDbLine
 10
398.0
 20
361.0
 30
0.0
 11
398.0
 21
364.0
 31
0.0
  0
LINE
  5
605
330
49D
100
AcDbEntity
 67
1
  8
S-DET
100
AcDbLine
 10
390.0
 20
364.0
 30
0.0
 11
398.0
 21
364.0
 31
0.0
  0
LINE
  5
606
330
49D
100
AcDbEntity
 67
1
  8
S-FINO
100
AcDbLine
 10
397.0
 20
363.0
 30
0.0
 11
420.0
 21
368.0
 31
0.0
  0
TEXT
  5
607
330
49D
100
AcDbEntity
 67
1
  8
A-TEXTO
100
AcDbText
 10
421.0
 20
368.0
 30
0.0
 40
1.6
  1
AGARRADERA VARILLA #3 LISA
  7
ARIAL
 11
421.0
 21
368.0
 31
0.0
100
AcDbText
 73
2
  0
LINE
  5
608
330
49D
100
AcDbEntity
 67
1
  8
S-FINO
100
AcDbLine
 10
412.0
 20
359.5
 30
0.0
 11
420.0
 21
362.0
 31
0.0
  0
TEXT
  5
609
330
49D
100
AcDbEntity
 67
1
  8
A-TEXTO
100
AcDbText
 10
421.0
 20
362.0
 30
0.0
 40
1.6
  1
TAPA Y MARCO CON ANGULAR
  7
ARIAL
 11
421.0
 21
362.0
 31
0.0
100
AcDbText
 73
2
  0
LINE
  5
60A
330
49D
100
AcDbEntity
 67
1
  8
S-FINO
100
AcDbLine
 10
409.0
 20
347.0
 30
0.0
 11
420.0
 21
350.0
 31
0.0
  0
TEXT
  5
60B
330
49D
100
AcDbEntity
 67
1
  8
A-TEXTO
100
AcDbText
 10
421.0
 20
350.0
 30
0.0
 40
1.6
  1
REPELLO FINO
  7
ARIAL
 11
421.0
 21
350.0
 31
0.0
100
AcDbText
 73
2
  0
LINE
  5
60C
330
49D
100
AcDbEntity
 67
1
  8
S-FINO
100
AcDbLine
 10
394.0
 20
334.0
 30
0.0
 11
420.0
 21
330.0
 31
0.0
  0
TEXT
  5
60D
330
49D
100
AcDbEntity
 67
1
  8
A-TEXTO
100
AcDbText
 10
421.0
 20
330.0
 30
0.0
 40
1.6
  1
MEDIA CAÑA (FONDO)
  7
ARIAL
 11
421.0
 21
330.0
 31
0.0
100
AcDbText
 73
2
  0
LINE
  5
60E
330
49D
100
AcDbEntity
 67
1
  8
S-FINO
100
AcDbLine
 10
404.0
 20
326.0
 30
0.0
 11
420.0
 21
322.0
 31
0.0
  0
TEXT
  5
60F
330
49D
100
AcDbEntity
 67
1
  8
A-TEXTO
100
AcDbText
 10
421.0
 20
322.0
 30
0.0
 40
1.6
  1
LOSA CON MALLA #3 @0.15
  7
ARIAL
 11
421.0
 21
322.0
 31
0.0
100
AcDbText
 73
2
  0
TEXT
  5
610
330
49D
100
AcDbEntity
 67
1
  8
A-TEXTO
100
AcDbText
 10
360.0
 20
339.5
 30
0.0
 40
1.4
  1
TUBERÍA PVC
  7
ARIAL
 11
360.0
 21
339.5
 31
0.0
100
AcDbText
 73
2
  0
TEXT
  5
611
330
49D
100
AcDbEntity
 67
1
  8
A-TEXTO
100
AcDbText
 10
394.0
 20
318.0
 30
0.0
 40
1.8
  1
CAJA DE REGISTRO (CR)
  7
ARIAL
 72
1
 11
394.0
 21
318.0
 31
0.0
100
AcDbText
 73
2
  0
TEXT
  5
612
330
49D
100
AcDbEntity
 67
1
  8
A-TEXTO
100
AcDbText
 10
394.0
 20
314.5
 30
0.0
 40
1.5
  1
INTERIOR Y PROFUNDIDAD: PD
  7
ARIAL
 72
1
 11
394.0
 21
314.5
 31
0.0
100
AcDbText
 73
2
  0
LWPOLYLINE
  5
613
330
49D
100
AcDbEntity
 67
1
  8
S-DET
100
AcDbPolyline
 90
4
 70
1
 10
470.0
 20
324.0
 10
504.0
 20
324.0
 10
504.0
 20
358.0
 10
470.0
 20
358.0
  0
LWPOLYLINE
  5
614
330
49D
100
AcDbEntity
 67
1
  8
S-FINO
100
AcDbPolyline
 90
4
 70
1
 10
475.0
 20
329.0
 10
499.0
 20
329.0
 10
499.0
 20
358.0
 10
475.0
 20
358.0
  0
HATCH
  5
615
330
49D
100
AcDbEntity
 67
1
  8
S-FINO
 62
7
100
AcDbHatch
 10
0.0
 20
0.0
 30
0.0
210
0.0
220
0.0
230
1.0
  2
ANSI31
 70
0
 71
0
 91
1
 92
3
 72
0
 73
1
 93
8
 10
470.0
 20
324.0
 10
504.0
 20
324.0
 10
504.0
 20
358.0
 10
499.0
 20
358.0
 10
499.0
 20
329.0
 10
475.0
 20
329.0
 10
475.0
 20
358.0
 10
470.0
 20
358.0
 97
0
 75
1
 76
1
 52
0.0
 41
0.6
 77
0
 78
1
 53
45.0
 43
0.0
 44
0.0
 45
-1.3470384182
 46
1.3470384182
 79
0
 98
0
  0
LWPOLYLINE
  5
616
330
49D
100
AcDbEntity
 67
1
  8
S-DET
100
AcDbPolyline
 90
4
 70
1
 10
472.0
 20
358.0
 10
502.0
 20
358.0
 10
502.0
 20
361.0
 10
472.0
 20
361.0
  0
LINE
  5
617
330
49D
100
AcDbEntity
 67
1
  8
S-AJ
100
AcDbLine
 10
459.0
 20
346.0
 30
0.0
 11
479.0
 21
346.0
 31
0.0
  0
LINE
  5
618
330
49D
100
AcDbEntity
 67
1
  8
S-AJ
100
AcDbLine
 10
479.0
 20
350.0
 30
0.0
 11
479.0
 21
337.0
 31
0.0
  0
LINE
  5
619
330
49D
100
AcDbEntity
 67
1
  8
S-AJ
100
AcDbLine
 10
495.0
 20
343.0
 30
0.0
 11
515.0
 21
343.0
 31
0.0
  0
LINE
  5
61A
330
49D
100
AcDbEntity
 67
1
  8
S-AJ
100
AcDbLine
 10
495.0
 20
350.0
 30
0.0
 11
495.0
 21
334.0
 31
0.0
  0
LINE
  5
61B
330
49D
100
AcDbEntity
 67
1
  8
S-AJ
 48
0.4
100
AcDbLine
 10
475.0
 20
343.0
 30
0.0
 11
499.0
 21
343.0
 31
0.0
  0
TEXT
  5
61C
330
49D
100
AcDbEntity
 67
1
  8
A-TEXTO
100
AcDbText
 10
459.0
 20
348.5
 30
0.0
 40
1.4
  1
ENTRADA AG
  7
ARIAL
 11
459.0
 21
348.5
 31
0.0
100
AcDbText
 73
2
  0
TEXT
  5
61D
330
49D
100
AcDbEntity
 67
1
  8
A-TEXTO
100
AcDbText
 10
505.0
 20
345.5
 30
0.0
 40
1.4
  1
SALIDA
  7
ARIAL
 11
505.0
 21
345.5
 31
0.0
100
AcDbText
 73
2
  0
TEXT
  5
61E
330
49D
100
AcDbEntity
 67
1
  8
A-TEXTO
100
AcDbText
 10
487.0
 20
318.0
 30
0.0
 40
1.8
  1
TRAMPA DE GRASA (TG)
  7
ARIAL
 72
1
 11
487.0
 21
318.0
 31
0.0
100
AcDbText
 73
2
  0
TEXT
  5
61F
330
49D
100
AcDbEntity
 67
1
  8
A-TEXTO
100
AcDbText
 10
487.0
 20
314.5
 30
0.0
 40
1.5
  1
INTERIOR 0.60 x 0.60 [PR]; PROF.: PD
  7
ARIAL
 72
1
 11
487.0
 21
314.5
 31
0.0
100
AcDbText
 73
2
  0
TEXT
  5
620
330
49D
100
AcDbEntity
 67
1
  8
A-TITULOS
100
AcDbText
 10
520.0
 20
405.0
 30
0.0
 40
3.0
  1
DETALLE 4 - BAÑO TÍPICO
  7
ARIAL
 11
520.0
 21
405.0
 31
0.0
100
AcDbText
 73
3
  0
TEXT
  5
621
330
49D
100
AcDbEntity
 67
1
  8
A-TEXTO
100
AcDbText
 10
520.0
 20
400.0
 30
0.0
 40
2.0
  1
SUITE 1 (N2 Y N3), SUITE 3 EN ESPEJO - Esc. 1:40
  7
ARIAL
 11
520.0
 21
400.0
 31
0.0
100
AcDbText
 73
3
  0
LWPOLYLINE
  5
622
330
49D
100
AcDbEntity
 67
1
  8
S-FINO
100
AcDbPolyline
 90
4
 70
1
 10
528.0
 20
318.0
 10
583.0
 20
318.0
 10
583.0
 20
356.75
 10
528.0
 20
356.75
  0
LWPOLYLINE
  5
623
330
49D
100
AcDbEntity
 67
1
  8
S-FINO
100
AcDbPolyline
 90
4
 70
1
 10
524.25
 20
315.0
 10
586.0
 20
315.0
 10
586.0
 20
359.75
 10
524.25
 20
359.75
  0
LWPOLYLINE
  5
624
330
49D
100
AcDbEntity
 67
1
  8
S-FINO
100
AcDbPolyline
 90
4
 70
1
 10
528.0
 20
318.0
 10
549.25
 20
318.0
 10
549.25
 20
356.75
 10
528.0
 20
356.75
  0
LWPOLYLINE
  5
625
330
49D
100
AcDbEntity
 67
1
  8
S-FINO
100
AcDbPolyline
 90
4
 70
1
 10
539.0
 20
359.75
 10
566.5
 20
359.75
 10
566.5
 20
365.0
 10
539.0
 20
365.0
  0
ELLIPSE
  5
626
330
49D
100
AcDbEntity
 67
1
  8
S-FINO
100
AcDbEllipse
 10
558.5
 20
345.0
 30
0.0
 11
0.0
 21
7.5
 31
0.0
 40
0.62
 41
0.0
 42
6.283185307179586
  0
LWPOLYLINE
  5
627
330
49D
100
AcDbEntity
 67
1
  8
S-FINO
100
AcDbPolyline
 90
4
 70
1
 10
568.5
 20
346.25
 10
580.25
 20
346.25
 10
580.25
 20
356.75
 10
568.5
 20
356.75
  0
LINE
  5
628
330
49D
100
AcDbEntity
 67
1
  8
S-AN
100
AcDbLine
 10
558.5
 20
348.75
 30
0.0
 11
561.5
 21
361.25
 31
0.0
  0
LINE
  5
629
330
49D
100
AcDbEntity
 67
1
  8
S-AJ
 48
0.4
100
AcDbLine
 10
538.75
 20
337.5
 30
0.0
 11
544.0
 21
361.25
 31
0.0
  0
LWPOLYLINE
  5
62A
330
49D
100
AcDbEntity
 67
1
  8
S-AJ
 48
0.4
100
AcDbPolyline
 90
4
 70
0
 10
574.0
 20
353.75
 10
569.75
 20
357.5
 10
547.75
 20
357.5
 10
544.0
 20
361.25
  0
CIRCLE
  5
62B
330
49D
100
AcDbEntity
 67
1
  8
S-AN
100
AcDbCircle
 10
561.5
 20
361.25
 30
0.0
 40
1.8
  0
LINE
  5
62C
330
49D
100
AcDbEntity
 67
1
  8
S-AN
100
AcDbLine
 10
560.24
 20
359.99
 30
0.0
 11
562.76
 21
362.51
 31
0.0
  0
LINE
  5
62D
330
49D
100
AcDbEntity
 67
1
  8
S-AN
100
AcDbLine
 10
560.24
 20
362.51
 30
0.0
 11
562.76
 21
359.99
 31
0.0
  0
CIRCLE
  5
62E
330
49D
100
AcDbEntity
 67
1
  8
S-AJ
100
AcDbCircle
 10
544.0
 20
361.25
 30
0.0
 40
1.8
  0
LINE
  5
62F
330
49D
100
AcDbEntity
 67
1
  8
S-AJ
100
AcDbLine
 10
542.74
 20
359.99
 30
0.0
 11
545.26
 21
362.51
 31
0.0
  0
LINE
  5
630
330
49D
100
AcDbEntity
 67
1
  8
S-AJ
100
AcDbLine
 10
542.74
 20
362.51
 30
0.0
 11
545.26
 21
359.99
 31
0.0
  0
CIRCLE
  5
631
330
49D
100
AcDbEntity
 67
1
  8
S-ACC
100
AcDbCircle
 10
538.75
 20
337.5
 30
0.0
 40
1.5
  0
CIRCLE
  5
632
330
49D
100
AcDbEntity
 67
1
  8
S-ACC
100
AcDbCircle
 10
538.75
 20
337.5
 30
0.0
 40
0.6
  0
LINE
  5
633
330
49D
100
AcDbEntity
 67
1
  8
S-FINO
100
AcDbLine
 10
538.75
 20
337.5
 30
0.0
 11
544.75
 21
306.0
 31
0.0
  0
TEXT
  5
634
330
49D
100
AcDbEntity
 67
1
  8
A-TEXTO
100
AcDbText
 10
545.75
 20
306.0
 30
0.0
 40
1.6
  1
SP 2"
  7
ARIAL
 11
545.75
 21
306.0
 31
0.0
100
AcDbText
 73
2
  0
LINE
  5
635
330
49D
100
AcDbEntity
 67
1
  8
S-FINO
100
AcDbLine
 10
558.5
 20
348.75
 30
0.0
 11
562.5
 21
305.9
 31
0.0
  0
TEXT
  5
636
330
49D
100
AcDbEntity
 67
1
  8
A-TEXTO
100
AcDbText
 10
563.5
 20
305.9
 30
0.0
 40
1.6
  1
WC 4"
  7
ARIAL
 11
563.5
 21
305.9
 31
0.0
100
AcDbText
 73
2
  0
LINE
  5
637
330
49D
100
AcDbEntity
 67
1
  8
S-FINO
100
AcDbLine
 10
574.0
 20
353.75
 30
0.0
 11
584.0
 21
362.0
 31
0.0
  0
TEXT
  5
638
330
49D
100
AcDbEntity
 67
1
  8
A-TEXTO
100
AcDbText
 10
585.0
 20
362.0
 30
0.0
 40
1.6
  1
LM 2" (SIFÓN)
  7
ARIAL
 11
585.0
 21
362.0
 31
0.0
100
AcDbText
 73
2
  0
LINE
  5
639
330
49D
100
AcDbEntity
 67
1
  8
S-FINO
100
AcDbLine
 10
561.5
 20
361.25
 30
0.0
 11
555.5
 21
365.0
 31
0.0
  0
TEXT
  5
63A
330
49D
100
AcDbEntity
 67
1
  8
A-TEXTO
100
AcDbText
 10
554.5
 20
365.0
 30
0.0
 40
1.5
  1
BAJANTE AN 4"
  7
ARIAL
 72
2
 11
554.5
 21
365.0
 31
0.0
100
AcDbText
 73
2
  0
LINE
  5
63B
330
49D
100
AcDbEntity
 67
1
  8
S-FINO
100
AcDbLine
 10
544.0
 20
361.25
 30
0.0
 11
536.0
 21
360.0
 31
0.0
  0
TEXT
  5
63C
330
49D
100
AcDbEntity
 67
1
  8
A-TEXTO
100
AcDbText
 10
535.0
 20
360.0
 30
0.0
 40
1.5
  1
BAJANTE AG 2"
  7
ARIAL
 72
2
 11
535.0
 21
360.0
 31
0.0
100
AcDbText
 73
2
  0
TEXT
  5
63D
330
49D
100
AcDbEntity
 67
1
  8
A-TEXTO
100
AcDbText
 10
520.0
 20
297.0
 30
0.0
 40
1.5
  1
VENTILACIÓN 2" A TECHO EN CADA BAJANTE
  7
ARIAL
 11
520.0
 21
297.0
 31
0.0
100
AcDbText
 73
2
  0
TEXT
  5
63E
330
49D
100
AcDbEntity
 67
1
  8
A-TEXTO
100
AcDbText
 10
524.25
 20
312.5
 30
0.0
 40
1.4
  1
FACHADA
  7
ARIAL
 11
524.25
 21
312.5
 31
0.0
100
AcDbText
 73
2
  0
TEXT
  5
63F
330
49D
100
AcDbEntity
 67
1
  8
A-TITULOS
100
AcDbText
 10
610.0
 20
405.0
 30
0.0
 40
3.5
  1
SIMBOLOGÍA
  7
ARIAL
 11
610.0
 21
405.0
 31
0.0
100
AcDbText
 73
3
  0
LWPOLYLINE
  5
640
330
49D
100
AcDbEntity
 67
1
  8
A-TABLAS
100
AcDbPolyline
 90
4
 70
1
 10
610.0
 20
399.0
 10
700.0
 20
399.0
 10
700.0
 20
393.0
 10
610.0
 20
393.0
  0
LINE
  5
641
330
49D
100
AcDbEntity
 67
1
  8
A-TABLAS
100
AcDbLine
 10
628.0
 20
399.0
 30
0.0
 11
628.0
 21
393.0
 31
0.0
  0
LINE
  5
642
330
49D
100
AcDbEntity
 67
1
  8
S-AN
100
AcDbLine
 10
613.0
 20
396.0
 30
0.0
 11
625.0
 21
396.0
 31
0.0
  0
TEXT
  5
643
330
49D
100
AcDbEntity
 67
1
  8
A-TEXTO
100
AcDbText
 10
629.5
 20
396.0
 30
0.0
 40
1.9
  1
AGUAS NEGRAS (PVC) [PR]
  7
ARIAL
 11
629.5
 21
396.0
 31
0.0
100
AcDbText
 73
2
  0
LWPOLYLINE
  5
644
330
49D
100
AcDbEntity
 67
1
  8
A-TABLAS
100
AcDbPolyline
 90
4
 70
1
 10
610.0
 20
393.0
 10
700.0
 20
393.0
 10
700.0
 20
387.0
 10
610.0
 20
387.0
  0
LINE
  5
645
330
49D
100
AcDbEntity
 67
1
  8
A-TABLAS
100
AcDbLine
 10
628.0
 20
393.0
 30
0.0
 11
628.0
 21
387.0
 31
0.0
  0
LINE
  5
646
330
49D
100
AcDbEntity
 67
1
  8
S-AJ
 48
0.4
100
AcDbLine
 10
613.0
 20
390.0
 30
0.0
 11
625.0
 21
390.0
 31
0.0
  0
TEXT
  5
647
330
49D
100
AcDbEntity
 67
1
  8
A-TEXTO
100
AcDbText
 10
629.5
 20
390.0
 30
0.0
 40
1.9
  1
AGUAS GRISES (PVC) [PR]
  7
ARIAL
 11
629.5
 21
390.0
 31
0.0
100
AcDbText
 73
2
  0
LWPOLYLINE
  5
648
330
49D
100
AcDbEntity
 67
1
  8
A-TABLAS
100
AcDbPolyline
 90
4
 70
1
 10
610.0
 20
387.0
 10
700.0
 20
387.0
 10
700.0
 20
381.0
 10
610.0
 20
381.0
  0
LINE
  5
649
330
49D
100
AcDbEntity
 67
1
  8
A-TABLAS
100
AcDbLine
 10
628.0
 20
387.0
 30
0.0
 11
628.0
 21
381.0
 31
0.0
  0
CIRCLE
  5
64A
330
49D
100
AcDbEntity
 67
1
  8
S-AN
100
AcDbCircle
 10
619.0
 20
384.0
 30
0.0
 40
1.8
  0
LINE
  5
64B
330
49D
100
AcDbEntity
 67
1
  8
S-AN
100
AcDbLine
 10
617.74
 20
382.74
 30
0.0
 11
620.26
 21
385.26
 31
0.0
  0
LINE
  5
64C
330
49D
100
AcDbEntity
 67
1
  8
S-AN
100
AcDbLine
 10
617.74
 20
385.26
 30
0.0
 11
620.26
 21
382.74
 31
0.0
  0
TEXT
  5
64D
330
49D
100
AcDbEntity
 67
1
  8
A-TEXTO
100
AcDbText
 10
629.5
 20
384.0
 30
0.0
 40
1.9
  1
BAJANTE DE AGUAS NEGRAS 4"
  7
ARIAL
 11
629.5
 21
384.0
 31
0.0
100
AcDbText
 73
2
  0
LWPOLYLINE
  5
64E
330
49D
100
AcDbEntity
 67
1
  8
A-TABLAS
100
AcDbPolyline
 90
4
 70
1
 10
610.0
 20
381.0
 10
700.0
 20
381.0
 10
700.0
 20
375.0
 10
610.0
 20
375.0
  0
LINE
  5
64F
330
49D
100
AcDbEntity
 67
1
  8
A-TABLAS
100
AcDbLine
 10
628.0
 20
381.0
 30
0.0
 11
628.0
 21
375.0
 31
0.0
  0
CIRCLE
  5
650
330
49D
100
AcDbEntity
 67
1
  8
S-AJ
100
AcDbCircle
 10
619.0
 20
378.0
 30
0.0
 40
1.8
  0
LINE
  5
651
330
49D
100
AcDbEntity
 67
1
  8
S-AJ
100
AcDbLine
 10
617.74
 20
376.74
 30
0.0
 11
620.26
 21
379.26
 31
0.0
  0
LINE
  5
652
330
49D
100
AcDbEntity
 67
1
  8
S-AJ
100
AcDbLine
 10
617.74
 20
379.26
 30
0.0
 11
620.26
 21
376.74
 31
0.0
  0
TEXT
  5
653
330
49D
100
AcDbEntity
 67
1
  8
A-TEXTO
100
AcDbText
 10
629.5
 20
378.0
 30
0.0
 40
1.9
  1
BAJANTE DE AGUAS GRISES 2"
  7
ARIAL
 11
629.5
 21
378.0
 31
0.0
100
AcDbText
 73
2
  0
LWPOLYLINE
  5
654
330
49D
100
AcDbEntity
 67
1
  8
A-TABLAS
100
AcDbPolyline
 90
4
 70
1
 10
610.0
 20
375.0
 10
700.0
 20
375.0
 10
700.0
 20
369.0
 10
610.0
 20
369.0
  0
LINE
  5
655
330
49D
100
AcDbEntity
 67
1
  8
A-TABLAS
100
AcDbLine
 10
628.0
 20
375.0
 30
0.0
 11
628.0
 21
369.0
 31
0.0
  0
CIRCLE
  5
656
330
49D
100
AcDbEntity
 67
1
  8
S-ACC
100
AcDbCircle
 10
619.0
 20
372.0
 30
0.0
 40
1.5
  0
CIRCLE
  5
657
330
49D
100
AcDbEntity
 67
1
  8
S-ACC
100
AcDbCircle
 10
619.0
 20
372.0
 30
0.0
 40
0.6
  0
TEXT
  5
658
330
49D
100
AcDbEntity
 67
1
  8
A-TEXTO
100
AcDbText
 10
629.5
 20
372.0
 30
0.0
 40
1.9
  1
SIFÓN DE PISO (DUCHA) 2"
  7
ARIAL
 11
629.5
 21
372.0
 31
0.0
100
AcDbText
 73
2
  0
LWPOLYLINE
  5
659
330
49D
100
AcDbEntity
 67
1
  8
A-TABLAS
100
AcDbPolyline
 90
4
 70
1
 10
610.0
 20
369.0
 10
700.0
 20
369.0
 10
700.0
 20
363.0
 10
610.0
 20
363.0
  0
LINE
  5
65A
330
49D
100
AcDbEntity
 67
1
  8
A-TABLAS
100
AcDbLine
 10
628.0
 20
369.0
 30
0.0
 11
628.0
 21
363.0
 31
0.0
  0
CIRCLE
  5
65B
330
49D
100
AcDbEntity
 67
1
  8
S-ACC
100
AcDbCircle
 10
619.0
 20
366.0
 30
0.0
 40
1.2
  0
HATCH
  5
65C
330
49D
100
AcDbEntity
 67
1
  8
S-ACC
 62
7
100
AcDbHatch
 10
0.0
 20
0.0
 30
0.0
210
0.0
220
0.0
230
1.0
  2
SOLID
 70
1
 71
0
 91
1
 92
1
 93
1
 72
2
 10
619.0
 20
366.0
 40
1.2
 50
0
 51
360
 73
1
 97
0
 75
0
 76
1
 98
0
  0
TEXT
  5
65D
330
49D
100
AcDbEntity
 67
1
  8
A-TEXTO
100
AcDbText
 10
629.5
 20
366.0
 30
0.0
 40
1.9
  1
SALIDA DE APARATO (WC / LM / LP)
  7
ARIAL
 11
629.5
 21
366.0
 31
0.0
100
AcDbText
 73
2
  0
LWPOLYLINE
  5
65E
330
49D
100
AcDbEntity
 67
1
  8
A-TABLAS
100
AcDbPolyline
 90
4
 70
1
 10
610.0
 20
363.0
 10
700.0
 20
363.0
 10
700.0
 20
357.0
 10
610.0
 20
357.0
  0
LINE
  5
65F
330
49D
100
AcDbEntity
 67
1
  8
A-TABLAS
100
AcDbLine
 10
628.0
 20
363.0
 30
0.0
 11
628.0
 21
357.0
 31
0.0
  0
LWPOLYLINE
  5
660
330
49D
100
AcDbEntity
 67
1
  8
S-ACC
100
AcDbPolyline
 90
4
 70
1
 10
616.0
 20
357.6
 10
622.0
 20
357.6
 10
622.0
 20
362.4
 10
616.0
 20
362.4
  0
TEXT
  5
661
330
49D
100
AcDbEntity
 67
1
  8
S-ACC
100
AcDbText
 10
619.0
 20
360.0
 30
0.0
 40
1.5
  1
CR
  7
ARIAL
 72
1
 11
619.0
 21
360.0
 31
0.0
100
AcDbText
 73
2
  0
TEXT
  5
662
330
49D
100
AcDbEntity
 67
1
  8
A-TEXTO
100
AcDbText
 10
629.5
 20
360.0
 30
0.0
 40
1.9
  1
CAJA DE REGISTRO (DET. 3)
  7
ARIAL
 11
629.5
 21
360.0
 31
0.0
100
AcDbText
 73
2
  0
LWPOLYLINE
  5
663
330
49D
100
AcDbEntity
 67
1
  8
A-TABLAS
100
AcDbPolyline
 90
4
 70
1
 10
610.0
 20
357.0
 10
700.0
 20
357.0
 10
700.0
 20
351.0
 10
610.0
 20
351.0
  0
LINE
  5
664
330
49D
100
AcDbEntity
 67
1
  8
A-TABLAS
100
AcDbLine
 10
628.0
 20
357.0
 30
0.0
 11
628.0
 21
351.0
 31
0.0
  0
LWPOLYLINE
  5
665
330
49D
100
AcDbEntity
 67
1
  8
S-FINO
100
AcDbPolyline
 90
4
 70
1
 10
613.0
 20
352.4
 10
625.0
 20
352.4
 10
625.0
 20
355.6
 10
613.0
 20
355.6
  0
LINE
  5
666
330
49D
100
AcDbEntity
 67
1
  8
S-AN
100
AcDbLine
 10
613.0
 20
354.0
 30
0.0
 11
625.0
 21
354.0
 31
0.0
  0
TEXT
  5
667
330
49D
100
AcDbEntity
 67
1
  8
A-TEXTO
100
AcDbText
 10
629.5
 20
354.0
 30
0.0
 40
1.9
  1
DRENAJE EN ZANJA (DET. 2)
  7
ARIAL
 11
629.5
 21
354.0
 31
0.0
100
AcDbText
 73
2
  0
TEXT
  5
668
330
49D
100
AcDbEntity
 67
1
  8
A-TEXTO
100
AcDbText
 10
610.0
 20
348.5
 30
0.0
 40
1.6
  1
AN / AG: AGUAS NEGRAS / GRISES; TG: TRAMPA
  7
ARIAL
 11
610.0
 21
348.5
 31
0.0
100
AcDbText
 73
3
  0
TEXT
  5
669
330
49D
100
AcDbEntity
 67
1
  8
A-TEXTO
100
AcDbText
 10
610.0
 20
346.0
 30
0.0
 40
1.6
  1
DE GRASA; FAFA: FILTRO ANAEROBIO DE FLUJO
  7
ARIAL
 11
610.0
 21
346.0
 31
0.0
100
AcDbText
 73
3
  0
TEXT
  5
66A
330
49D
100
AcDbEntity
 67
1
  8
A-TEXTO
100
AcDbText
 10
610.0
 20
343.5
 30
0.0
 40
1.6
  1
ASCENDENTE.
  7
ARIAL
 11
610.0
 21
343.5
 31
0.0
100
AcDbText
 73
3
  0
TEXT
  5
66B
330
49D
100
AcDbEntity
 67
1
  8
A-TITULOS
100
AcDbText
 10
362.0
 20
278.0
 30
0.0
 40
3.5
  1
NOTAS:
  7
ARIAL
 11
362.0
 21
278.0
 31
0.0
100
AcDbText
 73
3
  0
MTEXT
  5
66C
330
49D
100
AcDbEntity
 67
1
  8
A-NOTAS
100
AcDbMText
 10
362.0
 20
272.0
 30
0.0
 40
1.8
 41
340.0
 71
1
  1
1.- TODAS LAS MEDIDAS ESTÁN DADAS EN METROS; LAS DIMENSIONES DEL TANQUE Y DEL FAFA SON INTERIORES, SALVO INDICACIÓN CONTRARIA. [PR]
  7
ARIAL
  0
MTEXT
  5
66D
330
49D
100
AcDbEntity
 67
1
  8
A-NOTAS
100
AcDbMText
 10
362.0
 20
268.4
 30
0.0
 40
1.8
 41
340.0
 71
1
  1
2.- VERIFICAR EN SITIO LA UBICACIÓN, LOS NIVELES Y LAS CONDICIONES DEL TERRENO ANTES DE INICIAR LA CONSTRUCCIÓN. [PR]
  7
ARIAL
  0
MTEXT
  5
66E
330
49D
100
AcDbEntity
 67
1
  8
A-NOTAS
100
AcDbMText
 10
362.0
 20
264.79999999999995
 30
0.0
 40
1.8
 41
340.0
 71
1
  1
3.- NO HAY ALCANTARILLADO SANITARIO: LAS AGUAS RESIDUALES SE TRATAN EN TANQUE SÉPTICO CON FAFA Y SE DISPONEN EN EL DRENAJE DEL PATIO POSTERIOR.
  7
ARIAL
  0
MTEXT
  5
66F
330
49D
100
AcDbEntity
 67
1
  8
A-NOTAS
100
AcDbMText
 10
362.0
 20
261.19999999999993
 30
0.0
 40
1.8
 41
340.0
 71
1
  1
4.- AGUAS NEGRAS (INODOROS) EN 4" Y AGUAS GRISES (LAVATORIOS, DUCHAS Y FREGADERO) EN 2", CON BAJANTES Y CAJAS DE REGISTRO SEPARADAS. [PR]
  7
ARIAL
  0
MTEXT
  5
670
330
49D
100
AcDbEntity
 67
1
  8
A-NOTAS
100
AcDbMText
 10
362.0
 20
257.5999999999999
 30
0.0
 40
1.8
 41
340.0
 71
1
  1
5.- TUBERÍA ENTERRADA EN PVC SDR-26 O SUPERIOR, DIÁMETRO MÍNIMO 100 MM (4"); ACCESORIOS SANITARIOS EN TODOS LOS CAMBIOS DE DIRECCIÓN. [PR] PENDIENTES DE COLECTORES Y RAMALES: PD.
  7
ARIAL
  0
MTEXT
  5
671
330
49D
100
AcDbEntity
 67
1
  8
A-NOTAS
100
AcDbMText
 10
362.0
 20
253.99999999999991
 30
0.0
 40
1.8
 41
340.0
 71
1
  1
6.- LAS AGUAS GRISES PASAN POR LA TRAMPA DE GRASA Y SE UNEN A LAS AGUAS NEGRAS EN LA CAJA DE REGISTRO DE ENTRADA AL TANQUE.
  7
ARIAL
  0
MTEXT
  5
672
330
49D
100
AcDbEntity
 67
1
  8
A-NOTAS
100
AcDbMText
 10
362.0
 20
250.39999999999992
 30
0.0
 40
1.8
 41
340.0
 71
1
  1
7.- BAJANTES: SUITE 1 EN FORRO DEL MURO BAÑO / WALK-IN, CON COLECTORES COLGADOS BAJO LA LOSA DEL N2 HASTA C2; SUITE 2 Y FREGADERO EN DUCTO DE LA COCINA (ESQUINA D/4); SUITE 3 EN DUCTO JUNTO A C6 EN LA SALA. DIMENSIONES DE DUCTOS Y FORROS: PD.
  7
ARIAL
  0
MTEXT
  5
673
330
49D
100
AcDbEntity
 67
1
  8
A-NOTAS
100
AcDbMText
 10
362.0
 20
244.1899999999999
 30
0.0
 40
1.8
 41
340.0
 71
1
  1
8.- CADA BAJANTE SE PROLONGA COMO VENTILACIÓN DE 2" SOBRE LA CUBIERTA. [PR]
  7
ARIAL
  0
MTEXT
  5
674
330
49D
100
AcDbEntity
 67
1
  8
A-NOTAS
100
AcDbMText
 10
362.0
 20
240.58999999999992
 30
0.0
 40
1.8
 41
340.0
 71
1
  1
9.- LAS TUBERÍAS PASAN SOBRE LAS PLACAS DE CIMENTACIÓN SIN ATRAVESAR PEDESTALES; CRUCES CON VIGAS RIOSTRA CON CAMISA (PD). EL TANQUE Y LAS CAJAS SE UBICAN FUERA DE LAS PLACAS (VER C01).
  7
ARIAL
  0
MTEXT
  5
675
330
49D
100
AcDbEntity
 67
1
  8
A-NOTAS
100
AcDbMText
 10
362.0
 20
236.98999999999992
 30
0.0
 40
1.8
 41
340.0
 71
1
  3
10.- TANQUE Y FAFA: CONCRETO DE 210 KG/CM2; LOSAS INFERIOR Y SUPERIOR DE 0.10 M MÍNIMO CON MALLA #3 @20 CM; MUROS DE BLOQUE 12x20x40 CON JUNTAS LLENAS Y REPELLO IMPERMEABLE INTERIOR; REFUERZO VERTICAL #3 @40 CM Y HORIZONTAL #3 CADA DOS HILADAS; RECUB
  1
RIMIENTO 4 CM; CURADO 7 DÍAS. [PR]
  7
ARIAL
  0
MTEXT
  5
676
330
49D
100
AcDbEntity
 67
1
  8
A-NOTAS
100
AcDbMText
 10
362.0
 20
230.77999999999992
 30
0.0
 40
1.8
 41
340.0
 71
1
  1
11.- CÁMARA 1 (DIGESTIÓN) = 2/3 Y CÁMARA 2 (CLARIFICACIÓN) = 1/3 DEL LARGO. TEES SANITARIAS DE PVC 100 MM, 0.30 M SOBRE Y 0.40 M BAJO EL NIVEL DE LÍQUIDOS. BORDE LIBRE 0.30 M Y PROFUNDIDAD ÚTIL 1.20 M. [PR]
  7
ARIAL
  0
MTEXT
  5
677
330
49D
100
AcDbEntity
 67
1
  8
A-NOTAS
100
AcDbMText
 10
362.0
 20
227.17999999999992
 30
0.0
 40
1.8
 41
340.0
 71
1
  1
12.- FAFA: 1.04 x 0.80 M INTERIOR, PROFUNDIDAD ÚTIL 1.20 M, FALSO FONDO A 0.20 M CON LOSA PERFORADA, MEDIO FILTRANTE DE PIEDRA CUARTA LAVADA (5-7 CM) DE 0.80 M SIN COMPACTAR Y ESPACIO LIBRE SUPERIOR DE 0.20 M. [PR]
  7
ARIAL
  0
MTEXT
  5
678
330
49D
100
AcDbEntity
 67
1
  8
A-NOTAS
100
AcDbMText
 10
362.0
 20
223.57999999999993
 30
0.0
 40
1.8
 41
340.0
 71
1
  1
13.- RESPIRADEROS DE PVC 100 MM, 0.30 M SOBRE EL TERRENO, CON SOMBRERETE. CILINDRO DE INSPECCIÓN DE CONCRETO, DIÁMETRO INTERIOR MÍNIMO 0.30 M. TAPAS DE CONCRETO REFORZADO DE 0.60 x 0.60 M MÍNIMO, CON AGARRADERAS. [PR]
  7
ARIAL
  0
MTEXT
  5
679
330
49D
100
AcDbEntity
 67
1
  8
A-NOTAS
100
AcDbMText
 10
362.0
 20
219.97999999999993
 30
0.0
 40
1.8
 41
340.0
 71
1
  1
14.- DRENAJE: TUBO PERFORADO DE 100 MM EN ZANJA DE 0.50 M (DETALLE 2). LONGITUD (7.40 M DIBUJADOS) Y PROFUNDIDAD SUJETAS A LA PRUEBA DE INFILTRACIÓN Y AL CÁLCULO (PD).
  7
ARIAL
  0
MTEXT
  5
67A
330
49D
100
AcDbEntity
 67
1
  8
A-NOTAS
100
AcDbMText
 10
362.0
 20
216.37999999999994
 30
0.0
 40
1.8
 41
340.0
 71
1
  1
15.- NO RELLENAR HASTA QUE EL CONCRETO ALCANCE SU RESISTENCIA; COMPACTAR EN CAPAS DE 20 CM MÁXIMO Y EVITAR EL PASO DE VEHÍCULOS SOBRE EL SISTEMA. [PR]
  7
ARIAL
  0
MTEXT
  5
67B
330
49D
100
AcDbEntity
 67
1
  8
A-NOTAS
100
AcDbMText
 10
362.0
 20
212.77999999999994
 30
0.0
 40
1.8
 41
340.0
 71
1
  1
16.- ANTES DEL RELLENO, VERIFICAR LA ESTANQUEIDAD DEL TANQUE Y DEL FAFA; LIMPIAR EL SISTEMA ANTES DE COLOCAR EL MEDIO FILTRANTE Y LLENAR EL FAFA CON AGUA ANTES DE INICIAR LA OPERACIÓN. [PR]
  7
ARIAL
  0
MTEXT
  5
67C
330
49D
100
AcDbEntity
 67
1
  8
A-NOTAS
100
AcDbMText
 10
362.0
 20
209.17999999999995
 30
0.0
 40
1.8
 41
340.0
 71
1
  1
17.- MANTENIMIENTO: RETIRAR LOS LODOS DEL TANQUE CUANDO OCUPEN APROXIMADAMENTE 1/3 DEL VOLUMEN DE LA PRIMERA CÁMARA. [PR]
  7
ARIAL
  0
MTEXT
  5
67D
330
49D
100
AcDbEntity
 67
1
  8
A-NOTAS
100
AcDbMText
 10
362.0
 20
205.57999999999996
 30
0.0
 40
1.8
 41
340.0
 71
1
  1
18.- NO SE PERMITE MODIFICAR DIMENSIONES, NIVELES, DIÁMETROS NI MATERIALES SIN AUTORIZACIÓN DEL PROFESIONAL RESPONSABLE. [PR]
  7
ARIAL
  0
MTEXT
  5
67E
330
49D
100
AcDbEntity
 67
1
  8
A-NOTAS
100
AcDbMText
 10
362.0
 20
201.97999999999996
 30
0.0
 40
1.8
 41
340.0
 71
1
  1
[PR] = NOTA TOMADA DEL PROYECTO DE REFERENCIA, PENDIENTE DE REVISIÓN.
  7
ARIAL
  0
INSERT
  5
6C6
330
49D
100
AcDbEntity
 67
1
  8
A-CAJETIN
100
AcDbBlockReference
 66
1
  2
CAJETIN_A1
 10
711.0
 20
10.0
 30
0.0
  0
ATTRIB
  5
6C8
330
49D
100
AcDbEntity
 67
1
  8
A-CAJETIN-TXT
100
AcDbText
 10
771.0
 20
261.6
 30
0.0
 40
3.2
  1
CivilCon Diseño y Construcción SRLTDA
  7
ARIAL
 72
1
 11
771.0
 21
261.6
 31
0.0
100
AcDbAttribute
  2
EMPRESA
 70
0
 74
3
 71
1
 72
0
 11
771.0
 21
261.6
 31
0.0
  0
ATTRIB
  5
6C9
330
49D
100
AcDbEntity
 67
1
  8
A-CAJETIN-TXT
100
AcDbText
 10
771.0
 20
255.6
 30
0.0
 40
2.5
  1
Céd. Jurídica: 3-102-762712
  7
ARIAL
 72
1
 11
771.0
 21
255.6
 31
0.0
100
AcDbAttribute
  2
EMPRESA_CED
 70
0
 74
3
 71
1
 72
0
 11
771.0
 21
255.6
 31
0.0
  0
ATTRIB
  5
6CA
330
49D
100
AcDbEntity
 67
1
  8
A-CAJETIN-TXT
100
AcDbText
 10
714.0
 20
240.1
 30
0.0
 40
2.6
  1
DIRECTOR TÉCNICO:
  7
ARIAL
 11
714.0
 21
240.1
 31
0.0
100
AcDbAttribute
  2
PROF_1
 70
0
 74
3
 71
1
 72
0
 11
714.0
 21
240.1
 31
0.0
  0
ATTRIB
  5
6CB
330
49D
100
AcDbEntity
 67
1
  8
A-CAJETIN-TXT
100
AcDbText
 10
714.0
 20
235.6
 30
0.0
 40
2.6
  1
Steven Viales (Civil) IC-40759
  7
ARIAL
 11
714.0
 21
235.6
 31
0.0
100
AcDbAttribute
  2
PROF_2
 70
0
 74
3
 71
1
 72
0
 11
714.0
 21
235.6
 31
0.0
  0
ATTRIB
  5
6CC
330
49D
100
AcDbEntity
 67
1
  8
A-CAJETIN-TXT
100
AcDbText
 10
714.0
 20
231.1
 30
0.0
 40
2.6
  1
David Barrantes (Electricidad) IE-27499
  7
ARIAL
 11
714.0
 21
231.1
 31
0.0
100
AcDbAttribute
  2
PROF_3
 70
0
 74
3
 71
1
 72
0
 11
714.0
 21
231.1
 31
0.0
  0
ATTRIB
  5
6CD
330
49D
100
AcDbEntity
 67
1
  8
A-CAJETIN-TXT
100
AcDbText
 10
714.0
 20
218.1
 30
0.0
 40
4.2
  1
VIVIENDA UNIFAMILIAR
  7
ARIAL
 11
714.0
 21
218.1
 31
0.0
100
AcDbAttribute
  2
PROYECTO
 70
0
 74
3
 71
1
 72
0
 11
714.0
 21
218.1
 31
0.0
  0
ATTRIB
  5
6CE
330
49D
100
AcDbEntity
 67
1
  8
A-CAJETIN-TXT
100
AcDbText
 10
714.0
 20
211.1
 30
0.0
 40
2.5
  1
DISTRITO 03 SANTIAGO, CANTÓN 05 SAN RAFAEL,
  7
ARIAL
 11
714.0
 21
211.1
 31
0.0
100
AcDbAttribute
  2
UBIC_1
 70
0
 74
3
 71
1
 72
0
 11
714.0
 21
211.1
 31
0.0
  0
ATTRIB
  5
6CF
330
49D
100
AcDbEntity
 67
1
  8
A-CAJETIN-TXT
100
AcDbText
 10
714.0
 20
206.6
 30
0.0
 40
2.5
  1
PROVINCIA 04 HEREDIA, COSTA RICA.
  7
ARIAL
 11
714.0
 21
206.6
 31
0.0
100
AcDbAttribute
  2
UBIC_2
 70
0
 74
3
 71
1
 72
0
 11
714.0
 21
206.6
 31
0.0
  0
ATTRIB
  5
6D0
330
49D
100
AcDbEntity
 67
1
  8
A-CAJETIN-TXT
100
AcDbText
 10
714.0
 20
202.1
 30
0.0
 40
2.5
  1

  7
ARIAL
 11
714.0
 21
202.1
 31
0.0
100
AcDbAttribute
  2
UBIC_3
 70
0
 74
3
 71
1
 72
0
 11
714.0
 21
202.1
 31
0.0
  0
ATTRIB
  5
6D1
330
49D
100
AcDbEntity
 67
1
  8
A-CAJETIN-TXT
100
AcDbText
 10
714.0
 20
189.1
 30
0.0
 40
2.5
  1
FOLIO REAL: 4-041200-000
  7
ARIAL
 11
714.0
 21
189.1
 31
0.0
100
AcDbAttribute
  2
REG_1
 70
0
 74
3
 71
1
 72
0
 11
714.0
 21
189.1
 31
0.0
  0
ATTRIB
  5
6D2
330
49D
100
AcDbEntity
 67
1
  8
A-CAJETIN-TXT
100
AcDbText
 10
714.0
 20
184.6
 30
0.0
 40
2.5
  1
PLANO CATASTRADO: 4-57389-2023
  7
ARIAL
 11
714.0
 21
184.6
 31
0.0
100
AcDbAttribute
  2
REG_2
 70
0
 74
3
 71
1
 72
0
 11
714.0
 21
184.6
 31
0.0
  0
ATTRIB
  5
6D3
330
49D
100
AcDbEntity
 67
1
  8
A-CAJETIN-TXT
100
AcDbText
 10
714.0
 20
180.1
 30
0.0
 40
2.5
  1
ÁREA SEGÚN CATASTRO: 256 m²
  7
ARIAL
 11
714.0
 21
180.1
 31
0.0
100
AcDbAttribute
  2
REG_3
 70
0
 74
3
 71
1
 72
0
 11
714.0
 21
180.1
 31
0.0
  0
ATTRIB
  5
6D4
330
49D
100
AcDbEntity
 67
1
  8
A-CAJETIN-TXT
100
AcDbText
 10
714.0
 20
167.1
 30
0.0
 40
5.0
  1
AGUAS RESIDUALES
  7
ARIAL
 11
714.0
 21
167.1
 31
0.0
100
AcDbAttribute
  2
CONT_TIT
 70
0
 74
3
 71
1
 72
0
 11
714.0
 21
167.1
 31
0.0
  0
ATTRIB
  5
6D5
330
49D
100
AcDbEntity
 67
1
  8
A-CAJETIN-TXT
100
AcDbText
 10
714.0
 20
159.6
 30
0.0
 40
3.0
  1
PLANTAS NIVELES 1, 2 Y 3.
  7
ARIAL
 11
714.0
 21
159.6
 31
0.0
100
AcDbAttribute
  2
CONT_1
 70
0
 74
3
 71
1
 72
0
 11
714.0
 21
159.6
 31
0.0
  0
ATTRIB
  5
6D6
330
49D
100
AcDbEntity
 67
1
  8
A-CAJETIN-TXT
100
AcDbText
 10
714.0
 20
154.1
 30
0.0
 40
3.0
  1
TANQUE SÉPTICO, FAFA Y DRENAJE.
  7
ARIAL
 11
714.0
 21
154.1
 31
0.0
100
AcDbAttribute
  2
CONT_2
 70
0
 74
3
 71
1
 72
0
 11
714.0
 21
154.1
 31
0.0
  0
ATTRIB
  5
6D7
330
49D
100
AcDbEntity
 67
1
  8
A-CAJETIN-TXT
100
AcDbText
 10
714.0
 20
148.6
 30
0.0
 40
3.0
  1
CAJA DE REGISTRO,
  7
ARIAL
 11
714.0
 21
148.6
 31
0.0
100
AcDbAttribute
  2
CONT_3
 70
0
 74
3
 71
1
 72
0
 11
714.0
 21
148.6
 31
0.0
  0
ATTRIB
  5
6D8
330
49D
100
AcDbEntity
 67
1
  8
A-CAJETIN-TXT
100
AcDbText
 10
714.0
 20
143.1
 30
0.0
 40
3.0
  1
TRAMPA DE GRASA Y BAÑO TÍPICO.
  7
ARIAL
 11
714.0
 21
143.1
 31
0.0
100
AcDbAttribute
  2
CONT_4
 70
0
 74
3
 71
1
 72
0
 11
714.0
 21
143.1
 31
0.0
  0
ATTRIB
  5
6D9
330
49D
100
AcDbEntity
 67
1
  8
A-CAJETIN-TXT
100
AcDbText
 10
714.0
 20
137.6
 30
0.0
 40
3.0
  1
SIMBOLOGÍA Y NOTAS.
  7
ARIAL
 11
714.0
 21
137.6
 31
0.0
100
AcDbAttribute
  2
CONT_5
 70
0
 74
3
 71
1
 72
0
 11
714.0
 21
137.6
 31
0.0
  0
ATTRIB
  5
6DA
330
49D
100
AcDbEntity
 67
1
  8
A-CAJETIN-TXT
100
AcDbText
 10
714.0
 20
132.1
 30
0.0
 40
3.0
  1

  7
ARIAL
 11
714.0
 21
132.1
 31
0.0
100
AcDbAttribute
  2
CONT_6
 70
0
 74
3
 71
1
 72
0
 11
714.0
 21
132.1
 31
0.0
  0
ATTRIB
  5
6DB
330
49D
100
AcDbEntity
 67
1
  8
A-CAJETIN-TXT
100
AcDbText
 10
736.0
 20
122.1
 30
0.0
 40
2.2
  1
1:100 / INDICADAS
  7
ARIAL
 11
736.0
 21
122.1
 31
0.0
100
AcDbAttribute
  2
ESCALAS
 70
0
 74
3
 71
1
 72
0
 11
736.0
 21
122.1
 31
0.0
  0
ATTRIB
  5
6DC
330
49D
100
AcDbEntity
 67
1
  8
A-CAJETIN-TXT
100
AcDbText
 10
717.0
 20
104.0
 30
0.0
 40
2.0
  1
0
  7
ARIAL
 72
1
 11
717.0
 21
104.0
 31
0.0
100
AcDbAttribute
  2
REV0_N
 70
0
 74
2
 71
1
 72
0
 11
717.0
 21
104.0
 31
0.0
  0
ATTRIB
  5
6DD
330
49D
100
AcDbEntity
 67
1
  8
A-CAJETIN-TXT
100
AcDbText
 10
734.0
 20
104.0
 30
0.0
 40
2.0
  1
06-10-2026
  7
ARIAL
 72
1
 11
734.0
 21
104.0
 31
0.0
100
AcDbAttribute
  2
REV0_F
 70
0
 74
2
 71
1
 72
0
 11
734.0
 21
104.0
 31
0.0
  0
ATTRIB
  5
6DE
330
49D
100
AcDbEntity
 67
1
  8
A-CAJETIN-TXT
100
AcDbText
 10
746.5
 20
104.0
 30
0.0
 40
2.0
  1
VERSIÓN DE TRABAJO PARA REVISIÓN
  7
ARIAL
 11
746.5
 21
104.0
 31
0.0
100
AcDbAttribute
  2
REV0_D
 70
0
 74
2
 71
1
 72
0
 11
746.5
 21
104.0
 31
0.0
  0
ATTRIB
  5
6DF
330
49D
100
AcDbEntity
 67
1
  8
A-CAJETIN-TXT
100
AcDbText
 10
717.0
 20
98.8
 30
0.0
 40
2.0
  1
1
  7
ARIAL
 72
1
 11
717.0
 21
98.8
 31
0.0
100
AcDbAttribute
  2
REV1_N
 70
0
 74
2
 71
1
 72
0
 11
717.0
 21
98.8
 31
0.0
  0
ATTRIB
  5
6E0
330
49D
100
AcDbEntity
 67
1
  8
A-CAJETIN-TXT
100
AcDbText
 10
734.0
 20
98.8
 30
0.0
 40
2.0
  1
07-10-2026
  7
ARIAL
 72
1
 11
734.0
 21
98.8
 31
0.0
100
AcDbAttribute
  2
REV1_F
 70
0
 74
2
 71
1
 72
0
 11
734.0
 21
98.8
 31
0.0
  0
ATTRIB
  5
6E1
330
49D
100
AcDbEntity
 67
1
  8
A-CAJETIN-TXT
100
AcDbText
 10
746.5
 20
98.8
 30
0.0
 40
2.0
  1
DETALLE DE TANQUE SEGÚN LA REFERENCIA
  7
ARIAL
 11
746.5
 21
98.8
 31
0.0
100
AcDbAttribute
  2
REV1_D
 70
0
 74
2
 71
1
 72
0
 11
746.5
 21
98.8
 31
0.0
  0
ATTRIB
  5
6E2
330
49D
100
AcDbEntity
 67
1
  8
A-CAJETIN-TXT
100
AcDbText
 10
717.0
 20
93.6
 30
0.0
 40
2.0
  1

  7
ARIAL
 72
1
 11
717.0
 21
93.6
 31
0.0
100
AcDbAttribute
  2
REV2_N
 70
0
 74
2
 71
1
 72
0
 11
717.0
 21
93.6
 31
0.0
  0
ATTRIB
  5
6E3
330
49D
100
AcDbEntity
 67
1
  8
A-CAJETIN-TXT
100
AcDbText
 10
734.0
 20
93.6
 30
0.0
 40
2.0
  1

  7
ARIAL
 72
1
 11
734.0
 21
93.6
 31
0.0
100
AcDbAttribute
  2
REV2_F
 70
0
 74
2
 71
1
 72
0
 11
734.0
 21
93.6
 31
0.0
  0
ATTRIB
  5
6E4
330
49D
100
AcDbEntity
 67
1
  8
A-CAJETIN-TXT
100
AcDbText
 10
746.5
 20
93.6
 30
0.0
 40
2.0
  1

  7
ARIAL
 11
746.5
 21
93.6
 31
0.0
100
AcDbAttribute
  2
REV2_D
 70
0
 74
2
 71
1
 72
0
 11
746.5
 21
93.6
 31
0.0
  0
ATTRIB
  5
6E5
330
49D
100
AcDbEntity
 67
1
  8
A-CAJETIN-TXT
100
AcDbText
 10
771.0
 20
82.99999999999999
 30
0.0
 40
3.0
  1
VERSIÓN DE TRABAJO
  7
ARIAL
 72
1
 11
771.0
 21
82.99999999999999
 31
0.0
100
AcDbAttribute
  2
ESTADO_1
 70
0
 74
3
 71
1
 72
0
 11
771.0
 21
82.99999999999999
 31
0.0
  0
ATTRIB
  5
6E6
330
49D
100
AcDbEntity
 67
1
  8
A-CAJETIN-TXT
100
AcDbText
 10
771.0
 20
77.99999999999999
 30
0.0
 40
2.4
  1
NO APTA PARA CONSTRUCCIÓN NI TRÁMITE
  7
ARIAL
 72
1
 11
771.0
 21
77.99999999999999
 31
0.0
100
AcDbAttribute
  2
ESTADO_2
 70
0
 74
3
 71
1
 72
0
 11
771.0
 21
77.99999999999999
 31
0.0
  0
ATTRIB
  5
6E7
330
49D
100
AcDbEntity
 67
1
  8
A-CAJETIN-TXT
100
AcDbText
 10
744.0
 20
49.999999999999986
 30
0.0
 40
5.0
  1
COSTA RICA
  7
ARIAL
 72
1
 11
744.0
 21
49.999999999999986
 31
0.0
100
AcDbAttribute
  2
LUGAR
 70
0
 74
2
 71
1
 72
0
 11
744.0
 21
49.999999999999986
 31
0.0
  0
ATTRIB
  5
6E8
330
49D
100
AcDbEntity
 67
1
  8
A-CAJETIN-TXT
100
AcDbText
 10
804.0
 20
49.999999999999986
 30
0.0
 40
14.0
  1
S02
  7
ARIAL
 72
1
 11
804.0
 21
49.999999999999986
 31
0.0
100
AcDbAttribute
  2
LAMINA
 70
0
 74
2
 71
1
 72
0
 11
804.0
 21
49.999999999999986
 31
0.0
  0
ATTRIB
  5
6E9
330
49D
100
AcDbEntity
 67
1
  8
A-CAJETIN-TXT
100
AcDbText
 10
744.0
 20
23.499999999999993
 30
0.0
 40
6.0
  1
OCT 2026
  7
ARIAL
 72
1
 11
744.0
 21
23.499999999999993
 31
0.0
100
AcDbAttribute
  2
FECHA
 70
0
 74
2
 71
1
 72
0
 11
744.0
 21
23.499999999999993
 31
0.0
  0
ATTRIB
  5
6EA
330
49D
100
AcDbEntity
 67
1
  8
A-CAJETIN-TXT
100
AcDbText
 10
815.0
 20
23.499999999999993
 30
0.0
 40
9.0
  1
--
  7
ARIAL
 72
1
 11
815.0
 21
23.499999999999993
 31
0.0
100
AcDbAttribute
  2
TOTAL
 70
0
 74
2
 71
1
 72
0
 11
815.0
 21
23.499999999999993
 31
0.0
  0
SEQEND
  5
6C7
330
6C6
100
AcDbEntity
 67
1
  8
A-CAJETIN
  0
ENDSEC
  0
SECTION
  2
OBJECTS
  0
DICTIONARY
  5
A
330
0
100
AcDbDictionary
281
1
  3
ACAD_COLOR
350
B
  3
ACAD_GROUP
350
C
  3
ACAD_LAYOUT
350
D
  3
ACAD_MATERIAL
350
E
  3
ACAD_MLEADERSTYLE
350
F
  3
ACAD_MLINESTYLE
350
10
  3
ACAD_PLOTSETTINGS
350
11
  3
ACAD_PLOTSTYLENAME
350
12
  3
ACAD_SCALELIST
350
14
  3
ACAD_TABLESTYLE
350
15
  3
ACAD_VISUALSTYLE
350
16
  3
EZDXF_META
350
2D
  0
DICTIONARY
  5
B
330
A
100
AcDbDictionary
281
1
  0
DICTIONARY
  5
C
330
A
100
AcDbDictionary
281
1
  0
DICTIONARY
  5
D
330
A
100
AcDbDictionary
281
1
  3
Model
350
1A
  3
Layout1
350
1E
  3
S02-AGUAS-RESIDUALES
350
4A0
  0
DICTIONARY
  5
E
330
A
100
AcDbDictionary
281
1
  3
ByBlock
350
1F
  3
ByLayer
350
20
  3
Global
350
21
  0
DICTIONARY
  5
F
330
A
100
AcDbDictionary
281
1
  3
Standard
350
2C
  0
DICTIONARY
  5
10
330
A
100
AcDbDictionary
281
1
  3
Standard
350
22
  0
DICTIONARY
  5
11
330
A
100
AcDbDictionary
281
1
  0
ACDBDICTIONARYWDFLT
  5
12
330
A
100
AcDbDictionary
281
1
  3
Normal
350
13
100
AcDbDictionaryWithDefault
340
13
  0
ACDBPLACEHOLDER
  5
13
330
12
  0
DICTIONARY
  5
14
330
A
100
AcDbDictionary
281
1
  0
DICTIONARY
  5
15
330
A
100
AcDbDictionary
281
1
  0
DICTIONARY
  5
16
330
A
100
AcDbDictionary
281
1
  3
2dWireframe
350
5A
  3
Basic
350
5B
  3
Brighten
350
5C
  3
ColorChange
350
5D
  3
Conceptual
350
5E
  3
Dim
350
5F
  3
EdgeColorOff
350
60
  3
Facepattern
350
61
  3
Flat
350
62
  3
FlatWithEdges
350
63
  3
Gouraud
350
64
  3
GouraudWithEdges
350
65
  3
Hidden
350
66
  3
JitterOff
350
67
  3
Linepattern
350
68
  3
Modeling
350
69
  3
OverhangOff
350
6A
  3
Realistic
350
6B
  3
Shaded
350
6C
  3
Shaded with edges
350
6D
  3
Shades of Gray
350
6E
  3
Sketchy
350
6F
  3
Thicken
350
70
  3
Wireframe
350
71
  3
X-Ray
350
72
  0
LAYOUT
  5
1A
330
D
100
AcDbPlotSettings
  1

  4
A3
  6

 40
7.5
 41
20.0
 42
7.5
 43
20.0
 44
420.0
 45
297.0
 46
0.0
 47
0.0
 48
0.0
 49
0.0
140
0.0
141
0.0
142
1.0
143
1.0
 70
1024
 72
1
 73
0
 74
5
  7

 75
16
 76
0
 77
2
 78
300
147
1.0
148
0.0
149
0.0
100
AcDbLayout
  1
Model
 70
1
 71
0
 10
0.0
 20
0.0
 11
420.0
 21
297.0
 12
0.0
 22
0.0
 32
0.0
 14
1e+20
 24
1e+20
 34
1e+20
 15
-1e+20
 25
-1e+20
 35
-1e+20
146
0.0
 13
0.0
 23
0.0
 33
0.0
 16
1.0
 26
0.0
 36
0.0
 17
0.0
 27
1.0
 37
0.0
 76
1
330
17
  0
LAYOUT
  5
1E
330
D
100
AcDbPlotSettings
  1

  4
A3
  6

 40
7.5
 41
20.0
 42
7.5
 43
20.0
 44
420.0
 45
297.0
 46
0.0
 47
0.0
 48
0.0
 49
0.0
140
0.0
141
0.0
142
1.0
143
1.0
 70
0
 72
1
 73
0
 74
5
  7

 75
16
 76
0
 77
2
 78
300
147
1.0
148
0.0
149
0.0
100
AcDbLayout
  1
Layout1
 70
1
 71
1
 10
0.0
 20
0.0
 11
420.0
 21
297.0
 12
0.0
 22
0.0
 32
0.0
 14
1e+20
 24
1e+20
 34
1e+20
 15
-1e+20
 25
-1e+20
 35
-1e+20
146
0.0
 13
0.0
 23
0.0
 33
0.0
 16
1.0
 26
0.0
 36
0.0
 17
0.0
 27
1.0
 37
0.0
 76
1
330
1B
  0
MATERIAL
  5
1F
102
{ACAD_REACTORS
330
E
102
}
330
E
100
AcDbMaterial
  1
ByBlock
  2

 70
0
 40
1.0
 71
1
 41
1.0
 91
-1023410177
 42
1.0
 72
1
  3

 73
1
 74
1
 75
1
 44
0.5
 73
0
 45
1.0
 46
1.0
 77
1
  4

 78
1
 79
1
170
1
 48
1.0
171
1
  6

172
1
173
1
174
1
140
1.0
141
1.0
175
1
  7

176
1
177
1
178
1
143
1.0
179
1
  8

270
1
271
1
272
1
145
1.0
146
1.0
273
1
  9

274
1
275
1
276
1
 42
1.0
 72
1
  3

 73
1
 74
1
 75
1
 94
63
  0
MATERIAL
  5
20
102
{ACAD_REACTORS
330
E
102
}
330
E
100
AcDbMaterial
  1
ByLayer
  2

 70
0
 40
1.0
 71
1
 41
1.0
 91
-1023410177
 42
1.0
 72
1
  3

 73
1
 74
1
 75
1
 44
0.5
 73
0
 45
1.0
 46
1.0
 77
1
  4

 78
1
 79
1
170
1
 48
1.0
171
1
  6

172
1
173
1
174
1
140
1.0
141
1.0
175
1
  7

176
1
177
1
178
1
143
1.0
179
1
  8

270
1
271
1
272
1
145
1.0
146
1.0
273
1
  9

274
1
275
1
276
1
 42
1.0
 72
1
  3

 73
1
 74
1
 75
1
 94
63
  0
MATERIAL
  5
21
102
{ACAD_REACTORS
330
E
102
}
330
E
100
AcDbMaterial
  1
Global
  2

 70
0
 40
1.0
 71
1
 41
1.0
 91
-1023410177
 42
1.0
 72
1
  3

 73
1
 74
1
 75
1
 44
0.5
 73
0
 45
1.0
 46
1.0
 77
1
  4

 78
1
 79
1
170
1
 48
1.0
171
1
  6

172
1
173
1
174
1
140
1.0
141
1.0
175
1
  7

176
1
177
1
178
1
143
1.0
179
1
  8

270
1
271
1
272
1
145
1.0
146
1.0
273
1
  9

274
1
275
1
276
1
 42
1.0
 72
1
  3

 73
1
 74
1
 75
1
 94
63
  0
MLINESTYLE
  5
22
102
{ACAD_REACTORS
330
10
102
}
330
10
100
AcDbMlineStyle
  2
Standard
 70
0
  3

 62
256
 51
90.0
 52
90.0
 71
2
 49
0.5
 62
256
  6
BYLAYER
 49
-0.5
 62
256
  6
BYLAYER
  0
MLEADERSTYLE
  5
2C
102
{ACAD_REACTORS
330
F
102
}
330
F
100
AcDbMLeaderStyle
179
2
170
2
171
1
172
0
 90
2
 40
0.0
 41
0.0
173
1
 91
-1056964608
 92
-2
290
1
 42
2.0
291
1
 43
8.0
  3
Standard
 44
4.0
300

342
29
174
1
175
1
176
0
178
1
 93
-1056964608
 45
4.0
292
0
297
0
 46
4.0
 94
-1056964608
 47
1.0
 49
1.0
140
1.0
294
1
141
0.0
177
0
142
1.0
295
0
296
0
143
3.75
271
0
272
9
273
9
  0
DICTIONARY
  5
2D
330
A
100
AcDbDictionary
280
1
281
1
  3
CREATED_BY_EZDXF
350
2E
  3
WRITTEN_BY_EZDXF
350
6ED
  0
DICTIONARYVAR
  5
2E
330
2D
100
DictionaryVariables
280
0
  1
1.4.4 @ 2026-10-07T00:25:07.801390+00:00
  0
VISUALSTYLE
  5
5A
102
{ACAD_REACTORS
330
16
102
}
330
16
100
AcDbVisualStyle
  2
2dWireframe
 70
4
177
3
291
0
 70
58
 90
2
176
1
 90
2
176
1
 90
0
176
1
 90
0
176
1
 40
0.6
176
1
 40
30.0
176
1
 62
7
420
16777215
176
1
 90
1
176
1
 90
4
176
1
 62
7
176
1
 62
257
176
1
 90
1
176
1
 90
1
176
1
 40
1.0
176
1
 90
8
176
1
 62
7
176
1
 40
1.0
176
1
 90
1
176
1
 90
6
176
1
 90
2
176
1
 62
7
176
1
 90
5
176
1
 90
0
176
1
 90
0
176
1
290
0
176
1
 90
1
176
1
 40
0.0
176
1
 90
0
176
1
290
1
176
1
290
1
176
1
290
0
176
1
290
0
176
1
290
0
176
1
290
0
176
1
290
0
176
1
290
0
176
1
290
0
176
1
 90
50
176
1
 40
0.0
176
1
 40
1.0
176
1
 90
0
176
1
 62
18
420
0
176
1
 90
50
176
1
 90
3
176
1
 62
5
420
255
176
1
290
0
176
1
 90
50
176
1
 90
50
176
1
 90
50
176
1
290
0
176
1
 90
50
176
1
 62
256
176
0
 40
1.0
176
0
 90
2
176
1
  1
strokes_ogs.tif
176
1
290
0
176
1
 40
1.0
176
1
 40
1.0
176
1
  0
VISUALSTYLE
  5
5B
102
{ACAD_REACTORS
330
16
102
}
330
16
100
AcDbVisualStyle
  2
Basic
 70
7
177
3
291
1
 70
58
 90
2
176
1
 90
2
176
1
 90
0
176
1
 90
1
176
1
 40
0.6
176
1
 40
30.0
176
1
 62
7
420
16777215
176
1
 90
1
176
1
 90
4
176
1
 62
7
176
1
 62
257
176
1
 90
1
176
1
 90
1
176
1
 40
1.0
176
1
 90
8
176
1
 62
7
176
1
 40
1.0
176
1
 90
1
176
1
 90
6
176
1
 90
2
176
1
 62
7
176
1
 90
5
176
1
 90
0
176
1
 90
0
176
1
290
0
176
1
 90
1
176
1
 40
0.0
176
1
 90
0
176
1
290
0
176
1
290
1
176
1
290
1
176
1
290
0
176
1
290
0
176
1
290
0
176
1
290
0
176
1
290
0
176
1
290
0
176
1
 90
50
176
1
 40
0.0
176
1
 40
1.0
176
1
 90
0
176
1
 62
18
420
0
176
1
 90
50
176
1
 90
3
176
1
 62
5
420
255
176
1
290
0
176
1
 90
50
176
1
 90
50
176
1
 90
50
176
1
290
0
176
1
 90
50
176
1
 62
256
176
0
 40
1.0
176
0
 90
2
176
1
  1
strokes_ogs.tif
176
1
290
0
176
1
 40
1.0
176
1
 40
1.0
176
1
  0
VISUALSTYLE
  5
5C
102
{ACAD_REACTORS
330
16
102
}
330
16
100
AcDbVisualStyle
  2
Brighten
 70
12
177
3
291
1
 70
58
 90
2
176
1
 90
2
176
1
 90
0
176
1
 90
2
176
1
 40
0.6
176
1
 40
30.0
176
1
 62
7
420
16777215
176
1
 90
1
176
1
 90
4
176
1
 62
7
176
1
 62
257
176
1
 90
1
176
1
 90
1
176
1
 40
1.0
176
1
 90
8
176
1
 62
7
176
1
 40
1.0
176
1
 90
1
176
1
 90
6
176
1
 90
2
176
1
 62
7
176
1
 90
5
176
1
 90
0
176
1
 90
0
176
1
290
0
176
1
 90
1
176
1
 40
0.0
176
1
 90
0
176
1
290
0
176
1
290
1
176
1
290
1
176
1
290
0
176
1
290
0
176
1
290
0
176
1
290
0
176
1
290
0
176
1
290
0
176
1
 90
50
176
1
 40
0.0
176
1
 40
1.0
176
1
 90
0
176
1
 62
18
420
0
176
1
 90
50
176
1
 90
3
176
1
 62
5
420
255
176
1
290
0
176
1
 90
50
176
1
 90
50
176
1
 90
50
176
1
290
0
176
1
 90
50
176
1
 62
256
176
0
 40
1.0
176
0
 90
2
176
1
  1
strokes_ogs.tif
176
1
290
0
176
1
 40
1.0
176
1
 40
1.0
176
1
  0
VISUALSTYLE
  5
5D
102
{ACAD_REACTORS
330
16
102
}
330
16
100
AcDbVisualStyle
  2
ColorChange
 70
16
177
3
291
1
 70
58
 90
2
176
1
 90
2
176
1
 90
0
176
1
 90
2
176
1
 40
0.6
176
1
 40
30.0
176
1
 62
7
420
16777215
176
1
 90
1
176
1
 90
4
176
1
 62
7
176
1
 62
257
176
1
 90
1
176
1
 90
1
176
1
 40
1.0
176
1
 90
8
176
1
 62
7
176
1
 40
1.0
176
1
 90
1
176
1
 90
6
176
1
 90
2
176
1
 62
7
176
1
 90
5
176
1
 90
0
176
1
 90
0
176
1
290
0
176
1
 90
1
176
1
 40
0.0
176
1
 90
0
176
1
290
0
176
1
290
1
176
1
290
1
176
1
290
0
176
1
290
0
176
1
290
0
176
1
290
0
176
1
290
0
176
1
290
0
176
1
 90
50
176
1
 40
0.0
176
1
 40
1.0
176
1
 90
0
176
1
 62
18
420
0
176
1
 90
50
176
1
 90
3
176
1
 62
5
420
255
176
1
290
0
176
1
 90
50
176
1
 90
50
176
1
 90
50
176
1
290
0
176
1
 90
50
176
1
 62
256
176
0
 40
1.0
176
0
 90
2
176
1
  1
strokes_ogs.tif
176
1
290
0
176
1
 40
1.0
176
1
 40
1.0
176
1
  0
VISUALSTYLE
  5
5E
102
{ACAD_REACTORS
330
16
102
}
330
16
100
AcDbVisualStyle
  2
Conceptual
 70
9
177
3
291
0
 70
58
 90
2
176
1
 90
2
176
1
 90
0
176
1
 90
3
176
1
 40
0.6
176
1
 40
30.0
176
1
 62
7
420
16777215
176
1
 90
1
176
1
 90
4
176
1
 62
7
176
1
 62
257
176
1
 90
1
176
1
 90
1
176
1
 40
1.0
176
1
 90
8
176
1
 62
7
176
1
 40
1.0
176
1
 90
1
176
1
 90
6
176
1
 90
2
176
1
 62
7
176
1
 90
5
176
1
 90
0
176
1
 90
0
176
1
290
0
176
1
 90
1
176
1
 40
0.0
176
1
 90
0
176
1
290
0
176
1
290
1
176
1
290
1
176
1
290
0
176
1
290
0
176
1
290
0
176
1
290
0
176
1
290
0
176
1
290
0
176
1
 90
50
176
1
 40
0.0
176
1
 40
1.0
176
1
 90
0
176
1
 62
18
420
0
176
1
 90
50
176
1
 90
3
176
1
 62
5
420
255
176
1
290
0
176
1
 90
50
176
1
 90
50
176
1
 90
50
176
1
290
0
176
1
 90
50
176
1
 62
256
176
0
 40
1.0
176
0
 90
2
176
1
  1
strokes_ogs.tif
176
1
290
0
176
1
 40
1.0
176
1
 40
1.0
176
1
  0
VISUALSTYLE
  5
5F
102
{ACAD_REACTORS
330
16
102
}
330
16
100
AcDbVisualStyle
  2
Dim
 70
11
177
3
291
1
 70
58
 90
2
176
1
 90
2
176
1
 90
0
176
1
 90
2
176
1
 40
0.6
176
1
 40
30.0
176
1
 62
7
420
16777215
176
1
 90
1
176
1
 90
4
176
1
 62
7
176
1
 62
257
176
1
 90
1
176
1
 90
1
176
1
 40
1.0
176
1
 90
8
176
1
 62
7
176
1
 40
1.0
176
1
 90
1
176
1
 90
6
176
1
 90
2
176
1
 62
7
176
1
 90
5
176
1
 90
0
176
1
 90
0
176
1
290
0
176
1
 90
1
176
1
 40
0.0
176
1
 90
0
176
1
290
0
176
1
290
1
176
1
290
1
176
1
290
0
176
1
290
0
176
1
290
0
176
1
290
0
176
1
290
0
176
1
290
0
176
1
 90
50
176
1
 40
0.0
176
1
 40
1.0
176
1
 90
0
176
1
 62
18
420
0
176
1
 90
50
176
1
 90
3
176
1
 62
5
420
255
176
1
290
0
176
1
 90
50
176
1
 90
50
176
1
 90
50
176
1
290
0
176
1
 90
50
176
1
 62
256
176
0
 40
1.0
176
0
 90
2
176
1
  1
strokes_ogs.tif
176
1
290
0
176
1
 40
1.0
176
1
 40
1.0
176
1
  0
VISUALSTYLE
  5
60
102
{ACAD_REACTORS
330
16
102
}
330
16
100
AcDbVisualStyle
  2
EdgeColorOff
 70
22
177
3
291
1
 70
58
 90
2
176
1
 90
2
176
1
 90
0
176
1
 90
2
176
1
 40
0.6
176
1
 40
30.0
176
1
 62
7
420
16777215
176
1
 90
1
176
1
 90
4
176
1
 62
7
176
1
 62
257
176
1
 90
1
176
1
 90
1
176
1
 40
1.0
176
1
 90
8
176
1
 62
7
176
1
 40
1.0
176
1
 90
1
176
1
 90
6
176
1
 90
2
176
1
 62
7
176
1
 90
5
176
1
 90
0
176
1
 90
0
176
1
290
0
176
1
 90
1
176
1
 40
0.0
176
1
 90
0
176
1
290
0
176
1
290
1
176
1
290
1
176
1
290
0
176
1
290
0
176
1
290
0
176
1
290
0
176
1
290
0
176
1
290
0
176
1
 90
50
176
1
 40
0.0
176
1
 40
1.0
176
1
 90
0
176
1
 62
18
420
0
176
1
 90
50
176
1
 90
3
176
1
 62
5
420
255
176
1
290
0
176
1
 90
50
176
1
 90
50
176
1
 90
50
176
1
290
0
176
1
 90
50
176
1
 62
256
176
0
 40
1.0
176
0
 90
2
176
1
  1
strokes_ogs.tif
176
1
290
0
176
1
 40
1.0
176
1
 40
1.0
176
1
  0
VISUALSTYLE
  5
61
102
{ACAD_REACTORS
330
16
102
}
330
16
100
AcDbVisualStyle
  2
Facepattern
 70
15
177
3
291
1
 70
58
 90
2
176
1
 90
2
176
1
 90
0
176
1
 90
2
176
1
 40
0.6
176
1
 40
30.0
176
1
 62
7
420
16777215
176
1
 90
1
176
1
 90
4
176
1
 62
7
176
1
 62
257
176
1
 90
1
176
1
 90
1
176
1
 40
1.0
176
1
 90
8
176
1
 62
7
176
1
 40
1.0
176
1
 90
1
176
1
 90
6
176
1
 90
2
176
1
 62
7
176
1
 90
5
176
1
 90
0
176
1
 90
0
176
1
290
0
176
1
 90
1
176
1
 40
0.0
176
1
 90
0
176
1
290
0
176
1
290
1
176
1
290
1
176
1
290
0
176
1
290
0
176
1
290
0
176
1
290
0
176
1
290
0
176
1
290
0
176
1
 90
50
176
1
 40
0.0
176
1
 40
1.0
176
1
 90
0
176
1
 62
18
420
0
176
1
 90
50
176
1
 90
3
176
1
 62
5
420
255
176
1
290
0
176
1
 90
50
176
1
 90
50
176
1
 90
50
176
1
290
0
176
1
 90
50
176
1
 62
256
176
0
 40
1.0
176
0
 90
2
176
1
  1
strokes_ogs.tif
176
1
290
0
176
1
 40
1.0
176
1
 40
1.0
176
1
  0
VISUALSTYLE
  5
62
102
{ACAD_REACTORS
330
16
102
}
330
16
100
AcDbVisualStyle
  2
Flat
 70
0
177
3
291
1
 70
58
 90
2
176
1
 90
2
176
1
 90
0
176
1
 90
2
176
1
 40
0.6
176
1
 40
30.0
176
1
 62
7
420
16777215
176
1
 90
1
176
1
 90
4
176
1
 62
7
176
1
 62
257
176
1
 90
1
176
1
 90
1
176
1
 40
1.0
176
1
 90
8
176
1
 62
7
176
1
 40
1.0
176
1
 90
1
176
1
 90
6
176
1
 90
2
176
1
 62
7
176
1
 90
5
176
1
 90
0
176
1
 90
0
176
1
290
0
176
1
 90
1
176
1
 40
0.0
176
1
 90
0
176
1
290
0
176
1
290
1
176
1
290
1
176
1
290
0
176
1
290
0
176
1
290
0
176
1
290
0
176
1
290
0
176
1
290
0
176
1
 90
50
176
1
 40
0.0
176
1
 40
1.0
176
1
 90
0
176
1
 62
18
420
0
176
1
 90
50
176
1
 90
3
176
1
 62
5
420
255
176
1
290
0
176
1
 90
50
176
1
 90
50
176
1
 90
50
176
1
290
0
176
1
 90
50
176
1
 62
256
176
0
 40
1.0
176
0
 90
2
176
1
  1
strokes_ogs.tif
176
1
290
0
176
1
 40
1.0
176
1
 40
1.0
176
1
  0
VISUALSTYLE
  5
63
102
{ACAD_REACTORS
330
16
102
}
330
16
100
AcDbVisualStyle
  2
FlatWithEdges
 70
1
177
3
291
1
 70
58
 90
2
176
1
 90
2
176
1
 90
0
176
1
 90
2
176
1
 40
0.6
176
1
 40
30.0
176
1
 62
7
420
16777215
176
1
 90
1
176
1
 90
4
176
1
 62
7
176
1
 62
257
176
1
 90
1
176
1
 90
1
176
1
 40
1.0
176
1
 90
8
176
1
 62
7
176
1
 40
1.0
176
1
 90
1
176
1
 90
6
176
1
 90
2
176
1
 62
7
176
1
 90
5
176
1
 90
0
176
1
 90
0
176
1
290
0
176
1
 90
1
176
1
 40
0.0
176
1
 90
0
176
1
290
0
176
1
290
1
176
1
290
1
176
1
290
0
176
1
290
0
176
1
290
0
176
1
290
0
176
1
290
0
176
1
290
0
176
1
 90
50
176
1
 40
0.0
176
1
 40
1.0
176
1
 90
0
176
1
 62
18
420
0
176
1
 90
50
176
1
 90
3
176
1
 62
5
420
255
176
1
290
0
176
1
 90
50
176
1
 90
50
176
1
 90
50
176
1
290
0
176
1
 90
50
176
1
 62
256
176
0
 40
1.0
176
0
 90
2
176
1
  1
strokes_ogs.tif
176
1
290
0
176
1
 40
1.0
176
1
 40
1.0
176
1
  0
VISUALSTYLE
  5
64
102
{ACAD_REACTORS
330
16
102
}
330
16
100
AcDbVisualStyle
  2
Gouraud
 70
2
177
3
291
1
 70
58
 90
2
176
1
 90
2
176
1
 90
0
176
1
 90
2
176
1
 40
0.6
176
1
 40
30.0
176
1
 62
7
420
16777215
176
1
 90
1
176
1
 90
4
176
1
 62
7
176
1
 62
257
176
1
 90
1
176
1
 90
1
176
1
 40
1.0
176
1
 90
8
176
1
 62
7
176
1
 40
1.0
176
1
 90
1
176
1
 90
6
176
1
 90
2
176
1
 62
7
176
1
 90
5
176
1
 90
0
176
1
 90
0
176
1
290
0
176
1
 90
1
176
1
 40
0.0
176
1
 90
0
176
1
290
0
176
1
290
1
176
1
290
1
176
1
290
0
176
1
290
0
176
1
290
0
176
1
290
0
176
1
290
0
176
1
290
0
176
1
 90
50
176
1
 40
0.0
176
1
 40
1.0
176
1
 90
0
176
1
 62
18
420
0
176
1
 90
50
176
1
 90
3
176
1
 62
5
420
255
176
1
290
0
176
1
 90
50
176
1
 90
50
176
1
 90
50
176
1
290
0
176
1
 90
50
176
1
 62
256
176
0
 40
1.0
176
0
 90
2
176
1
  1
strokes_ogs.tif
176
1
290
0
176
1
 40
1.0
176
1
 40
1.0
176
1
  0
VISUALSTYLE
  5
65
102
{ACAD_REACTORS
330
16
102
}
330
16
100
AcDbVisualStyle
  2
GouraudWithEdges
 70
3
177
3
291
1
 70
58
 90
2
176
1
 90
2
176
1
 90
0
176
1
 90
2
176
1
 40
0.6
176
1
 40
30.0
176
1
 62
7
420
16777215
176
1
 90
1
176
1
 90
4
176
1
 62
7
176
1
 62
257
176
1
 90
1
176
1
 90
1
176
1
 40
1.0
176
1
 90
8
176
1
 62
7
176
1
 40
1.0
176
1
 90
1
176
1
 90
6
176
1
 90
2
176
1
 62
7
176
1
 90
5
176
1
 90
0
176
1
 90
0
176
1
290
0
176
1
 90
1
176
1
 40
0.0
176
1
 90
0
176
1
290
0
176
1
290
1
176
1
290
1
176
1
290
0
176
1
290
0
176
1
290
0
176
1
290
0
176
1
290
0
176
1
290
0
176
1
 90
50
176
1
 40
0.0
176
1
 40
1.0
176
1
 90
0
176
1
 62
18
420
0
176
1
 90
50
176
1
 90
3
176
1
 62
5
420
255
176
1
290
0
176
1
 90
50
176
1
 90
50
176
1
 90
50
176
1
290
0
176
1
 90
50
176
1
 62
256
176
0
 40
1.0
176
0
 90
2
176
1
  1
strokes_ogs.tif
176
1
290
0
176
1
 40
1.0
176
1
 40
1.0
176
1
  0
VISUALSTYLE
  5
66
102
{ACAD_REACTORS
330
16
102
}
330
16
100
AcDbVisualStyle
  2
Hidden
 70
6
177
3
291
0
 70
58
 90
2
176
1
 90
2
176
1
 90
0
176
1
 90
1
176
1
 40
0.6
176
1
 40
30.0
176
1
 62
7
420
16777215
176
1
 90
1
176
1
 90
4
176
1
 62
7
176
1
 62
257
176
1
 90
1
176
1
 90
1
176
1
 40
1.0
176
1
 90
8
176
1
 62
7
176
1
 40
1.0
176
1
 90
1
176
1
 90
6
176
1
 90
2
176
1
 62
7
176
1
 90
5
176
1
 90
0
176
1
 90
0
176
1
290
0
176
1
 90
1
176
1
 40
0.0
176
1
 90
0
176
1
290
0
176
1
290
1
176
1
290
1
176
1
290
0
176
1
290
0
176
1
290
0
176
1
290
0
176
1
290
0
176
1
290
0
176
1
 90
50
176
1
 40
0.0
176
1
 40
1.0
176
1
 90
0
176
1
 62
18
420
0
176
1
 90
50
176
1
 90
3
176
1
 62
5
420
255
176
1
290
0
176
1
 90
50
176
1
 90
50
176
1
 90
50
176
1
290
0
176
1
 90
50
176
1
 62
256
176
0
 40
1.0
176
0
 90
2
176
1
  1
strokes_ogs.tif
176
1
290
0
176
1
 40
1.0
176
1
 40
1.0
176
1
  0
VISUALSTYLE
  5
67
102
{ACAD_REACTORS
330
16
102
}
330
16
100
AcDbVisualStyle
  2
JitterOff
 70
20
177
3
291
1
 70
58
 90
2
176
1
 90
2
176
1
 90
0
176
1
 90
2
176
1
 40
0.6
176
1
 40
30.0
176
1
 62
7
420
16777215
176
1
 90
1
176
1
 90
4
176
1
 62
7
176
1
 62
257
176
1
 90
1
176
1
 90
1
176
1
 40
1.0
176
1
 90
8
176
1
 62
7
176
1
 40
1.0
176
1
 90
1
176
1
 90
6
176
1
 90
2
176
1
 62
7
176
1
 90
5
176
1
 90
0
176
1
 90
0
176
1
290
0
176
1
 90
1
176
1
 40
0.0
176
1
 90
0
176
1
290
0
176
1
290
1
176
1
290
1
176
1
290
0
176
1
290
0
176
1
290
0
176
1
290
0
176
1
290
0
176
1
290
0
176
1
 90
50
176
1
 40
0.0
176
1
 40
1.0
176
1
 90
0
176
1
 62
18
420
0
176
1
 90
50
176
1
 90
3
176
1
 62
5
420
255
176
1
290
0
176
1
 90
50
176
1
 90
50
176
1
 90
50
176
1
290
0
176
1
 90
50
176
1
 62
256
176
0
 40
1.0
176
0
 90
2
176
1
  1
strokes_ogs.tif
176
1
290
0
176
1
 40
1.0
176
1
 40
1.0
176
1
  0
VISUALSTYLE
  5
68
102
{ACAD_REACTORS
330
16
102
}
330
16
100
AcDbVisualStyle
  2
Linepattern
 70
14
177
3
291
1
 70
58
 90
2
176
1
 90
2
176
1
 90
0
176
1
 90
2
176
1
 40
0.6
176
1
 40
30.0
176
1
 62
7
420
16777215
176
1
 90
1
176
1
 90
4
176
1
 62
7
176
1
 62
257
176
1
 90
1
176
1
 90
1
176
1
 40
1.0
176
1
 90
8
176
1
 62
7
176
1
 40
1.0
176
1
 90
1
176
1
 90
6
176
1
 90
2
176
1
 62
7
176
1
 90
5
176
1
 90
0
176
1
 90
0
176
1
290
0
176
1
 90
1
176
1
 40
0.0
176
1
 90
0
176
1
290
0
176
1
290
1
176
1
290
1
176
1
290
0
176
1
290
0
176
1
290
0
176
1
290
0
176
1
290
0
176
1
290
0
176
1
 90
50
176
1
 40
0.0
176
1
 40
1.0
176
1
 90
0
176
1
 62
18
420
0
176
1
 90
50
176
1
 90
3
176
1
 62
5
420
255
176
1
290
0
176
1
 90
50
176
1
 90
50
176
1
 90
50
176
1
290
0
176
1
 90
50
176
1
 62
256
176
0
 40
1.0
176
0
 90
2
176
1
  1
strokes_ogs.tif
176
1
290
0
176
1
 40
1.0
176
1
 40
1.0
176
1
  0
VISUALSTYLE
  5
69
102
{ACAD_REACTORS
330
16
102
}
330
16
100
AcDbVisualStyle
  2
Modeling
 70
10
177
3
291
0
 70
58
 90
2
176
1
 90
2
176
1
 90
0
176
1
 90
2
176
1
 40
0.6
176
1
 40
30.0
176
1
 62
7
420
16777215
176
1
 90
1
176
1
 90
4
176
1
 62
7
176
1
 62
257
176
1
 90
1
176
1
 90
1
176
1
 40
1.0
176
1
 90
8
176
1
 62
7
176
1
 40
1.0
176
1
 90
1
176
1
 90
6
176
1
 90
2
176
1
 62
7
176
1
 90
5
176
1
 90
0
176
1
 90
0
176
1
290
0
176
1
 90
1
176
1
 40
0.0
176
1
 90
0
176
1
290
0
176
1
290
1
176
1
290
1
176
1
290
0
176
1
290
0
176
1
290
0
176
1
290
0
176
1
290
0
176
1
290
0
176
1
 90
50
176
1
 40
0.0
176
1
 40
1.0
176
1
 90
0
176
1
 62
18
420
0
176
1
 90
50
176
1
 90
3
176
1
 62
5
420
255
176
1
290
0
176
1
 90
50
176
1
 90
50
176
1
 90
50
176
1
290
0
176
1
 90
50
176
1
 62
256
176
0
 40
1.0
176
0
 90
2
176
1
  1
strokes_ogs.tif
176
1
290
0
176
1
 40
1.0
176
1
 40
1.0
176
1
  0
VISUALSTYLE
  5
6A
102
{ACAD_REACTORS
330
16
102
}
330
16
100
AcDbVisualStyle
  2
OverhangOff
 70
21
177
3
291
1
 70
58
 90
2
176
1
 90
2
176
1
 90
0
176
1
 90
2
176
1
 40
0.6
176
1
 40
30.0
176
1
 62
7
420
16777215
176
1
 90
1
176
1
 90
4
176
1
 62
7
176
1
 62
257
176
1
 90
1
176
1
 90
1
176
1
 40
1.0
176
1
 90
8
176
1
 62
7
176
1
 40
1.0
176
1
 90
1
176
1
 90
6
176
1
 90
2
176
1
 62
7
176
1
 90
5
176
1
 90
0
176
1
 90
0
176
1
290
0
176
1
 90
1
176
1
 40
0.0
176
1
 90
0
176
1
290
0
176
1
290
1
176
1
290
1
176
1
290
0
176
1
290
0
176
1
290
0
176
1
290
0
176
1
290
0
176
1
290
0
176
1
 90
50
176
1
 40
0.0
176
1
 40
1.0
176
1
 90
0
176
1
 62
18
420
0
176
1
 90
50
176
1
 90
3
176
1
 62
5
420
255
176
1
290
0
176
1
 90
50
176
1
 90
50
176
1
 90
50
176
1
290
0
176
1
 90
50
176
1
 62
256
176
0
 40
1.0
176
0
 90
2
176
1
  1
strokes_ogs.tif
176
1
290
0
176
1
 40
1.0
176
1
 40
1.0
176
1
  0
VISUALSTYLE
  5
6B
102
{ACAD_REACTORS
330
16
102
}
330
16
100
AcDbVisualStyle
  2
Realistic
 70
8
177
3
291
0
 70
58
 90
2
176
1
 90
2
176
1
 90
0
176
1
 90
2
176
1
 40
0.6
176
1
 40
30.0
176
1
 62
7
420
16777215
176
1
 90
1
176
1
 90
4
176
1
 62
7
176
1
 62
257
176
1
 90
1
176
1
 90
1
176
1
 40
1.0
176
1
 90
8
176
1
 62
7
176
1
 40
1.0
176
1
 90
1
176
1
 90
6
176
1
 90
2
176
1
 62
7
176
1
 90
5
176
1
 90
0
176
1
 90
0
176
1
290
0
176
1
 90
1
176
1
 40
0.0
176
1
 90
0
176
1
290
0
176
1
290
1
176
1
290
1
176
1
290
0
176
1
290
0
176
1
290
0
176
1
290
0
176
1
290
0
176
1
290
0
176
1
 90
50
176
1
 40
0.0
176
1
 40
1.0
176
1
 90
0
176
1
 62
18
420
0
176
1
 90
50
176
1
 90
3
176
1
 62
5
420
255
176
1
290
0
176
1
 90
50
176
1
 90
50
176
1
 90
50
176
1
290
0
176
1
 90
50
176
1
 62
256
176
0
 40
1.0
176
0
 90
2
176
1
  1
strokes_ogs.tif
176
1
290
0
176
1
 40
1.0
176
1
 40
1.0
176
1
  0
VISUALSTYLE
  5
6C
102
{ACAD_REACTORS
330
16
102
}
330
16
100
AcDbVisualStyle
  2
Shaded
 70
27
177
3
291
0
 70
58
 90
2
176
1
 90
2
176
1
 90
0
176
1
 90
2
176
1
 40
0.6
176
1
 40
30.0
176
1
 62
7
420
16777215
176
1
 90
1
176
1
 90
4
176
1
 62
7
176
1
 62
257
176
1
 90
1
176
1
 90
1
176
1
 40
1.0
176
1
 90
8
176
1
 62
7
176
1
 40
1.0
176
1
 90
1
176
1
 90
6
176
1
 90
2
176
1
 62
7
176
1
 90
5
176
1
 90
0
176
1
 90
0
176
1
290
0
176
1
 90
1
176
1
 40
0.0
176
1
 90
0
176
1
290
0
176
1
290
1
176
1
290
1
176
1
290
0
176
1
290
0
176
1
290
0
176
1
290
0
176
1
290
0
176
1
290
0
176
1
 90
50
176
1
 40
0.0
176
1
 40
1.0
176
1
 90
0
176
1
 62
18
420
0
176
1
 90
50
176
1
 90
3
176
1
 62
5
420
255
176
1
290
0
176
1
 90
50
176
1
 90
50
176
1
 90
50
176
1
290
0
176
1
 90
50
176
1
 62
256
176
0
 40
1.0
176
0
 90
2
176
1
  1
strokes_ogs.tif
176
1
290
0
176
1
 40
1.0
176
1
 40
1.0
176
1
  0
VISUALSTYLE
  5
6D
102
{ACAD_REACTORS
330
16
102
}
330
16
100
AcDbVisualStyle
  2
Shaded with edges
 70
26
177
3
291
0
 70
58
 90
2
176
1
 90
2
176
1
 90
0
176
1
 90
2
176
1
 40
0.6
176
1
 40
30.0
176
1
 62
7
420
16777215
176
1
 90
1
176
1
 90
4
176
1
 62
7
176
1
 62
257
176
1
 90
1
176
1
 90
1
176
1
 40
1.0
176
1
 90
8
176
1
 62
7
176
1
 40
1.0
176
1
 90
1
176
1
 90
6
176
1
 90
2
176
1
 62
7
176
1
 90
5
176
1
 90
0
176
1
 90
0
176
1
290
0
176
1
 90
1
176
1
 40
0.0
176
1
 90
0
176
1
290
0
176
1
290
1
176
1
290
1
176
1
290
0
176
1
290
0
176
1
290
0
176
1
290
0
176
1
290
0
176
1
290
0
176
1
 90
50
176
1
 40
0.0
176
1
 40
1.0
176
1
 90
0
176
1
 62
18
420
0
176
1
 90
50
176
1
 90
3
176
1
 62
5
420
255
176
1
290
0
176
1
 90
50
176
1
 90
50
176
1
 90
50
176
1
290
0
176
1
 90
50
176
1
 62
256
176
0
 40
1.0
176
0
 90
2
176
1
  1
strokes_ogs.tif
176
1
290
0
176
1
 40
1.0
176
1
 40
1.0
176
1
  0
VISUALSTYLE
  5
6E
102
{ACAD_REACTORS
330
16
102
}
330
16
100
AcDbVisualStyle
  2
Shades of Gray
 70
23
177
3
291
0
 70
58
 90
2
176
1
 90
2
176
1
 90
0
176
1
 90
2
176
1
 40
0.6
176
1
 40
30.0
176
1
 62
7
420
16777215
176
1
 90
1
176
1
 90
4
176
1
 62
7
176
1
 62
257
176
1
 90
1
176
1
 90
1
176
1
 40
1.0
176
1
 90
8
176
1
 62
7
176
1
 40
1.0
176
1
 90
1
176
1
 90
6
176
1
 90
2
176
1
 62
7
176
1
 90
5
176
1
 90
0
176
1
 90
0
176
1
290
0
176
1
 90
1
176
1
 40
0.0
176
1
 90
0
176
1
290
0
176
1
290
1
176
1
290
1
176
1
290
0
176
1
290
0
176
1
290
0
176
1
290
0
176
1
290
0
176
1
290
0
176
1
 90
50
176
1
 40
0.0
176
1
 40
1.0
176
1
 90
0
176
1
 62
18
420
0
176
1
 90
50
176
1
 90
3
176
1
 62
5
420
255
176
1
290
0
176
1
 90
50
176
1
 90
50
176
1
 90
50
176
1
290
0
176
1
 90
50
176
1
 62
256
176
0
 40
1.0
176
0
 90
2
176
1
  1
strokes_ogs.tif
176
1
290
0
176
1
 40
1.0
176
1
 40
1.0
176
1
  0
VISUALSTYLE
  5
6F
102
{ACAD_REACTORS
330
16
102
}
330
16
100
AcDbVisualStyle
  2
Sketchy
 70
24
177
3
291
0
 70
58
 90
2
176
1
 90
2
176
1
 90
0
176
1
 90
1
176
1
 40
0.6
176
1
 40
30.0
176
1
 62
7
420
16777215
176
1
 90
1
176
1
 90
4
176
1
 62
7
176
1
 62
257
176
1
 90
1
176
1
 90
1
176
1
 40
1.0
176
1
 90
8
176
1
 62
7
176
1
 40
1.0
176
1
 90
1
176
1
 90
6
176
1
 90
2
176
1
 62
7
176
1
 90
5
176
1
 90
0
176
1
 90
0
176
1
290
0
176
1
 90
1
176
1
 40
0.0
176
1
 90
0
176
1
290
0
176
1
290
1
176
1
290
1
176
1
290
0
176
1
290
0
176
1
290
0
176
1
290
0
176
1
290
0
176
1
290
0
176
1
 90
50
176
1
 40
0.0
176
1
 40
1.0
176
1
 90
0
176
1
 62
18
420
0
176
1
 90
50
176
1
 90
3
176
1
 62
5
420
255
176
1
290
0
176
1
 90
50
176
1
 90
50
176
1
 90
50
176
1
290
0
176
1
 90
50
176
1
 62
256
176
0
 40
1.0
176
0
 90
2
176
1
  1
strokes_ogs.tif
176
1
290
0
176
1
 40
1.0
176
1
 40
1.0
176
1
  0
VISUALSTYLE
  5
70
102
{ACAD_REACTORS
330
16
102
}
330
16
100
AcDbVisualStyle
  2
Thicken
 70
13
177
3
291
1
 70
58
 90
2
176
1
 90
2
176
1
 90
0
176
1
 90
2
176
1
 40
0.6
176
1
 40
30.0
176
1
 62
7
420
16777215
176
1
 90
1
176
1
 90
4
176
1
 62
7
176
1
 62
257
176
1
 90
1
176
1
 90
1
176
1
 40
1.0
176
1
 90
8
176
1
 62
7
176
1
 40
1.0
176
1
 90
1
176
1
 90
6
176
1
 90
2
176
1
 62
7
176
1
 90
5
176
1
 90
0
176
1
 90
0
176
1
290
0
176
1
 90
1
176
1
 40
0.0
176
1
 90
0
176
1
290
0
176
1
290
1
176
1
290
1
176
1
290
0
176
1
290
0
176
1
290
0
176
1
290
0
176
1
290
0
176
1
290
0
176
1
 90
50
176
1
 40
0.0
176
1
 40
1.0
176
1
 90
0
176
1
 62
18
420
0
176
1
 90
50
176
1
 90
3
176
1
 62
5
420
255
176
1
290
0
176
1
 90
50
176
1
 90
50
176
1
 90
50
176
1
290
0
176
1
 90
50
176
1
 62
256
176
0
 40
1.0
176
0
 90
2
176
1
  1
strokes_ogs.tif
176
1
290
0
176
1
 40
1.0
176
1
 40
1.0
176
1
  0
VISUALSTYLE
  5
71
102
{ACAD_REACTORS
330
16
102
}
330
16
100
AcDbVisualStyle
  2
Wireframe
 70
5
177
3
291
0
 70
58
 90
2
176
1
 90
2
176
1
 90
0
176
1
 90
0
176
1
 40
0.6
176
1
 40
30.0
176
1
 62
7
420
16777215
176
1
 90
1
176
1
 90
4
176
1
 62
7
176
1
 62
257
176
1
 90
1
176
1
 90
1
176
1
 40
1.0
176
1
 90
8
176
1
 62
7
176
1
 40
1.0
176
1
 90
1
176
1
 90
6
176
1
 90
2
176
1
 62
7
176
1
 90
5
176
1
 90
0
176
1
 90
0
176
1
290
0
176
1
 90
1
176
1
 40
0.0
176
1
 90
0
176
1
290
0
176
1
290
1
176
1
290
1
176
1
290
0
176
1
290
0
176
1
290
0
176
1
290
0
176
1
290
0
176
1
290
0
176
1
 90
50
176
1
 40
0.0
176
1
 40
1.0
176
1
 90
0
176
1
 62
18
420
0
176
1
 90
50
176
1
 90
3
176
1
 62
5
420
255
176
1
290
0
176
1
 90
50
176
1
 90
50
176
1
 90
50
176
1
290
0
176
1
 90
50
176
1
 62
256
176
0
 40
1.0
176
0
 90
2
176
1
  1
strokes_ogs.tif
176
1
290
0
176
1
 40
1.0
176
1
 40
1.0
176
1
  0
VISUALSTYLE
  5
72
102
{ACAD_REACTORS
330
16
102
}
330
16
100
AcDbVisualStyle
  2
X-Ray
 70
25
177
3
291
0
 70
58
 90
2
176
1
 90
2
176
1
 90
0
176
1
 90
2
176
1
 40
0.5
176
1
 40
30.0
176
1
 62
7
420
16777215
176
1
 90
1
176
1
 90
4
176
1
 62
7
176
1
 62
257
176
1
 90
1
176
1
 90
1
176
1
 40
1.0
176
1
 90
8
176
1
 62
7
176
1
 40
1.0
176
1
 90
1
176
1
 90
6
176
1
 90
2
176
1
 62
7
176
1
 90
5
176
1
 90
0
176
1
 90
0
176
1
290
0
176
1
 90
1
176
1
 40
0.0
176
1
 90
0
176
1
290
0
176
1
290
1
176
1
290
1
176
1
290
0
176
1
290
0
176
1
290
0
176
1
290
0
176
1
290
0
176
1
290
0
176
1
 90
50
176
1
 40
0.0
176
1
 40
1.0
176
1
 90
0
176
1
 62
18
420
0
176
1
 90
50
176
1
 90
3
176
1
 62
5
420
255
176
1
290
0
176
1
 90
50
176
1
 90
50
176
1
 90
50
176
1
290
0
176
1
 90
50
176
1
 62
256
176
0
 40
1.0
176
0
 90
2
176
1
  1
strokes_ogs.tif
176
1
290
0
176
1
 40
1.0
176
1
 40
1.0
176
1
  0
LAYOUT
  5
4A0
330
D
100
AcDbPlotSettings
  1

  2
DWG to PDF.pc3
  4
ezdxf_(841.00_x_594.00_MM)
  6

 40
0.0
 41
0.0
 42
0.0
 43
0.0
 44
841.0
 45
594.0
 46
0.0
 47
0.0
 48
0.0
 49
0.0
140
0.0
141
0.0
142
1.0
143
1.0
 70
672
 72
1
 73
0
 74
5
  7

 75
16
 76
0
 77
2
 78
300
147
1.0
148
0.0
149
0.0
100
AcDbLayout
  1
S02-AGUAS-RESIDUALES
 70
1
 71
3
 10
-0.0
 20
-0.0
 11
841.0
 21
594.0
 12
0.0
 22
0.0
 32
0.0
 14
1e+20
 24
1e+20
 34
1e+20
 15
-1e+20
 25
-1e+20
 35
-1e+20
146
0.0
 13
0.0
 23
0.0
 33
0.0
 16
1.0
 26
0.0
 36
0.0
 17
0.0
 27
1.0
 37
0.0
 76
1
330
49D
331
4A1
  0
DICTIONARYVAR
  5
6ED
330
2D
100
DictionaryVariables
280
0
  1
1.4.4 @ 2026-10-07T00:25:08.105161+00:00
  0
ENDSEC
  0
EOF
