  0
SECTION
  2
HEADER
  9
$ACADVER
  1
AC1032
  9
$ACADMAINTVER
 90
4
  9
$DWGCODEPAGE
  3
ANSI_1252
  9
$LASTSAVEDBY
  1
ezdxf
  9
$REQUIREDVERSIONS
160
0
  9
$INSBASE
 10
0.0
 20
0.0
 30
0.0
  9
$EXTMIN
 10
1e+20
 20
1e+20
 30
1e+20
  9
$EXTMAX
 10
-1e+20
 20
-1e+20
 30
-1e+20
  9
$LIMMIN
 10
0.0
 20
0.0
  9
$LIMMAX
 10
420.0
 20
297.0
  9
$ORTHOMODE
 70
0
  9
$REGENMODE
 70
1
  9
$FILLMODE
 70
1
  9
$QTEXTMODE
 70
0
  9
$MIRRTEXT
 70
1
  9
$LTSCALE
 40
1.0
  9
$ATTMODE
 70
1
  9
$TEXTSIZE
 40
2.5
  9
$TRACEWID
 40
1.0
  9
$TEXTSTYLE
  7
OpenSans
  9
$CLAYER
  8
0
  9
$CELTYPE
  6
ByLayer
  9
$CECOLOR
 62
256
  9
$CELTSCALE
 40
1.0
  9
$DISPSILH
 70
0
  9
$DIMSCALE
 40
1.0
  9
$DIMASZ
 40
0.175
  9
$DIMEXO
 40
0.125
  9
$DIMDLI
 40
3.75
  9
$DIMRND
 40
0.0
  9
$DIMDLE
 40
0.0
  9
$DIMEXE
 40
0.375
  9
$DIMTP
 40
0.0
  9
$DIMTM
 40
0.0
  9
$DIMTXT
 40
0.25
  9
$DIMCEN
 40
2.5
  9
$DIMTSZ
 40
0.0
  9
$DIMTOL
 70
0
  9
$DIMLIM
 70
0
  9
$DIMTIH
 70
0
  9
$DIMTOH
 70
0
  9
$DIMSE1
 70
0
  9
$DIMSE2
 70
0
  9
$DIMTAD
 70
1
  9
$DIMZIN
 70
12
  9
$DIMBLK
  1
ARCHTICK
  9
$DIMASO
 70
1
  9
$DIMSHO
 70
1
  9
$DIMPOST
  1

  9
$DIMAPOST
  1

  9
$DIMALT
 70
0
  9
$DIMALTD
 70
3
  9
$DIMALTF
 40
0.03937007874
  9
$DIMLFAC
 40
100.0
  9
$DIMTOFL
 70
1
  9
$DIMTVP
 40
0.0
  9
$DIMTIX
 70
0
  9
$DIMSOXD
 70
0
  9
$DIMSAH
 70
0
  9
$DIMBLK1
  1

  9
$DIMBLK2
  1

  9
$DIMSTYLE
  2
EZDXF
  9
$DIMCLRD
 70
0
  9
$DIMCLRE
 70
0
  9
$DIMCLRT
 70
0
  9
$DIMTFAC
 40
0.5
  9
$DIMGAP
 40
0.1
  9
$DIMJUST
 70
0
  9
$DIMSD1
 70
0
  9
$DIMSD2
 70
0
  9
$DIMTOLJ
 70
0
  9
$DIMTZIN
 70
8
  9
$DIMALTZ
 70
0
  9
$DIMALTTZ
 70
0
  9
$DIMUPT
 70
1
  9
$DIMDEC
 70
2
  9
$DIMTDEC
 70
2
  9
$DIMALTU
 70
2
  9
$DIMALTTD
 70
3
  9
$DIMTXSTY
  7
OpenSansCondensed-Light
  9
$DIMAUNIT
 70
0
  9
$DIMADEC
 70
2
  9
$DIMALTRND
 40
0.0
  9
$DIMAZIN
 70
3
  9
$DIMDSEP
 70
46
  9
$DIMATFIT
 70
3
  9
$DIMFRAC
 70
0
  9
$DIMLDRBLK
  1

  9
$DIMLUNIT
 70
2
  9
$DIMLWD
 70
-2
  9
$DIMLWE
 70
-2
  9
$DIMTMOVE
 70
2
  9
$DIMFXL
 40
1.0
  9
$DIMFXLON
 70
0
  9
$DIMJOGANG
 40
0.785398163397
  9
$DIMTFILL
 70
0
  9
$DIMTFILLCLR
 70
0
  9
$DIMARCSYM
 70
0
  9
$DIMLTYPE
  6

  9
$DIMLTEX1
  6

  9
$DIMLTEX2
  6

  9
$DIMTXTDIRECTION
 70
0
  9
$LUNITS
 70
2
  9
$LUPREC
 70
2
  9
$SKETCHINC
 40
1.0
  9
$FILLETRAD
 40
10.0
  9
$AUNITS
 70
1
  9
$AUPREC
 70
2
  9
$MENU
  1
.
  9
$ELEVATION
 40
0.0
  9
$PELEVATION
 40
0.0
  9
$THICKNESS
 40
0.0
  9
$LIMCHECK
 70
0
  9
$CHAMFERA
 40
0.0
  9
$CHAMFERB
 40
0.0
  9
$CHAMFERC
 40
0.0
  9
$CHAMFERD
 40
0.0
  9
$SKPOLY
 70
0
  9
$TDCREATE
 40
2461321.1048842594
  9
$TDUCREATE
 40
2458532.153996898
  9
$TDUPDATE
 40
2461321.1048842594
  9
$TDUUPDATE
 40
2458532.1544311
  9
$TDINDWG
 40
0.0
  9
$TDUSRTIMER
 40
0.0
  9
$USRTIMER
 70
1
  9
$ANGBASE
 50
0.0
  9
$ANGDIR
 70
0
  9
$PDMODE
 70
0
  9
$PDSIZE
 40
0.0
  9
$PLINEWID
 40
0.0
  9
$SPLFRAME
 70
0
  9
$SPLINETYPE
 70
6
  9
$SPLINESEGS
 70
8
  9
$HANDSEED
  5
558
  9
$SURFTAB1
 70
6
  9
$SURFTAB2
 70
6
  9
$SURFTYPE
 70
6
  9
$SURFU
 70
6
  9
$SURFV
 70
6
  9
$UCSBASE
  2

  9
$UCSNAME
  2

  9
$UCSORG
 10
0.0
 20
0.0
 30
0.0
  9
$UCSXDIR
 10
1.0
 20
0.0
 30
0.0
  9
$UCSYDIR
 10
0.0
 20
1.0
 30
0.0
  9
$UCSORTHOREF
  2

  9
$UCSORTHOVIEW
 70
0
  9
$UCSORGTOP
 10
0.0
 20
0.0
 30
0.0
  9
$UCSORGBOTTOM
 10
0.0
 20
0.0
 30
0.0
  9
$UCSORGLEFT
 10
0.0
 20
0.0
 30
0.0
  9
$UCSORGRIGHT
 10
0.0
 20
0.0
 30
0.0
  9
$UCSORGFRONT
 10
0.0
 20
0.0
 30
0.0
  9
$UCSORGBACK
 10
0.0
 20
0.0
 30
0.0
  9
$PUCSBASE
  2

  9
$PUCSNAME
  2

  9
$PUCSORG
 10
0.0
 20
0.0
 30
0.0
  9
$PUCSXDIR
 10
1.0
 20
0.0
 30
0.0
  9
$PUCSYDIR
 10
0.0
 20
1.0
 30
0.0
  9
$PUCSORTHOREF
  2

  9
$PUCSORTHOVIEW
 70
0
  9
$PUCSORGTOP
 10
0.0
 20
0.0
 30
0.0
  9
$PUCSORGBOTTOM
 10
0.0
 20
0.0
 30
0.0
  9
$PUCSORGLEFT
 10
0.0
 20
0.0
 30
0.0
  9
$PUCSORGRIGHT
 10
0.0
 20
0.0
 30
0.0
  9
$PUCSORGFRONT
 10
0.0
 20
0.0
 30
0.0
  9
$PUCSORGBACK
 10
0.0
 20
0.0
 30
0.0
  9
$USERI1
 70
0
  9
$USERI2
 70
0
  9
$USERI3
 70
0
  9
$USERI4
 70
0
  9
$USERI5
 70
0
  9
$USERR1
 40
0.0
  9
$USERR2
 40
0.0
  9
$USERR3
 40
0.0
  9
$USERR4
 40
0.0
  9
$USERR5
 40
0.0
  9
$WORLDVIEW
 70
1
  9
$SHADEDGE
 70
3
  9
$SHADEDIF
 70
70
  9
$TILEMODE
 70
1
  9
$MAXACTVP
 70
64
  9
$PINSBASE
 10
0.0
 20
0.0
 30
0.0
  9
$PLIMCHECK
 70
0
  9
$PEXTMIN
 10
1e+20
 20
1e+20
 30
1e+20
  9
$PEXTMAX
 10
-1e+20
 20
-1e+20
 30
-1e+20
  9
$PLIMMIN
 10
-0.0
 20
-0.0
  9
$PLIMMAX
 10
841.0
 20
594.0
  9
$UNITMODE
 70
0
  9
$VISRETAIN
 70
1
  9
$PLINEGEN
 70
0
  9
$PSLTSCALE
 70
1
  9
$TREEDEPTH
 70
3020
  9
$CMLSTYLE
  2
Standard
  9
$CMLJUST
 70
0
  9
$CMLSCALE
 40
20.0
  9
$PROXYGRAPHICS
 70
1
  9
$MEASUREMENT
 70
1
  9
$CELWEIGHT
370
-1
  9
$ENDCAPS
280
0
  9
$JOINSTYLE
280
0
  9
$LWDISPLAY
290
1
  9
$INSUNITS
 70
6
  9
$HYPERLINKBASE
  1

  9
$STYLESHEET
  1

  9
$XEDIT
290
1
  9
$CEPSNTYPE
380
0
  9
$PSTYLEMODE
290
1
  9
$FINGERPRINTGUID
  2
{18720869-0332-46F2-B590-0D54114FB6EC}
  9
$VERSIONGUID
  2
{6EBD1698-2945-49D5-BEE5-07E3321F8699}
  9
$EXTNAMES
290
1
  9
$PSVPSCALE
 40
0.0
  9
$OLESTARTUP
290
0
  9
$SORTENTS
280
127
  9
$INDEXCTL
280
0
  9
$HIDETEXT
280
1
  9
$XCLIPFRAME
280
1
  9
$HALOGAP
280
0
  9
$OBSCOLOR
 70
257
  9
$OBSLTYPE
280
0
  9
$INTERSECTIONDISPLAY
280
0
  9
$INTERSECTIONCOLOR
 70
257
  9
$DIMASSOC
280
2
  9
$PROJECTNAME
  1

  9
$CAMERADISPLAY
290
0
  9
$LENSLENGTH
 40
50.0
  9
$CAMERAHEIGHT
 40
0.0
  9
$STEPSPERSEC
 40
24.0
  9
$STEPSIZE
 40
100.0
  9
$3DDWFPREC
 40
2.0
  9
$PSOLWIDTH
 40
0.005
  9
$PSOLHEIGHT
 40
0.08
  9
$LOFTANG1
 40
1.570796326795
  9
$LOFTANG2
 40
1.570796326795
  9
$LOFTMAG1
 40
0.0
  9
$LOFTMAG2
 40
0.0
  9
$LOFTPARAM
 70
7
  9
$LOFTNORMALS
280
1
  9
$LATITUDE
 40
37.795
  9
$LONGITUDE
 40
-122.394
  9
$NORTHDIRECTION
 40
0.0
  9
$TIMEZONE
 70
-8000
  9
$LIGHTGLYPHDISPLAY
280
1
  9
$TILEMODELIGHTSYNCH
280
1
  9
$CMATERIAL
347
20
  9
$SOLIDHIST
280
0
  9
$SHOWHIST
280
1
  9
$DWFFRAME
280
2
  9
$DGNFRAME
280
2
  9
$REALWORLDSCALE
290
1
  9
$INTERFERECOLOR
 62
256
  9
$CSHADOW
280
0
  9
$SHADOWPLANELOCATION
 40
0.0
  0
ENDSEC
  0
SECTION
  2
CLASSES
  0
CLASS
  1
ACDBDICTIONARYWDFLT
  2
AcDbDictionaryWithDefault
  3
ObjectDBX Classes
 90
0
 91
0
280
0
281
0
  0
CLASS
  1
SUN
  2
AcDbSun
  3
SCENEOE
 90
1153
 91
0
280
0
281
0
  0
CLASS
  1
VISUALSTYLE
  2
AcDbVisualStyle
  3
ObjectDBX Classes
 90
4095
 91
0
280
0
281
0
  0
CLASS
  1
MATERIAL
  2
AcDbMaterial
  3
ObjectDBX Classes
 90
1153
 91
0
280
0
281
0
  0
CLASS
  1
SCALE
  2
AcDbScale
  3
ObjectDBX Classes
 90
1153
 91
0
280
0
281
0
  0
CLASS
  1
TABLESTYLE
  2
AcDbTableStyle
  3
ObjectDBX Classes
 90
4095
 91
0
280
0
281
0
  0
CLASS
  1
MLEADERSTYLE
  2
AcDbMLeaderStyle
  3
ACDB_MLEADERSTYLE_CLASS
 90
4095
 91
0
280
0
281
0
  0
CLASS
  1
DICTIONARYVAR
  2
AcDbDictionaryVar
  3
ObjectDBX Classes
 90
0
 91
0
280
0
281
0
  0
CLASS
  1
CELLSTYLEMAP
  2
AcDbCellStyleMap
  3
ObjectDBX Classes
 90
1152
 91
0
280
0
281
0
  0
CLASS
  1
MENTALRAYRENDERSETTINGS
  2
AcDbMentalRayRenderSettings
  3
SCENEOE
 90
1024
 91
0
280
0
281
0
  0
CLASS
  1
ACDBDETAILVIEWSTYLE
  2
AcDbDetailViewStyle
  3
ObjectDBX Classes
 90
1025
 91
0
280
0
281
0
  0
CLASS
  1
ACDBSECTIONVIEWSTYLE
  2
AcDbSectionViewStyle
  3
ObjectDBX Classes
 90
1025
 91
0
280
0
281
0
  0
CLASS
  1
RASTERVARIABLES
  2
AcDbRasterVariables
  3
ISM
 90
0
 91
0
280
0
281
0
  0
CLASS
  1
ACDBPLACEHOLDER
  2
AcDbPlaceHolder
  3
ObjectDBX Classes
 90
0
 91
0
280
0
281
0
  0
CLASS
  1
LAYOUT
  2
AcDbLayout
  3
ObjectDBX Classes
 90
0
 91
0
280
0
281
0
  0
ENDSEC
  0
SECTION
  2
TABLES
  0
TABLE
  2
VPORT
  5
8
330
0
100
AcDbSymbolTable
 70
1
  0
VPORT
  5
23
330
8
100
AcDbSymbolTableRecord
100
AcDbViewportTableRecord
  2
*Active
 70
0
 10
0.0
 20
0.0
 11
1.0
 21
1.0
 12
0.0
 22
0.0
 13
0.0
 23
0.0
 14
0.5
 24
0.5
 15
0.5
 25
0.5
 16
0.0
 26
0.0
 36
1.0
 17
0.0
 27
0.0
 37
0.0
 40
1000.0
 41
1.34
 42
50.0
 43
0.0
 44
0.0
 50
0.0
 51
0.0
 71
0
 72
1000
 73
1
 74
3
 75
0
 76
0
 77
0
 78
0
281
0
 65
0
146
0.0
  0
ENDTAB
  0
TABLE
  2
LTYPE
  5
2
330
0
100
AcDbSymbolTable
 70
21
  0
LTYPE
  5
24
330
2
100
AcDbSymbolTableRecord
100
AcDbLinetypeTableRecord
  2
ByBlock
 70
0
  3

 72
65
 73
0
 40
0.0
  0
LTYPE
  5
25
330
2
100
AcDbSymbolTableRecord
100
AcDbLinetypeTableRecord
  2
ByLayer
 70
0
  3

 72
65
 73
0
 40
0.0
  0
LTYPE
  5
26
330
2
100
AcDbSymbolTableRecord
100
AcDbLinetypeTableRecord
  2
Continuous
 70
0
  3

 72
65
 73
0
 40
0.0
  0
LTYPE
  5
2F
330
2
100
AcDbSymbolTableRecord
100
AcDbLinetypeTableRecord
  2
CENTER
 70
0
  3
Center ____ _ ____ _ ____ _ ____ _ ____ _ ____
 72
65
 73
4
 40
5.08
 49
3.175
 74
0
 49
-0.635
 74
0
 49
0.635
 74
0
 49
-0.635
 74
0
  0
LTYPE
  5
30
330
2
100
AcDbSymbolTableRecord
100
AcDbLinetypeTableRecord
  2
CENTERX2
 70
0
  3
Center (2x) ________  __  ________  __  ________
 72
65
 73
4
 40
8.89
 49
6.35
 74
0
 49
-0.635
 74
0
 49
1.27
 74
0
 49
-0.635
 74
0
  0
LTYPE
  5
31
330
2
100
AcDbSymbolTableRecord
100
AcDbLinetypeTableRecord
  2
CENTER2
 70
0
  3
Center (.5x) ____ _ ____ _ ____ _ ____ _ ____
 72
65
 73
4
 40
2.54
 49
1.587
 74
0
 49
-0.318
 74
0
 49
0.318
 74
0
 49
-0.318
 74
0
  0
LTYPE
  5
32
330
2
100
AcDbSymbolTableRecord
100
AcDbLinetypeTableRecord
  2
DASHED
 70
0
  3
Dashed __ __ __ __ __ __ __ __ __ __ __ __ __ _
 72
65
 73
2
 40
1.524
 49
1.27
 74
0
 49
-0.254
 74
0
  0
LTYPE
  5
33
330
2
100
AcDbSymbolTableRecord
100
AcDbLinetypeTableRecord
  2
DASHEDX2
 70
0
  3
Dashed (2x) ____  ____  ____  ____  ____  ____
 72
65
 73
2
 40
3.048
 49
2.54
 74
0
 49
-0.508
 74
0
  0
LTYPE
  5
34
330
2
100
AcDbSymbolTableRecord
100
AcDbLinetypeTableRecord
  2
DASHED2
 70
0
  3
Dashed (.5x) _ _ _ _ _ _ _ _ _ _ _ _ _ _
 72
65
 73
2
 40
0.762
 49
0.635
 74
0
 49
-0.127
 74
0
  0
LTYPE
  5
35
330
2
100
AcDbSymbolTableRecord
100
AcDbLinetypeTableRecord
  2
PHANTOM
 70
0
  3
Phantom ______  __  __  ______  __  __  ______
 72
65
 73
6
 40
6.35
 49
3.175
 74
0
 49
-0.635
 74
0
 49
0.635
 74
0
 49
-0.635
 74
0
 49
0.635
 74
0
 49
-0.635
 74
0
  0
LTYPE
  5
36
330
2
100
AcDbSymbolTableRecord
100
AcDbLinetypeTableRecord
  2
PHANTOMX2
 70
0
  3
Phantom (2x)____________    ____    ____    ____________
 72
65
 73
6
 40
10.795
 49
6.35
 74
0
 49
-0.635
 74
0
 49
1.27
 74
0
 49
-0.635
 74
0
 49
1.27
 74
0
 49
-0.635
 74
0
  0
LTYPE
  5
37
330
2
100
AcDbSymbolTableRecord
100
AcDbLinetypeTableRecord
  2
PHANTOM2
 70
0
  3
Phantom (.5x) ___ _ _ ___ _ _ ___ _ _ ___ _ _ ___
 72
65
 73
6
 40
3.175
 49
1.587
 74
0
 49
-0.318
 74
0
 49
0.318
 74
0
 49
-0.318
 74
0
 49
0.318
 74
0
 49
-0.318
 74
0
  0
LTYPE
  5
38
330
2
100
AcDbSymbolTableRecord
100
AcDbLinetypeTableRecord
  2
DASHDOT
 70
0
  3
Dash dot __ . __ . __ . __ . __ . __ . __ . __
 72
65
 73
4
 40
3.556
 49
2.54
 74
0
 49
-0.508
 74
0
 49
0.0
 74
0
 49
-0.508
 74
0
  0
LTYPE
  5
39
330
2
100
AcDbSymbolTableRecord
100
AcDbLinetypeTableRecord
  2
DASHDOTX2
 70
0
  3
Dash dot (2x) ____  .  ____  .  ____  .  ____
 72
65
 73
4
 40
6.096
 49
5.08
 74
0
 49
-0.508
 74
0
 49
0.0
 74
0
 49
-0.508
 74
0
  0
LTYPE
  5
3A
330
2
100
AcDbSymbolTableRecord
100
AcDbLinetypeTableRecord
  2
DASHDOT2
 70
0
  3
Dash dot (.5x) _ . _ . _ . _ . _ . _ . _ . _
 72
65
 73
4
 40
1.778
 49
1.27
 74
0
 49
-0.254
 74
0
 49
0.0
 74
0
 49
-0.254
 74
0
  0
LTYPE
  5
3B
330
2
100
AcDbSymbolTableRecord
100
AcDbLinetypeTableRecord
  2
DOT
 70
0
  3
Dot .  .  .  .  .  .  .  .  .  .  .  .  .  .  .  .
 72
65
 73
2
 40
0.508
 49
0.0
 74
0
 49
-0.508
 74
0
  0
LTYPE
  5
3C
330
2
100
AcDbSymbolTableRecord
100
AcDbLinetypeTableRecord
  2
DOTX2
 70
0
  3
Dot (2x) .    .    .    .    .    .    .    . 
 72
65
 73
2
 40
1.016
 49
0.0
 74
0
 49
-1.016
 74
0
  0
LTYPE
  5
3D
330
2
100
AcDbSymbolTableRecord
100
AcDbLinetypeTableRecord
  2
DOT2
 70
0
  3
Dot (.5) . . . . . . . . . . . . . . . . . . . 
 72
65
 73
2
 40
0.254
 49
0.0
 74
0
 49
-0.254
 74
0
  0
LTYPE
  5
3E
330
2
100
AcDbSymbolTableRecord
100
AcDbLinetypeTableRecord
  2
DIVIDE
 70
0
  3
Divide __ . . __ . . __ . . __ . . __ . . __
 72
65
 73
6
 40
4.064
 49
2.54
 74
0
 49
-0.508
 74
0
 49
0.0
 74
0
 49
-0.508
 74
0
 49
0.0
 74
0
 49
-0.508
 74
0
  0
LTYPE
  5
3F
330
2
100
AcDbSymbolTableRecord
100
AcDbLinetypeTableRecord
  2
DIVIDEX2
 70
0
  3
Divide (2x) ____  . .  ____  . .  ____  . .  ____
 72
65
 73
6
 40
6.604
 49
5.08
 74
0
 49
-0.508
 74
0
 49
0.0
 74
0
 49
-0.508
 74
0
 49
0.0
 74
0
 49
-0.508
 74
0
  0
LTYPE
  5
40
330
2
100
AcDbSymbolTableRecord
100
AcDbLinetypeTableRecord
  2
DIVIDE2
 70
0
  3
Divide(.5x) _ . _ . _ . _ . _ . _ . _ . _
 72
65
 73
6
 40
2.032
 49
1.27
 74
0
 49
-0.254
 74
0
 49
0.0
 74
0
 49
-0.254
 74
0
 49
0.0
 74
0
 49
-0.254
 74
0
  0
ENDTAB
  0
TABLE
  2
LAYER
  5
1
330
0
100
AcDbSymbolTable
 70
52
  0
LAYER
  5
27
330
1
100
AcDbSymbolTableRecord
100
AcDbLayerTableRecord
  2
0
 70
0
 62
7
  6
Continuous
370
-3
390
13
347
21
  0
LAYER
  5
28
330
1
100
AcDbSymbolTableRecord
100
AcDbLayerTableRecord
  2
Defpoints
 70
0
 62
7
  6
Continuous
290
0
370
-3
390
13
347
21
  0
LAYER
  5
8B
330
1
100
AcDbSymbolTableRecord
100
AcDbLayerTableRecord
  2
A-MARCO
 70
0
 62
7
  6
Continuous
370
70
390
13
347
21
  0
LAYER
  5
8C
330
1
100
AcDbSymbolTableRecord
100
AcDbLayerTableRecord
  2
A-CAJETIN
 70
0
 62
7
  6
Continuous
370
35
390
13
347
21
  0
LAYER
  5
8D
330
1
100
AcDbSymbolTableRecord
100
AcDbLayerTableRecord
  2
A-CAJETIN-TXT
 70
0
 62
7
  6
Continuous
370
25
390
13
347
21
  0
LAYER
  5
8E
330
1
100
AcDbSymbolTableRecord
100
AcDbLayerTableRecord
  2
A-TITULOS
 70
0
 62
7
  6
Continuous
370
35
390
13
347
21
  0
LAYER
  5
8F
330
1
100
AcDbSymbolTableRecord
100
AcDbLayerTableRecord
  2
A-TEXTO
 70
0
 62
7
  6
Continuous
370
18
390
13
347
21
  0
LAYER
  5
90
330
1
100
AcDbSymbolTableRecord
100
AcDbLayerTableRecord
  2
A-TABLAS
 70
0
 62
7
  6
Continuous
370
25
390
13
347
21
  0
LAYER
  5
91
330
1
100
AcDbSymbolTableRecord
100
AcDbLayerTableRecord
  2
A-NOTAS
 70
0
 62
7
  6
Continuous
370
18
390
13
347
21
  0
LAYER
  5
92
330
1
100
AcDbSymbolTableRecord
100
AcDbLayerTableRecord
  2
A-ESCALA-GRAF
 70
0
 62
7
  6
Continuous
370
18
390
13
347
21
  0
LAYER
  5
93
330
1
100
AcDbSymbolTableRecord
100
AcDbLayerTableRecord
  2
A-NORTE
 70
0
 62
7
  6
Continuous
370
25
390
13
347
21
  0
LAYER
  5
94
330
1
100
AcDbSymbolTableRecord
100
AcDbLayerTableRecord
  2
A-IMAGEN-REF
 70
0
 62
7
  6
Continuous
370
13
390
13
347
21
  0
LAYER
  5
95
330
1
100
AcDbSymbolTableRecord
100
AcDbLayerTableRecord
  2
A-VIEWPORT
 70
0
 62
8
  6
Continuous
290
0
370
13
390
13
347
21
  0
LAYER
  5
96
330
1
100
AcDbSymbolTableRecord
100
AcDbLayerTableRecord
  2
A-PENDIENTE
 70
0
 62
1
  6
Continuous
370
25
390
13
347
21
  0
LAYER
  5
97
330
1
100
AcDbSymbolTableRecord
100
AcDbLayerTableRecord
  2
T-LINDERO
 70
0
 62
8
  6
Continuous
370
50
390
13
347
21
  0
LAYER
  5
98
330
1
100
AcDbSymbolTableRecord
100
AcDbLayerTableRecord
  2
T-VERTICE
 70
0
 62
7
  6
Continuous
370
25
390
13
347
21
  0
LAYER
  5
99
330
1
100
AcDbSymbolTableRecord
100
AcDbLayerTableRecord
  2
T-CALLE
 70
0
 62
8
  6
DASHED
370
18
390
13
347
21
  0
LAYER
  5
9A
330
1
100
AcDbSymbolTableRecord
100
AcDbLayerTableRecord
  2
T-TXT-200
 70
0
 62
7
  6
Continuous
370
18
390
13
347
21
  0
LAYER
  5
9B
330
1
100
AcDbSymbolTableRecord
100
AcDbLayerTableRecord
  2
T-COTA-200
 70
0
 62
7
  6
Continuous
370
18
390
13
347
21
  0
LAYER
  5
9C
330
1
100
AcDbSymbolTableRecord
100
AcDbLayerTableRecord
  2
T-TXT-100
 70
0
 62
7
  6
Continuous
370
18
390
13
347
21
  0
LAYER
  5
9D
330
1
100
AcDbSymbolTableRecord
100
AcDbLayerTableRecord
  2
T-COTA-100
 70
0
 62
7
  6
Continuous
370
18
390
13
347
21
  0
LAYER
  5
9E
330
1
100
AcDbSymbolTableRecord
100
AcDbLayerTableRecord
  2
A-HUELLA
 70
0
 62
7
  6
Continuous
370
35
390
13
347
21
  0
LAYER
  5
9F
330
1
100
AcDbSymbolTableRecord
100
AcDbLayerTableRecord
  2
A-HUELLA-TRAMA
 70
0
 62
8
  6
Continuous
370
9
390
13
347
21
  0
LAYER
  5
A0
330
1
100
AcDbSymbolTableRecord
100
AcDbLayerTableRecord
  2
A-PATIO
 70
0
 62
7
  6
Continuous
370
25
390
13
347
21
  0
LAYER
  5
A1
330
1
100
AcDbSymbolTableRecord
100
AcDbLayerTableRecord
  2
A-RETIRO
 70
0
 62
8
  6
DASHED2
370
18
390
13
347
21
  0
LAYER
  5
A2
330
1
100
AcDbSymbolTableRecord
100
AcDbLayerTableRecord
  2
A-MURO
 70
0
 62
8
  6
Continuous
370
50
390
13
347
21
  0
LAYER
  5
A3
330
1
100
AcDbSymbolTableRecord
100
AcDbLayerTableRecord
  2
A-MURO-TRAMA
 70
0
 62
8
  6
Continuous
370
9
390
13
347
21
  0
LAYER
  5
A4
330
1
100
AcDbSymbolTableRecord
100
AcDbLayerTableRecord
  2
A-PUERTA
 70
0
 62
8
  6
Continuous
370
25
390
13
347
21
  0
LAYER
  5
A5
330
1
100
AcDbSymbolTableRecord
100
AcDbLayerTableRecord
  2
A-VENTANA
 70
0
 62
8
  6
Continuous
370
25
390
13
347
21
  0
LAYER
  5
A6
330
1
100
AcDbSymbolTableRecord
100
AcDbLayerTableRecord
  2
A-ESCALERA
 70
0
 62
8
  6
Continuous
370
25
390
13
347
21
  0
LAYER
  5
A7
330
1
100
AcDbSymbolTableRecord
100
AcDbLayerTableRecord
  2
A-VEHICULO
 70
0
 62
8
  6
Continuous
370
18
390
13
347
21
  0
LAYER
  5
A8
330
1
100
AcDbSymbolTableRecord
100
AcDbLayerTableRecord
  2
A-MOBILIARIO
 70
0
 62
8
  6
Continuous
370
18
390
13
347
21
  0
LAYER
  5
A9
330
1
100
AcDbSymbolTableRecord
100
AcDbLayerTableRecord
  2
A-DEMARCACION
 70
0
 62
8
  6
DASHED
370
18
390
13
347
21
  0
LAYER
  5
AA
330
1
100
AcDbSymbolTableRecord
100
AcDbLayerTableRecord
  2
A-PROYECCION
 70
0
 62
8
  6
DASHED
370
18
390
13
347
21
  0
LAYER
  5
AB
330
1
100
AcDbSymbolTableRecord
100
AcDbLayerTableRecord
  2
A-EJES
 70
0
 62
8
  6
CENTER
370
13
390
13
347
21
  0
LAYER
  5
AC
330
1
100
AcDbSymbolTableRecord
100
AcDbLayerTableRecord
  2
A-EJES-TXT
 70
0
 62
7
  6
Continuous
370
25
390
13
347
21
  0
LAYER
  5
AD
330
1
100
AcDbSymbolTableRecord
100
AcDbLayerTableRecord
  2
A-COTA-50
 70
0
 62
7
  6
Continuous
370
18
390
13
347
21
  0
LAYER
  5
AE
330
1
100
AcDbSymbolTableRecord
100
AcDbLayerTableRecord
  2
A-TXT-50
 70
0
 62
7
  6
Continuous
370
18
390
13
347
21
  0
LAYER
  5
AF
330
1
100
AcDbSymbolTableRecord
100
AcDbLayerTableRecord
  2
A-ESPACIOS
 70
0
 62
7
  6
Continuous
370
25
390
13
347
21
  0
LAYER
  5
B0
330
1
100
AcDbSymbolTableRecord
100
AcDbLayerTableRecord
  2
A-NIVELES
 70
0
 62
7
  6
Continuous
370
18
390
13
347
21
  0
LAYER
  5
B1
330
1
100
AcDbSymbolTableRecord
100
AcDbLayerTableRecord
  2
A-CORTES
 70
0
 62
7
  6
Continuous
370
35
390
13
347
21
  0
LAYER
  5
B2
330
1
100
AcDbSymbolTableRecord
100
AcDbLayerTableRecord
  2
A-JARDIN
 70
0
 62
8
  6
Continuous
370
9
390
13
347
21
  0
LAYER
  5
B3
330
1
100
AcDbSymbolTableRecord
100
AcDbLayerTableRecord
  2
E-COLUMNA
 70
0
 62
8
  6
Continuous
370
35
390
13
347
21
  0
LAYER
  5
B7
330
1
100
AcDbSymbolTableRecord
100
AcDbLayerTableRecord
  2
S-AF
 70
0
 62
5
  6
Continuous
370
35
390
13
347
21
  0
LAYER
  5
B8
330
1
100
AcDbSymbolTableRecord
100
AcDbLayerTableRecord
  2
S-AC
 70
0
 62
1
  6
DASHED
370
35
390
13
347
21
  0
LAYER
  5
B9
330
1
100
AcDbSymbolTableRecord
100
AcDbLayerTableRecord
  2
S-AN
 70
0
 62
3
  6
Continuous
370
35
390
13
347
21
  0
LAYER
  5
BA
330
1
100
AcDbSymbolTableRecord
100
AcDbLayerTableRecord
  2
S-AJ
 70
0
 62
4
  6
DASHED
370
35
390
13
347
21
  0
LAYER
  5
BB
330
1
100
AcDbSymbolTableRecord
100
AcDbLayerTableRecord
  2
S-AP
 70
0
 62
6
  6
Continuous
370
35
390
13
347
21
  0
LAYER
  5
BC
330
1
100
AcDbSymbolTableRecord
100
AcDbLayerTableRecord
  2
S-ACC
 70
0
 62
7
  6
Continuous
370
25
390
13
347
21
  0
LAYER
  5
BD
330
1
100
AcDbSymbolTableRecord
100
AcDbLayerTableRecord
  2
S-TXT
 70
0
 62
7
  6
Continuous
370
18
390
13
347
21
  0
LAYER
  5
BE
330
1
100
AcDbSymbolTableRecord
100
AcDbLayerTableRecord
  2
S-DET
 70
0
 62
7
  6
Continuous
370
35
390
13
347
21
  0
LAYER
  5
BF
330
1
100
AcDbSymbolTableRecord
100
AcDbLayerTableRecord
  2
S-FINO
 70
0
 62
8
  6
Continuous
370
13
390
13
347
21
  0
ENDTAB
  0
TABLE
  2
STYLE
  5
5
330
0
100
AcDbSymbolTable
 70
27
  0
STYLE
  5
29
330
5
100
AcDbSymbolTableRecord
100
AcDbTextStyleTableRecord
  2
Standard
 70
0
 40
0.0
 41
1.0
 50
0.0
 71
0
 42
2.5
  3
txt
  4

  0
STYLE
  5
41
330
5
100
AcDbSymbolTableRecord
100
AcDbTextStyleTableRecord
  2
OpenSans-Light
 70
0
 40
0.0
 41
1.0
 50
0.0
 71
0
 42
2.5
  3
OpenSans-Light.ttf
  4

  0
STYLE
  5
42
330
5
100
AcDbSymbolTableRecord
100
AcDbTextStyleTableRecord
  2
OpenSans-Light-Italic
 70
0
 40
0.0
 41
1.0
 50
0.0
 71
0
 42
2.5
  3
OpenSans-LightItalic.ttf
  4

  0
STYLE
  5
43
330
5
100
AcDbSymbolTableRecord
100
AcDbTextStyleTableRecord
  2
OpenSans
 70
0
 40
0.0
 41
1.0
 50
0.0
 71
0
 42
2.5
  3
OpenSans-Regular.ttf
  4

  0
STYLE
  5
44
330
5
100
AcDbSymbolTableRecord
100
AcDbTextStyleTableRecord
  2
OpenSans-Italic
 70
0
 40
0.0
 41
1.0
 50
0.0
 71
0
 42
2.5
  3
OpenSans-Italic.ttf
  4

  0
STYLE
  5
45
330
5
100
AcDbSymbolTableRecord
100
AcDbTextStyleTableRecord
  2
OpenSans-SemiBold
 70
0
 40
0.0
 41
1.0
 50
0.0
 71
0
 42
2.5
  3
OpenSans-SemiBold.ttf
  4

  0
STYLE
  5
46
330
5
100
AcDbSymbolTableRecord
100
AcDbTextStyleTableRecord
  2
OpenSans-SemiBoldItalic
 70
0
 40
0.0
 41
1.0
 50
0.0
 71
0
 42
2.5
  3
OpenSans-SemiBoldItalic.ttf
  4

  0
STYLE
  5
47
330
5
100
AcDbSymbolTableRecord
100
AcDbTextStyleTableRecord
  2
OpenSans-Bold
 70
0
 40
0.0
 41
1.0
 50
0.0
 71
0
 42
2.5
  3
OpenSans-Bold.ttf
  4

  0
STYLE
  5
48
330
5
100
AcDbSymbolTableRecord
100
AcDbTextStyleTableRecord
  2
OpenSans-BoldItalic
 70
0
 40
0.0
 41
1.0
 50
0.0
 71
0
 42
2.5
  3
OpenSans-BoldItalic.ttf
  4

  0
STYLE
  5
49
330
5
100
AcDbSymbolTableRecord
100
AcDbTextStyleTableRecord
  2
OpenSans-ExtraBold
 70
0
 40
0.0
 41
1.0
 50
0.0
 71
0
 42
2.5
  3
OpenSans-ExtraBold.ttf
  4

  0
STYLE
  5
4A
330
5
100
AcDbSymbolTableRecord
100
AcDbTextStyleTableRecord
  2
OpenSans-ExtraBoldItalic
 70
0
 40
0.0
 41
1.0
 50
0.0
 71
0
 42
2.5
  3
OpenSans-ExtraBoldItalic.ttf
  4

  0
STYLE
  5
4B
330
5
100
AcDbSymbolTableRecord
100
AcDbTextStyleTableRecord
  2
OpenSansCondensed-Bold
 70
0
 40
0.0
 41
1.0
 50
0.0
 71
0
 42
2.5
  3
OpenSansCondensed-Bold.ttf
  4

  0
STYLE
  5
4C
330
5
100
AcDbSymbolTableRecord
100
AcDbTextStyleTableRecord
  2
OpenSansCondensed-Light
 70
0
 40
0.0
 41
1.0
 50
0.0
 71
0
 42
2.5
  3
OpenSansCondensed-Light.ttf
  4

  0
STYLE
  5
4D
330
5
100
AcDbSymbolTableRecord
100
AcDbTextStyleTableRecord
  2
OpenSansCondensed-Italic
 70
0
 40
0.0
 41
1.0
 50
0.0
 71
0
 42
2.5
  3
OpenSansCondensed-LightItalic.ttf
  4

  0
STYLE
  5
4E
330
5
100
AcDbSymbolTableRecord
100
AcDbTextStyleTableRecord
  2
LiberationSans
 70
0
 40
0.0
 41
1.0
 50
0.0
 71
0
 42
2.5
  3
LiberationSans-Regular.ttf
  4

  0
STYLE
  5
4F
330
5
100
AcDbSymbolTableRecord
100
AcDbTextStyleTableRecord
  2
LiberationSans-Bold
 70
0
 40
0.0
 41
1.0
 50
0.0
 71
0
 42
2.5
  3
LiberationSans-Bold.ttf
  4

  0
STYLE
  5
50
330
5
100
AcDbSymbolTableRecord
100
AcDbTextStyleTableRecord
  2
LiberationSans-BoldItalic
 70
0
 40
0.0
 41
1.0
 50
0.0
 71
0
 42
2.5
  3
LiberationSans-BoldItalic.ttf
  4

  0
STYLE
  5
51
330
5
100
AcDbSymbolTableRecord
100
AcDbTextStyleTableRecord
  2
LiberationSans-Italic
 70
0
 40
0.0
 41
1.0
 50
0.0
 71
0
 42
2.5
  3
LiberationSans-Italic.ttf
  4

  0
STYLE
  5
52
330
5
100
AcDbSymbolTableRecord
100
AcDbTextStyleTableRecord
  2
LiberationSerif
 70
0
 40
0.0
 41
1.0
 50
0.0
 71
0
 42
2.5
  3
LiberationSerif-Regular.ttf
  4

  0
STYLE
  5
53
330
5
100
AcDbSymbolTableRecord
100
AcDbTextStyleTableRecord
  2
LiberationSerif-Bold
 70
0
 40
0.0
 41
1.0
 50
0.0
 71
0
 42
2.5
  3
LiberationSerif-Bold.ttf
  4

  0
STYLE
  5
54
330
5
100
AcDbSymbolTableRecord
100
AcDbTextStyleTableRecord
  2
LiberationSerif-BoldItalic
 70
0
 40
0.0
 41
1.0
 50
0.0
 71
0
 42
2.5
  3
LiberationSerif-BoldItalic.ttf
  4

  0
STYLE
  5
55
330
5
100
AcDbSymbolTableRecord
100
AcDbTextStyleTableRecord
  2
LiberationSerif-Italic
 70
0
 40
0.0
 41
1.0
 50
0.0
 71
0
 42
2.5
  3
LiberationSerif-Italic.ttf
  4

  0
STYLE
  5
56
330
5
100
AcDbSymbolTableRecord
100
AcDbTextStyleTableRecord
  2
LiberationMono
 70
0
 40
0.0
 41
1.0
 50
0.0
 71
0
 42
2.5
  3
LiberationMono-Regular.ttf
  4

  0
STYLE
  5
57
330
5
100
AcDbSymbolTableRecord
100
AcDbTextStyleTableRecord
  2
LiberationMono-Bold
 70
0
 40
0.0
 41
1.0
 50
0.0
 71
0
 42
2.5
  3
LiberationMono-Bold.ttf
  4

  0
STYLE
  5
58
330
5
100
AcDbSymbolTableRecord
100
AcDbTextStyleTableRecord
  2
LiberationMono-BoldItalic
 70
0
 40
0.0
 41
1.0
 50
0.0
 71
0
 42
2.5
  3
LiberationMono-BoldItalic.ttf
  4

  0
STYLE
  5
59
330
5
100
AcDbSymbolTableRecord
100
AcDbTextStyleTableRecord
  2
LiberationMono-Italic
 70
0
 40
0.0
 41
1.0
 50
0.0
 71
0
 42
2.5
  3
LiberationMono-Italic.ttf
  4

  0
STYLE
  5
8A
330
5
100
AcDbSymbolTableRecord
100
AcDbTextStyleTableRecord
  2
ARIAL
 70
0
 40
0.0
 41
1.0
 50
0.0
 71
0
 42
2.5
  3
arial.ttf
  4

  0
ENDTAB
  0
TABLE
  2
VIEW
  5
7
330
0
100
AcDbSymbolTable
 70
0
  0
ENDTAB
  0
TABLE
  2
UCS
  5
6
330
0
100
AcDbSymbolTable
 70
0
  0
ENDTAB
  0
TABLE
  2
APPID
  5
3
330
0
100
AcDbSymbolTable
 70
3
  0
APPID
  5
2A
330
3
100
AcDbSymbolTableRecord
100
AcDbRegAppTableRecord
  2
ACAD
 70
0
  0
APPID
  5
555
330
3
100
AcDbSymbolTableRecord
100
AcDbRegAppTableRecord
  2
HATCHBACKGROUNDCOLOR
 70
0
  0
APPID
  5
556
330
3
100
AcDbSymbolTableRecord
100
AcDbRegAppTableRecord
  2
EZDXF
 70
0
  0
ENDTAB
  0
TABLE
  2
DIMSTYLE
  5
4
330
0
100
AcDbSymbolTable
 70
15
100
AcDbDimStyleTable
  0
DIMSTYLE
105
2B
330
4
100
AcDbSymbolTableRecord
100
AcDbDimStyleTableRecord
  2
Standard
 70
0
 40
1.0
 41
2.5
 42
0.625
 43
3.75
 44
1.25
 45
0.0
 46
0.0
 47
0.0
 48
0.0
 49
2.5
140
2.5
141
2.5
142
0.0
143
0.03937007874
144
1.0
145
0.0
146
1.0
147
0.625
148
0.0
 69
0
 70
0
 71
0
 72
0
 73
0
 74
0
 75
0
 76
0
 77
1
 78
8
 79
3
170
0
171
3
172
1
173
0
174
0
175
0
176
0
177
0
178
0
179
2
271
2
272
2
273
2
274
3
275
0
276
0
277
2
278
44
279
0
280
0
281
0
282
0
283
0
284
8
285
0
286
0
288
0
289
3
290
0
371
-2
372
-2
  0
DIMSTYLE
105
73
330
4
100
AcDbSymbolTableRecord
100
AcDbDimStyleTableRecord
  2
EZDXF
 70
0
 40
1.0
 41
0.175
 42
0.125
 43
3.75
 44
0.375
 45
0.0
 46
0.0
 47
0.0
 48
0.0
 49
2.5
140
0.25
141
2.5
142
0.0
143
0.03937007874
144
100.0
145
0.0
146
0.5
147
0.1
148
0.0
 69
0
 70
0
 71
0
 72
0
 73
0
 74
0
 75
0
 76
0
 77
1
 78
12
 79
3
170
0
171
3
172
1
173
0
174
0
175
0
176
0
177
0
178
0
179
2
271
2
272
2
273
2
274
3
275
0
276
0
277
2
278
46
279
2
280
0
281
0
282
0
283
0
284
8
285
0
286
0
288
1
289
3
290
0
340
4C
342
74
371
-2
372
-2
  0
DIMSTYLE
105
7C
330
4
100
AcDbSymbolTableRecord
100
AcDbDimStyleTableRecord
  2
EZ_M_100_H25_CM
 70
0
 40
1.0
 41
0.25
 42
0.125
 43
3.75
 44
0.375
 45
0.0
 46
0.0
 47
0.0
 48
0.0
 49
2.5
140
0.25
141
2.5
142
0.125
143
0.03937007874
144
100.0
145
0.0
146
0.5
147
0.1
148
0.0
 69
0
 70
0
 71
0
 72
0
 73
0
 74
0
 75
0
 76
0
 77
1
 78
12
 79
3
170
0
171
3
172
1
173
0
174
0
175
0
176
0
177
0
178
0
179
2
271
2
272
2
273
2
274
3
275
0
276
0
277
2
278
46
279
2
280
0
281
0
282
0
283
0
284
8
285
0
286
0
288
1
289
3
290
0
340
4C
371
-2
372
-2
  0
DIMSTYLE
105
7D
330
4
100
AcDbSymbolTableRecord
100
AcDbDimStyleTableRecord
  2
EZ_M_50_H25_CM
 70
0
 40
1.0
 41
0.125
 42
0.0625
 43
3.75
 44
0.1875
 45
0.0
 46
0.0
 47
0.0
 48
0.0
 49
2.5
140
0.125
141
2.5
142
0.0625
143
0.03937007874
144
100.0
145
0.0
146
0.5
147
0.05
148
0.0
 69
0
 70
0
 71
0
 72
0
 73
0
 74
0
 75
0
 76
0
 77
1
 78
12
 79
3
170
0
171
3
172
1
173
0
174
0
175
0
176
0
177
0
178
0
179
2
271
2
272
2
273
2
274
3
275
0
276
0
277
2
278
46
279
2
280
0
281
0
282
0
283
0
284
8
285
0
286
0
288
1
289
3
290
0
340
4C
371
-2
372
-2
  0
DIMSTYLE
105
7E
330
4
100
AcDbSymbolTableRecord
100
AcDbDimStyleTableRecord
  2
EZ_M_25_H25_CM
 70
0
 40
1.0
 41
0.0625
 42
0.03125
 43
3.75
 44
0.09375
 45
0.0
 46
0.0
 47
0.0
 48
0.0
 49
2.5
140
0.0625
141
2.5
142
0.03125
143
0.03937007874
144
100.0
145
0.0
146
0.5
147
0.025
148
0.0
 69
0
 70
0
 71
0
 72
0
 73
0
 74
0
 75
0
 76
0
 77
1
 78
12
 79
3
170
0
171
3
172
1
173
0
174
0
175
0
176
0
177
0
178
0
179
2
271
2
272
2
273
2
274
3
275
0
276
0
277
2
278
46
279
2
280
0
281
0
282
0
283
0
284
8
285
0
286
0
288
1
289
3
290
0
340
4C
371
-2
372
-2
  0
DIMSTYLE
105
7F
330
4
100
AcDbSymbolTableRecord
100
AcDbDimStyleTableRecord
  2
EZ_M_20_H25_CM
 70
0
 40
1.0
 41
0.05
 42
0.025
 43
3.75
 44
0.07500000000000001
 45
0.0
 46
0.0
 47
0.0
 48
0.0
 49
2.5
140
0.05
141
2.5
142
0.025
143
0.03937007874
144
100.0
145
0.0
146
0.5
147
0.020000000000000004
148
0.0
 69
0
 70
0
 71
0
 72
0
 73
0
 74
0
 75
0
 76
0
 77
1
 78
12
 79
3
170
0
171
3
172
1
173
0
174
0
175
0
176
0
177
0
178
0
179
2
271
2
272
2
273
2
274
3
275
0
276
0
277
2
278
46
279
2
280
0
281
0
282
0
283
0
284
8
285
0
286
0
288
1
289
3
290
0
340
4C
371
-2
372
-2
  0
DIMSTYLE
105
80
330
4
100
AcDbSymbolTableRecord
100
AcDbDimStyleTableRecord
  2
EZ_M_10_H25_CM
 70
0
 40
1.0
 41
0.025
 42
0.0125
 43
3.75
 44
0.037500000000000006
 45
0.0
 46
0.0
 47
0.0
 48
0.0
 49
2.5
140
0.025
141
2.5
142
0.0125
143
0.03937007874
144
100.0
145
0.0
146
0.5
147
0.010000000000000002
148
0.0
 69
0
 70
0
 71
0
 72
0
 73
0
 74
0
 75
0
 76
0
 77
1
 78
12
 79
3
170
0
171
3
172
1
173
0
174
0
175
0
176
0
177
0
178
0
179
2
271
2
272
2
273
2
274
3
275
0
276
0
277
2
278
46
279
2
280
0
281
0
282
0
283
0
284
8
285
0
286
0
288
1
289
3
290
0
340
4C
371
-2
372
-2
  0
DIMSTYLE
105
81
330
4
100
AcDbSymbolTableRecord
100
AcDbDimStyleTableRecord
  2
EZ_M_5_H25_CM
 70
0
 40
1.0
 41
0.0125
 42
0.00625
 43
3.75
 44
0.018750000000000003
 45
0.0
 46
0.0
 47
0.0
 48
0.0
 49
2.5
140
0.0125
141
2.5
142
0.00625
143
0.03937007874
144
100.0
145
0.0
146
0.5
147
0.005000000000000001
148
0.0
 69
0
 70
0
 71
0
 72
0
 73
0
 74
0
 75
0
 76
0
 77
1
 78
12
 79
3
170
0
171
3
172
1
173
0
174
0
175
0
176
0
177
0
178
0
179
2
271
2
272
2
273
2
274
3
275
0
276
0
277
2
278
46
279
2
280
0
281
0
282
0
283
0
284
8
285
0
286
0
288
1
289
3
290
0
340
4C
371
-2
372
-2
  0
DIMSTYLE
105
82
330
4
100
AcDbSymbolTableRecord
100
AcDbDimStyleTableRecord
  2
EZ_M_1_H25_CM
 70
0
 40
1.0
 41
0.0025
 42
0.00125
 43
3.75
 44
0.00375
 45
0.0
 46
0.0
 47
0.0
 48
0.0
 49
2.5
140
0.0025
141
2.5
142
0.00125
143
0.03937007874
144
100.0
145
0.0
146
0.5
147
0.001
148
0.0
 69
0
 70
0
 71
0
 72
0
 73
0
 74
0
 75
0
 76
0
 77
1
 78
12
 79
3
170
0
171
3
172
1
173
0
174
0
175
0
176
0
177
0
178
0
179
2
271
2
272
2
273
2
274
3
275
0
276
0
277
2
278
46
279
2
280
0
281
0
282
0
283
0
284
8
285
0
286
0
288
1
289
3
290
0
340
4C
371
-2
372
-2
  0
DIMSTYLE
105
83
330
4
100
AcDbSymbolTableRecord
100
AcDbDimStyleTableRecord
  2
EZ_RADIUS
 70
0
 40
1.0
 41
0.25
 42
0.125
 43
3.75
 44
0.375
 45
0.0
 46
0.0
 47
0.0
 48
0.0
 49
2.5
140
0.25
141
0.0
142
0.0
143
0.03937007874
144
100.0
145
0.0
146
0.5
147
0.1
148
0.0
 69
0
 70
0
 71
0
 72
0
 73
0
 74
0
 75
0
 76
0
 77
1
 78
12
 79
3
170
0
171
3
172
0
173
0
174
0
175
0
176
0
177
0
178
0
179
2
271
2
272
2
273
2
274
3
275
0
276
0
277
2
278
46
279
1
280
0
281
0
282
0
283
0
284
8
285
0
286
0
288
1
289
3
290
0
340
4C
342
84
371
-2
372
-2
  0
DIMSTYLE
105
88
330
4
100
AcDbSymbolTableRecord
100
AcDbDimStyleTableRecord
  2
EZ_RADIUS_INSIDE
 70
0
 40
1.0
 41
0.25
 42
0.125
 43
3.75
 44
0.375
 45
0.0
 46
0.0
 47
0.0
 48
0.0
 49
2.5
140
0.25
141
0.0
142
0.0
143
0.03937007874
144
100.0
145
0.0
146
0.5
147
0.1
148
0.0
 69
0
 70
0
 71
0
 72
0
 73
0
 74
0
 75
0
 76
0
 77
0
 78
12
 79
3
170
0
171
3
172
0
173
0
174
1
175
0
176
0
177
0
178
0
179
2
271
2
272
2
273
2
274
3
275
0
276
0
277
2
278
46
279
0
280
0
281
0
282
0
283
0
284
8
285
0
286
0
288
1
289
0
290
0
340
4C
342
84
371
-2
372
-2
  0
DIMSTYLE
105
89
330
4
100
AcDbSymbolTableRecord
100
AcDbDimStyleTableRecord
  2
EZ_CURVED
 70
0
 40
1.0
 41
0.25
 42
0.125
 43
3.75
 44
0.375
 45
0.0
 46
0.0
 47
0.0
 48
0.0
 49
2.5
140
0.25
141
2.5
142
0.0
143
0.03937007874
144
100.0
145
0.0
146
0.5
147
0.1
148
0.0
 69
0
 70
0
 71
0
 72
0
 73
0
 74
0
 75
0
 76
0
 77
1
 78
12
 79
2
 90
2
170
0
171
3
172
1
173
0
174
0
175
0
176
0
177
0
178
0
179
2
271
2
272
2
273
2
274
3
275
0
276
0
277
2
278
46
279
2
280
0
281
0
282
0
283
0
284
8
285
0
286
0
288
1
289
3
290
0
340
4C
371
-2
372
-2
  0
DIMSTYLE
105
B4
330
4
100
AcDbSymbolTableRecord
100
AcDbDimStyleTableRecord
  2
COTA-50
 70
0
 40
1.0
 41
0.06
 42
0.05
 43
3.75
 44
0.05
 45
0.0
 46
0.05
 47
0.0
 48
0.0
 49
2.5
140
0.11000000000000001
141
2.5
142
0.06
143
0.03937007874
144
1.0
145
0.0
146
1.0
147
0.04000000000000001
148
0.0
 69
0
 70
0
 71
0
 72
0
 73
0
 74
0
 75
0
 76
0
 77
1
 78
0
 79
3
170
0
171
3
172
1
173
0
174
0
175
0
176
7
177
7
178
7
179
2
271
2
272
2
273
2
274
3
275
0
276
0
277
2
278
46
279
0
280
0
281
0
282
0
283
0
284
8
285
0
286
0
288
0
289
3
290
0
340
8A
371
18
372
13
  0
DIMSTYLE
105
B5
330
4
100
AcDbSymbolTableRecord
100
AcDbDimStyleTableRecord
  2
COTA-100
 70
0
 40
1.0
 41
0.12
 42
0.1
 43
3.75
 44
0.1
 45
0.0
 46
0.1
 47
0.0
 48
0.0
 49
2.5
140
0.22000000000000003
141
2.5
142
0.12
143
0.03937007874
144
1.0
145
0.0
146
1.0
147
0.08000000000000002
148
0.0
 69
0
 70
0
 71
0
 72
0
 73
0
 74
0
 75
0
 76
0
 77
1
 78
0
 79
3
170
0
171
3
172
1
173
0
174
0
175
0
176
7
177
7
178
7
179
2
271
2
272
2
273
2
274
3
275
0
276
0
277
2
278
46
279
0
280
0
281
0
282
0
283
0
284
8
285
0
286
0
288
0
289
3
290
0
340
8A
371
18
372
13
  0
DIMSTYLE
105
B6
330
4
100
AcDbSymbolTableRecord
100
AcDbDimStyleTableRecord
  2
COTA-200
 70
0
 40
1.0
 41
0.24
 42
0.2
 43
3.75
 44
0.2
 45
0.0
 46
0.2
 47
0.0
 48
0.0
 49
2.5
140
0.44000000000000006
141
2.5
142
0.24
143
0.03937007874
144
1.0
145
0.0
146
1.0
147
0.16000000000000003
148
0.0
 69
0
 70
0
 71
0
 72
0
 73
0
 74
0
 75
0
 76
0
 77
1
 78
0
 79
3
170
0
171
3
172
1
173
0
174
0
175
0
176
7
177
7
178
7
179
2
271
2
272
2
273
2
274
3
275
0
276
0
277
2
278
46
279
0
280
0
281
0
282
0
283
0
284
8
285
0
286
0
288
0
289
3
290
0
340
8A
371
18
372
13
  0
ENDTAB
  0
TABLE
  2
BLOCK_RECORD
  5
9
330
0
100
AcDbSymbolTable
 70
7
  0
BLOCK_RECORD
  5
17
330
9
100
AcDbSymbolTableRecord
100
AcDbBlockTableRecord
  2
*Model_Space
340
1A
 70
0
280
1
281
0
  0
BLOCK_RECORD
  5
74
330
9
100
AcDbSymbolTableRecord
100
AcDbBlockTableRecord
  2
_ARCHTICK
340
0
 70
0
280
1
281
0
  0
BLOCK_RECORD
  5
78
330
9
100
AcDbSymbolTableRecord
100
AcDbBlockTableRecord
  2
_CLOSEDFILLED
340
0
 70
0
280
1
281
0
  0
BLOCK_RECORD
  5
84
330
9
100
AcDbSymbolTableRecord
100
AcDbBlockTableRecord
  2
_CLOSEDBLANK
340
0
 70
0
280
1
281
0
  0
BLOCK_RECORD
  5
465
330
9
100
AcDbSymbolTableRecord
100
AcDbBlockTableRecord
  2
*Paper_Space
340
468
 70
0
280
1
281
0
  0
BLOCK_RECORD
  5
1B
330
9
100
AcDbSymbolTableRecord
100
AcDbBlockTableRecord
  2
*Paper_Space0
340
1E
 70
0
280
1
281
0
  0
BLOCK_RECORD
  5
4E9
330
9
100
AcDbSymbolTableRecord
100
AcDbBlockTableRecord
  2
CAJETIN_A1
340
0
 70
0
280
1
281
0
  0
ENDTAB
  0
ENDSEC
  0
SECTION
  2
BLOCKS
  0
BLOCK
  5
18
330
17
100
AcDbEntity
  8
0
100
AcDbBlockBegin
  2
*Model_Space
 70
0
 10
0.0
 20
0.0
 30
0.0
  3
*Model_Space
  1

  0
ENDBLK
  5
19
330
17
100
AcDbEntity
  8
0
100
AcDbBlockEnd
  0
BLOCK
  5
75
330
74
100
AcDbEntity
  8
0
100
AcDbBlockBegin
  2
_ARCHTICK
 70
0
 10
0.0
 20
0.0
 30
0.0
  3
_ARCHTICK
  1

  0
LWPOLYLINE
  5
77
330
74
100
AcDbEntity
  8
0
  6
BYBLOCK
 62
0
100
AcDbPolyline
 90
2
 70
0
 43
0.15
 10
-0.5
 20
-0.5
 10
0.5
 20
0.5
  0
ENDBLK
  5
76
330
74
100
AcDbEntity
  8
0
100
AcDbBlockEnd
  0
BLOCK
  5
79
330
78
100
AcDbEntity
  8
0
100
AcDbBlockBegin
  2
_CLOSEDFILLED
 70
0
 10
0.0
 20
0.0
 30
0.0
  3
_CLOSEDFILLED
  1

  0
SOLID
  5
7B
330
78
100
AcDbEntity
  8
0
  6
BYBLOCK
 62
0
100
AcDbTrace
 10
-1.0
 20
0.16439898372402537
 30
0.0
 11
0.0
 21
0.0
 31
0.0
 12
-1.0
 22
-0.16439898372402537
 32
0.0
 13
-1.0
 23
-0.16439898372402537
 33
0.0
  0
ENDBLK
  5
7A
330
78
100
AcDbEntity
  8
0
100
AcDbBlockEnd
  0
BLOCK
  5
85
330
84
100
AcDbEntity
  8
0
100
AcDbBlockBegin
  2
_CLOSEDBLANK
 70
0
 10
0.0
 20
0.0
 30
0.0
  3
_CLOSEDBLANK
  1

  0
LWPOLYLINE
  5
87
330
84
100
AcDbEntity
  8
0
  6
BYBLOCK
 62
0
100
AcDbPolyline
 90
3
 70
1
 10
-1.0
 20
0.16439898372402537
 10
0.0
 20
0.0
 10
-1.0
 20
-0.16439898372402537
  0
ENDBLK
  5
86
330
84
100
AcDbEntity
  8
0
100
AcDbBlockEnd
  0
BLOCK
  5
466
330
465
100
AcDbEntity
  8
0
100
AcDbBlockBegin
  2
*Paper_Space
 70
0
 10
0.0
 20
0.0
 30
0.0
  3
*Paper_Space
  1

  0
ENDBLK
  5
467
330
465
100
AcDbEntity
  8
0
100
AcDbBlockEnd
  0
BLOCK
  5
1C
330
1B
100
AcDbEntity
  8
0
100
AcDbBlockBegin
  2
*Paper_Space0
 70
0
 10
0.0
 20
0.0
 30
0.0
  3
*Paper_Space0
  1

  0
ENDBLK
  5
1D
330
1B
100
AcDbEntity
  8
0
100
AcDbBlockEnd
  0
BLOCK
  5
4EA
330
4E9
100
AcDbEntity
  8
0
100
AcDbBlockBegin
  2
CAJETIN_A1
 70
2
 10
0.0
 20
0.0
 30
0.0
  3
CAJETIN_A1
  1

  0
LWPOLYLINE
  5
4EC
330
4E9
100
AcDbEntity
  8
0
100
AcDbPolyline
 90
4
 70
1
 10
0.0
 20
0.0
 10
120.0
 20
0.0
 10
120.0
 20
574.0
 10
0.0
 20
574.0
  0
TEXT
  5
4ED
330
4E9
100
AcDbEntity
  8
0
100
AcDbText
 10
3.0
 20
571.0
 30
0.0
 40
2.0
  1
ESPACIO PARA SELLOS Y TIMBRES
  7
ARIAL
 11
3.0
 21
571.0
 31
0.0
100
AcDbText
 73
3
  0
LINE
  5
4EE
330
4E9
100
AcDbEntity
  8
0
100
AcDbLine
 10
0.0
 20
255.6
 30
0.0
 11
120.0
 21
255.6
 31
0.0
  0
ATTDEF
  5
4EF
330
4E9
100
AcDbEntity
  8
0
100
AcDbText
 10
60.0
 20
251.6
 30
0.0
 40
3.2
  1

  7
ARIAL
 72
1
 11
60.0
 21
251.6
 31
0.0
100
AcDbAttributeDefinition
  3

  2
EMPRESA
 70
0
 74
3
 71
1
 72
0
 11
60.0
 21
251.6
 31
0.0
  0
ATTDEF
  5
4F0
330
4E9
100
AcDbEntity
  8
0
100
AcDbText
 10
60.0
 20
245.6
 30
0.0
 40
2.5
  1

  7
ARIAL
 72
1
 11
60.0
 21
245.6
 31
0.0
100
AcDbAttributeDefinition
  3

  2
EMPRESA_CED
 70
0
 74
3
 71
1
 72
0
 11
60.0
 21
245.6
 31
0.0
  0
LINE
  5
4F1
330
4E9
100
AcDbEntity
  8
0
100
AcDbLine
 10
0.0
 20
237.6
 30
0.0
 11
120.0
 21
237.6
 31
0.0
  0
TEXT
  5
4F2
330
4E9
100
AcDbEntity
  8
0
100
AcDbText
 10
3.0
 20
235.1
 30
0.0
 40
2.2
  1
PROFESIONAL RESPONSABLE:
  7
ARIAL
 11
3.0
 21
235.1
 31
0.0
100
AcDbText
 73
3
  0
ATTDEF
  5
4F3
330
4E9
100
AcDbEntity
  8
0
100
AcDbText
 10
3.0
 20
230.1
 30
0.0
 40
2.6
  1

  7
ARIAL
 11
3.0
 21
230.1
 31
0.0
100
AcDbAttributeDefinition
  3

  2
PROF_1
 70
0
 74
3
 71
1
 72
0
 11
3.0
 21
230.1
 31
0.0
  0
ATTDEF
  5
4F4
330
4E9
100
AcDbEntity
  8
0
100
AcDbText
 10
3.0
 20
225.6
 30
0.0
 40
2.6
  1

  7
ARIAL
 11
3.0
 21
225.6
 31
0.0
100
AcDbAttributeDefinition
  3

  2
PROF_2
 70
0
 74
3
 71
1
 72
0
 11
3.0
 21
225.6
 31
0.0
  0
ATTDEF
  5
4F5
330
4E9
100
AcDbEntity
  8
0
100
AcDbText
 10
3.0
 20
221.1
 30
0.0
 40
2.6
  1

  7
ARIAL
 11
3.0
 21
221.1
 31
0.0
100
AcDbAttributeDefinition
  3

  2
PROF_3
 70
0
 74
3
 71
1
 72
0
 11
3.0
 21
221.1
 31
0.0
  0
LINE
  5
4F6
330
4E9
100
AcDbEntity
  8
0
100
AcDbLine
 10
0.0
 20
215.6
 30
0.0
 11
120.0
 21
215.6
 31
0.0
  0
TEXT
  5
4F7
330
4E9
100
AcDbEntity
  8
0
100
AcDbText
 10
3.0
 20
213.1
 30
0.0
 40
2.2
  1
PROYECTO:
  7
ARIAL
 11
3.0
 21
213.1
 31
0.0
100
AcDbText
 73
3
  0
ATTDEF
  5
4F8
330
4E9
100
AcDbEntity
  8
0
100
AcDbText
 10
3.0
 20
208.1
 30
0.0
 40
4.2
  1

  7
ARIAL
 11
3.0
 21
208.1
 31
0.0
100
AcDbAttributeDefinition
  3

  2
PROYECTO
 70
0
 74
3
 71
1
 72
0
 11
3.0
 21
208.1
 31
0.0
  0
ATTDEF
  5
4F9
330
4E9
100
AcDbEntity
  8
0
100
AcDbText
 10
3.0
 20
201.1
 30
0.0
 40
2.5
  1

  7
ARIAL
 11
3.0
 21
201.1
 31
0.0
100
AcDbAttributeDefinition
  3

  2
UBIC_1
 70
0
 74
3
 71
1
 72
0
 11
3.0
 21
201.1
 31
0.0
  0
ATTDEF
  5
4FA
330
4E9
100
AcDbEntity
  8
0
100
AcDbText
 10
3.0
 20
196.6
 30
0.0
 40
2.5
  1

  7
ARIAL
 11
3.0
 21
196.6
 31
0.0
100
AcDbAttributeDefinition
  3

  2
UBIC_2
 70
0
 74
3
 71
1
 72
0
 11
3.0
 21
196.6
 31
0.0
  0
ATTDEF
  5
4FB
330
4E9
100
AcDbEntity
  8
0
100
AcDbText
 10
3.0
 20
192.1
 30
0.0
 40
2.5
  1

  7
ARIAL
 11
3.0
 21
192.1
 31
0.0
100
AcDbAttributeDefinition
  3

  2
UBIC_3
 70
0
 74
3
 71
1
 72
0
 11
3.0
 21
192.1
 31
0.0
  0
LINE
  5
4FC
330
4E9
100
AcDbEntity
  8
0
100
AcDbLine
 10
0.0
 20
186.6
 30
0.0
 11
120.0
 21
186.6
 31
0.0
  0
TEXT
  5
4FD
330
4E9
100
AcDbEntity
  8
0
100
AcDbText
 10
3.0
 20
184.1
 30
0.0
 40
2.2
  1
INFORMACIÓN REGISTRO PÚBLICO:
  7
ARIAL
 11
3.0
 21
184.1
 31
0.0
100
AcDbText
 73
3
  0
ATTDEF
  5
4FE
330
4E9
100
AcDbEntity
  8
0
100
AcDbText
 10
3.0
 20
179.1
 30
0.0
 40
2.5
  1

  7
ARIAL
 11
3.0
 21
179.1
 31
0.0
100
AcDbAttributeDefinition
  3

  2
REG_1
 70
0
 74
3
 71
1
 72
0
 11
3.0
 21
179.1
 31
0.0
  0
ATTDEF
  5
4FF
330
4E9
100
AcDbEntity
  8
0
100
AcDbText
 10
3.0
 20
174.6
 30
0.0
 40
2.5
  1

  7
ARIAL
 11
3.0
 21
174.6
 31
0.0
100
AcDbAttributeDefinition
  3

  2
REG_2
 70
0
 74
3
 71
1
 72
0
 11
3.0
 21
174.6
 31
0.0
  0
ATTDEF
  5
500
330
4E9
100
AcDbEntity
  8
0
100
AcDbText
 10
3.0
 20
170.1
 30
0.0
 40
2.5
  1

  7
ARIAL
 11
3.0
 21
170.1
 31
0.0
100
AcDbAttributeDefinition
  3

  2
REG_3
 70
0
 74
3
 71
1
 72
0
 11
3.0
 21
170.1
 31
0.0
  0
LINE
  5
501
330
4E9
100
AcDbEntity
  8
0
100
AcDbLine
 10
0.0
 20
164.6
 30
0.0
 11
120.0
 21
164.6
 31
0.0
  0
TEXT
  5
502
330
4E9
100
AcDbEntity
  8
0
100
AcDbText
 10
3.0
 20
162.1
 30
0.0
 40
2.2
  1
CONTENIDO:
  7
ARIAL
 11
3.0
 21
162.1
 31
0.0
100
AcDbText
 73
3
  0
ATTDEF
  5
503
330
4E9
100
AcDbEntity
  8
0
100
AcDbText
 10
3.0
 20
157.1
 30
0.0
 40
5.0
  1

  7
ARIAL
 11
3.0
 21
157.1
 31
0.0
100
AcDbAttributeDefinition
  3

  2
CONT_TIT
 70
0
 74
3
 71
1
 72
0
 11
3.0
 21
157.1
 31
0.0
  0
ATTDEF
  5
504
330
4E9
100
AcDbEntity
  8
0
100
AcDbText
 10
3.0
 20
149.6
 30
0.0
 40
3.0
  1

  7
ARIAL
 11
3.0
 21
149.6
 31
0.0
100
AcDbAttributeDefinition
  3

  2
CONT_1
 70
0
 74
3
 71
1
 72
0
 11
3.0
 21
149.6
 31
0.0
  0
ATTDEF
  5
505
330
4E9
100
AcDbEntity
  8
0
100
AcDbText
 10
3.0
 20
144.1
 30
0.0
 40
3.0
  1

  7
ARIAL
 11
3.0
 21
144.1
 31
0.0
100
AcDbAttributeDefinition
  3

  2
CONT_2
 70
0
 74
3
 71
1
 72
0
 11
3.0
 21
144.1
 31
0.0
  0
ATTDEF
  5
506
330
4E9
100
AcDbEntity
  8
0
100
AcDbText
 10
3.0
 20
138.6
 30
0.0
 40
3.0
  1

  7
ARIAL
 11
3.0
 21
138.6
 31
0.0
100
AcDbAttributeDefinition
  3

  2
CONT_3
 70
0
 74
3
 71
1
 72
0
 11
3.0
 21
138.6
 31
0.0
  0
ATTDEF
  5
507
330
4E9
100
AcDbEntity
  8
0
100
AcDbText
 10
3.0
 20
133.1
 30
0.0
 40
3.0
  1

  7
ARIAL
 11
3.0
 21
133.1
 31
0.0
100
AcDbAttributeDefinition
  3

  2
CONT_4
 70
0
 74
3
 71
1
 72
0
 11
3.0
 21
133.1
 31
0.0
  0
ATTDEF
  5
508
330
4E9
100
AcDbEntity
  8
0
100
AcDbText
 10
3.0
 20
127.6
 30
0.0
 40
3.0
  1

  7
ARIAL
 11
3.0
 21
127.6
 31
0.0
100
AcDbAttributeDefinition
  3

  2
CONT_5
 70
0
 74
3
 71
1
 72
0
 11
3.0
 21
127.6
 31
0.0
  0
ATTDEF
  5
509
330
4E9
100
AcDbEntity
  8
0
100
AcDbText
 10
3.0
 20
122.1
 30
0.0
 40
3.0
  1

  7
ARIAL
 11
3.0
 21
122.1
 31
0.0
100
AcDbAttributeDefinition
  3

  2
CONT_6
 70
0
 74
3
 71
1
 72
0
 11
3.0
 21
122.1
 31
0.0
  0
LINE
  5
50A
330
4E9
100
AcDbEntity
  8
0
100
AcDbLine
 10
0.0
 20
114.6
 30
0.0
 11
120.0
 21
114.6
 31
0.0
  0
TEXT
  5
50B
330
4E9
100
AcDbEntity
  8
0
100
AcDbText
 10
3.0
 20
112.1
 30
0.0
 40
2.2
  1
ESCALAS:
  7
ARIAL
 11
3.0
 21
112.1
 31
0.0
100
AcDbText
 73
3
  0
ATTDEF
  5
50C
330
4E9
100
AcDbEntity
  8
0
100
AcDbText
 10
25.0
 20
112.1
 30
0.0
 40
2.2
  1

  7
ARIAL
 11
25.0
 21
112.1
 31
0.0
100
AcDbAttributeDefinition
  3

  2
ESCALAS
 70
0
 74
3
 71
1
 72
0
 11
25.0
 21
112.1
 31
0.0
  0
LINE
  5
50D
330
4E9
100
AcDbEntity
  8
0
100
AcDbLine
 10
0.0
 20
107.6
 30
0.0
 11
120.0
 21
107.6
 31
0.0
  0
TEXT
  5
50E
330
4E9
100
AcDbEntity
  8
0
100
AcDbText
 10
3.0
 20
105.6
 30
0.0
 40
2.2
  1
CONTROL DE REVISIONES
  7
ARIAL
 11
3.0
 21
105.6
 31
0.0
100
AcDbText
 73
3
  0
LINE
  5
50F
330
4E9
100
AcDbEntity
  8
0
100
AcDbLine
 10
0.0
 20
101.6
 30
0.0
 11
120.0
 21
101.6
 31
0.0
  0
TEXT
  5
510
330
4E9
100
AcDbEntity
  8
0
100
AcDbText
 10
6.0
 20
99.1
 30
0.0
 40
2.0
  1
REV.
  7
ARIAL
 72
1
 11
6.0
 21
99.1
 31
0.0
100
AcDbText
 73
2
  0
TEXT
  5
511
330
4E9
100
AcDbEntity
  8
0
100
AcDbText
 10
23.0
 20
99.1
 30
0.0
 40
2.0
  1
FECHA
  7
ARIAL
 72
1
 11
23.0
 21
99.1
 31
0.0
100
AcDbText
 73
2
  0
TEXT
  5
512
330
4E9
100
AcDbEntity
  8
0
100
AcDbText
 10
77.0
 20
99.1
 30
0.0
 40
2.0
  1
DESCRIPCIÓN
  7
ARIAL
 72
1
 11
77.0
 21
99.1
 31
0.0
100
AcDbText
 73
2
  0
LINE
  5
513
330
4E9
100
AcDbEntity
  8
0
100
AcDbLine
 10
0.0
 20
96.6
 30
0.0
 11
120.0
 21
96.6
 31
0.0
  0
ATTDEF
  5
514
330
4E9
100
AcDbEntity
  8
0
100
AcDbText
 10
6.0
 20
94.0
 30
0.0
 40
2.0
  1

  7
ARIAL
 72
1
 11
6.0
 21
94.0
 31
0.0
100
AcDbAttributeDefinition
  3

  2
REV0_N
 70
0
 74
2
 71
1
 72
0
 11
6.0
 21
94.0
 31
0.0
  0
ATTDEF
  5
515
330
4E9
100
AcDbEntity
  8
0
100
AcDbText
 10
23.0
 20
94.0
 30
0.0
 40
2.0
  1

  7
ARIAL
 72
1
 11
23.0
 21
94.0
 31
0.0
100
AcDbAttributeDefinition
  3

  2
REV0_F
 70
0
 74
2
 71
1
 72
0
 11
23.0
 21
94.0
 31
0.0
  0
ATTDEF
  5
516
330
4E9
100
AcDbEntity
  8
0
100
AcDbText
 10
35.5
 20
94.0
 30
0.0
 40
2.0
  1

  7
ARIAL
 11
35.5
 21
94.0
 31
0.0
100
AcDbAttributeDefinition
  3

  2
REV0_D
 70
0
 74
2
 71
1
 72
0
 11
35.5
 21
94.0
 31
0.0
  0
LINE
  5
517
330
4E9
100
AcDbEntity
  8
0
100
AcDbLine
 10
0.0
 20
91.39999999999999
 30
0.0
 11
120.0
 21
91.39999999999999
 31
0.0
  0
ATTDEF
  5
518
330
4E9
100
AcDbEntity
  8
0
100
AcDbText
 10
6.0
 20
88.8
 30
0.0
 40
2.0
  1

  7
ARIAL
 72
1
 11
6.0
 21
88.8
 31
0.0
100
AcDbAttributeDefinition
  3

  2
REV1_N
 70
0
 74
2
 71
1
 72
0
 11
6.0
 21
88.8
 31
0.0
  0
ATTDEF
  5
519
330
4E9
100
AcDbEntity
  8
0
100
AcDbText
 10
23.0
 20
88.8
 30
0.0
 40
2.0
  1

  7
ARIAL
 72
1
 11
23.0
 21
88.8
 31
0.0
100
AcDbAttributeDefinition
  3

  2
REV1_F
 70
0
 74
2
 71
1
 72
0
 11
23.0
 21
88.8
 31
0.0
  0
ATTDEF
  5
51A
330
4E9
100
AcDbEntity
  8
0
100
AcDbText
 10
35.5
 20
88.8
 30
0.0
 40
2.0
  1

  7
ARIAL
 11
35.5
 21
88.8
 31
0.0
100
AcDbAttributeDefinition
  3

  2
REV1_D
 70
0
 74
2
 71
1
 72
0
 11
35.5
 21
88.8
 31
0.0
  0
LINE
  5
51B
330
4E9
100
AcDbEntity
  8
0
100
AcDbLine
 10
0.0
 20
86.19999999999999
 30
0.0
 11
120.0
 21
86.19999999999999
 31
0.0
  0
ATTDEF
  5
51C
330
4E9
100
AcDbEntity
  8
0
100
AcDbText
 10
6.0
 20
83.6
 30
0.0
 40
2.0
  1

  7
ARIAL
 72
1
 11
6.0
 21
83.6
 31
0.0
100
AcDbAttributeDefinition
  3

  2
REV2_N
 70
0
 74
2
 71
1
 72
0
 11
6.0
 21
83.6
 31
0.0
  0
ATTDEF
  5
51D
330
4E9
100
AcDbEntity
  8
0
100
AcDbText
 10
23.0
 20
83.6
 30
0.0
 40
2.0
  1

  7
ARIAL
 72
1
 11
23.0
 21
83.6
 31
0.0
100
AcDbAttributeDefinition
  3

  2
REV2_F
 70
0
 74
2
 71
1
 72
0
 11
23.0
 21
83.6
 31
0.0
  0
ATTDEF
  5
51E
330
4E9
100
AcDbEntity
  8
0
100
AcDbText
 10
35.5
 20
83.6
 30
0.0
 40
2.0
  1

  7
ARIAL
 11
35.5
 21
83.6
 31
0.0
100
AcDbAttributeDefinition
  3

  2
REV2_D
 70
0
 74
2
 71
1
 72
0
 11
35.5
 21
83.6
 31
0.0
  0
LINE
  5
51F
330
4E9
100
AcDbEntity
  8
0
100
AcDbLine
 10
0.0
 20
80.99999999999999
 30
0.0
 11
120.0
 21
80.99999999999999
 31
0.0
  0
LINE
  5
520
330
4E9
100
AcDbEntity
  8
0
100
AcDbLine
 10
12.0
 20
101.6
 30
0.0
 11
12.0
 21
80.99999999999999
 31
0.0
  0
LINE
  5
521
330
4E9
100
AcDbEntity
  8
0
100
AcDbLine
 10
34.0
 20
101.6
 30
0.0
 11
34.0
 21
80.99999999999999
 31
0.0
  0
TEXT
  5
522
330
4E9
100
AcDbEntity
  8
0
100
AcDbText
 10
3.0
 20
78.49999999999999
 30
0.0
 40
2.2
  1
ESTADO:
  7
ARIAL
 11
3.0
 21
78.49999999999999
 31
0.0
100
AcDbText
 73
3
  0
ATTDEF
  5
523
330
4E9
100
AcDbEntity
  8
0
100
AcDbText
 10
60.0
 20
72.99999999999999
 30
0.0
 40
3.0
  1

  7
ARIAL
 72
1
 11
60.0
 21
72.99999999999999
 31
0.0
100
AcDbAttributeDefinition
  3

  2
ESTADO_1
 70
0
 74
3
 71
1
 72
0
 11
60.0
 21
72.99999999999999
 31
0.0
  0
ATTDEF
  5
524
330
4E9
100
AcDbEntity
  8
0
100
AcDbText
 10
60.0
 20
67.99999999999999
 30
0.0
 40
2.4
  1

  7
ARIAL
 72
1
 11
60.0
 21
67.99999999999999
 31
0.0
100
AcDbAttributeDefinition
  3

  2
ESTADO_2
 70
0
 74
3
 71
1
 72
0
 11
60.0
 21
67.99999999999999
 31
0.0
  0
LINE
  5
525
330
4E9
100
AcDbEntity
  8
0
100
AcDbLine
 10
0.0
 20
61.999999999999986
 30
0.0
 11
120.0
 21
61.999999999999986
 31
0.0
  0
LINE
  5
526
330
4E9
100
AcDbEntity
  8
0
100
AcDbLine
 10
0.0
 20
52.999999999999986
 30
0.0
 11
120.0
 21
52.999999999999986
 31
0.0
  0
LINE
  5
527
330
4E9
100
AcDbEntity
  8
0
100
AcDbLine
 10
0.0
 20
26.999999999999986
 30
0.0
 11
120.0
 21
26.999999999999986
 31
0.0
  0
LINE
  5
528
330
4E9
100
AcDbEntity
  8
0
100
AcDbLine
 10
66.0
 20
61.999999999999986
 30
0.0
 11
66.0
 21
0.0
 31
0.0
  0
TEXT
  5
529
330
4E9
100
AcDbEntity
  8
0
100
AcDbText
 10
33.0
 20
57.499999999999986
 30
0.0
 40
3.0
  1
LUGAR
  7
ARIAL
 72
1
 11
33.0
 21
57.499999999999986
 31
0.0
100
AcDbText
 73
2
  0
TEXT
  5
52A
330
4E9
100
AcDbEntity
  8
0
100
AcDbText
 10
93.0
 20
57.499999999999986
 30
0.0
 40
3.0
  1
LÁMINA
  7
ARIAL
 72
1
 11
93.0
 21
57.499999999999986
 31
0.0
100
AcDbText
 73
2
  0
ATTDEF
  5
52B
330
4E9
100
AcDbEntity
  8
0
100
AcDbText
 10
33.0
 20
39.999999999999986
 30
0.0
 40
5.0
  1

  7
ARIAL
 72
1
 11
33.0
 21
39.999999999999986
 31
0.0
100
AcDbAttributeDefinition
  3

  2
LUGAR
 70
0
 74
2
 71
1
 72
0
 11
33.0
 21
39.999999999999986
 31
0.0
  0
ATTDEF
  5
52C
330
4E9
100
AcDbEntity
  8
0
100
AcDbText
 10
93.0
 20
39.999999999999986
 30
0.0
 40
14.0
  1

  7
ARIAL
 72
1
 11
93.0
 21
39.999999999999986
 31
0.0
100
AcDbAttributeDefinition
  3

  2
LAMINA
 70
0
 74
2
 71
1
 72
0
 11
93.0
 21
39.999999999999986
 31
0.0
  0
ATTDEF
  5
52D
330
4E9
100
AcDbEntity
  8
0
100
AcDbText
 10
33.0
 20
13.499999999999993
 30
0.0
 40
6.0
  1

  7
ARIAL
 72
1
 11
33.0
 21
13.499999999999993
 31
0.0
100
AcDbAttributeDefinition
  3

  2
FECHA
 70
0
 74
2
 71
1
 72
0
 11
33.0
 21
13.499999999999993
 31
0.0
  0
TEXT
  5
52E
330
4E9
100
AcDbEntity
  8
0
100
AcDbText
 10
70.0
 20
13.499999999999993
 30
0.0
 40
3.0
  1
TOTAL
  7
ARIAL
 11
70.0
 21
13.499999999999993
 31
0.0
100
AcDbText
 73
2
  0
ATTDEF
  5
52F
330
4E9
100
AcDbEntity
  8
0
100
AcDbText
 10
104.0
 20
13.499999999999993
 30
0.0
 40
9.0
  1

  7
ARIAL
 72
1
 11
104.0
 21
13.499999999999993
 31
0.0
100
AcDbAttributeDefinition
  3

  2
TOTAL
 70
0
 74
2
 71
1
 72
0
 11
104.0
 21
13.499999999999993
 31
0.0
  0
ENDBLK
  5
4EB
330
4E9
100
AcDbEntity
  8
0
100
AcDbBlockEnd
  0
ENDSEC
  0
SECTION
  2
ENTITIES
  0
LWPOLYLINE
  5
C0
330
17
100
AcDbEntity
  8
T-LINDERO
100
AcDbPolyline
 90
5
 70
1
 10
0.0
 20
0.0
 10
0.010879637986303953
 20
4.664716672341735
 10
0.05655167053563409
 20
9.007424821148515
 10
28.51811244861565
 20
8.999803462886003
 10
28.511978184595964
 20
0.0
  0
LWPOLYLINE
  5
C1
330
17
100
AcDbEntity
  8
A-MURO
100
AcDbPolyline
 90
4
 70
1
 10
2.06
 20
0.0
 10
2.06
 20
0.15
 10
25.18
 20
0.15
 10
25.18
 20
0.0
  0
HATCH
  5
C2
330
17
100
AcDbEntity
  8
A-MURO-TRAMA
 62
7
100
AcDbHatch
 10
0.0
 20
0.0
 30
0.0
210
0.0
220
0.0
230
1.0
  2
ANSI31
 70
0
 71
0
 91
1
 92
3
 72
0
 73
1
 93
4
 10
2.06
 20
0.0
 10
2.06
 20
0.15
 10
25.18
 20
0.15
 10
25.18
 20
0.0
 97
0
 75
1
 76
1
 52
0.0
 41
0.03
 77
0
 78
1
 53
45.0
 43
0.0
 44
0.0
 45
-0.0020205576
 46
0.0020205576
 79
0
 98
0
  0
LWPOLYLINE
  5
C3
330
17
100
AcDbEntity
  8
A-MURO
100
AcDbPolyline
 90
4
 70
1
 10
2.06
 20
8.85
 10
2.06
 20
9.0
 10
25.18
 20
9.0
 10
25.18
 20
8.85
  0
HATCH
  5
C4
330
17
100
AcDbEntity
  8
A-MURO-TRAMA
 62
7
100
AcDbHatch
 10
0.0
 20
0.0
 30
0.0
210
0.0
220
0.0
230
1.0
  2
ANSI31
 70
0
 71
0
 91
1
 92
3
 72
0
 73
1
 93
4
 10
2.06
 20
8.85
 10
2.06
 20
9.0
 10
25.18
 20
9.0
 10
25.18
 20
8.85
 97
0
 75
1
 76
1
 52
0.0
 41
0.03
 77
0
 78
1
 53
45.0
 43
0.0
 44
0.0
 45
-0.0020205576
 46
0.0020205576
 79
0
 98
0
  0
LWPOLYLINE
  5
C5
330
17
100
AcDbEntity
  8
A-MURO
100
AcDbPolyline
 90
4
 70
1
 10
2.06
 20
1.26
 10
2.06
 20
1.56
 10
2.21
 20
1.56
 10
2.21
 20
1.26
  0
HATCH
  5
C6
330
17
100
AcDbEntity
  8
A-MURO-TRAMA
 62
7
100
AcDbHatch
 10
0.0
 20
0.0
 30
0.0
210
0.0
220
0.0
230
1.0
  2
ANSI31
 70
0
 71
0
 91
1
 92
3
 72
0
 73
1
 93
4
 10
2.06
 20
1.26
 10
2.06
 20
1.56
 10
2.21
 20
1.56
 10
2.21
 20
1.26
 97
0
 75
1
 76
1
 52
0.0
 41
0.03
 77
0
 78
1
 53
45.0
 43
0.0
 44
0.0
 45
-0.0020205576
 46
0.0020205576
 79
0
 98
0
  0
LWPOLYLINE
  5
C7
330
17
100
AcDbEntity
  8
A-MURO
100
AcDbPolyline
 90
4
 70
1
 10
28.361978184595966
 20
0.0
 10
28.361978184595966
 20
9.0
 10
28.511978184595964
 20
9.0
 10
28.511978184595964
 20
0.0
  0
HATCH
  5
C8
330
17
100
AcDbEntity
  8
A-MURO-TRAMA
 62
7
100
AcDbHatch
 10
0.0
 20
0.0
 30
0.0
210
0.0
220
0.0
230
1.0
  2
ANSI31
 70
0
 71
0
 91
1
 92
3
 72
0
 73
1
 93
4
 10
28.361978184595966
 20
0.0
 10
28.361978184595966
 20
9.0
 10
28.511978184595964
 20
9.0
 10
28.511978184595964
 20
0.0
 97
0
 75
1
 76
1
 52
0.0
 41
0.03
 77
0
 78
1
 53
45.0
 43
0.0
 44
0.0
 45
-0.0020205576
 46
0.0020205576
 79
0
 98
0
  0
LWPOLYLINE
  5
C9
330
17
100
AcDbEntity
  8
E-COLUMNA
100
AcDbPolyline
 90
4
 70
1
 10
7.534999999999999
 20
4.6899999999999995
 10
7.534999999999999
 20
4.99
 10
7.835
 20
4.99
 10
7.835
 20
4.6899999999999995
  0
HATCH
  5
CA
330
17
100
AcDbEntity
  8
E-COLUMNA
 62
7
100
AcDbHatch
 10
0.0
 20
0.0
 30
0.0
210
0.0
220
0.0
230
1.0
  2
SOLID
 70
1
 71
0
 91
1
 92
3
 72
0
 73
1
 93
4
 10
7.534999999999999
 20
4.6899999999999995
 10
7.534999999999999
 20
4.99
 10
7.835
 20
4.99
 10
7.835
 20
4.6899999999999995
 97
0
 75
0
 76
1
 98
0
  0
TEXT
  5
CB
330
17
100
AcDbEntity
  8
E-COLUMNA
100
AcDbText
 10
7.935
 20
5.11
 30
0.0
 40
0.11
  1
C2
  7
ARIAL
 11
7.935
 21
5.11
 31
0.0
100
AcDbText
 73
2
  0
LWPOLYLINE
  5
CC
330
17
100
AcDbEntity
  8
E-COLUMNA
100
AcDbPolyline
 90
4
 70
1
 10
10.184999999999999
 20
4.6899999999999995
 10
10.184999999999999
 20
4.99
 10
10.485
 20
4.99
 10
10.485
 20
4.6899999999999995
  0
HATCH
  5
CD
330
17
100
AcDbEntity
  8
E-COLUMNA
 62
7
100
AcDbHatch
 10
0.0
 20
0.0
 30
0.0
210
0.0
220
0.0
230
1.0
  2
SOLID
 70
1
 71
0
 91
1
 92
3
 72
0
 73
1
 93
4
 10
10.184999999999999
 20
4.6899999999999995
 10
10.184999999999999
 20
4.99
 10
10.485
 20
4.99
 10
10.485
 20
4.6899999999999995
 97
0
 75
0
 76
1
 98
0
  0
TEXT
  5
CE
330
17
100
AcDbEntity
  8
E-COLUMNA
100
AcDbText
 10
10.584999999999999
 20
5.11
 30
0.0
 40
0.11
  1
C3
  7
ARIAL
 11
10.584999999999999
 21
5.11
 31
0.0
100
AcDbText
 73
2
  0
LWPOLYLINE
  5
CF
330
17
100
AcDbEntity
  8
E-COLUMNA
100
AcDbPolyline
 90
4
 70
1
 10
16.755000000000003
 20
4.6899999999999995
 10
16.755000000000003
 20
4.99
 10
17.055
 20
4.99
 10
17.055
 20
4.6899999999999995
  0
HATCH
  5
D0
330
17
100
AcDbEntity
  8
E-COLUMNA
 62
7
100
AcDbHatch
 10
0.0
 20
0.0
 30
0.0
210
0.0
220
0.0
230
1.0
  2
SOLID
 70
1
 71
0
 91
1
 92
3
 72
0
 73
1
 93
4
 10
16.755000000000003
 20
4.6899999999999995
 10
16.755000000000003
 20
4.99
 10
17.055
 20
4.99
 10
17.055
 20
4.6899999999999995
 97
0
 75
0
 76
1
 98
0
  0
TEXT
  5
D1
330
17
100
AcDbEntity
  8
E-COLUMNA
100
AcDbText
 10
17.155
 20
5.11
 30
0.0
 40
0.11
  1
C4
  7
ARIAL
 11
17.155
 21
5.11
 31
0.0
100
AcDbText
 73
2
  0
LWPOLYLINE
  5
D2
330
17
100
AcDbEntity
  8
E-COLUMNA
100
AcDbPolyline
 90
4
 70
1
 10
19.405
 20
4.6899999999999995
 10
19.405
 20
4.99
 10
19.705
 20
4.99
 10
19.705
 20
4.6899999999999995
  0
HATCH
  5
D3
330
17
100
AcDbEntity
  8
E-COLUMNA
 62
7
100
AcDbHatch
 10
0.0
 20
0.0
 30
0.0
210
0.0
220
0.0
230
1.0
  2
SOLID
 70
1
 71
0
 91
1
 92
3
 72
0
 73
1
 93
4
 10
19.405
 20
4.6899999999999995
 10
19.405
 20
4.99
 10
19.705
 20
4.99
 10
19.705
 20
4.6899999999999995
 97
0
 75
0
 76
1
 98
0
  0
TEXT
  5
D4
330
17
100
AcDbEntity
  8
E-COLUMNA
100
AcDbText
 10
19.805
 20
5.11
 30
0.0
 40
0.11
  1
C5
  7
ARIAL
 11
19.805
 21
5.11
 31
0.0
100
AcDbText
 73
2
  0
LWPOLYLINE
  5
D5
330
17
100
AcDbEntity
  8
E-COLUMNA
100
AcDbPolyline
 90
4
 70
1
 10
24.880000000000003
 20
4.6899999999999995
 10
24.880000000000003
 20
4.99
 10
25.18
 20
4.99
 10
25.18
 20
4.6899999999999995
  0
HATCH
  5
D6
330
17
100
AcDbEntity
  8
E-COLUMNA
 62
7
100
AcDbHatch
 10
0.0
 20
0.0
 30
0.0
210
0.0
220
0.0
230
1.0
  2
SOLID
 70
1
 71
0
 91
1
 92
3
 72
0
 73
1
 93
4
 10
24.880000000000003
 20
4.6899999999999995
 10
24.880000000000003
 20
4.99
 10
25.18
 20
4.99
 10
25.18
 20
4.6899999999999995
 97
0
 75
0
 76
1
 98
0
  0
TEXT
  5
D7
330
17
100
AcDbEntity
  8
E-COLUMNA
100
AcDbText
 10
25.28
 20
5.11
 30
0.0
 40
0.11
  1
C6
  7
ARIAL
 11
25.28
 21
5.11
 31
0.0
100
AcDbText
 73
2
  0
TEXT
  5
D8
330
17
100
AcDbEntity
  8
E-COLUMNA
100
AcDbText
 10
11.084999999999999
 20
5.11
 30
0.0
 40
0.085
  1
COLUMNAS 0.30 x 0.30 (PRELIMINAR)
  7
ARIAL
 11
11.084999999999999
 21
5.11
 31
0.0
100
AcDbText
 73
2
  0
LINE
  5
D9
330
17
100
AcDbEntity
  8
A-PROYECCION
 48
0.1
100
AcDbLine
 10
2.09
 20
1.56
 30
0.0
 11
2.09
 21
8.85
 31
0.0
  0
LINE
  5
DA
330
17
100
AcDbEntity
  8
A-PUERTA
100
AcDbLine
 10
2.06
 20
1.56
 30
0.0
 11
0.23750000000000027
 21
1.56
 31
0.0
  0
LINE
  5
DB
330
17
100
AcDbEntity
  8
A-PUERTA
100
AcDbLine
 10
0.23750000000000027
 20
1.62
 30
0.0
 11
2.06
 21
1.62
 31
0.0
  0
LINE
  5
DC
330
17
100
AcDbEntity
  8
A-PUERTA
100
AcDbLine
 10
2.06
 20
1.56
 30
0.0
 11
0.23750000000000027
 21
1.56
 31
0.0
  0
ARC
  5
DD
330
17
100
AcDbEntity
  8
A-PUERTA
100
AcDbCircle
 10
2.06
 20
1.56
 30
0.0
 40
1.8224999999999998
100
AcDbArc
 50
90.0
 51
180.0
  0
LINE
  5
DE
330
17
100
AcDbEntity
  8
A-PUERTA
100
AcDbLine
 10
2.06
 20
8.85
 30
0.0
 11
0.23750000000000027
 21
8.85
 31
0.0
  0
LINE
  5
DF
330
17
100
AcDbEntity
  8
A-PUERTA
100
AcDbLine
 10
0.23750000000000027
 20
8.79
 30
0.0
 11
2.06
 21
8.79
 31
0.0
  0
LINE
  5
E0
330
17
100
AcDbEntity
  8
A-PUERTA
100
AcDbLine
 10
2.06
 20
8.85
 30
0.0
 11
0.23750000000000027
 21
8.85
 31
0.0
  0
ARC
  5
E1
330
17
100
AcDbEntity
  8
A-PUERTA
100
AcDbCircle
 10
2.06
 20
8.85
 30
0.0
 40
1.8224999999999998
100
AcDbArc
 50
180.0
 51
-90.0
  0
LINE
  5
E2
330
17
100
AcDbEntity
  8
A-PUERTA
100
AcDbLine
 10
2.06
 20
1.26
 30
0.0
 11
3.06
 21
1.26
 31
0.0
  0
ARC
  5
E3
330
17
100
AcDbEntity
  8
A-PUERTA
100
AcDbCircle
 10
2.06
 20
1.26
 30
0.0
 40
1.0
100
AcDbArc
 50
-90.0
 51
0.0
  0
LWPOLYLINE
  5
E4
330
17
100
AcDbEntity
  8
A-PROYECCION
 48
0.1
100
AcDbPolyline
 90
4
 70
1
 10
7.609999999999999
 20
0.15
 10
7.609999999999999
 20
8.85
 10
7.76
 20
8.85
 10
7.76
 20
0.15
  0
LWPOLYLINE
  5
E5
330
17
100
AcDbEntity
  8
A-PROYECCION
 48
0.1
100
AcDbPolyline
 90
4
 70
1
 10
10.26
 20
0.15
 10
10.26
 20
8.85
 10
10.41
 20
8.85
 10
10.41
 20
0.15
  0
LWPOLYLINE
  5
E6
330
17
100
AcDbEntity
  8
A-PROYECCION
 48
0.1
100
AcDbPolyline
 90
4
 70
1
 10
7.76
 20
1.47
 10
7.76
 20
8.85
 10
10.26
 20
8.85
 10
10.26
 20
1.47
  0
LINE
  5
E7
330
17
100
AcDbEntity
  8
A-PROYECCION
 48
0.1
100
AcDbLine
 10
7.76
 20
1.47
 30
0.0
 11
10.26
 21
8.85
 31
0.0
  0
LINE
  5
E8
330
17
100
AcDbEntity
  8
A-PROYECCION
 48
0.1
100
AcDbLine
 10
7.76
 20
8.85
 30
0.0
 11
10.26
 21
1.47
 31
0.0
  0
LWPOLYLINE
  5
E9
330
17
100
AcDbEntity
  8
A-PROYECCION
 48
0.1
100
AcDbPolyline
 90
4
 70
1
 10
16.98
 20
4.81
 10
16.98
 20
8.85
 10
19.48
 20
8.85
 10
19.48
 20
4.81
  0
LINE
  5
EA
330
17
100
AcDbEntity
  8
A-PROYECCION
 48
0.1
100
AcDbLine
 10
16.98
 20
4.81
 30
0.0
 11
19.48
 21
8.85
 31
0.0
  0
LINE
  5
EB
330
17
100
AcDbEntity
  8
A-PROYECCION
 48
0.1
100
AcDbLine
 10
16.98
 20
8.85
 30
0.0
 11
19.48
 21
4.81
 31
0.0
  0
LINE
  5
EC
330
17
100
AcDbEntity
  8
A-PROYECCION
 48
0.1
100
AcDbLine
 10
25.18
 20
0.15
 30
0.0
 11
25.18
 21
8.85
 31
0.0
  0
TEXT
  5
ED
330
17
100
AcDbEntity
  8
A-ESPACIOS
100
AcDbText
 10
4.51
 20
2.6
 30
0.0
 40
0.2
  1
E-1
  7
ARIAL
 72
1
 11
4.51
 21
2.6
 31
0.0
100
AcDbText
 73
2
  0
TEXT
  5
EE
330
17
100
AcDbEntity
  8
A-ESPACIOS
100
AcDbText
 10
4.51
 20
5.1
 30
0.0
 40
0.2
  1
E-2
  7
ARIAL
 72
1
 11
4.51
 21
5.1
 31
0.0
100
AcDbText
 73
2
  0
TEXT
  5
EF
330
17
100
AcDbEntity
  8
A-ESPACIOS
100
AcDbText
 10
4.51
 20
7.6
 30
0.0
 40
0.2
  1
E-3
  7
ARIAL
 72
1
 11
4.51
 21
7.6
 31
0.0
100
AcDbText
 73
2
  0
MTEXT
  5
F0
330
17
100
AcDbEntity
  8
A-ESPACIOS
100
AcDbMText
 10
12.6
 20
3.0
 30
0.0
 40
0.17
 41
3.5
 71
5
  1
JARDÍN SECO\P(NO CONSTRUIDO)
  7
ARIAL
  0
MTEXT
  5
F1
330
17
100
AcDbEntity
  8
A-ESPACIOS
100
AcDbMText
 10
22.0
 20
4.5
 30
0.0
 40
0.17
 41
3.5
 71
5
  1
JARDÍN SECO\P(NO CONSTRUIDO)
  7
ARIAL
  0
LINE
  5
F2
330
17
100
AcDbEntity
  8
A-ESCALERA
100
AcDbLine
 10
16.98
 20
1.35
 30
0.0
 11
18.080000000000002
 21
1.35
 31
0.0
  0
LINE
  5
F3
330
17
100
AcDbEntity
  8
A-ESCALERA
100
AcDbLine
 10
16.98
 20
1.6300000000000001
 30
0.0
 11
18.080000000000002
 21
1.6300000000000001
 31
0.0
  0
LINE
  5
F4
330
17
100
AcDbEntity
  8
A-ESCALERA
100
AcDbLine
 10
16.98
 20
1.9100000000000001
 30
0.0
 11
18.080000000000002
 21
1.9100000000000001
 31
0.0
  0
LINE
  5
F5
330
17
100
AcDbEntity
  8
A-ESCALERA
100
AcDbLine
 10
16.98
 20
2.1900000000000004
 30
0.0
 11
18.080000000000002
 21
2.1900000000000004
 31
0.0
  0
LINE
  5
F6
330
17
100
AcDbEntity
  8
A-ESCALERA
100
AcDbLine
 10
16.98
 20
2.47
 30
0.0
 11
18.080000000000002
 21
2.47
 31
0.0
  0
LINE
  5
F7
330
17
100
AcDbEntity
  8
A-ESCALERA
100
AcDbLine
 10
16.98
 20
2.75
 30
0.0
 11
18.080000000000002
 21
2.75
 31
0.0
  0
LINE
  5
F8
330
17
100
AcDbEntity
  8
A-ESCALERA
100
AcDbLine
 10
16.98
 20
3.0300000000000002
 30
0.0
 11
18.080000000000002
 21
3.0300000000000002
 31
0.0
  0
LINE
  5
F9
330
17
100
AcDbEntity
  8
A-PROYECCION
 48
0.1
100
AcDbLine
 10
16.98
 20
3.3100000000000005
 30
0.0
 11
18.080000000000002
 21
3.3100000000000005
 31
0.0
  0
LINE
  5
FA
330
17
100
AcDbEntity
  8
A-PROYECCION
 48
0.1
100
AcDbLine
 10
16.98
 20
3.5900000000000003
 30
0.0
 11
18.080000000000002
 21
3.5900000000000003
 31
0.0
  0
LINE
  5
FB
330
17
100
AcDbEntity
  8
A-ESCALERA
100
AcDbLine
 10
18.080000000000002
 20
1.35
 30
0.0
 11
18.080000000000002
 21
3.0300000000000002
 31
0.0
  0
LINE
  5
FC
330
17
100
AcDbEntity
  8
A-PROYECCION
 48
0.1
100
AcDbLine
 10
18.080000000000002
 20
3.0300000000000002
 30
0.0
 11
18.080000000000002
 21
3.5900000000000003
 31
0.0
  0
LINE
  5
FD
330
17
100
AcDbEntity
  8
A-ESCALERA
100
AcDbLine
 10
16.98
 20
2.7800000000000002
 30
0.0
 11
18.080000000000002
 21
3.2800000000000002
 31
0.0
  0
LINE
  5
FE
330
17
100
AcDbEntity
  8
A-PROYECCION
 48
0.1
100
AcDbLine
 10
18.38
 20
3.5900000000000003
 30
0.0
 11
19.48
 21
3.5900000000000003
 31
0.0
  0
LINE
  5
FF
330
17
100
AcDbEntity
  8
A-PROYECCION
 48
0.1
100
AcDbLine
 10
18.38
 20
3.3100000000000005
 30
0.0
 11
19.48
 21
3.3100000000000005
 31
0.0
  0
LINE
  5
100
330
17
100
AcDbEntity
  8
A-PROYECCION
 48
0.1
100
AcDbLine
 10
18.38
 20
3.0300000000000002
 30
0.0
 11
19.48
 21
3.0300000000000002
 31
0.0
  0
LINE
  5
101
330
17
100
AcDbEntity
  8
A-PROYECCION
 48
0.1
100
AcDbLine
 10
18.38
 20
2.75
 30
0.0
 11
19.48
 21
2.75
 31
0.0
  0
LINE
  5
102
330
17
100
AcDbEntity
  8
A-PROYECCION
 48
0.1
100
AcDbLine
 10
18.38
 20
2.47
 30
0.0
 11
19.48
 21
2.47
 31
0.0
  0
LINE
  5
103
330
17
100
AcDbEntity
  8
A-PROYECCION
 48
0.1
100
AcDbLine
 10
18.38
 20
2.1900000000000004
 30
0.0
 11
19.48
 21
2.1900000000000004
 31
0.0
  0
LINE
  5
104
330
17
100
AcDbEntity
  8
A-PROYECCION
 48
0.1
100
AcDbLine
 10
18.38
 20
1.9100000000000001
 30
0.0
 11
19.48
 21
1.9100000000000001
 31
0.0
  0
LINE
  5
105
330
17
100
AcDbEntity
  8
A-PROYECCION
 48
0.1
100
AcDbLine
 10
18.38
 20
1.6300000000000001
 30
0.0
 11
19.48
 21
1.6300000000000001
 31
0.0
  0
LINE
  5
106
330
17
100
AcDbEntity
  8
A-PROYECCION
 48
0.1
100
AcDbLine
 10
18.38
 20
1.6300000000000001
 30
0.0
 11
18.38
 21
3.5900000000000003
 31
0.0
  0
LINE
  5
107
330
17
100
AcDbEntity
  8
A-PROYECCION
 48
0.1
100
AcDbLine
 10
16.98
 20
3.5900000000000003
 30
0.0
 11
19.48
 21
3.5900000000000003
 31
0.0
  0
LWPOLYLINE
  5
108
330
17
100
AcDbEntity
  8
A-MURO
100
AcDbPolyline
 90
4
 70
1
 10
16.86
 20
0.15
 10
16.86
 20
0.25
 10
16.98
 20
0.25
 10
16.98
 20
0.15
  0
HATCH
  5
109
330
17
100
AcDbEntity
  8
A-MURO-TRAMA
 62
7
100
AcDbHatch
 10
0.0
 20
0.0
 30
0.0
210
0.0
220
0.0
230
1.0
  2
ANSI31
 70
0
 71
0
 91
1
 92
3
 72
0
 73
1
 93
4
 10
16.86
 20
0.15
 10
16.86
 20
0.25
 10
16.98
 20
0.25
 10
16.98
 20
0.15
 97
0
 75
1
 76
1
 52
0.0
 41
0.03
 77
0
 78
1
 53
45.0
 43
0.0
 44
0.0
 45
-0.0020205576
 46
0.0020205576
 79
0
 98
0
  0
LWPOLYLINE
  5
10A
330
17
100
AcDbEntity
  8
A-MURO
100
AcDbPolyline
 90
4
 70
1
 10
16.86
 20
1.25
 10
16.86
 20
4.81
 10
16.98
 20
4.81
 10
16.98
 20
1.25
  0
HATCH
  5
10B
330
17
100
AcDbEntity
  8
A-MURO-TRAMA
 62
7
100
AcDbHatch
 10
0.0
 20
0.0
 30
0.0
210
0.0
220
0.0
230
1.0
  2
ANSI31
 70
0
 71
0
 91
1
 92
3
 72
0
 73
1
 93
4
 10
16.86
 20
1.25
 10
16.86
 20
4.81
 10
16.98
 20
4.81
 10
16.98
 20
1.25
 97
0
 75
1
 76
1
 52
0.0
 41
0.03
 77
0
 78
1
 53
45.0
 43
0.0
 44
0.0
 45
-0.0020205576
 46
0.0020205576
 79
0
 98
0
  0
LWPOLYLINE
  5
10C
330
17
100
AcDbEntity
  8
A-MURO
100
AcDbPolyline
 90
4
 70
1
 10
16.98
 20
4.69
 10
16.98
 20
4.81
 10
19.48
 20
4.81
 10
19.48
 20
4.69
  0
HATCH
  5
10D
330
17
100
AcDbEntity
  8
A-MURO-TRAMA
 62
7
100
AcDbHatch
 10
0.0
 20
0.0
 30
0.0
210
0.0
220
0.0
230
1.0
  2
ANSI31
 70
0
 71
0
 91
1
 92
3
 72
0
 73
1
 93
4
 10
16.98
 20
4.69
 10
16.98
 20
4.81
 10
19.48
 20
4.81
 10
19.48
 20
4.69
 97
0
 75
1
 76
1
 52
0.0
 41
0.03
 77
0
 78
1
 53
45.0
 43
0.0
 44
0.0
 45
-0.0020205576
 46
0.0020205576
 79
0
 98
0
  0
LWPOLYLINE
  5
10E
330
17
100
AcDbEntity
  8
A-MURO
100
AcDbPolyline
 90
4
 70
1
 10
19.48
 20
0.15
 10
19.48
 20
4.81
 10
19.6
 20
4.81
 10
19.6
 20
0.15
  0
HATCH
  5
10F
330
17
100
AcDbEntity
  8
A-MURO-TRAMA
 62
7
100
AcDbHatch
 10
0.0
 20
0.0
 30
0.0
210
0.0
220
0.0
230
1.0
  2
ANSI31
 70
0
 71
0
 91
1
 92
3
 72
0
 73
1
 93
4
 10
19.48
 20
0.15
 10
19.48
 20
4.81
 10
19.6
 20
4.81
 10
19.6
 20
0.15
 97
0
 75
1
 76
1
 52
0.0
 41
0.03
 77
0
 78
1
 53
45.0
 43
0.0
 44
0.0
 45
-0.0020205576
 46
0.0020205576
 79
0
 98
0
  0
LINE
  5
110
330
17
100
AcDbEntity
  8
A-PUERTA
100
AcDbLine
 10
16.98
 20
0.25
 30
0.0
 11
17.98
 21
0.25
 31
0.0
  0
ARC
  5
111
330
17
100
AcDbEntity
  8
A-PUERTA
100
AcDbCircle
 10
16.98
 20
0.25
 30
0.0
 40
1.0
100
AcDbArc
 50
0.0
 51
90.0
  0
TEXT
  5
112
330
17
100
AcDbEntity
  8
A-ESPACIOS
100
AcDbText
 10
18.6
 20
0.45
 30
0.0
 40
0.12
  1
VESTÍBULO
  7
ARIAL
 72
1
 11
18.6
 21
0.45
 31
0.0
100
AcDbText
 73
2
  0
LINE
  5
113
330
17
100
AcDbEntity
  8
A-ESCALERA
100
AcDbLine
 10
17.53
 20
1.5
 30
0.0
 11
17.53
 21
2.8800000000000003
 31
0.0
  0
SOLID
  5
114
330
17
100
AcDbEntity
  8
A-ESCALERA
100
AcDbTrace
 10
17.53
 20
2.8800000000000003
 30
0.0
 11
17.41
 21
2.68
 31
0.0
 12
17.650000000000002
 22
2.68
 32
0.0
 13
17.650000000000002
 23
2.68
 33
0.0
  0
TEXT
  5
115
330
17
100
AcDbEntity
  8
A-ESCALERA
100
AcDbText
 10
17.71
 20
1.9000000000000001
 30
0.0
 40
0.13
  1
SUBE
  7
ARIAL
 72
1
 11
17.71
 21
1.9000000000000001
 31
0.0
100
AcDbText
 73
2
  0
TEXT
  5
116
330
17
100
AcDbEntity
  8
A-ESPACIOS
100
AcDbText
 10
4.6
 20
0.75
 30
0.0
 40
0.13
  1
PASILLO PEATONAL
  7
ARIAL
 72
1
 11
4.6
 21
0.75
 31
0.0
100
AcDbText
 73
2
  0
TEXT
  5
117
330
17
100
AcDbEntity
  8
A-ESPACIOS
100
AcDbText
 10
12.0
 20
0.75
 30
0.0
 40
0.13
  1
PASILLO
  7
ARIAL
 72
1
 11
12.0
 21
0.75
 31
0.0
100
AcDbText
 73
2
  0
TEXT
  5
118
330
17
100
AcDbEntity
  8
A-ESPACIOS
100
AcDbText
 10
-2.15
 20
4.5
 30
0.0
 40
0.22
  1
CALLE PÚBLICA
 50
90.0
  7
ARIAL
 72
1
 11
-2.15
 21
4.5
 31
0.0
100
AcDbText
 73
2
  0
TEXT
  5
119
330
17
100
AcDbEntity
  8
A-ESPACIOS
100
AcDbText
 10
1.05
 20
6.4
 30
0.0
 40
0.12
  1
RETIRO FRONTAL
 50
90.0
  7
ARIAL
 72
1
 11
1.05
 21
6.4
 31
0.0
100
AcDbText
 73
2
  0
LINE
  5
11A
330
17
100
AcDbEntity
  8
A-EJES
 48
0.05
100
AcDbLine
 10
-0.2
 20
0.075
 30
0.0
 11
29.85
 21
0.075
 31
0.0
  0
CIRCLE
  5
11B
330
17
100
AcDbEntity
  8
A-EJES-TXT
100
AcDbCircle
 10
30.130000000000003
 20
0.075
 30
0.0
 40
0.28
  0
TEXT
  5
11C
330
17
100
AcDbEntity
  8
A-EJES-TXT
100
AcDbText
 10
30.130000000000003
 20
0.075
 30
0.0
 40
0.22
  1
A
  7
ARIAL
 72
1
 11
30.130000000000003
 21
0.075
 31
0.0
100
AcDbText
 73
2
  0
LINE
  5
11D
330
17
100
AcDbEntity
  8
A-EJES
 48
0.05
100
AcDbLine
 10
-0.2
 20
1.4100000000000001
 30
0.0
 11
29.85
 21
1.4100000000000001
 31
0.0
  0
CIRCLE
  5
11E
330
17
100
AcDbEntity
  8
A-EJES-TXT
100
AcDbCircle
 10
30.130000000000003
 20
1.4100000000000001
 30
0.0
 40
0.28
  0
TEXT
  5
11F
330
17
100
AcDbEntity
  8
A-EJES-TXT
100
AcDbText
 10
30.130000000000003
 20
1.4100000000000001
 30
0.0
 40
0.22
  1
B
  7
ARIAL
 72
1
 11
30.130000000000003
 21
1.4100000000000001
 31
0.0
100
AcDbText
 73
2
  0
LINE
  5
120
330
17
100
AcDbEntity
  8
A-EJES
 48
0.05
100
AcDbLine
 10
-0.2
 20
4.84
 30
0.0
 11
29.85
 21
4.84
 31
0.0
  0
CIRCLE
  5
121
330
17
100
AcDbEntity
  8
A-EJES-TXT
100
AcDbCircle
 10
30.130000000000003
 20
4.84
 30
0.0
 40
0.28
  0
TEXT
  5
122
330
17
100
AcDbEntity
  8
A-EJES-TXT
100
AcDbText
 10
30.130000000000003
 20
4.84
 30
0.0
 40
0.22
  1
C
  7
ARIAL
 72
1
 11
30.130000000000003
 21
4.84
 31
0.0
100
AcDbText
 73
2
  0
LINE
  5
123
330
17
100
AcDbEntity
  8
A-EJES
 48
0.05
100
AcDbLine
 10
-0.2
 20
8.925
 30
0.0
 11
29.85
 21
8.925
 31
0.0
  0
CIRCLE
  5
124
330
17
100
AcDbEntity
  8
A-EJES-TXT
100
AcDbCircle
 10
30.130000000000003
 20
8.925
 30
0.0
 40
0.28
  0
TEXT
  5
125
330
17
100
AcDbEntity
  8
A-EJES-TXT
100
AcDbText
 10
30.130000000000003
 20
8.925
 30
0.0
 40
0.22
  1
D
  7
ARIAL
 72
1
 11
30.130000000000003
 21
8.925
 31
0.0
100
AcDbText
 73
2
  0
LINE
  5
126
330
17
100
AcDbEntity
  8
A-EJES
 48
0.05
100
AcDbLine
 10
2.1350000000000002
 20
-2.35
 30
0.0
 11
2.1350000000000002
 21
10.2
 31
0.0
  0
CIRCLE
  5
127
330
17
100
AcDbEntity
  8
A-EJES-TXT
100
AcDbCircle
 10
2.1350000000000002
 20
-2.63
 30
0.0
 40
0.28
  0
TEXT
  5
128
330
17
100
AcDbEntity
  8
A-EJES-TXT
100
AcDbText
 10
2.1350000000000002
 20
-2.63
 30
0.0
 40
0.22
  1
1
  7
ARIAL
 72
1
 11
2.1350000000000002
 21
-2.63
 31
0.0
100
AcDbText
 73
2
  0
LINE
  5
129
330
17
100
AcDbEntity
  8
A-EJES
 48
0.05
100
AcDbLine
 10
7.685
 20
-2.35
 30
0.0
 11
7.685
 21
10.2
 31
0.0
  0
CIRCLE
  5
12A
330
17
100
AcDbEntity
  8
A-EJES-TXT
100
AcDbCircle
 10
7.685
 20
-2.63
 30
0.0
 40
0.28
  0
TEXT
  5
12B
330
17
100
AcDbEntity
  8
A-EJES-TXT
100
AcDbText
 10
7.685
 20
-2.63
 30
0.0
 40
0.22
  1
2
  7
ARIAL
 72
1
 11
7.685
 21
-2.63
 31
0.0
100
AcDbText
 73
2
  0
LINE
  5
12C
330
17
100
AcDbEntity
  8
A-EJES
 48
0.05
100
AcDbLine
 10
10.334999999999999
 20
-2.35
 30
0.0
 11
10.334999999999999
 21
10.2
 31
0.0
  0
CIRCLE
  5
12D
330
17
100
AcDbEntity
  8
A-EJES-TXT
100
AcDbCircle
 10
10.334999999999999
 20
-2.63
 30
0.0
 40
0.28
  0
TEXT
  5
12E
330
17
100
AcDbEntity
  8
A-EJES-TXT
100
AcDbText
 10
10.334999999999999
 20
-2.63
 30
0.0
 40
0.22
  1
3
  7
ARIAL
 72
1
 11
10.334999999999999
 21
-2.63
 31
0.0
100
AcDbText
 73
2
  0
LINE
  5
12F
330
17
100
AcDbEntity
  8
A-EJES
 48
0.05
100
AcDbLine
 10
16.905
 20
-2.35
 30
0.0
 11
16.905
 21
10.2
 31
0.0
  0
CIRCLE
  5
130
330
17
100
AcDbEntity
  8
A-EJES-TXT
100
AcDbCircle
 10
16.905
 20
-2.63
 30
0.0
 40
0.28
  0
TEXT
  5
131
330
17
100
AcDbEntity
  8
A-EJES-TXT
100
AcDbText
 10
16.905
 20
-2.63
 30
0.0
 40
0.22
  1
4
  7
ARIAL
 72
1
 11
16.905
 21
-2.63
 31
0.0
100
AcDbText
 73
2
  0
LINE
  5
132
330
17
100
AcDbEntity
  8
A-EJES
 48
0.05
100
AcDbLine
 10
19.555
 20
-2.35
 30
0.0
 11
19.555
 21
10.2
 31
0.0
  0
CIRCLE
  5
133
330
17
100
AcDbEntity
  8
A-EJES-TXT
100
AcDbCircle
 10
19.555
 20
-2.63
 30
0.0
 40
0.28
  0
TEXT
  5
134
330
17
100
AcDbEntity
  8
A-EJES-TXT
100
AcDbText
 10
19.555
 20
-2.63
 30
0.0
 40
0.22
  1
5
  7
ARIAL
 72
1
 11
19.555
 21
-2.63
 31
0.0
100
AcDbText
 73
2
  0
LINE
  5
135
330
17
100
AcDbEntity
  8
A-EJES
 48
0.05
100
AcDbLine
 10
25.105
 20
-2.35
 30
0.0
 11
25.105
 21
10.2
 31
0.0
  0
CIRCLE
  5
136
330
17
100
AcDbEntity
  8
A-EJES-TXT
100
AcDbCircle
 10
25.105
 20
-2.63
 30
0.0
 40
0.28
  0
TEXT
  5
137
330
17
100
AcDbEntity
  8
A-EJES-TXT
100
AcDbText
 10
25.105
 20
-2.63
 30
0.0
 40
0.22
  1
6
  7
ARIAL
 72
1
 11
25.105
 21
-2.63
 31
0.0
100
AcDbText
 73
2
  0
LWPOLYLINE
  5
138
330
17
100
AcDbEntity
  8
T-LINDERO
100
AcDbPolyline
 90
5
 70
1
 10
0.0
 20
-20.0
 10
0.010879637986303953
 20
-15.335283327658265
 10
0.05655167053563409
 20
-10.992575178851485
 10
28.51811244861565
 20
-11.000196537113997
 10
28.511978184595964
 20
-20.0
  0
LWPOLYLINE
  5
139
330
17
100
AcDbEntity
  8
A-MURO
100
AcDbPolyline
 90
4
 70
1
 10
2.06
 20
-20.0
 10
2.06
 20
-19.85
 10
25.18
 20
-19.85
 10
25.18
 20
-20.0
  0
HATCH
  5
13A
330
17
100
AcDbEntity
  8
A-MURO-TRAMA
 62
7
100
AcDbHatch
 10
0.0
 20
0.0
 30
0.0
210
0.0
220
0.0
230
1.0
  2
ANSI31
 70
0
 71
0
 91
1
 92
3
 72
0
 73
1
 93
4
 10
2.06
 20
-20.0
 10
2.06
 20
-19.85
 10
25.18
 20
-19.85
 10
25.18
 20
-20.0
 97
0
 75
1
 76
1
 52
0.0
 41
0.03
 77
0
 78
1
 53
45.0
 43
0.0
 44
0.0
 45
-0.0020205576
 46
0.0020205576
 79
0
 98
0
  0
LWPOLYLINE
  5
13B
330
17
100
AcDbEntity
  8
A-MURO
100
AcDbPolyline
 90
4
 70
1
 10
2.06
 20
-11.15
 10
2.06
 20
-11.0
 10
25.18
 20
-11.0
 10
25.18
 20
-11.15
  0
HATCH
  5
13C
330
17
100
AcDbEntity
  8
A-MURO-TRAMA
 62
7
100
AcDbHatch
 10
0.0
 20
0.0
 30
0.0
210
0.0
220
0.0
230
1.0
  2
ANSI31
 70
0
 71
0
 91
1
 92
3
 72
0
 73
1
 93
4
 10
2.06
 20
-11.15
 10
2.06
 20
-11.0
 10
25.18
 20
-11.0
 10
25.18
 20
-11.15
 97
0
 75
1
 76
1
 52
0.0
 41
0.03
 77
0
 78
1
 53
45.0
 43
0.0
 44
0.0
 45
-0.0020205576
 46
0.0020205576
 79
0
 98
0
  0
LWPOLYLINE
  5
13D
330
17
100
AcDbEntity
  8
A-MURO
100
AcDbPolyline
 90
4
 70
1
 10
2.06
 20
-19.85
 10
2.06
 20
-19.3
 10
2.21
 20
-19.3
 10
2.21
 20
-19.85
  0
HATCH
  5
13E
330
17
100
AcDbEntity
  8
A-MURO-TRAMA
 62
7
100
AcDbHatch
 10
0.0
 20
0.0
 30
0.0
210
0.0
220
0.0
230
1.0
  2
ANSI31
 70
0
 71
0
 91
1
 92
3
 72
0
 73
1
 93
4
 10
2.06
 20
-19.85
 10
2.06
 20
-19.3
 10
2.21
 20
-19.3
 10
2.21
 20
-19.85
 97
0
 75
1
 76
1
 52
0.0
 41
0.03
 77
0
 78
1
 53
45.0
 43
0.0
 44
0.0
 45
-0.0020205576
 46
0.0020205576
 79
0
 98
0
  0
LWPOLYLINE
  5
13F
330
17
100
AcDbEntity
  8
A-MURO
100
AcDbPolyline
 90
4
 70
1
 10
2.06
 20
-17.1
 10
2.06
 20
-16.240000000000002
 10
2.21
 20
-16.240000000000002
 10
2.21
 20
-17.1
  0
HATCH
  5
140
330
17
100
AcDbEntity
  8
A-MURO-TRAMA
 62
7
100
AcDbHatch
 10
0.0
 20
0.0
 30
0.0
210
0.0
220
0.0
230
1.0
  2
ANSI31
 70
0
 71
0
 91
1
 92
3
 72
0
 73
1
 93
4
 10
2.06
 20
-17.1
 10
2.06
 20
-16.240000000000002
 10
2.21
 20
-16.240000000000002
 10
2.21
 20
-17.1
 97
0
 75
1
 76
1
 52
0.0
 41
0.03
 77
0
 78
1
 53
45.0
 43
0.0
 44
0.0
 45
-0.0020205576
 46
0.0020205576
 79
0
 98
0
  0
LWPOLYLINE
  5
141
330
17
100
AcDbEntity
  8
A-MURO
100
AcDbPolyline
 90
4
 70
1
 10
2.06
 20
-15.34
 10
2.06
 20
-13.6
 10
2.21
 20
-13.6
 10
2.21
 20
-15.34
  0
HATCH
  5
142
330
17
100
AcDbEntity
  8
A-MURO-TRAMA
 62
7
100
AcDbHatch
 10
0.0
 20
0.0
 30
0.0
210
0.0
220
0.0
230
1.0
  2
ANSI31
 70
0
 71
0
 91
1
 92
3
 72
0
 73
1
 93
4
 10
2.06
 20
-15.34
 10
2.06
 20
-13.6
 10
2.21
 20
-13.6
 10
2.21
 20
-15.34
 97
0
 75
1
 76
1
 52
0.0
 41
0.03
 77
0
 78
1
 53
45.0
 43
0.0
 44
0.0
 45
-0.0020205576
 46
0.0020205576
 79
0
 98
0
  0
LWPOLYLINE
  5
143
330
17
100
AcDbEntity
  8
A-MURO
100
AcDbPolyline
 90
4
 70
1
 10
2.06
 20
-11.8
 10
2.06
 20
-11.15
 10
2.21
 20
-11.15
 10
2.21
 20
-11.8
  0
HATCH
  5
144
330
17
100
AcDbEntity
  8
A-MURO-TRAMA
 62
7
100
AcDbHatch
 10
0.0
 20
0.0
 30
0.0
210
0.0
220
0.0
230
1.0
  2
ANSI31
 70
0
 71
0
 91
1
 92
3
 72
0
 73
1
 93
4
 10
2.06
 20
-11.8
 10
2.06
 20
-11.15
 10
2.21
 20
-11.15
 10
2.21
 20
-11.8
 97
0
 75
1
 76
1
 52
0.0
 41
0.03
 77
0
 78
1
 53
45.0
 43
0.0
 44
0.0
 45
-0.0020205576
 46
0.0020205576
 79
0
 98
0
  0
LINE
  5
145
330
17
100
AcDbEntity
  8
A-VENTANA
100
AcDbLine
 10
2.06
 20
-19.3
 30
0.0
 11
2.06
 21
-17.1
 31
0.0
  0
LINE
  5
146
330
17
100
AcDbEntity
  8
A-VENTANA
100
AcDbLine
 10
2.21
 20
-19.3
 30
0.0
 11
2.21
 21
-17.1
 31
0.0
  0
LINE
  5
147
330
17
100
AcDbEntity
  8
A-VENTANA
100
AcDbLine
 10
2.135
 20
-19.3
 30
0.0
 11
2.135
 21
-17.1
 31
0.0
  0
LINE
  5
148
330
17
100
AcDbEntity
  8
A-VENTANA
100
AcDbLine
 10
2.06
 20
-19.3
 30
0.0
 11
2.21
 21
-19.3
 31
0.0
  0
LINE
  5
149
330
17
100
AcDbEntity
  8
A-VENTANA
100
AcDbLine
 10
2.06
 20
-17.1
 30
0.0
 11
2.21
 21
-17.1
 31
0.0
  0
LINE
  5
14A
330
17
100
AcDbEntity
  8
A-VENTANA
100
AcDbLine
 10
2.06
 20
-16.240000000000002
 30
0.0
 11
2.06
 21
-15.34
 31
0.0
  0
LINE
  5
14B
330
17
100
AcDbEntity
  8
A-VENTANA
100
AcDbLine
 10
2.21
 20
-16.240000000000002
 30
0.0
 11
2.21
 21
-15.34
 31
0.0
  0
LINE
  5
14C
330
17
100
AcDbEntity
  8
A-VENTANA
100
AcDbLine
 10
2.135
 20
-16.240000000000002
 30
0.0
 11
2.135
 21
-15.34
 31
0.0
  0
LINE
  5
14D
330
17
100
AcDbEntity
  8
A-VENTANA
100
AcDbLine
 10
2.06
 20
-16.240000000000002
 30
0.0
 11
2.21
 21
-16.240000000000002
 31
0.0
  0
LINE
  5
14E
330
17
100
AcDbEntity
  8
A-VENTANA
100
AcDbLine
 10
2.06
 20
-15.34
 30
0.0
 11
2.21
 21
-15.34
 31
0.0
  0
LINE
  5
14F
330
17
100
AcDbEntity
  8
A-VENTANA
100
AcDbLine
 10
2.06
 20
-13.6
 30
0.0
 11
2.06
 21
-11.8
 31
0.0
  0
LINE
  5
150
330
17
100
AcDbEntity
  8
A-VENTANA
100
AcDbLine
 10
2.21
 20
-13.6
 30
0.0
 11
2.21
 21
-11.8
 31
0.0
  0
LINE
  5
151
330
17
100
AcDbEntity
  8
A-VENTANA
100
AcDbLine
 10
2.135
 20
-13.6
 30
0.0
 11
2.135
 21
-11.8
 31
0.0
  0
LINE
  5
152
330
17
100
AcDbEntity
  8
A-VENTANA
100
AcDbLine
 10
2.06
 20
-13.6
 30
0.0
 11
2.21
 21
-13.6
 31
0.0
  0
LINE
  5
153
330
17
100
AcDbEntity
  8
A-VENTANA
100
AcDbLine
 10
2.06
 20
-11.8
 30
0.0
 11
2.21
 21
-11.8
 31
0.0
  0
LWPOLYLINE
  5
154
330
17
100
AcDbEntity
  8
A-MURO
100
AcDbPolyline
 90
4
 70
1
 10
25.03
 20
-19.85
 10
25.03
 20
-19.3
 10
25.18
 20
-19.3
 10
25.18
 20
-19.85
  0
HATCH
  5
155
330
17
100
AcDbEntity
  8
A-MURO-TRAMA
 62
7
100
AcDbHatch
 10
0.0
 20
0.0
 30
0.0
210
0.0
220
0.0
230
1.0
  2
ANSI31
 70
0
 71
0
 91
1
 92
3
 72
0
 73
1
 93
4
 10
25.03
 20
-19.85
 10
25.03
 20
-19.3
 10
25.18
 20
-19.3
 10
25.18
 20
-19.85
 97
0
 75
1
 76
1
 52
0.0
 41
0.03
 77
0
 78
1
 53
45.0
 43
0.0
 44
0.0
 45
-0.0020205576
 46
0.0020205576
 79
0
 98
0
  0
LWPOLYLINE
  5
156
330
17
100
AcDbEntity
  8
A-MURO
100
AcDbPolyline
 90
4
 70
1
 10
25.03
 20
-17.1
 10
25.03
 20
-16.15
 10
25.18
 20
-16.15
 10
25.18
 20
-17.1
  0
HATCH
  5
157
330
17
100
AcDbEntity
  8
A-MURO-TRAMA
 62
7
100
AcDbHatch
 10
0.0
 20
0.0
 30
0.0
210
0.0
220
0.0
230
1.0
  2
ANSI31
 70
0
 71
0
 91
1
 92
3
 72
0
 73
1
 93
4
 10
25.03
 20
-17.1
 10
25.03
 20
-16.15
 10
25.18
 20
-16.15
 10
25.18
 20
-17.1
 97
0
 75
1
 76
1
 52
0.0
 41
0.03
 77
0
 78
1
 53
45.0
 43
0.0
 44
0.0
 45
-0.0020205576
 46
0.0020205576
 79
0
 98
0
  0
LWPOLYLINE
  5
158
330
17
100
AcDbEntity
  8
A-MURO
100
AcDbPolyline
 90
4
 70
1
 10
25.03
 20
-15.4
 10
25.03
 20
-13.6
 10
25.18
 20
-13.6
 10
25.18
 20
-15.4
  0
HATCH
  5
159
330
17
100
AcDbEntity
  8
A-MURO-TRAMA
 62
7
100
AcDbHatch
 10
0.0
 20
0.0
 30
0.0
210
0.0
220
0.0
230
1.0
  2
ANSI31
 70
0
 71
0
 91
1
 92
3
 72
0
 73
1
 93
4
 10
25.03
 20
-15.4
 10
25.03
 20
-13.6
 10
25.18
 20
-13.6
 10
25.18
 20
-15.4
 97
0
 75
1
 76
1
 52
0.0
 41
0.03
 77
0
 78
1
 53
45.0
 43
0.0
 44
0.0
 45
-0.0020205576
 46
0.0020205576
 79
0
 98
0
  0
LWPOLYLINE
  5
15A
330
17
100
AcDbEntity
  8
A-MURO
100
AcDbPolyline
 90
4
 70
1
 10
25.03
 20
-11.8
 10
25.03
 20
-11.15
 10
25.18
 20
-11.15
 10
25.18
 20
-11.8
  0
HATCH
  5
15B
330
17
100
AcDbEntity
  8
A-MURO-TRAMA
 62
7
100
AcDbHatch
 10
0.0
 20
0.0
 30
0.0
210
0.0
220
0.0
230
1.0
  2
ANSI31
 70
0
 71
0
 91
1
 92
3
 72
0
 73
1
 93
4
 10
25.03
 20
-11.8
 10
25.03
 20
-11.15
 10
25.18
 20
-11.15
 10
25.18
 20
-11.8
 97
0
 75
1
 76
1
 52
0.0
 41
0.03
 77
0
 78
1
 53
45.0
 43
0.0
 44
0.0
 45
-0.0020205576
 46
0.0020205576
 79
0
 98
0
  0
LINE
  5
15C
330
17
100
AcDbEntity
  8
A-VENTANA
100
AcDbLine
 10
25.03
 20
-19.3
 30
0.0
 11
25.03
 21
-17.1
 31
0.0
  0
LINE
  5
15D
330
17
100
AcDbEntity
  8
A-VENTANA
100
AcDbLine
 10
25.18
 20
-19.3
 30
0.0
 11
25.18
 21
-17.1
 31
0.0
  0
LINE
  5
15E
330
17
100
AcDbEntity
  8
A-VENTANA
100
AcDbLine
 10
25.105
 20
-19.3
 30
0.0
 11
25.105
 21
-17.1
 31
0.0
  0
LINE
  5
15F
330
17
100
AcDbEntity
  8
A-VENTANA
100
AcDbLine
 10
25.03
 20
-19.3
 30
0.0
 11
25.18
 21
-19.3
 31
0.0
  0
LINE
  5
160
330
17
100
AcDbEntity
  8
A-VENTANA
100
AcDbLine
 10
25.03
 20
-17.1
 30
0.0
 11
25.18
 21
-17.1
 31
0.0
  0
LINE
  5
161
330
17
100
AcDbEntity
  8
A-VENTANA
100
AcDbLine
 10
25.03
 20
-16.15
 30
0.0
 11
25.03
 21
-15.4
 31
0.0
  0
LINE
  5
162
330
17
100
AcDbEntity
  8
A-VENTANA
100
AcDbLine
 10
25.18
 20
-16.15
 30
0.0
 11
25.18
 21
-15.4
 31
0.0
  0
LINE
  5
163
330
17
100
AcDbEntity
  8
A-VENTANA
100
AcDbLine
 10
25.105
 20
-16.15
 30
0.0
 11
25.105
 21
-15.4
 31
0.0
  0
LINE
  5
164
330
17
100
AcDbEntity
  8
A-VENTANA
100
AcDbLine
 10
25.03
 20
-16.15
 30
0.0
 11
25.18
 21
-16.15
 31
0.0
  0
LINE
  5
165
330
17
100
AcDbEntity
  8
A-VENTANA
100
AcDbLine
 10
25.03
 20
-15.4
 30
0.0
 11
25.18
 21
-15.4
 31
0.0
  0
LINE
  5
166
330
17
100
AcDbEntity
  8
A-VENTANA
100
AcDbLine
 10
25.03
 20
-13.6
 30
0.0
 11
25.03
 21
-11.8
 31
0.0
  0
LINE
  5
167
330
17
100
AcDbEntity
  8
A-VENTANA
100
AcDbLine
 10
25.18
 20
-13.6
 30
0.0
 11
25.18
 21
-11.8
 31
0.0
  0
LINE
  5
168
330
17
100
AcDbEntity
  8
A-VENTANA
100
AcDbLine
 10
25.105
 20
-13.6
 30
0.0
 11
25.105
 21
-11.8
 31
0.0
  0
LINE
  5
169
330
17
100
AcDbEntity
  8
A-VENTANA
100
AcDbLine
 10
25.03
 20
-13.6
 30
0.0
 11
25.18
 21
-13.6
 31
0.0
  0
LINE
  5
16A
330
17
100
AcDbEntity
  8
A-VENTANA
100
AcDbLine
 10
25.03
 20
-11.8
 30
0.0
 11
25.18
 21
-11.8
 31
0.0
  0
LWPOLYLINE
  5
16B
330
17
100
AcDbEntity
  8
A-MURO
100
AcDbPolyline
 90
4
 70
1
 10
7.609999999999999
 20
-19.85
 10
7.609999999999999
 20
-19.75
 10
7.76
 20
-19.75
 10
7.76
 20
-19.85
  0
HATCH
  5
16C
330
17
100
AcDbEntity
  8
A-MURO-TRAMA
 62
7
100
AcDbHatch
 10
0.0
 20
0.0
 30
0.0
210
0.0
220
0.0
230
1.0
  2
ANSI31
 70
0
 71
0
 91
1
 92
3
 72
0
 73
1
 93
4
 10
7.609999999999999
 20
-19.85
 10
7.609999999999999
 20
-19.75
 10
7.76
 20
-19.75
 10
7.76
 20
-19.85
 97
0
 75
1
 76
1
 52
0.0
 41
0.03
 77
0
 78
1
 53
45.0
 43
0.0
 44
0.0
 45
-0.0020205576
 46
0.0020205576
 79
0
 98
0
  0
LWPOLYLINE
  5
16D
330
17
100
AcDbEntity
  8
A-MURO
100
AcDbPolyline
 90
4
 70
1
 10
7.609999999999999
 20
-18.85
 10
7.609999999999999
 20
-18.0
 10
7.76
 20
-18.0
 10
7.76
 20
-18.85
  0
HATCH
  5
16E
330
17
100
AcDbEntity
  8
A-MURO-TRAMA
 62
7
100
AcDbHatch
 10
0.0
 20
0.0
 30
0.0
210
0.0
220
0.0
230
1.0
  2
ANSI31
 70
0
 71
0
 91
1
 92
3
 72
0
 73
1
 93
4
 10
7.609999999999999
 20
-18.85
 10
7.609999999999999
 20
-18.0
 10
7.76
 20
-18.0
 10
7.76
 20
-18.85
 97
0
 75
1
 76
1
 52
0.0
 41
0.03
 77
0
 78
1
 53
45.0
 43
0.0
 44
0.0
 45
-0.0020205576
 46
0.0020205576
 79
0
 98
0
  0
LWPOLYLINE
  5
16F
330
17
100
AcDbEntity
  8
A-MURO
100
AcDbPolyline
 90
4
 70
1
 10
7.609999999999999
 20
-15.6
 10
7.609999999999999
 20
-14.4
 10
7.76
 20
-14.4
 10
7.76
 20
-15.6
  0
HATCH
  5
170
330
17
100
AcDbEntity
  8
A-MURO-TRAMA
 62
7
100
AcDbHatch
 10
0.0
 20
0.0
 30
0.0
210
0.0
220
0.0
230
1.0
  2
ANSI31
 70
0
 71
0
 91
1
 92
3
 72
0
 73
1
 93
4
 10
7.609999999999999
 20
-15.6
 10
7.609999999999999
 20
-14.4
 10
7.76
 20
-14.4
 10
7.76
 20
-15.6
 97
0
 75
1
 76
1
 52
0.0
 41
0.03
 77
0
 78
1
 53
45.0
 43
0.0
 44
0.0
 45
-0.0020205576
 46
0.0020205576
 79
0
 98
0
  0
LWPOLYLINE
  5
171
330
17
100
AcDbEntity
  8
A-MURO
100
AcDbPolyline
 90
4
 70
1
 10
7.609999999999999
 20
-11.8
 10
7.609999999999999
 20
-11.15
 10
7.76
 20
-11.15
 10
7.76
 20
-11.8
  0
HATCH
  5
172
330
17
100
AcDbEntity
  8
A-MURO-TRAMA
 62
7
100
AcDbHatch
 10
0.0
 20
0.0
 30
0.0
210
0.0
220
0.0
230
1.0
  2
ANSI31
 70
0
 71
0
 91
1
 92
3
 72
0
 73
1
 93
4
 10
7.609999999999999
 20
-11.8
 10
7.609999999999999
 20
-11.15
 10
7.76
 20
-11.15
 10
7.76
 20
-11.8
 97
0
 75
1
 76
1
 52
0.0
 41
0.03
 77
0
 78
1
 53
45.0
 43
0.0
 44
0.0
 45
-0.0020205576
 46
0.0020205576
 79
0
 98
0
  0
LINE
  5
173
330
17
100
AcDbEntity
  8
A-VENTANA
100
AcDbLine
 10
7.609999999999999
 20
-18.0
 30
0.0
 11
7.609999999999999
 21
-15.6
 31
0.0
  0
LINE
  5
174
330
17
100
AcDbEntity
  8
A-VENTANA
100
AcDbLine
 10
7.76
 20
-18.0
 30
0.0
 11
7.76
 21
-15.6
 31
0.0
  0
LINE
  5
175
330
17
100
AcDbEntity
  8
A-VENTANA
100
AcDbLine
 10
7.685
 20
-18.0
 30
0.0
 11
7.685
 21
-15.6
 31
0.0
  0
LINE
  5
176
330
17
100
AcDbEntity
  8
A-VENTANA
100
AcDbLine
 10
7.609999999999999
 20
-18.0
 30
0.0
 11
7.76
 21
-18.0
 31
0.0
  0
LINE
  5
177
330
17
100
AcDbEntity
  8
A-VENTANA
100
AcDbLine
 10
7.609999999999999
 20
-15.6
 30
0.0
 11
7.76
 21
-15.6
 31
0.0
  0
LINE
  5
178
330
17
100
AcDbEntity
  8
A-VENTANA
100
AcDbLine
 10
7.609999999999999
 20
-14.4
 30
0.0
 11
7.609999999999999
 21
-11.8
 31
0.0
  0
LINE
  5
179
330
17
100
AcDbEntity
  8
A-VENTANA
100
AcDbLine
 10
7.76
 20
-14.4
 30
0.0
 11
7.76
 21
-11.8
 31
0.0
  0
LINE
  5
17A
330
17
100
AcDbEntity
  8
A-VENTANA
100
AcDbLine
 10
7.685
 20
-14.4
 30
0.0
 11
7.685
 21
-11.8
 31
0.0
  0
LINE
  5
17B
330
17
100
AcDbEntity
  8
A-VENTANA
100
AcDbLine
 10
7.609999999999999
 20
-14.4
 30
0.0
 11
7.76
 21
-14.4
 31
0.0
  0
LINE
  5
17C
330
17
100
AcDbEntity
  8
A-VENTANA
100
AcDbLine
 10
7.609999999999999
 20
-11.8
 30
0.0
 11
7.76
 21
-11.8
 31
0.0
  0
LWPOLYLINE
  5
17D
330
17
100
AcDbEntity
  8
A-MURO
100
AcDbPolyline
 90
4
 70
1
 10
10.26
 20
-18.53
 10
10.26
 20
-17.3
 10
10.41
 20
-17.3
 10
10.41
 20
-18.53
  0
HATCH
  5
17E
330
17
100
AcDbEntity
  8
A-MURO-TRAMA
 62
7
100
AcDbHatch
 10
0.0
 20
0.0
 30
0.0
210
0.0
220
0.0
230
1.0
  2
ANSI31
 70
0
 71
0
 91
1
 92
3
 72
0
 73
1
 93
4
 10
10.26
 20
-18.53
 10
10.26
 20
-17.3
 10
10.41
 20
-17.3
 10
10.41
 20
-18.53
 97
0
 75
1
 76
1
 52
0.0
 41
0.03
 77
0
 78
1
 53
45.0
 43
0.0
 44
0.0
 45
-0.0020205576
 46
0.0020205576
 79
0
 98
0
  0
LWPOLYLINE
  5
17F
330
17
100
AcDbEntity
  8
A-MURO
100
AcDbPolyline
 90
4
 70
1
 10
10.26
 20
-15.7
 10
10.26
 20
-14.3
 10
10.41
 20
-14.3
 10
10.41
 20
-15.7
  0
HATCH
  5
180
330
17
100
AcDbEntity
  8
A-MURO-TRAMA
 62
7
100
AcDbHatch
 10
0.0
 20
0.0
 30
0.0
210
0.0
220
0.0
230
1.0
  2
ANSI31
 70
0
 71
0
 91
1
 92
3
 72
0
 73
1
 93
4
 10
10.26
 20
-15.7
 10
10.26
 20
-14.3
 10
10.41
 20
-14.3
 10
10.41
 20
-15.7
 97
0
 75
1
 76
1
 52
0.0
 41
0.03
 77
0
 78
1
 53
45.0
 43
0.0
 44
0.0
 45
-0.0020205576
 46
0.0020205576
 79
0
 98
0
  0
LWPOLYLINE
  5
181
330
17
100
AcDbEntity
  8
A-MURO
100
AcDbPolyline
 90
4
 70
1
 10
10.26
 20
-12.1
 10
10.26
 20
-11.15
 10
10.41
 20
-11.15
 10
10.41
 20
-12.1
  0
HATCH
  5
182
330
17
100
AcDbEntity
  8
A-MURO-TRAMA
 62
7
100
AcDbHatch
 10
0.0
 20
0.0
 30
0.0
210
0.0
220
0.0
230
1.0
  2
ANSI31
 70
0
 71
0
 91
1
 92
3
 72
0
 73
1
 93
4
 10
10.26
 20
-12.1
 10
10.26
 20
-11.15
 10
10.41
 20
-11.15
 10
10.41
 20
-12.1
 97
0
 75
1
 76
1
 52
0.0
 41
0.03
 77
0
 78
1
 53
45.0
 43
0.0
 44
0.0
 45
-0.0020205576
 46
0.0020205576
 79
0
 98
0
  0
LINE
  5
183
330
17
100
AcDbEntity
  8
A-VENTANA
100
AcDbLine
 10
10.26
 20
-17.3
 30
0.0
 11
10.26
 21
-15.7
 31
0.0
  0
LINE
  5
184
330
17
100
AcDbEntity
  8
A-VENTANA
100
AcDbLine
 10
10.41
 20
-17.3
 30
0.0
 11
10.41
 21
-15.7
 31
0.0
  0
LINE
  5
185
330
17
100
AcDbEntity
  8
A-VENTANA
100
AcDbLine
 10
10.335
 20
-17.3
 30
0.0
 11
10.335
 21
-15.7
 31
0.0
  0
LINE
  5
186
330
17
100
AcDbEntity
  8
A-VENTANA
100
AcDbLine
 10
10.26
 20
-17.3
 30
0.0
 11
10.41
 21
-17.3
 31
0.0
  0
LINE
  5
187
330
17
100
AcDbEntity
  8
A-VENTANA
100
AcDbLine
 10
10.26
 20
-15.7
 30
0.0
 11
10.41
 21
-15.7
 31
0.0
  0
LINE
  5
188
330
17
100
AcDbEntity
  8
A-VENTANA
100
AcDbLine
 10
10.26
 20
-14.3
 30
0.0
 11
10.26
 21
-12.1
 31
0.0
  0
LINE
  5
189
330
17
100
AcDbEntity
  8
A-VENTANA
100
AcDbLine
 10
10.41
 20
-14.3
 30
0.0
 11
10.41
 21
-12.1
 31
0.0
  0
LINE
  5
18A
330
17
100
AcDbEntity
  8
A-VENTANA
100
AcDbLine
 10
10.335
 20
-14.3
 30
0.0
 11
10.335
 21
-12.1
 31
0.0
  0
LINE
  5
18B
330
17
100
AcDbEntity
  8
A-VENTANA
100
AcDbLine
 10
10.26
 20
-14.3
 30
0.0
 11
10.41
 21
-14.3
 31
0.0
  0
LINE
  5
18C
330
17
100
AcDbEntity
  8
A-VENTANA
100
AcDbLine
 10
10.26
 20
-12.1
 30
0.0
 11
10.41
 21
-12.1
 31
0.0
  0
LINE
  5
18D
330
17
100
AcDbEntity
  8
A-VENTANA
100
AcDbLine
 10
7.859999999999999
 20
-18.65
 30
0.0
 11
10.16
 21
-18.65
 31
0.0
  0
LINE
  5
18E
330
17
100
AcDbEntity
  8
A-VENTANA
100
AcDbLine
 10
7.859999999999999
 20
-18.53
 30
0.0
 11
10.16
 21
-18.53
 31
0.0
  0
LINE
  5
18F
330
17
100
AcDbEntity
  8
A-VENTANA
100
AcDbLine
 10
7.859999999999999
 20
-18.59
 30
0.0
 11
10.16
 21
-18.59
 31
0.0
  0
LINE
  5
190
330
17
100
AcDbEntity
  8
A-VENTANA
100
AcDbLine
 10
7.859999999999999
 20
-18.65
 30
0.0
 11
7.859999999999999
 21
-18.53
 31
0.0
  0
LINE
  5
191
330
17
100
AcDbEntity
  8
A-VENTANA
100
AcDbLine
 10
10.16
 20
-18.65
 30
0.0
 11
10.16
 21
-18.53
 31
0.0
  0
LWPOLYLINE
  5
192
330
17
100
AcDbEntity
  8
A-MURO
100
AcDbPolyline
 90
4
 70
1
 10
7.76
 20
-18.65
 10
7.76
 20
-18.53
 10
7.859999999999999
 20
-18.53
 10
7.859999999999999
 20
-18.65
  0
HATCH
  5
193
330
17
100
AcDbEntity
  8
A-MURO-TRAMA
 62
7
100
AcDbHatch
 10
0.0
 20
0.0
 30
0.0
210
0.0
220
0.0
230
1.0
  2
ANSI31
 70
0
 71
0
 91
1
 92
3
 72
0
 73
1
 93
4
 10
7.76
 20
-18.65
 10
7.76
 20
-18.53
 10
7.859999999999999
 20
-18.53
 10
7.859999999999999
 20
-18.65
 97
0
 75
1
 76
1
 52
0.0
 41
0.03
 77
0
 78
1
 53
45.0
 43
0.0
 44
0.0
 45
-0.0020205576
 46
0.0020205576
 79
0
 98
0
  0
LWPOLYLINE
  5
194
330
17
100
AcDbEntity
  8
A-MURO
100
AcDbPolyline
 90
4
 70
1
 10
10.16
 20
-18.65
 10
10.16
 20
-18.53
 10
10.41
 20
-18.53
 10
10.41
 20
-18.65
  0
HATCH
  5
195
330
17
100
AcDbEntity
  8
A-MURO-TRAMA
 62
7
100
AcDbHatch
 10
0.0
 20
0.0
 30
0.0
210
0.0
220
0.0
230
1.0
  2
ANSI31
 70
0
 71
0
 91
1
 92
3
 72
0
 73
1
 93
4
 10
10.16
 20
-18.65
 10
10.16
 20
-18.53
 10
10.41
 20
-18.53
 10
10.41
 20
-18.65
 97
0
 75
1
 76
1
 52
0.0
 41
0.03
 77
0
 78
1
 53
45.0
 43
0.0
 44
0.0
 45
-0.0020205576
 46
0.0020205576
 79
0
 98
0
  0
LWPOLYLINE
  5
196
330
17
100
AcDbEntity
  8
A-MURO
100
AcDbPolyline
 90
4
 70
1
 10
16.830000000000002
 20
-18.65
 10
16.830000000000002
 20
-14.6
 10
16.98
 20
-14.6
 10
16.98
 20
-18.65
  0
HATCH
  5
197
330
17
100
AcDbEntity
  8
A-MURO-TRAMA
 62
7
100
AcDbHatch
 10
0.0
 20
0.0
 30
0.0
210
0.0
220
0.0
230
1.0
  2
ANSI31
 70
0
 71
0
 91
1
 92
3
 72
0
 73
1
 93
4
 10
16.830000000000002
 20
-18.65
 10
16.830000000000002
 20
-14.6
 10
16.98
 20
-14.6
 10
16.98
 20
-18.65
 97
0
 75
1
 76
1
 52
0.0
 41
0.03
 77
0
 78
1
 53
45.0
 43
0.0
 44
0.0
 45
-0.0020205576
 46
0.0020205576
 79
0
 98
0
  0
LWPOLYLINE
  5
198
330
17
100
AcDbEntity
  8
A-MURO
100
AcDbPolyline
 90
4
 70
1
 10
16.830000000000002
 20
-11.8
 10
16.830000000000002
 20
-11.15
 10
16.98
 20
-11.15
 10
16.98
 20
-11.8
  0
HATCH
  5
199
330
17
100
AcDbEntity
  8
A-MURO-TRAMA
 62
7
100
AcDbHatch
 10
0.0
 20
0.0
 30
0.0
210
0.0
220
0.0
230
1.0
  2
ANSI31
 70
0
 71
0
 91
1
 92
3
 72
0
 73
1
 93
4
 10
16.830000000000002
 20
-11.8
 10
16.830000000000002
 20
-11.15
 10
16.98
 20
-11.15
 10
16.98
 20
-11.8
 97
0
 75
1
 76
1
 52
0.0
 41
0.03
 77
0
 78
1
 53
45.0
 43
0.0
 44
0.0
 45
-0.0020205576
 46
0.0020205576
 79
0
 98
0
  0
LINE
  5
19A
330
17
100
AcDbEntity
  8
A-VENTANA
100
AcDbLine
 10
16.830000000000002
 20
-14.6
 30
0.0
 11
16.830000000000002
 21
-11.8
 31
0.0
  0
LINE
  5
19B
330
17
100
AcDbEntity
  8
A-VENTANA
100
AcDbLine
 10
16.98
 20
-14.6
 30
0.0
 11
16.98
 21
-11.8
 31
0.0
  0
LINE
  5
19C
330
17
100
AcDbEntity
  8
A-VENTANA
100
AcDbLine
 10
16.905
 20
-14.6
 30
0.0
 11
16.905
 21
-11.8
 31
0.0
  0
LINE
  5
19D
330
17
100
AcDbEntity
  8
A-VENTANA
100
AcDbLine
 10
16.830000000000002
 20
-14.6
 30
0.0
 11
16.98
 21
-14.6
 31
0.0
  0
LINE
  5
19E
330
17
100
AcDbEntity
  8
A-VENTANA
100
AcDbLine
 10
16.830000000000002
 20
-11.8
 30
0.0
 11
16.98
 21
-11.8
 31
0.0
  0
LWPOLYLINE
  5
19F
330
17
100
AcDbEntity
  8
A-MURO
100
AcDbPolyline
 90
4
 70
1
 10
16.98
 20
-15.309999999999999
 10
16.98
 20
-15.190000000000001
 10
19.48
 20
-15.190000000000001
 10
19.48
 20
-15.309999999999999
  0
HATCH
  5
1A0
330
17
100
AcDbEntity
  8
A-MURO-TRAMA
 62
7
100
AcDbHatch
 10
0.0
 20
0.0
 30
0.0
210
0.0
220
0.0
230
1.0
  2
ANSI31
 70
0
 71
0
 91
1
 92
3
 72
0
 73
1
 93
4
 10
16.98
 20
-15.309999999999999
 10
16.98
 20
-15.190000000000001
 10
19.48
 20
-15.190000000000001
 10
19.48
 20
-15.309999999999999
 97
0
 75
1
 76
1
 52
0.0
 41
0.03
 77
0
 78
1
 53
45.0
 43
0.0
 44
0.0
 45
-0.0020205576
 46
0.0020205576
 79
0
 98
0
  0
LWPOLYLINE
  5
1A1
330
17
100
AcDbEntity
  8
A-MURO
100
AcDbPolyline
 90
4
 70
1
 10
19.48
 20
-18.65
 10
19.48
 20
-14.6
 10
19.63
 20
-14.6
 10
19.63
 20
-18.65
  0
HATCH
  5
1A2
330
17
100
AcDbEntity
  8
A-MURO-TRAMA
 62
7
100
AcDbHatch
 10
0.0
 20
0.0
 30
0.0
210
0.0
220
0.0
230
1.0
  2
ANSI31
 70
0
 71
0
 91
1
 92
3
 72
0
 73
1
 93
4
 10
19.48
 20
-18.65
 10
19.48
 20
-14.6
 10
19.63
 20
-14.6
 10
19.63
 20
-18.65
 97
0
 75
1
 76
1
 52
0.0
 41
0.03
 77
0
 78
1
 53
45.0
 43
0.0
 44
0.0
 45
-0.0020205576
 46
0.0020205576
 79
0
 98
0
  0
LWPOLYLINE
  5
1A3
330
17
100
AcDbEntity
  8
A-MURO
100
AcDbPolyline
 90
4
 70
1
 10
19.48
 20
-11.6
 10
19.48
 20
-11.15
 10
19.63
 20
-11.15
 10
19.63
 20
-11.6
  0
HATCH
  5
1A4
330
17
100
AcDbEntity
  8
A-MURO-TRAMA
 62
7
100
AcDbHatch
 10
0.0
 20
0.0
 30
0.0
210
0.0
220
0.0
230
1.0
  2
ANSI31
 70
0
 71
0
 91
1
 92
3
 72
0
 73
1
 93
4
 10
19.48
 20
-11.6
 10
19.48
 20
-11.15
 10
19.63
 20
-11.15
 10
19.63
 20
-11.6
 97
0
 75
1
 76
1
 52
0.0
 41
0.03
 77
0
 78
1
 53
45.0
 43
0.0
 44
0.0
 45
-0.0020205576
 46
0.0020205576
 79
0
 98
0
  0
LINE
  5
1A5
330
17
100
AcDbEntity
  8
A-VENTANA
100
AcDbLine
 10
19.48
 20
-14.6
 30
0.0
 11
19.48
 21
-11.6
 31
0.0
  0
LINE
  5
1A6
330
17
100
AcDbEntity
  8
A-VENTANA
100
AcDbLine
 10
19.63
 20
-14.6
 30
0.0
 11
19.63
 21
-11.6
 31
0.0
  0
LINE
  5
1A7
330
17
100
AcDbEntity
  8
A-VENTANA
100
AcDbLine
 10
19.555
 20
-14.6
 30
0.0
 11
19.555
 21
-11.6
 31
0.0
  0
LINE
  5
1A8
330
17
100
AcDbEntity
  8
A-VENTANA
100
AcDbLine
 10
19.48
 20
-14.6
 30
0.0
 11
19.63
 21
-14.6
 31
0.0
  0
LINE
  5
1A9
330
17
100
AcDbEntity
  8
A-VENTANA
100
AcDbLine
 10
19.48
 20
-11.6
 30
0.0
 11
19.63
 21
-11.6
 31
0.0
  0
LWPOLYLINE
  5
1AA
330
17
100
AcDbEntity
  8
A-MURO
100
AcDbPolyline
 90
4
 70
1
 10
2.21
 20
-16.4
 10
2.21
 20
-16.28
 10
4.53
 20
-16.28
 10
4.53
 20
-16.4
  0
HATCH
  5
1AB
330
17
100
AcDbEntity
  8
A-MURO-TRAMA
 62
7
100
AcDbHatch
 10
0.0
 20
0.0
 30
0.0
210
0.0
220
0.0
230
1.0
  2
ANSI31
 70
0
 71
0
 91
1
 92
3
 72
0
 73
1
 93
4
 10
2.21
 20
-16.4
 10
2.21
 20
-16.28
 10
4.53
 20
-16.28
 10
4.53
 20
-16.4
 97
0
 75
1
 76
1
 52
0.0
 41
0.03
 77
0
 78
1
 53
45.0
 43
0.0
 44
0.0
 45
-0.0020205576
 46
0.0020205576
 79
0
 98
0
  0
LWPOLYLINE
  5
1AC
330
17
100
AcDbEntity
  8
A-MURO
100
AcDbPolyline
 90
4
 70
1
 10
4.41
 20
-15.48
 10
4.41
 20
-14.73
 10
4.53
 20
-14.73
 10
4.53
 20
-15.48
  0
HATCH
  5
1AD
330
17
100
AcDbEntity
  8
A-MURO-TRAMA
 62
7
100
AcDbHatch
 10
0.0
 20
0.0
 30
0.0
210
0.0
220
0.0
230
1.0
  2
ANSI31
 70
0
 71
0
 91
1
 92
3
 72
0
 73
1
 93
4
 10
4.41
 20
-15.48
 10
4.41
 20
-14.73
 10
4.53
 20
-14.73
 10
4.53
 20
-15.48
 97
0
 75
1
 76
1
 52
0.0
 41
0.03
 77
0
 78
1
 53
45.0
 43
0.0
 44
0.0
 45
-0.0020205576
 46
0.0020205576
 79
0
 98
0
  0
LWPOLYLINE
  5
1AE
330
17
100
AcDbEntity
  8
A-MURO
100
AcDbPolyline
 90
4
 70
1
 10
2.21
 20
-14.73
 10
2.21
 20
-14.61
 10
5.58
 20
-14.61
 10
5.58
 20
-14.73
  0
HATCH
  5
1AF
330
17
100
AcDbEntity
  8
A-MURO-TRAMA
 62
7
100
AcDbHatch
 10
0.0
 20
0.0
 30
0.0
210
0.0
220
0.0
230
1.0
  2
ANSI31
 70
0
 71
0
 91
1
 92
3
 72
0
 73
1
 93
4
 10
2.21
 20
-14.73
 10
2.21
 20
-14.61
 10
5.58
 20
-14.61
 10
5.58
 20
-14.73
 97
0
 75
1
 76
1
 52
0.0
 41
0.03
 77
0
 78
1
 53
45.0
 43
0.0
 44
0.0
 45
-0.0020205576
 46
0.0020205576
 79
0
 98
0
  0
LWPOLYLINE
  5
1B0
330
17
100
AcDbEntity
  8
A-MURO
100
AcDbPolyline
 90
4
 70
1
 10
5.46
 20
-14.61
 10
5.46
 20
-14.0
 10
5.58
 20
-14.0
 10
5.58
 20
-14.61
  0
HATCH
  5
1B1
330
17
100
AcDbEntity
  8
A-MURO-TRAMA
 62
7
100
AcDbHatch
 10
0.0
 20
0.0
 30
0.0
210
0.0
220
0.0
230
1.0
  2
ANSI31
 70
0
 71
0
 91
1
 92
3
 72
0
 73
1
 93
4
 10
5.46
 20
-14.61
 10
5.46
 20
-14.0
 10
5.58
 20
-14.0
 10
5.58
 20
-14.61
 97
0
 75
1
 76
1
 52
0.0
 41
0.03
 77
0
 78
1
 53
45.0
 43
0.0
 44
0.0
 45
-0.0020205576
 46
0.0020205576
 79
0
 98
0
  0
LWPOLYLINE
  5
1B2
330
17
100
AcDbEntity
  8
A-MURO
100
AcDbPolyline
 90
4
 70
1
 10
5.46
 20
-13.2
 10
5.46
 20
-11.15
 10
5.58
 20
-11.15
 10
5.58
 20
-13.2
  0
HATCH
  5
1B3
330
17
100
AcDbEntity
  8
A-MURO-TRAMA
 62
7
100
AcDbHatch
 10
0.0
 20
0.0
 30
0.0
210
0.0
220
0.0
230
1.0
  2
ANSI31
 70
0
 71
0
 91
1
 92
3
 72
0
 73
1
 93
4
 10
5.46
 20
-13.2
 10
5.46
 20
-11.15
 10
5.58
 20
-11.15
 10
5.58
 20
-13.2
 97
0
 75
1
 76
1
 52
0.0
 41
0.03
 77
0
 78
1
 53
45.0
 43
0.0
 44
0.0
 45
-0.0020205576
 46
0.0020205576
 79
0
 98
0
  0
LINE
  5
1B4
330
17
100
AcDbEntity
  8
A-PUERTA
100
AcDbLine
 10
7.609999999999999
 20
-18.85
 30
0.0
 11
6.709999999999999
 21
-18.85
 31
0.0
  0
ARC
  5
1B5
330
17
100
AcDbEntity
  8
A-PUERTA
100
AcDbCircle
 10
7.609999999999999
 20
-18.85
 30
0.0
 40
0.9
100
AcDbArc
 50
180.0
 51
-90.0
  0
LINE
  5
1B6
330
17
100
AcDbEntity
  8
A-PUERTA
100
AcDbLine
 10
4.53
 20
-16.28
 30
0.0
 11
5.33
 21
-16.28
 31
0.0
  0
ARC
  5
1B7
330
17
100
AcDbEntity
  8
A-PUERTA
100
AcDbCircle
 10
4.53
 20
-16.28
 30
0.0
 40
0.8
100
AcDbArc
 50
0.0
 51
90.0
  0
LINE
  5
1B8
330
17
100
AcDbEntity
  8
A-PUERTA
100
AcDbLine
 10
5.46
 20
-14.0
 30
0.0
 11
4.66
 21
-14.0
 31
0.0
  0
ARC
  5
1B9
330
17
100
AcDbEntity
  8
A-PUERTA
100
AcDbCircle
 10
5.46
 20
-14.0
 30
0.0
 40
0.8
100
AcDbArc
 50
90.0
 51
180.0
  0
LWPOLYLINE
  5
1BA
330
17
100
AcDbEntity
  8
A-MOBILIARIO
100
AcDbPolyline
 90
4
 70
1
 10
2.7
 20
-19.85
 10
2.7
 20
-17.85
 10
4.3
 20
-17.85
 10
4.3
 20
-19.85
  0
LWPOLYLINE
  5
1BB
330
17
100
AcDbEntity
  8
A-MOBILIARIO
100
AcDbPolyline
 90
4
 70
1
 10
2.7800000000000002
 20
-19.77
 10
2.7800000000000002
 20
-19.3
 10
3.46
 20
-19.3
 10
3.46
 20
-19.77
  0
LWPOLYLINE
  5
1BC
330
17
100
AcDbEntity
  8
A-MOBILIARIO
100
AcDbPolyline
 90
4
 70
1
 10
3.54
 20
-19.77
 10
3.54
 20
-19.3
 10
4.22
 20
-19.3
 10
4.22
 20
-19.77
  0
LINE
  5
1BD
330
17
100
AcDbEntity
  8
A-MOBILIARIO
100
AcDbLine
 10
2.7
 20
-19.1
 30
0.0
 11
4.3
 21
-19.1
 31
0.0
  0
LWPOLYLINE
  5
1BE
330
17
100
AcDbEntity
  8
A-MOBILIARIO
100
AcDbPolyline
 90
4
 70
1
 10
2.22
 20
-19.85
 10
2.22
 20
-19.4
 10
2.65
 20
-19.4
 10
2.65
 20
-19.85
  0
LWPOLYLINE
  5
1BF
330
17
100
AcDbEntity
  8
A-MOBILIARIO
100
AcDbPolyline
 90
4
 70
1
 10
4.35
 20
-19.85
 10
4.35
 20
-19.4
 10
4.78
 20
-19.4
 10
4.78
 20
-19.85
  0
LWPOLYLINE
  5
1C0
330
17
100
AcDbEntity
  8
A-MOBILIARIO
100
AcDbPolyline
 90
4
 70
1
 10
6.72
 20
-18.0
 10
6.72
 20
-16.0
 10
7.57
 20
-16.0
 10
7.57
 20
-18.0
  0
LWPOLYLINE
  5
1C1
330
17
100
AcDbEntity
  8
A-MOBILIARIO
100
AcDbPolyline
 90
4
 70
1
 10
7.37
 20
-18.0
 10
7.37
 20
-16.0
 10
7.57
 20
-16.0
 10
7.57
 20
-18.0
  0
LWPOLYLINE
  5
1C2
330
17
100
AcDbEntity
  8
A-MOBILIARIO
100
AcDbPolyline
 90
4
 70
1
 10
6.72
 20
-18.0
 10
6.72
 20
-17.8
 10
7.37
 20
-17.8
 10
7.37
 20
-18.0
  0
LWPOLYLINE
  5
1C3
330
17
100
AcDbEntity
  8
A-MOBILIARIO
100
AcDbPolyline
 90
4
 70
1
 10
6.72
 20
-16.2
 10
6.72
 20
-16.0
 10
7.37
 20
-16.0
 10
7.37
 20
-16.2
  0
LWPOLYLINE
  5
1C4
330
17
100
AcDbEntity
  8
A-MOBILIARIO
100
AcDbPolyline
 90
4
 70
1
 10
5.85
 20
-17.5
 10
5.85
 20
-16.5
 10
6.35
 20
-16.5
 10
6.35
 20
-17.5
  0
LWPOLYLINE
  5
1C5
330
17
100
AcDbEntity
  8
A-MOBILIARIO
100
AcDbPolyline
 90
4
 70
1
 10
5.35
 20
-19.45
 10
5.35
 20
-18.65
 10
6.15
 20
-18.65
 10
6.15
 20
-19.45
  0
LWPOLYLINE
  5
1C6
330
17
100
AcDbEntity
  8
A-MOBILIARIO
100
AcDbPolyline
 90
4
 70
1
 10
5.35
 20
-19.45
 10
5.35
 20
-19.25
 10
6.15
 20
-19.25
 10
6.15
 20
-19.45
  0
LWPOLYLINE
  5
1C7
330
17
100
AcDbEntity
  8
A-MOBILIARIO
100
AcDbPolyline
 90
4
 70
1
 10
5.35
 20
-19.25
 10
5.35
 20
-18.65
 10
5.55
 20
-18.65
 10
5.55
 20
-19.25
  0
LWPOLYLINE
  5
1C8
330
17
100
AcDbEntity
  8
A-MOBILIARIO
100
AcDbPolyline
 90
4
 70
1
 10
5.95
 20
-19.25
 10
5.95
 20
-18.65
 10
6.15
 20
-18.65
 10
6.15
 20
-19.25
  0
LWPOLYLINE
  5
1C9
330
17
100
AcDbEntity
  8
A-MOBILIARIO
100
AcDbPolyline
 90
4
 70
1
 10
7.0
 20
-13.6
 10
7.0
 20
-12.4
 10
7.58
 20
-12.4
 10
7.58
 20
-13.6
  0
LWPOLYLINE
  5
1CA
330
17
100
AcDbEntity
  8
A-MOBILIARIO
100
AcDbPolyline
 90
4
 70
1
 10
6.49
 20
-12.79
 10
6.49
 20
-13.21
 10
6.91
 20
-13.21
 10
6.91
 20
-12.79
  0
LWPOLYLINE
  5
1CB
330
17
100
AcDbEntity
  8
A-MOBILIARIO
100
AcDbPolyline
 90
4
 70
1
 10
6.49
 20
-12.79
 10
6.49
 20
-13.21
 10
6.55
 20
-13.21
 10
6.55
 20
-12.79
  0
LWPOLYLINE
  5
1CC
330
17
100
AcDbEntity
  8
A-MOBILIARIO
100
AcDbPolyline
 90
4
 70
1
 10
2.21
 20
-16.28
 10
2.21
 20
-14.73
 10
3.06
 20
-14.73
 10
3.06
 20
-16.28
  0
LINE
  5
1CD
330
17
100
AcDbEntity
  8
A-MOBILIARIO
100
AcDbLine
 10
2.21
 20
-16.28
 30
0.0
 11
3.06
 21
-14.73
 31
0.0
  0
LINE
  5
1CE
330
17
100
AcDbEntity
  8
A-MOBILIARIO
100
AcDbLine
 10
2.21
 20
-14.73
 30
0.0
 11
3.06
 21
-16.28
 31
0.0
  0
CIRCLE
  5
1CF
330
17
100
AcDbEntity
  8
A-MOBILIARIO
100
AcDbCircle
 10
2.635
 20
-15.504999999999999
 30
0.0
 40
0.04
  0
LWPOLYLINE
  5
1D0
330
17
100
AcDbEntity
  8
A-MOBILIARIO
100
AcDbPolyline
 90
4
 70
1
 10
3.6550000000000002
 20
-14.73
 10
3.215
 20
-14.73
 10
3.215
 20
-14.93
 10
3.6550000000000002
 20
-14.93
  0
ELLIPSE
  5
1D1
330
17
100
AcDbEntity
  8
A-MOBILIARIO
100
AcDbEllipse
 10
3.435
 20
-15.18
 30
0.0
 11
0.0
 21
-0.25
 31
0.0
 40
0.7
 41
0.0
 42
6.283185307179586
  0
LWPOLYLINE
  5
1D2
330
17
100
AcDbEntity
  8
A-MOBILIARIO
100
AcDbPolyline
 90
4
 70
1
 10
3.86
 20
-15.23
 10
3.86
 20
-14.73
 10
4.359999999999999
 20
-14.73
 10
4.359999999999999
 20
-15.23
  0
ELLIPSE
  5
1D3
330
17
100
AcDbEntity
  8
A-MOBILIARIO
100
AcDbEllipse
 10
4.109999999999999
 20
-14.98
 30
0.0
 11
0.0
 21
0.14999999999999986
 31
0.0
 40
0.75
 41
0.0
 42
6.283185307179586
  0
LWPOLYLINE
  5
1D4
330
17
100
AcDbEntity
  8
A-MOBILIARIO
100
AcDbPolyline
 90
4
 70
1
 10
2.21
 20
-11.75
 10
2.21
 20
-11.15
 10
5.46
 20
-11.15
 10
5.46
 20
-11.75
  0
LINE
  5
1D5
330
17
100
AcDbEntity
  8
A-MOBILIARIO
100
AcDbLine
 10
2.26
 20
-11.45
 30
0.0
 11
5.41
 21
-11.45
 31
0.0
  0
LWPOLYLINE
  5
1D6
330
17
100
AcDbEntity
  8
A-MOBILIARIO
100
AcDbPolyline
 90
4
 70
1
 10
2.21
 20
-14.61
 10
2.21
 20
-14.010000000000002
 10
4.6
 20
-14.010000000000002
 10
4.6
 20
-14.61
  0
LINE
  5
1D7
330
17
100
AcDbEntity
  8
A-MOBILIARIO
100
AcDbLine
 10
2.26
 20
-14.31
 30
0.0
 11
4.55
 21
-14.31
 31
0.0
  0
LWPOLYLINE
  5
1D8
330
17
100
AcDbEntity
  8
A-MOBILIARIO
100
AcDbPolyline
 90
4
 70
1
 10
12.6
 20
-11.75
 10
12.6
 20
-11.15
 10
13.4
 20
-11.15
 10
13.4
 20
-11.75
  0
TEXT
  5
1D9
330
17
100
AcDbEntity
  8
A-MOBILIARIO
100
AcDbText
 10
13.0
 20
-11.450000000000001
 30
0.0
 40
0.1
  1
REF
  7
ARIAL
 72
1
 11
13.0
 21
-11.450000000000001
 31
0.0
100
AcDbText
 73
2
  0
LWPOLYLINE
  5
1DA
330
17
100
AcDbEntity
  8
A-MOBILIARIO
100
AcDbPolyline
 90
4
 70
1
 10
13.4
 20
-11.75
 10
13.4
 20
-11.15
 10
16.830000000000002
 20
-11.15
 10
16.830000000000002
 20
-11.75
  0
LWPOLYLINE
  5
1DB
330
17
100
AcDbEntity
  8
A-MOBILIARIO
100
AcDbPolyline
 90
4
 70
1
 10
14.3
 20
-11.73
 10
14.3
 20
-11.17
 10
14.9
 20
-11.17
 10
14.9
 20
-11.73
  0
CIRCLE
  5
1DC
330
17
100
AcDbEntity
  8
A-MOBILIARIO
100
AcDbCircle
 10
14.46
 20
-11.59
 30
0.0
 40
0.08
  0
CIRCLE
  5
1DD
330
17
100
AcDbEntity
  8
A-MOBILIARIO
100
AcDbCircle
 10
14.740000000000002
 20
-11.59
 30
0.0
 40
0.08
  0
CIRCLE
  5
1DE
330
17
100
AcDbEntity
  8
A-MOBILIARIO
100
AcDbCircle
 10
14.46
 20
-11.309999999999999
 30
0.0
 40
0.08
  0
CIRCLE
  5
1DF
330
17
100
AcDbEntity
  8
A-MOBILIARIO
100
AcDbCircle
 10
14.740000000000002
 20
-11.309999999999999
 30
0.0
 40
0.08
  0
LWPOLYLINE
  5
1E0
330
17
100
AcDbEntity
  8
A-MOBILIARIO
100
AcDbPolyline
 90
4
 70
1
 10
16.23
 20
-14.4
 10
16.23
 20
-11.75
 10
16.830000000000002
 20
-11.75
 10
16.830000000000002
 20
-14.4
  0
LWPOLYLINE
  5
1E1
330
17
100
AcDbEntity
  8
A-MOBILIARIO
100
AcDbPolyline
 90
4
 70
1
 10
16.28
 20
-13.6
 10
16.28
 20
-12.8
 10
16.750000000000004
 20
-12.8
 10
16.750000000000004
 20
-13.6
  0
LWPOLYLINE
  5
1E2
330
17
100
AcDbEntity
  8
A-MOBILIARIO
100
AcDbPolyline
 90
4
 70
1
 10
16.34
 20
-13.54
 10
16.34
 20
-12.86
 10
16.690000000000005
 20
-12.86
 10
16.690000000000005
 20
-13.54
  0
LWPOLYLINE
  5
1E3
330
17
100
AcDbEntity
  8
A-MOBILIARIO
100
AcDbPolyline
 90
4
 70
1
 10
14.4
 20
-15.1
 10
14.4
 20
-12.8
 10
15.3
 20
-12.8
 10
15.3
 20
-15.1
  0
TEXT
  5
1E4
330
17
100
AcDbEntity
  8
A-MOBILIARIO
100
AcDbText
 10
14.85
 20
-13.95
 30
0.0
 40
0.1
  1
ISLA
  7
ARIAL
 72
1
 11
14.85
 21
-13.95
 31
0.0
100
AcDbText
 73
2
  0
LWPOLYLINE
  5
1E5
330
17
100
AcDbEntity
  8
A-MOBILIARIO
100
AcDbPolyline
 90
4
 70
1
 10
10.41
 20
-13.0
 10
10.41
 20
-11.15
 10
11.01
 20
-11.15
 10
11.01
 20
-13.0
  0
LINE
  5
1E6
330
17
100
AcDbEntity
  8
A-MOBILIARIO
100
AcDbLine
 10
10.71
 20
-12.95
 30
0.0
 11
10.71
 21
-11.200000000000001
 31
0.0
  0
TEXT
  5
1E7
330
17
100
AcDbEntity
  8
A-MOBILIARIO
100
AcDbText
 10
10.71
 20
-12.08
 30
0.0
 40
0.08
  1
DESPENSA
  7
ARIAL
 72
1
 11
10.71
 21
-12.08
 31
0.0
100
AcDbText
 73
2
  0
LWPOLYLINE
  5
1E8
330
17
100
AcDbEntity
  8
A-MOBILIARIO
100
AcDbPolyline
 90
4
 70
1
 10
10.41
 20
-18.0
 10
10.41
 20
-16.2
 10
10.86
 20
-16.2
 10
10.86
 20
-18.0
  0
TEXT
  5
1E9
330
17
100
AcDbEntity
  8
A-MOBILIARIO
100
AcDbText
 10
10.63
 20
-17.1
 30
0.0
 40
0.08
  1
APARADOR
  7
ARIAL
 72
1
 11
10.63
 21
-17.1
 31
0.0
100
AcDbText
 73
2
  0
LWPOLYLINE
  5
1EA
330
17
100
AcDbEntity
  8
A-MOBILIARIO
100
AcDbPolyline
 90
4
 70
1
 10
11.7
 20
-16.7
 10
11.7
 20
-14.5
 10
12.7
 20
-14.5
 10
12.7
 20
-16.7
  0
LWPOLYLINE
  5
1EB
330
17
100
AcDbEntity
  8
A-MOBILIARIO
100
AcDbPolyline
 90
4
 70
1
 10
11.219999999999999
 20
-16.14
 10
11.219999999999999
 20
-16.56
 10
11.64
 20
-16.56
 10
11.64
 20
-16.14
  0
LWPOLYLINE
  5
1EC
330
17
100
AcDbEntity
  8
A-MOBILIARIO
100
AcDbPolyline
 90
4
 70
1
 10
11.219999999999999
 20
-16.14
 10
11.219999999999999
 20
-16.56
 10
11.28
 20
-16.56
 10
11.28
 20
-16.14
  0
LWPOLYLINE
  5
1ED
330
17
100
AcDbEntity
  8
A-MOBILIARIO
100
AcDbPolyline
 90
4
 70
1
 10
13.180000000000001
 20
-16.56
 10
13.180000000000001
 20
-16.14
 10
12.76
 20
-16.14
 10
12.76
 20
-16.56
  0
LWPOLYLINE
  5
1EE
330
17
100
AcDbEntity
  8
A-MOBILIARIO
100
AcDbPolyline
 90
4
 70
1
 10
13.180000000000001
 20
-16.56
 10
13.180000000000001
 20
-16.14
 10
13.120000000000001
 20
-16.14
 10
13.120000000000001
 20
-16.56
  0
LWPOLYLINE
  5
1EF
330
17
100
AcDbEntity
  8
A-MOBILIARIO
100
AcDbPolyline
 90
4
 70
1
 10
11.219999999999999
 20
-15.39
 10
11.219999999999999
 20
-15.809999999999999
 10
11.64
 20
-15.809999999999999
 10
11.64
 20
-15.39
  0
LWPOLYLINE
  5
1F0
330
17
100
AcDbEntity
  8
A-MOBILIARIO
100
AcDbPolyline
 90
4
 70
1
 10
11.219999999999999
 20
-15.39
 10
11.219999999999999
 20
-15.809999999999999
 10
11.28
 20
-15.809999999999999
 10
11.28
 20
-15.39
  0
LWPOLYLINE
  5
1F1
330
17
100
AcDbEntity
  8
A-MOBILIARIO
100
AcDbPolyline
 90
4
 70
1
 10
13.180000000000001
 20
-15.809999999999999
 10
13.180000000000001
 20
-15.39
 10
12.76
 20
-15.39
 10
12.76
 20
-15.809999999999999
  0
LWPOLYLINE
  5
1F2
330
17
100
AcDbEntity
  8
A-MOBILIARIO
100
AcDbPolyline
 90
4
 70
1
 10
13.180000000000001
 20
-15.809999999999999
 10
13.180000000000001
 20
-15.39
 10
13.120000000000001
 20
-15.39
 10
13.120000000000001
 20
-15.809999999999999
  0
LWPOLYLINE
  5
1F3
330
17
100
AcDbEntity
  8
A-MOBILIARIO
100
AcDbPolyline
 90
4
 70
1
 10
11.219999999999999
 20
-14.64
 10
11.219999999999999
 20
-15.059999999999999
 10
11.64
 20
-15.059999999999999
 10
11.64
 20
-14.64
  0
LWPOLYLINE
  5
1F4
330
17
100
AcDbEntity
  8
A-MOBILIARIO
100
AcDbPolyline
 90
4
 70
1
 10
11.219999999999999
 20
-14.64
 10
11.219999999999999
 20
-15.059999999999999
 10
11.28
 20
-15.059999999999999
 10
11.28
 20
-14.64
  0
LWPOLYLINE
  5
1F5
330
17
100
AcDbEntity
  8
A-MOBILIARIO
100
AcDbPolyline
 90
4
 70
1
 10
13.180000000000001
 20
-15.059999999999999
 10
13.180000000000001
 20
-14.64
 10
12.76
 20
-14.64
 10
12.76
 20
-15.059999999999999
  0
LWPOLYLINE
  5
1F6
330
17
100
AcDbEntity
  8
A-MOBILIARIO
100
AcDbPolyline
 90
4
 70
1
 10
13.180000000000001
 20
-15.059999999999999
 10
13.180000000000001
 20
-14.64
 10
13.120000000000001
 20
-14.64
 10
13.120000000000001
 20
-15.059999999999999
  0
LWPOLYLINE
  5
1F7
330
17
100
AcDbEntity
  8
A-MOBILIARIO
100
AcDbPolyline
 90
4
 70
1
 10
11.989999999999998
 20
-17.18
 10
12.41
 20
-17.18
 10
12.41
 20
-16.76
 10
11.989999999999998
 20
-16.76
  0
LWPOLYLINE
  5
1F8
330
17
100
AcDbEntity
  8
A-MOBILIARIO
100
AcDbPolyline
 90
4
 70
1
 10
11.989999999999998
 20
-17.18
 10
12.41
 20
-17.18
 10
12.41
 20
-17.12
 10
11.989999999999998
 20
-17.12
  0
LWPOLYLINE
  5
1F9
330
17
100
AcDbEntity
  8
A-MOBILIARIO
100
AcDbPolyline
 90
4
 70
1
 10
12.41
 20
-14.02
 10
11.989999999999998
 20
-14.02
 10
11.989999999999998
 20
-14.440000000000001
 10
12.41
 20
-14.440000000000001
  0
LWPOLYLINE
  5
1FA
330
17
100
AcDbEntity
  8
A-MOBILIARIO
100
AcDbPolyline
 90
4
 70
1
 10
12.41
 20
-14.02
 10
11.989999999999998
 20
-14.02
 10
11.989999999999998
 20
-14.08
 10
12.41
 20
-14.08
  0
LWPOLYLINE
  5
1FB
330
17
100
AcDbEntity
  8
A-MOBILIARIO
100
AcDbPolyline
 90
4
 70
1
 10
21.4
 20
-19.85
 10
21.4
 20
-19.4
 10
23.2
 20
-19.4
 10
23.2
 20
-19.85
  0
TEXT
  5
1FC
330
17
100
AcDbEntity
  8
A-MOBILIARIO
100
AcDbText
 10
22.3
 20
-19.63
 30
0.0
 40
0.1
  1
TV
  7
ARIAL
 72
1
 11
22.3
 21
-19.63
 31
0.0
100
AcDbText
 73
2
  0
LWPOLYLINE
  5
1FD
330
17
100
AcDbEntity
  8
A-MOBILIARIO
100
AcDbPolyline
 90
4
 70
1
 10
21.0
 20
-16.9
 10
21.0
 20
-16.05
 10
23.6
 20
-16.05
 10
23.6
 20
-16.9
  0
LWPOLYLINE
  5
1FE
330
17
100
AcDbEntity
  8
A-MOBILIARIO
100
AcDbPolyline
 90
4
 70
1
 10
21.0
 20
-16.25
 10
21.0
 20
-16.05
 10
23.6
 20
-16.05
 10
23.6
 20
-16.25
  0
LWPOLYLINE
  5
1FF
330
17
100
AcDbEntity
  8
A-MOBILIARIO
100
AcDbPolyline
 90
4
 70
1
 10
21.0
 20
-16.9
 10
21.0
 20
-16.25
 10
21.2
 20
-16.25
 10
21.2
 20
-16.9
  0
LWPOLYLINE
  5
200
330
17
100
AcDbEntity
  8
A-MOBILIARIO
100
AcDbPolyline
 90
4
 70
1
 10
23.400000000000002
 20
-16.9
 10
23.400000000000002
 20
-16.25
 10
23.6
 20
-16.25
 10
23.6
 20
-16.9
  0
LWPOLYLINE
  5
201
330
17
100
AcDbEntity
  8
A-MOBILIARIO
100
AcDbPolyline
 90
4
 70
1
 10
21.8
 20
-18.2
 10
21.8
 20
-17.4
 10
22.8
 20
-17.4
 10
22.8
 20
-18.2
  0
LWPOLYLINE
  5
202
330
17
100
AcDbEntity
  8
A-MOBILIARIO
100
AcDbPolyline
 90
4
 70
1
 10
23.75
 20
-18.2
 10
23.75
 20
-17.4
 10
24.55
 20
-17.4
 10
24.55
 20
-18.2
  0
LWPOLYLINE
  5
203
330
17
100
AcDbEntity
  8
A-MOBILIARIO
100
AcDbPolyline
 90
4
 70
1
 10
24.35
 20
-18.2
 10
24.35
 20
-17.4
 10
24.55
 20
-17.4
 10
24.55
 20
-18.2
  0
LWPOLYLINE
  5
204
330
17
100
AcDbEntity
  8
A-MOBILIARIO
100
AcDbPolyline
 90
4
 70
1
 10
23.75
 20
-18.2
 10
23.75
 20
-18.0
 10
24.35
 20
-18.0
 10
24.35
 20
-18.2
  0
LWPOLYLINE
  5
205
330
17
100
AcDbEntity
  8
A-MOBILIARIO
100
AcDbPolyline
 90
4
 70
1
 10
23.75
 20
-17.6
 10
23.75
 20
-17.4
 10
24.35
 20
-17.4
 10
24.35
 20
-17.6
  0
CIRCLE
  5
206
330
17
100
AcDbEntity
  8
A-MOBILIARIO
100
AcDbCircle
 10
23.3
 20
-13.4
 30
0.0
 40
0.45
  0
LWPOLYLINE
  5
207
330
17
100
AcDbEntity
  8
A-MOBILIARIO
100
AcDbPolyline
 90
4
 70
1
 10
24.09195959492893
 20
-12.905025253169416
 10
23.794974746830583
 20
-12.608040405071067
 10
23.497989898732236
 20
-12.905025253169418
 10
23.794974746830583
 20
-13.202010101267767
  0
LWPOLYLINE
  5
208
330
17
100
AcDbEntity
  8
A-MOBILIARIO
100
AcDbPolyline
 90
4
 70
1
 10
24.09195959492893
 20
-12.905025253169416
 10
23.794974746830583
 20
-12.608040405071067
 10
23.752548339959393
 20
-12.65046681194226
 10
24.04953318805774
 20
-12.94745166004061
  0
LWPOLYLINE
  5
209
330
17
100
AcDbEntity
  8
A-MOBILIARIO
100
AcDbPolyline
 90
4
 70
1
 10
23.794974746830583
 20
-14.191959594928933
 10
24.09195959492893
 20
-13.894974746830583
 10
23.794974746830583
 20
-13.597989898732234
 10
23.497989898732236
 20
-13.894974746830584
  0
LWPOLYLINE
  5
20A
330
17
100
AcDbEntity
  8
A-MOBILIARIO
100
AcDbPolyline
 90
4
 70
1
 10
23.794974746830583
 20
-14.191959594928933
 10
24.09195959492893
 20
-13.894974746830583
 10
24.04953318805774
 20
-13.852548339959391
 10
23.752548339959393
 20
-14.149533188057742
  0
LWPOLYLINE
  5
20B
330
17
100
AcDbEntity
  8
A-MOBILIARIO
100
AcDbPolyline
 90
4
 70
1
 10
22.50804040507107
 20
-13.894974746830584
 10
22.80502525316942
 20
-14.191959594928933
 10
23.102010101267766
 20
-13.894974746830583
 10
22.80502525316942
 20
-13.597989898732234
  0
LWPOLYLINE
  5
20C
330
17
100
AcDbEntity
  8
A-MOBILIARIO
100
AcDbPolyline
 90
4
 70
1
 10
22.50804040507107
 20
-13.894974746830584
 10
22.80502525316942
 20
-14.191959594928933
 10
22.84745166004061
 20
-14.14953318805774
 10
22.55046681194226
 20
-13.852548339959391
  0
LWPOLYLINE
  5
20D
330
17
100
AcDbEntity
  8
A-MOBILIARIO
100
AcDbPolyline
 90
4
 70
1
 10
22.80502525316942
 20
-12.608040405071067
 10
22.50804040507107
 20
-12.905025253169418
 10
22.80502525316942
 20
-13.202010101267767
 10
23.102010101267766
 20
-12.905025253169416
  0
LWPOLYLINE
  5
20E
330
17
100
AcDbEntity
  8
A-MOBILIARIO
100
AcDbPolyline
 90
4
 70
1
 10
22.80502525316942
 20
-12.608040405071067
 10
22.50804040507107
 20
-12.905025253169418
 10
22.55046681194226
 20
-12.94745166004061
 10
22.84745166004061
 20
-12.650466811942259
  0
LWPOLYLINE
  5
20F
330
17
100
AcDbEntity
  8
A-MOBILIARIO
100
AcDbPolyline
 90
4
 70
1
 10
20.3
 20
-11.55
 10
20.3
 20
-11.15
 10
22.8
 20
-11.15
 10
22.8
 20
-11.55
  0
TEXT
  5
210
330
17
100
AcDbEntity
  8
A-MOBILIARIO
100
AcDbText
 10
21.55
 20
-11.35
 30
0.0
 40
0.08
  1
LIBRERO
 50
90.0
  7
ARIAL
 72
1
 11
21.55
 21
-11.35
 31
0.0
100
AcDbText
 73
2
  0
LINE
  5
211
330
17
100
AcDbEntity
  8
A-ESCALERA
100
AcDbLine
 10
16.98
 20
-18.65
 30
0.0
 11
18.080000000000002
 21
-18.65
 31
0.0
  0
LINE
  5
212
330
17
100
AcDbEntity
  8
A-ESCALERA
100
AcDbLine
 10
16.98
 20
-18.37
 30
0.0
 11
18.080000000000002
 21
-18.37
 31
0.0
  0
LINE
  5
213
330
17
100
AcDbEntity
  8
A-ESCALERA
100
AcDbLine
 10
16.98
 20
-18.09
 30
0.0
 11
18.080000000000002
 21
-18.09
 31
0.0
  0
LINE
  5
214
330
17
100
AcDbEntity
  8
A-ESCALERA
100
AcDbLine
 10
16.98
 20
-17.81
 30
0.0
 11
18.080000000000002
 21
-17.81
 31
0.0
  0
LINE
  5
215
330
17
100
AcDbEntity
  8
A-ESCALERA
100
AcDbLine
 10
16.98
 20
-17.53
 30
0.0
 11
18.080000000000002
 21
-17.53
 31
0.0
  0
LINE
  5
216
330
17
100
AcDbEntity
  8
A-ESCALERA
100
AcDbLine
 10
16.98
 20
-17.25
 30
0.0
 11
18.080000000000002
 21
-17.25
 31
0.0
  0
LINE
  5
217
330
17
100
AcDbEntity
  8
A-ESCALERA
100
AcDbLine
 10
16.98
 20
-16.97
 30
0.0
 11
18.080000000000002
 21
-16.97
 31
0.0
  0
LINE
  5
218
330
17
100
AcDbEntity
  8
A-PROYECCION
 48
0.1
100
AcDbLine
 10
16.98
 20
-16.689999999999998
 30
0.0
 11
18.080000000000002
 21
-16.689999999999998
 31
0.0
  0
LINE
  5
219
330
17
100
AcDbEntity
  8
A-PROYECCION
 48
0.1
100
AcDbLine
 10
16.98
 20
-16.41
 30
0.0
 11
18.080000000000002
 21
-16.41
 31
0.0
  0
LINE
  5
21A
330
17
100
AcDbEntity
  8
A-ESCALERA
100
AcDbLine
 10
18.080000000000002
 20
-18.65
 30
0.0
 11
18.080000000000002
 21
-16.97
 31
0.0
  0
LINE
  5
21B
330
17
100
AcDbEntity
  8
A-PROYECCION
 48
0.1
100
AcDbLine
 10
18.080000000000002
 20
-16.97
 30
0.0
 11
18.080000000000002
 21
-16.41
 31
0.0
  0
LINE
  5
21C
330
17
100
AcDbEntity
  8
A-ESCALERA
100
AcDbLine
 10
16.98
 20
-17.22
 30
0.0
 11
18.080000000000002
 21
-16.72
 31
0.0
  0
LINE
  5
21D
330
17
100
AcDbEntity
  8
A-ESCALERA
100
AcDbLine
 10
18.38
 20
-16.41
 30
0.0
 11
19.48
 21
-16.41
 31
0.0
  0
LINE
  5
21E
330
17
100
AcDbEntity
  8
A-ESCALERA
100
AcDbLine
 10
18.38
 20
-16.689999999999998
 30
0.0
 11
19.48
 21
-16.689999999999998
 31
0.0
  0
LINE
  5
21F
330
17
100
AcDbEntity
  8
A-ESCALERA
100
AcDbLine
 10
18.38
 20
-16.97
 30
0.0
 11
19.48
 21
-16.97
 31
0.0
  0
LINE
  5
220
330
17
100
AcDbEntity
  8
A-ESCALERA
100
AcDbLine
 10
18.38
 20
-17.25
 30
0.0
 11
19.48
 21
-17.25
 31
0.0
  0
LINE
  5
221
330
17
100
AcDbEntity
  8
A-ESCALERA
100
AcDbLine
 10
18.38
 20
-17.53
 30
0.0
 11
19.48
 21
-17.53
 31
0.0
  0
LINE
  5
222
330
17
100
AcDbEntity
  8
A-ESCALERA
100
AcDbLine
 10
18.38
 20
-17.81
 30
0.0
 11
19.48
 21
-17.81
 31
0.0
  0
LINE
  5
223
330
17
100
AcDbEntity
  8
A-ESCALERA
100
AcDbLine
 10
18.38
 20
-18.09
 30
0.0
 11
19.48
 21
-18.09
 31
0.0
  0
LINE
  5
224
330
17
100
AcDbEntity
  8
A-ESCALERA
100
AcDbLine
 10
18.38
 20
-18.37
 30
0.0
 11
19.48
 21
-18.37
 31
0.0
  0
LINE
  5
225
330
17
100
AcDbEntity
  8
A-ESCALERA
100
AcDbLine
 10
18.38
 20
-18.37
 30
0.0
 11
18.38
 21
-16.41
 31
0.0
  0
LINE
  5
226
330
17
100
AcDbEntity
  8
A-PROYECCION
 48
0.1
100
AcDbLine
 10
16.98
 20
-16.41
 30
0.0
 11
19.48
 21
-16.41
 31
0.0
  0
LINE
  5
227
330
17
100
AcDbEntity
  8
A-ESCALERA
100
AcDbLine
 10
18.23
 20
-18.37
 30
0.0
 11
18.23
 21
-16.41
 31
0.0
  0
LINE
  5
228
330
17
100
AcDbEntity
  8
A-ESCALERA
100
AcDbLine
 10
17.53
 20
-18.5
 30
0.0
 11
17.53
 21
-17.12
 31
0.0
  0
SOLID
  5
229
330
17
100
AcDbEntity
  8
A-ESCALERA
100
AcDbTrace
 10
17.53
 20
-17.12
 30
0.0
 11
17.41
 21
-17.32
 31
0.0
 12
17.650000000000002
 22
-17.32
 32
0.0
 13
17.650000000000002
 23
-17.32
 33
0.0
  0
TEXT
  5
22A
330
17
100
AcDbEntity
  8
A-ESCALERA
100
AcDbText
 10
17.71
 20
-17.81
 30
0.0
 40
0.12
  1
SUBE
  7
ARIAL
 72
1
 11
17.71
 21
-17.81
 31
0.0
100
AcDbText
 73
2
  0
LINE
  5
22B
330
17
100
AcDbEntity
  8
A-ESCALERA
100
AcDbLine
 10
18.93
 20
-18.2
 30
0.0
 11
18.93
 21
-16.56
 31
0.0
  0
SOLID
  5
22C
330
17
100
AcDbEntity
  8
A-ESCALERA
100
AcDbTrace
 10
18.93
 20
-16.56
 30
0.0
 11
18.81
 21
-16.759999999999998
 31
0.0
 12
19.05
 22
-16.759999999999998
 32
0.0
 13
19.05
 23
-16.759999999999998
 33
0.0
  0
TEXT
  5
22D
330
17
100
AcDbEntity
  8
A-ESCALERA
100
AcDbText
 10
19.11
 20
-17.38
 30
0.0
 40
0.12
  1
BAJA
  7
ARIAL
 72
1
 11
19.11
 21
-17.38
 31
0.0
100
AcDbText
 73
2
  0
LWPOLYLINE
  5
22E
330
17
100
AcDbEntity
  8
E-COLUMNA
100
AcDbPolyline
 90
4
 70
1
 10
2.06
 20
-15.31
 10
2.06
 20
-15.01
 10
2.36
 20
-15.01
 10
2.36
 20
-15.31
  0
HATCH
  5
22F
330
17
100
AcDbEntity
  8
E-COLUMNA
 62
7
100
AcDbHatch
 10
0.0
 20
0.0
 30
0.0
210
0.0
220
0.0
230
1.0
  2
SOLID
 70
1
 71
0
 91
1
 92
3
 72
0
 73
1
 93
4
 10
2.06
 20
-15.31
 10
2.06
 20
-15.01
 10
2.36
 20
-15.01
 10
2.36
 20
-15.31
 97
0
 75
0
 76
1
 98
0
  0
TEXT
  5
230
330
17
100
AcDbEntity
  8
E-COLUMNA
100
AcDbText
 10
2.48
 20
-14.89
 30
0.0
 40
0.1
  1
C1
  7
ARIAL
 11
2.48
 21
-14.89
 31
0.0
100
AcDbText
 73
2
  0
LWPOLYLINE
  5
231
330
17
100
AcDbEntity
  8
E-COLUMNA
100
AcDbPolyline
 90
4
 70
1
 10
7.534999999999999
 20
-15.31
 10
7.534999999999999
 20
-15.01
 10
7.835
 20
-15.01
 10
7.835
 20
-15.31
  0
HATCH
  5
232
330
17
100
AcDbEntity
  8
E-COLUMNA
 62
7
100
AcDbHatch
 10
0.0
 20
0.0
 30
0.0
210
0.0
220
0.0
230
1.0
  2
SOLID
 70
1
 71
0
 91
1
 92
3
 72
0
 73
1
 93
4
 10
7.534999999999999
 20
-15.31
 10
7.534999999999999
 20
-15.01
 10
7.835
 20
-15.01
 10
7.835
 20
-15.31
 97
0
 75
0
 76
1
 98
0
  0
TEXT
  5
233
330
17
100
AcDbEntity
  8
E-COLUMNA
100
AcDbText
 10
7.955
 20
-14.89
 30
0.0
 40
0.1
  1
C2
  7
ARIAL
 11
7.955
 21
-14.89
 31
0.0
100
AcDbText
 73
2
  0
LWPOLYLINE
  5
234
330
17
100
AcDbEntity
  8
E-COLUMNA
100
AcDbPolyline
 90
4
 70
1
 10
10.185
 20
-15.31
 10
10.185
 20
-15.01
 10
10.485000000000001
 20
-15.01
 10
10.485000000000001
 20
-15.31
  0
HATCH
  5
235
330
17
100
AcDbEntity
  8
E-COLUMNA
 62
7
100
AcDbHatch
 10
0.0
 20
0.0
 30
0.0
210
0.0
220
0.0
230
1.0
  2
SOLID
 70
1
 71
0
 91
1
 92
3
 72
0
 73
1
 93
4
 10
10.185
 20
-15.31
 10
10.185
 20
-15.01
 10
10.485000000000001
 20
-15.01
 10
10.485000000000001
 20
-15.31
 97
0
 75
0
 76
1
 98
0
  0
TEXT
  5
236
330
17
100
AcDbEntity
  8
E-COLUMNA
100
AcDbText
 10
10.605
 20
-14.89
 30
0.0
 40
0.1
  1
C3
  7
ARIAL
 11
10.605
 21
-14.89
 31
0.0
100
AcDbText
 73
2
  0
LWPOLYLINE
  5
237
330
17
100
AcDbEntity
  8
E-COLUMNA
100
AcDbPolyline
 90
4
 70
1
 10
16.755000000000003
 20
-15.31
 10
16.755000000000003
 20
-15.01
 10
17.055
 20
-15.01
 10
17.055
 20
-15.31
  0
HATCH
  5
238
330
17
100
AcDbEntity
  8
E-COLUMNA
 62
7
100
AcDbHatch
 10
0.0
 20
0.0
 30
0.0
210
0.0
220
0.0
230
1.0
  2
SOLID
 70
1
 71
0
 91
1
 92
3
 72
0
 73
1
 93
4
 10
16.755000000000003
 20
-15.31
 10
16.755000000000003
 20
-15.01
 10
17.055
 20
-15.01
 10
17.055
 20
-15.31
 97
0
 75
0
 76
1
 98
0
  0
TEXT
  5
239
330
17
100
AcDbEntity
  8
E-COLUMNA
100
AcDbText
 10
17.175
 20
-14.89
 30
0.0
 40
0.1
  1
C4
  7
ARIAL
 11
17.175
 21
-14.89
 31
0.0
100
AcDbText
 73
2
  0
LWPOLYLINE
  5
23A
330
17
100
AcDbEntity
  8
E-COLUMNA
100
AcDbPolyline
 90
4
 70
1
 10
19.405
 20
-15.31
 10
19.405
 20
-15.01
 10
19.705
 20
-15.01
 10
19.705
 20
-15.31
  0
HATCH
  5
23B
330
17
100
AcDbEntity
  8
E-COLUMNA
 62
7
100
AcDbHatch
 10
0.0
 20
0.0
 30
0.0
210
0.0
220
0.0
230
1.0
  2
SOLID
 70
1
 71
0
 91
1
 92
3
 72
0
 73
1
 93
4
 10
19.405
 20
-15.31
 10
19.405
 20
-15.01
 10
19.705
 20
-15.01
 10
19.705
 20
-15.31
 97
0
 75
0
 76
1
 98
0
  0
TEXT
  5
23C
330
17
100
AcDbEntity
  8
E-COLUMNA
100
AcDbText
 10
19.825
 20
-14.89
 30
0.0
 40
0.1
  1
C5
  7
ARIAL
 11
19.825
 21
-14.89
 31
0.0
100
AcDbText
 73
2
  0
LWPOLYLINE
  5
23D
330
17
100
AcDbEntity
  8
E-COLUMNA
100
AcDbPolyline
 90
4
 70
1
 10
24.880000000000003
 20
-15.31
 10
24.880000000000003
 20
-15.01
 10
25.18
 20
-15.01
 10
25.18
 20
-15.31
  0
HATCH
  5
23E
330
17
100
AcDbEntity
  8
E-COLUMNA
 62
7
100
AcDbHatch
 10
0.0
 20
0.0
 30
0.0
210
0.0
220
0.0
230
1.0
  2
SOLID
 70
1
 71
0
 91
1
 92
3
 72
0
 73
1
 93
4
 10
24.880000000000003
 20
-15.31
 10
24.880000000000003
 20
-15.01
 10
25.18
 20
-15.01
 10
25.18
 20
-15.31
 97
0
 75
0
 76
1
 98
0
  0
TEXT
  5
23F
330
17
100
AcDbEntity
  8
E-COLUMNA
100
AcDbText
 10
25.3
 20
-14.89
 30
0.0
 40
0.1
  1
C6
  7
ARIAL
 11
25.3
 21
-14.89
 31
0.0
100
AcDbText
 73
2
  0
LINE
  5
240
330
17
100
AcDbEntity
  8
A-PROYECCION
 48
0.1
100
AcDbLine
 10
7.76
 20
-18.53
 30
0.0
 11
10.26
 21
-11.15
 31
0.0
  0
LINE
  5
241
330
17
100
AcDbEntity
  8
A-PROYECCION
 48
0.1
100
AcDbLine
 10
7.76
 20
-11.15
 30
0.0
 11
10.26
 21
-18.53
 31
0.0
  0
LINE
  5
242
330
17
100
AcDbEntity
  8
A-PROYECCION
 48
0.1
100
AcDbLine
 10
16.98
 20
-15.190000000000001
 30
0.0
 11
19.48
 21
-11.15
 31
0.0
  0
LINE
  5
243
330
17
100
AcDbEntity
  8
A-PROYECCION
 48
0.1
100
AcDbLine
 10
16.98
 20
-11.15
 30
0.0
 11
19.48
 21
-15.190000000000001
 31
0.0
  0
MTEXT
  5
244
330
17
100
AcDbEntity
  8
A-ESPACIOS
100
AcDbMText
 10
5.25
 20
-18.05
 30
0.0
 40
0.15
 41
4.0
 71
5
  1
SUITE 1\PDORMITORIO Y ESTAR
  7
ARIAL
  0
MTEXT
  5
245
330
17
100
AcDbEntity
  8
A-ESPACIOS
100
AcDbMText
 10
4.05
 20
-15.879999999999999
 30
0.0
 40
0.1
 41
4.0
 71
5
  1
BAÑO\P3,41 m²
  7
ARIAL
  0
MTEXT
  5
246
330
17
100
AcDbEntity
  8
A-ESPACIOS
100
AcDbMText
 10
3.85
 20
-12.9
 30
0.0
 40
0.12
 41
4.0
 71
5
  1
WALK-IN CLOSET\P3.46 x 3.25\P11,24 m²
  7
ARIAL
  0
MTEXT
  5
247
330
17
100
AcDbEntity
  8
A-ESPACIOS
100
AcDbMText
 10
14.9
 20
-17.1
 30
0.0
 40
0.15
 41
4.0
 71
5
  1
COCINA - COMEDOR\P7.38 x 6.42\P47,38 m²
  7
ARIAL
  0
MTEXT
  5
248
330
17
100
AcDbEntity
  8
A-ESPACIOS
100
AcDbMText
 10
20.7
 20
-13.8
 30
0.0
 40
0.15
 41
4.0
 71
5
  1
SALA FAMILIAR\P8.70 x 5.40\P46,98 m²
  7
ARIAL
  0
TEXT
  5
249
330
17
100
AcDbEntity
  8
A-ESPACIOS
100
AcDbText
 10
13.0
 20
-19.25
 30
0.0
 40
0.13
  1
PASILLO
  7
ARIAL
 72
1
 11
13.0
 21
-19.25
 31
0.0
100
AcDbText
 73
2
  0
MTEXT
  5
24A
330
17
100
AcDbEntity
  8
A-ESPACIOS
100
AcDbMText
 10
9.0
 20
-14.84
 30
0.0
 40
0.14
 41
3.0
 71
5
  1
PATIO DE LUZ P1\P(ABIERTO)
  7
ARIAL
  0
MTEXT
  5
24B
330
17
100
AcDbEntity
  8
A-ESPACIOS
100
AcDbMText
 10
18.25
 20
-13.17
 30
0.0
 40
0.14
 41
3.0
 71
5
  1
PATIO P2\P(ABIERTO)
  7
ARIAL
  0
TEXT
  5
24C
330
17
100
AcDbEntity
  8
A-ESPACIOS
100
AcDbText
 10
-2.15
 20
-15.5
 30
0.0
 40
0.22
  1
CALLE PÚBLICA
 50
90.0
  7
ARIAL
 72
1
 11
-2.15
 21
-15.5
 31
0.0
100
AcDbText
 73
2
  0
LINE
  5
24D
330
17
100
AcDbEntity
  8
A-EJES
 48
0.05
100
AcDbLine
 10
-0.2
 20
-19.925
 30
0.0
 11
29.85
 21
-19.925
 31
0.0
  0
CIRCLE
  5
24E
330
17
100
AcDbEntity
  8
A-EJES-TXT
100
AcDbCircle
 10
30.130000000000003
 20
-19.925
 30
0.0
 40
0.28
  0
TEXT
  5
24F
330
17
100
AcDbEntity
  8
A-EJES-TXT
100
AcDbText
 10
30.130000000000003
 20
-19.925
 30
0.0
 40
0.22
  1
A
  7
ARIAL
 72
1
 11
30.130000000000003
 21
-19.925
 31
0.0
100
AcDbText
 73
2
  0
LINE
  5
250
330
17
100
AcDbEntity
  8
A-EJES
 48
0.05
100
AcDbLine
 10
-0.2
 20
-18.59
 30
0.0
 11
29.85
 21
-18.59
 31
0.0
  0
CIRCLE
  5
251
330
17
100
AcDbEntity
  8
A-EJES-TXT
100
AcDbCircle
 10
30.130000000000003
 20
-18.59
 30
0.0
 40
0.28
  0
TEXT
  5
252
330
17
100
AcDbEntity
  8
A-EJES-TXT
100
AcDbText
 10
30.130000000000003
 20
-18.59
 30
0.0
 40
0.22
  1
B
  7
ARIAL
 72
1
 11
30.130000000000003
 21
-18.59
 31
0.0
100
AcDbText
 73
2
  0
LINE
  5
253
330
17
100
AcDbEntity
  8
A-EJES
 48
0.05
100
AcDbLine
 10
-0.2
 20
-15.16
 30
0.0
 11
29.85
 21
-15.16
 31
0.0
  0
CIRCLE
  5
254
330
17
100
AcDbEntity
  8
A-EJES-TXT
100
AcDbCircle
 10
30.130000000000003
 20
-15.16
 30
0.0
 40
0.28
  0
TEXT
  5
255
330
17
100
AcDbEntity
  8
A-EJES-TXT
100
AcDbText
 10
30.130000000000003
 20
-15.16
 30
0.0
 40
0.22
  1
C
  7
ARIAL
 72
1
 11
30.130000000000003
 21
-15.16
 31
0.0
100
AcDbText
 73
2
  0
LINE
  5
256
330
17
100
AcDbEntity
  8
A-EJES
 48
0.05
100
AcDbLine
 10
-0.2
 20
-11.075
 30
0.0
 11
29.85
 21
-11.075
 31
0.0
  0
CIRCLE
  5
257
330
17
100
AcDbEntity
  8
A-EJES-TXT
100
AcDbCircle
 10
30.130000000000003
 20
-11.075
 30
0.0
 40
0.28
  0
TEXT
  5
258
330
17
100
AcDbEntity
  8
A-EJES-TXT
100
AcDbText
 10
30.130000000000003
 20
-11.075
 30
0.0
 40
0.22
  1
D
  7
ARIAL
 72
1
 11
30.130000000000003
 21
-11.075
 31
0.0
100
AcDbText
 73
2
  0
LINE
  5
259
330
17
100
AcDbEntity
  8
A-EJES
 48
0.05
100
AcDbLine
 10
2.1350000000000002
 20
-22.35
 30
0.0
 11
2.1350000000000002
 21
-9.8
 31
0.0
  0
CIRCLE
  5
25A
330
17
100
AcDbEntity
  8
A-EJES-TXT
100
AcDbCircle
 10
2.1350000000000002
 20
-22.63
 30
0.0
 40
0.28
  0
TEXT
  5
25B
330
17
100
AcDbEntity
  8
A-EJES-TXT
100
AcDbText
 10
2.1350000000000002
 20
-22.63
 30
0.0
 40
0.22
  1
1
  7
ARIAL
 72
1
 11
2.1350000000000002
 21
-22.63
 31
0.0
100
AcDbText
 73
2
  0
LINE
  5
25C
330
17
100
AcDbEntity
  8
A-EJES
 48
0.05
100
AcDbLine
 10
7.685
 20
-22.35
 30
0.0
 11
7.685
 21
-9.8
 31
0.0
  0
CIRCLE
  5
25D
330
17
100
AcDbEntity
  8
A-EJES-TXT
100
AcDbCircle
 10
7.685
 20
-22.63
 30
0.0
 40
0.28
  0
TEXT
  5
25E
330
17
100
AcDbEntity
  8
A-EJES-TXT
100
AcDbText
 10
7.685
 20
-22.63
 30
0.0
 40
0.22
  1
2
  7
ARIAL
 72
1
 11
7.685
 21
-22.63
 31
0.0
100
AcDbText
 73
2
  0
LINE
  5
25F
330
17
100
AcDbEntity
  8
A-EJES
 48
0.05
100
AcDbLine
 10
10.335
 20
-22.35
 30
0.0
 11
10.335
 21
-9.8
 31
0.0
  0
CIRCLE
  5
260
330
17
100
AcDbEntity
  8
A-EJES-TXT
100
AcDbCircle
 10
10.335
 20
-22.63
 30
0.0
 40
0.28
  0
TEXT
  5
261
330
17
100
AcDbEntity
  8
A-EJES-TXT
100
AcDbText
 10
10.335
 20
-22.63
 30
0.0
 40
0.22
  1
3
  7
ARIAL
 72
1
 11
10.335
 21
-22.63
 31
0.0
100
AcDbText
 73
2
  0
LINE
  5
262
330
17
100
AcDbEntity
  8
A-EJES
 48
0.05
100
AcDbLine
 10
16.905
 20
-22.35
 30
0.0
 11
16.905
 21
-9.8
 31
0.0
  0
CIRCLE
  5
263
330
17
100
AcDbEntity
  8
A-EJES-TXT
100
AcDbCircle
 10
16.905
 20
-22.63
 30
0.0
 40
0.28
  0
TEXT
  5
264
330
17
100
AcDbEntity
  8
A-EJES-TXT
100
AcDbText
 10
16.905
 20
-22.63
 30
0.0
 40
0.22
  1
4
  7
ARIAL
 72
1
 11
16.905
 21
-22.63
 31
0.0
100
AcDbText
 73
2
  0
LINE
  5
265
330
17
100
AcDbEntity
  8
A-EJES
 48
0.05
100
AcDbLine
 10
19.555
 20
-22.35
 30
0.0
 11
19.555
 21
-9.8
 31
0.0
  0
CIRCLE
  5
266
330
17
100
AcDbEntity
  8
A-EJES-TXT
100
AcDbCircle
 10
19.555
 20
-22.63
 30
0.0
 40
0.28
  0
TEXT
  5
267
330
17
100
AcDbEntity
  8
A-EJES-TXT
100
AcDbText
 10
19.555
 20
-22.63
 30
0.0
 40
0.22
  1
5
  7
ARIAL
 72
1
 11
19.555
 21
-22.63
 31
0.0
100
AcDbText
 73
2
  0
LINE
  5
268
330
17
100
AcDbEntity
  8
A-EJES
 48
0.05
100
AcDbLine
 10
25.105
 20
-22.35
 30
0.0
 11
25.105
 21
-9.8
 31
0.0
  0
CIRCLE
  5
269
330
17
100
AcDbEntity
  8
A-EJES-TXT
100
AcDbCircle
 10
25.105
 20
-22.63
 30
0.0
 40
0.28
  0
TEXT
  5
26A
330
17
100
AcDbEntity
  8
A-EJES-TXT
100
AcDbText
 10
25.105
 20
-22.63
 30
0.0
 40
0.22
  1
6
  7
ARIAL
 72
1
 11
25.105
 21
-22.63
 31
0.0
100
AcDbText
 73
2
  0
LWPOLYLINE
  5
26B
330
17
100
AcDbEntity
  8
A-MURO
100
AcDbPolyline
 90
4
 70
1
 10
16.43
 20
-11.45
 10
16.43
 20
-11.15
 10
16.83
 20
-11.15
 10
16.83
 20
-11.45
  0
LINE
  5
26C
330
17
100
AcDbEntity
  8
A-MURO
100
AcDbLine
 10
16.43
 20
-11.45
 30
0.0
 11
16.83
 21
-11.15
 31
0.0
  0
LINE
  5
26D
330
17
100
AcDbEntity
  8
A-MURO
100
AcDbLine
 10
16.83
 20
-11.45
 30
0.0
 11
16.43
 21
-11.15
 31
0.0
  0
LWPOLYLINE
  5
26E
330
17
100
AcDbEntity
  8
A-MURO
100
AcDbPolyline
 90
4
 70
1
 10
24.63
 20
-15.01
 10
24.63
 20
-14.71
 10
25.03
 20
-14.71
 10
25.03
 20
-15.01
  0
LINE
  5
26F
330
17
100
AcDbEntity
  8
A-MURO
100
AcDbLine
 10
24.63
 20
-15.01
 30
0.0
 11
25.03
 21
-14.71
 31
0.0
  0
LINE
  5
270
330
17
100
AcDbEntity
  8
A-MURO
100
AcDbLine
 10
25.03
 20
-15.01
 30
0.0
 11
24.63
 21
-14.71
 31
0.0
  0
LWPOLYLINE
  5
271
330
17
100
AcDbEntity
  8
A-MURO
100
AcDbPolyline
 90
4
 70
1
 10
2.65
 20
-14.61
 10
2.65
 20
-14.4
 10
3.75
 20
-14.4
 10
3.75
 20
-14.61
  0
LINE
  5
272
330
17
100
AcDbEntity
  8
A-MURO
100
AcDbLine
 10
2.65
 20
-14.61
 30
0.0
 11
3.75
 21
-14.4
 31
0.0
  0
LINE
  5
273
330
17
100
AcDbEntity
  8
A-MURO
100
AcDbLine
 10
3.75
 20
-14.61
 30
0.0
 11
2.65
 21
-14.4
 31
0.0
  0
LWPOLYLINE
  5
274
330
17
100
AcDbEntity
  8
T-LINDERO
100
AcDbPolyline
 90
5
 70
1
 10
0.0
 20
-40.0
 10
0.010879637986303953
 20
-35.33528332765827
 10
0.05655167053563409
 20
-30.992575178851485
 10
28.51811244861565
 20
-31.000196537113997
 10
28.511978184595964
 20
-40.0
  0
LWPOLYLINE
  5
275
330
17
100
AcDbEntity
  8
A-MURO
100
AcDbPolyline
 90
4
 70
1
 10
2.06
 20
-40.0
 10
2.06
 20
-39.85
 10
25.18
 20
-39.85
 10
25.18
 20
-40.0
  0
HATCH
  5
276
330
17
100
AcDbEntity
  8
A-MURO-TRAMA
 62
7
100
AcDbHatch
 10
0.0
 20
0.0
 30
0.0
210
0.0
220
0.0
230
1.0
  2
ANSI31
 70
0
 71
0
 91
1
 92
3
 72
0
 73
1
 93
4
 10
2.06
 20
-40.0
 10
2.06
 20
-39.85
 10
25.18
 20
-39.85
 10
25.18
 20
-40.0
 97
0
 75
1
 76
1
 52
0.0
 41
0.03
 77
0
 78
1
 53
45.0
 43
0.0
 44
0.0
 45
-0.0020205576
 46
0.0020205576
 79
0
 98
0
  0
LWPOLYLINE
  5
277
330
17
100
AcDbEntity
  8
A-MURO
100
AcDbPolyline
 90
4
 70
1
 10
2.06
 20
-31.15
 10
2.06
 20
-31.0
 10
25.18
 20
-31.0
 10
25.18
 20
-31.15
  0
HATCH
  5
278
330
17
100
AcDbEntity
  8
A-MURO-TRAMA
 62
7
100
AcDbHatch
 10
0.0
 20
0.0
 30
0.0
210
0.0
220
0.0
230
1.0
  2
ANSI31
 70
0
 71
0
 91
1
 92
3
 72
0
 73
1
 93
4
 10
2.06
 20
-31.15
 10
2.06
 20
-31.0
 10
25.18
 20
-31.0
 10
25.18
 20
-31.15
 97
0
 75
1
 76
1
 52
0.0
 41
0.03
 77
0
 78
1
 53
45.0
 43
0.0
 44
0.0
 45
-0.0020205576
 46
0.0020205576
 79
0
 98
0
  0
LWPOLYLINE
  5
279
330
17
100
AcDbEntity
  8
A-MURO
100
AcDbPolyline
 90
4
 70
1
 10
2.06
 20
-39.85
 10
2.06
 20
-39.3
 10
2.21
 20
-39.3
 10
2.21
 20
-39.85
  0
HATCH
  5
27A
330
17
100
AcDbEntity
  8
A-MURO-TRAMA
 62
7
100
AcDbHatch
 10
0.0
 20
0.0
 30
0.0
210
0.0
220
0.0
230
1.0
  2
ANSI31
 70
0
 71
0
 91
1
 92
3
 72
0
 73
1
 93
4
 10
2.06
 20
-39.85
 10
2.06
 20
-39.3
 10
2.21
 20
-39.3
 10
2.21
 20
-39.85
 97
0
 75
1
 76
1
 52
0.0
 41
0.03
 77
0
 78
1
 53
45.0
 43
0.0
 44
0.0
 45
-0.0020205576
 46
0.0020205576
 79
0
 98
0
  0
LWPOLYLINE
  5
27B
330
17
100
AcDbEntity
  8
A-MURO
100
AcDbPolyline
 90
4
 70
1
 10
2.06
 20
-37.1
 10
2.06
 20
-36.24
 10
2.21
 20
-36.24
 10
2.21
 20
-37.1
  0
HATCH
  5
27C
330
17
100
AcDbEntity
  8
A-MURO-TRAMA
 62
7
100
AcDbHatch
 10
0.0
 20
0.0
 30
0.0
210
0.0
220
0.0
230
1.0
  2
ANSI31
 70
0
 71
0
 91
1
 92
3
 72
0
 73
1
 93
4
 10
2.06
 20
-37.1
 10
2.06
 20
-36.24
 10
2.21
 20
-36.24
 10
2.21
 20
-37.1
 97
0
 75
1
 76
1
 52
0.0
 41
0.03
 77
0
 78
1
 53
45.0
 43
0.0
 44
0.0
 45
-0.0020205576
 46
0.0020205576
 79
0
 98
0
  0
LWPOLYLINE
  5
27D
330
17
100
AcDbEntity
  8
A-MURO
100
AcDbPolyline
 90
4
 70
1
 10
2.06
 20
-35.34
 10
2.06
 20
-33.6
 10
2.21
 20
-33.6
 10
2.21
 20
-35.34
  0
HATCH
  5
27E
330
17
100
AcDbEntity
  8
A-MURO-TRAMA
 62
7
100
AcDbHatch
 10
0.0
 20
0.0
 30
0.0
210
0.0
220
0.0
230
1.0
  2
ANSI31
 70
0
 71
0
 91
1
 92
3
 72
0
 73
1
 93
4
 10
2.06
 20
-35.34
 10
2.06
 20
-33.6
 10
2.21
 20
-33.6
 10
2.21
 20
-35.34
 97
0
 75
1
 76
1
 52
0.0
 41
0.03
 77
0
 78
1
 53
45.0
 43
0.0
 44
0.0
 45
-0.0020205576
 46
0.0020205576
 79
0
 98
0
  0
LWPOLYLINE
  5
27F
330
17
100
AcDbEntity
  8
A-MURO
100
AcDbPolyline
 90
4
 70
1
 10
2.06
 20
-31.8
 10
2.06
 20
-31.15
 10
2.21
 20
-31.15
 10
2.21
 20
-31.8
  0
HATCH
  5
280
330
17
100
AcDbEntity
  8
A-MURO-TRAMA
 62
7
100
AcDbHatch
 10
0.0
 20
0.0
 30
0.0
210
0.0
220
0.0
230
1.0
  2
ANSI31
 70
0
 71
0
 91
1
 92
3
 72
0
 73
1
 93
4
 10
2.06
 20
-31.8
 10
2.06
 20
-31.15
 10
2.21
 20
-31.15
 10
2.21
 20
-31.8
 97
0
 75
1
 76
1
 52
0.0
 41
0.03
 77
0
 78
1
 53
45.0
 43
0.0
 44
0.0
 45
-0.0020205576
 46
0.0020205576
 79
0
 98
0
  0
LINE
  5
281
330
17
100
AcDbEntity
  8
A-VENTANA
100
AcDbLine
 10
2.06
 20
-39.3
 30
0.0
 11
2.06
 21
-37.1
 31
0.0
  0
LINE
  5
282
330
17
100
AcDbEntity
  8
A-VENTANA
100
AcDbLine
 10
2.21
 20
-39.3
 30
0.0
 11
2.21
 21
-37.1
 31
0.0
  0
LINE
  5
283
330
17
100
AcDbEntity
  8
A-VENTANA
100
AcDbLine
 10
2.135
 20
-39.3
 30
0.0
 11
2.135
 21
-37.1
 31
0.0
  0
LINE
  5
284
330
17
100
AcDbEntity
  8
A-VENTANA
100
AcDbLine
 10
2.06
 20
-39.3
 30
0.0
 11
2.21
 21
-39.3
 31
0.0
  0
LINE
  5
285
330
17
100
AcDbEntity
  8
A-VENTANA
100
AcDbLine
 10
2.06
 20
-37.1
 30
0.0
 11
2.21
 21
-37.1
 31
0.0
  0
LINE
  5
286
330
17
100
AcDbEntity
  8
A-VENTANA
100
AcDbLine
 10
2.06
 20
-36.24
 30
0.0
 11
2.06
 21
-35.34
 31
0.0
  0
LINE
  5
287
330
17
100
AcDbEntity
  8
A-VENTANA
100
AcDbLine
 10
2.21
 20
-36.24
 30
0.0
 11
2.21
 21
-35.34
 31
0.0
  0
LINE
  5
288
330
17
100
AcDbEntity
  8
A-VENTANA
100
AcDbLine
 10
2.135
 20
-36.24
 30
0.0
 11
2.135
 21
-35.34
 31
0.0
  0
LINE
  5
289
330
17
100
AcDbEntity
  8
A-VENTANA
100
AcDbLine
 10
2.06
 20
-36.24
 30
0.0
 11
2.21
 21
-36.24
 31
0.0
  0
LINE
  5
28A
330
17
100
AcDbEntity
  8
A-VENTANA
100
AcDbLine
 10
2.06
 20
-35.34
 30
0.0
 11
2.21
 21
-35.34
 31
0.0
  0
LINE
  5
28B
330
17
100
AcDbEntity
  8
A-VENTANA
100
AcDbLine
 10
2.06
 20
-33.6
 30
0.0
 11
2.06
 21
-31.8
 31
0.0
  0
LINE
  5
28C
330
17
100
AcDbEntity
  8
A-VENTANA
100
AcDbLine
 10
2.21
 20
-33.6
 30
0.0
 11
2.21
 21
-31.8
 31
0.0
  0
LINE
  5
28D
330
17
100
AcDbEntity
  8
A-VENTANA
100
AcDbLine
 10
2.135
 20
-33.6
 30
0.0
 11
2.135
 21
-31.8
 31
0.0
  0
LINE
  5
28E
330
17
100
AcDbEntity
  8
A-VENTANA
100
AcDbLine
 10
2.06
 20
-33.6
 30
0.0
 11
2.21
 21
-33.6
 31
0.0
  0
LINE
  5
28F
330
17
100
AcDbEntity
  8
A-VENTANA
100
AcDbLine
 10
2.06
 20
-31.8
 30
0.0
 11
2.21
 21
-31.8
 31
0.0
  0
LWPOLYLINE
  5
290
330
17
100
AcDbEntity
  8
A-MURO
100
AcDbPolyline
 90
4
 70
1
 10
25.03
 20
-39.85
 10
25.03
 20
-39.3
 10
25.18
 20
-39.3
 10
25.18
 20
-39.85
  0
HATCH
  5
291
330
17
100
AcDbEntity
  8
A-MURO-TRAMA
 62
7
100
AcDbHatch
 10
0.0
 20
0.0
 30
0.0
210
0.0
220
0.0
230
1.0
  2
ANSI31
 70
0
 71
0
 91
1
 92
3
 72
0
 73
1
 93
4
 10
25.03
 20
-39.85
 10
25.03
 20
-39.3
 10
25.18
 20
-39.3
 10
25.18
 20
-39.85
 97
0
 75
1
 76
1
 52
0.0
 41
0.03
 77
0
 78
1
 53
45.0
 43
0.0
 44
0.0
 45
-0.0020205576
 46
0.0020205576
 79
0
 98
0
  0
LWPOLYLINE
  5
292
330
17
100
AcDbEntity
  8
A-MURO
100
AcDbPolyline
 90
4
 70
1
 10
25.03
 20
-37.1
 10
25.03
 20
-36.15
 10
25.18
 20
-36.15
 10
25.18
 20
-37.1
  0
HATCH
  5
293
330
17
100
AcDbEntity
  8
A-MURO-TRAMA
 62
7
100
AcDbHatch
 10
0.0
 20
0.0
 30
0.0
210
0.0
220
0.0
230
1.0
  2
ANSI31
 70
0
 71
0
 91
1
 92
3
 72
0
 73
1
 93
4
 10
25.03
 20
-37.1
 10
25.03
 20
-36.15
 10
25.18
 20
-36.15
 10
25.18
 20
-37.1
 97
0
 75
1
 76
1
 52
0.0
 41
0.03
 77
0
 78
1
 53
45.0
 43
0.0
 44
0.0
 45
-0.0020205576
 46
0.0020205576
 79
0
 98
0
  0
LWPOLYLINE
  5
294
330
17
100
AcDbEntity
  8
A-MURO
100
AcDbPolyline
 90
4
 70
1
 10
25.03
 20
-35.4
 10
25.03
 20
-33.6
 10
25.18
 20
-33.6
 10
25.18
 20
-35.4
  0
HATCH
  5
295
330
17
100
AcDbEntity
  8
A-MURO-TRAMA
 62
7
100
AcDbHatch
 10
0.0
 20
0.0
 30
0.0
210
0.0
220
0.0
230
1.0
  2
ANSI31
 70
0
 71
0
 91
1
 92
3
 72
0
 73
1
 93
4
 10
25.03
 20
-35.4
 10
25.03
 20
-33.6
 10
25.18
 20
-33.6
 10
25.18
 20
-35.4
 97
0
 75
1
 76
1
 52
0.0
 41
0.03
 77
0
 78
1
 53
45.0
 43
0.0
 44
0.0
 45
-0.0020205576
 46
0.0020205576
 79
0
 98
0
  0
LWPOLYLINE
  5
296
330
17
100
AcDbEntity
  8
A-MURO
100
AcDbPolyline
 90
4
 70
1
 10
25.03
 20
-31.8
 10
25.03
 20
-31.15
 10
25.18
 20
-31.15
 10
25.18
 20
-31.8
  0
HATCH
  5
297
330
17
100
AcDbEntity
  8
A-MURO-TRAMA
 62
7
100
AcDbHatch
 10
0.0
 20
0.0
 30
0.0
210
0.0
220
0.0
230
1.0
  2
ANSI31
 70
0
 71
0
 91
1
 92
3
 72
0
 73
1
 93
4
 10
25.03
 20
-31.8
 10
25.03
 20
-31.15
 10
25.18
 20
-31.15
 10
25.18
 20
-31.8
 97
0
 75
1
 76
1
 52
0.0
 41
0.03
 77
0
 78
1
 53
45.0
 43
0.0
 44
0.0
 45
-0.0020205576
 46
0.0020205576
 79
0
 98
0
  0
LINE
  5
298
330
17
100
AcDbEntity
  8
A-VENTANA
100
AcDbLine
 10
25.03
 20
-39.3
 30
0.0
 11
25.03
 21
-37.1
 31
0.0
  0
LINE
  5
299
330
17
100
AcDbEntity
  8
A-VENTANA
100
AcDbLine
 10
25.18
 20
-39.3
 30
0.0
 11
25.18
 21
-37.1
 31
0.0
  0
LINE
  5
29A
330
17
100
AcDbEntity
  8
A-VENTANA
100
AcDbLine
 10
25.105
 20
-39.3
 30
0.0
 11
25.105
 21
-37.1
 31
0.0
  0
LINE
  5
29B
330
17
100
AcDbEntity
  8
A-VENTANA
100
AcDbLine
 10
25.03
 20
-39.3
 30
0.0
 11
25.18
 21
-39.3
 31
0.0
  0
LINE
  5
29C
330
17
100
AcDbEntity
  8
A-VENTANA
100
AcDbLine
 10
25.03
 20
-37.1
 30
0.0
 11
25.18
 21
-37.1
 31
0.0
  0
LINE
  5
29D
330
17
100
AcDbEntity
  8
A-VENTANA
100
AcDbLine
 10
25.03
 20
-36.15
 30
0.0
 11
25.03
 21
-35.4
 31
0.0
  0
LINE
  5
29E
330
17
100
AcDbEntity
  8
A-VENTANA
100
AcDbLine
 10
25.18
 20
-36.15
 30
0.0
 11
25.18
 21
-35.4
 31
0.0
  0
LINE
  5
29F
330
17
100
AcDbEntity
  8
A-VENTANA
100
AcDbLine
 10
25.105
 20
-36.15
 30
0.0
 11
25.105
 21
-35.4
 31
0.0
  0
LINE
  5
2A0
330
17
100
AcDbEntity
  8
A-VENTANA
100
AcDbLine
 10
25.03
 20
-36.15
 30
0.0
 11
25.18
 21
-36.15
 31
0.0
  0
LINE
  5
2A1
330
17
100
AcDbEntity
  8
A-VENTANA
100
AcDbLine
 10
25.03
 20
-35.4
 30
0.0
 11
25.18
 21
-35.4
 31
0.0
  0
LINE
  5
2A2
330
17
100
AcDbEntity
  8
A-VENTANA
100
AcDbLine
 10
25.03
 20
-33.6
 30
0.0
 11
25.03
 21
-31.8
 31
0.0
  0
LINE
  5
2A3
330
17
100
AcDbEntity
  8
A-VENTANA
100
AcDbLine
 10
25.18
 20
-33.6
 30
0.0
 11
25.18
 21
-31.8
 31
0.0
  0
LINE
  5
2A4
330
17
100
AcDbEntity
  8
A-VENTANA
100
AcDbLine
 10
25.105
 20
-33.6
 30
0.0
 11
25.105
 21
-31.8
 31
0.0
  0
LINE
  5
2A5
330
17
100
AcDbEntity
  8
A-VENTANA
100
AcDbLine
 10
25.03
 20
-33.6
 30
0.0
 11
25.18
 21
-33.6
 31
0.0
  0
LINE
  5
2A6
330
17
100
AcDbEntity
  8
A-VENTANA
100
AcDbLine
 10
25.03
 20
-31.8
 30
0.0
 11
25.18
 21
-31.8
 31
0.0
  0
LWPOLYLINE
  5
2A7
330
17
100
AcDbEntity
  8
A-MURO
100
AcDbPolyline
 90
4
 70
1
 10
7.609999999999999
 20
-39.85
 10
7.609999999999999
 20
-39.75
 10
7.76
 20
-39.75
 10
7.76
 20
-39.85
  0
HATCH
  5
2A8
330
17
100
AcDbEntity
  8
A-MURO-TRAMA
 62
7
100
AcDbHatch
 10
0.0
 20
0.0
 30
0.0
210
0.0
220
0.0
230
1.0
  2
ANSI31
 70
0
 71
0
 91
1
 92
3
 72
0
 73
1
 93
4
 10
7.609999999999999
 20
-39.85
 10
7.609999999999999
 20
-39.75
 10
7.76
 20
-39.75
 10
7.76
 20
-39.85
 97
0
 75
1
 76
1
 52
0.0
 41
0.03
 77
0
 78
1
 53
45.0
 43
0.0
 44
0.0
 45
-0.0020205576
 46
0.0020205576
 79
0
 98
0
  0
LWPOLYLINE
  5
2A9
330
17
100
AcDbEntity
  8
A-MURO
100
AcDbPolyline
 90
4
 70
1
 10
7.609999999999999
 20
-38.85
 10
7.609999999999999
 20
-38.0
 10
7.76
 20
-38.0
 10
7.76
 20
-38.85
  0
HATCH
  5
2AA
330
17
100
AcDbEntity
  8
A-MURO-TRAMA
 62
7
100
AcDbHatch
 10
0.0
 20
0.0
 30
0.0
210
0.0
220
0.0
230
1.0
  2
ANSI31
 70
0
 71
0
 91
1
 92
3
 72
0
 73
1
 93
4
 10
7.609999999999999
 20
-38.85
 10
7.609999999999999
 20
-38.0
 10
7.76
 20
-38.0
 10
7.76
 20
-38.85
 97
0
 75
1
 76
1
 52
0.0
 41
0.03
 77
0
 78
1
 53
45.0
 43
0.0
 44
0.0
 45
-0.0020205576
 46
0.0020205576
 79
0
 98
0
  0
LWPOLYLINE
  5
2AB
330
17
100
AcDbEntity
  8
A-MURO
100
AcDbPolyline
 90
4
 70
1
 10
7.609999999999999
 20
-35.6
 10
7.609999999999999
 20
-34.4
 10
7.76
 20
-34.4
 10
7.76
 20
-35.6
  0
HATCH
  5
2AC
330
17
100
AcDbEntity
  8
A-MURO-TRAMA
 62
7
100
AcDbHatch
 10
0.0
 20
0.0
 30
0.0
210
0.0
220
0.0
230
1.0
  2
ANSI31
 70
0
 71
0
 91
1
 92
3
 72
0
 73
1
 93
4
 10
7.609999999999999
 20
-35.6
 10
7.609999999999999
 20
-34.4
 10
7.76
 20
-34.4
 10
7.76
 20
-35.6
 97
0
 75
1
 76
1
 52
0.0
 41
0.03
 77
0
 78
1
 53
45.0
 43
0.0
 44
0.0
 45
-0.0020205576
 46
0.0020205576
 79
0
 98
0
  0
LWPOLYLINE
  5
2AD
330
17
100
AcDbEntity
  8
A-MURO
100
AcDbPolyline
 90
4
 70
1
 10
7.609999999999999
 20
-31.8
 10
7.609999999999999
 20
-31.15
 10
7.76
 20
-31.15
 10
7.76
 20
-31.8
  0
HATCH
  5
2AE
330
17
100
AcDbEntity
  8
A-MURO-TRAMA
 62
7
100
AcDbHatch
 10
0.0
 20
0.0
 30
0.0
210
0.0
220
0.0
230
1.0
  2
ANSI31
 70
0
 71
0
 91
1
 92
3
 72
0
 73
1
 93
4
 10
7.609999999999999
 20
-31.8
 10
7.609999999999999
 20
-31.15
 10
7.76
 20
-31.15
 10
7.76
 20
-31.8
 97
0
 75
1
 76
1
 52
0.0
 41
0.03
 77
0
 78
1
 53
45.0
 43
0.0
 44
0.0
 45
-0.0020205576
 46
0.0020205576
 79
0
 98
0
  0
LINE
  5
2AF
330
17
100
AcDbEntity
  8
A-VENTANA
100
AcDbLine
 10
7.609999999999999
 20
-38.0
 30
0.0
 11
7.609999999999999
 21
-35.6
 31
0.0
  0
LINE
  5
2B0
330
17
100
AcDbEntity
  8
A-VENTANA
100
AcDbLine
 10
7.76
 20
-38.0
 30
0.0
 11
7.76
 21
-35.6
 31
0.0
  0
LINE
  5
2B1
330
17
100
AcDbEntity
  8
A-VENTANA
100
AcDbLine
 10
7.685
 20
-38.0
 30
0.0
 11
7.685
 21
-35.6
 31
0.0
  0
LINE
  5
2B2
330
17
100
AcDbEntity
  8
A-VENTANA
100
AcDbLine
 10
7.609999999999999
 20
-38.0
 30
0.0
 11
7.76
 21
-38.0
 31
0.0
  0
LINE
  5
2B3
330
17
100
AcDbEntity
  8
A-VENTANA
100
AcDbLine
 10
7.609999999999999
 20
-35.6
 30
0.0
 11
7.76
 21
-35.6
 31
0.0
  0
LINE
  5
2B4
330
17
100
AcDbEntity
  8
A-VENTANA
100
AcDbLine
 10
7.609999999999999
 20
-34.4
 30
0.0
 11
7.609999999999999
 21
-31.8
 31
0.0
  0
LINE
  5
2B5
330
17
100
AcDbEntity
  8
A-VENTANA
100
AcDbLine
 10
7.76
 20
-34.4
 30
0.0
 11
7.76
 21
-31.8
 31
0.0
  0
LINE
  5
2B6
330
17
100
AcDbEntity
  8
A-VENTANA
100
AcDbLine
 10
7.685
 20
-34.4
 30
0.0
 11
7.685
 21
-31.8
 31
0.0
  0
LINE
  5
2B7
330
17
100
AcDbEntity
  8
A-VENTANA
100
AcDbLine
 10
7.609999999999999
 20
-34.4
 30
0.0
 11
7.76
 21
-34.4
 31
0.0
  0
LINE
  5
2B8
330
17
100
AcDbEntity
  8
A-VENTANA
100
AcDbLine
 10
7.609999999999999
 20
-31.8
 30
0.0
 11
7.76
 21
-31.8
 31
0.0
  0
LWPOLYLINE
  5
2B9
330
17
100
AcDbEntity
  8
A-MURO
100
AcDbPolyline
 90
4
 70
1
 10
10.26
 20
-38.53
 10
10.26
 20
-37.3
 10
10.41
 20
-37.3
 10
10.41
 20
-38.53
  0
HATCH
  5
2BA
330
17
100
AcDbEntity
  8
A-MURO-TRAMA
 62
7
100
AcDbHatch
 10
0.0
 20
0.0
 30
0.0
210
0.0
220
0.0
230
1.0
  2
ANSI31
 70
0
 71
0
 91
1
 92
3
 72
0
 73
1
 93
4
 10
10.26
 20
-38.53
 10
10.26
 20
-37.3
 10
10.41
 20
-37.3
 10
10.41
 20
-38.53
 97
0
 75
1
 76
1
 52
0.0
 41
0.03
 77
0
 78
1
 53
45.0
 43
0.0
 44
0.0
 45
-0.0020205576
 46
0.0020205576
 79
0
 98
0
  0
LWPOLYLINE
  5
2BB
330
17
100
AcDbEntity
  8
A-MURO
100
AcDbPolyline
 90
4
 70
1
 10
10.26
 20
-35.7
 10
10.26
 20
-33.4
 10
10.41
 20
-33.4
 10
10.41
 20
-35.7
  0
HATCH
  5
2BC
330
17
100
AcDbEntity
  8
A-MURO-TRAMA
 62
7
100
AcDbHatch
 10
0.0
 20
0.0
 30
0.0
210
0.0
220
0.0
230
1.0
  2
ANSI31
 70
0
 71
0
 91
1
 92
3
 72
0
 73
1
 93
4
 10
10.26
 20
-35.7
 10
10.26
 20
-33.4
 10
10.41
 20
-33.4
 10
10.41
 20
-35.7
 97
0
 75
1
 76
1
 52
0.0
 41
0.03
 77
0
 78
1
 53
45.0
 43
0.0
 44
0.0
 45
-0.0020205576
 46
0.0020205576
 79
0
 98
0
  0
LWPOLYLINE
  5
2BD
330
17
100
AcDbEntity
  8
A-MURO
100
AcDbPolyline
 90
4
 70
1
 10
10.26
 20
-31.6
 10
10.26
 20
-31.15
 10
10.41
 20
-31.15
 10
10.41
 20
-31.6
  0
HATCH
  5
2BE
330
17
100
AcDbEntity
  8
A-MURO-TRAMA
 62
7
100
AcDbHatch
 10
0.0
 20
0.0
 30
0.0
210
0.0
220
0.0
230
1.0
  2
ANSI31
 70
0
 71
0
 91
1
 92
3
 72
0
 73
1
 93
4
 10
10.26
 20
-31.6
 10
10.26
 20
-31.15
 10
10.41
 20
-31.15
 10
10.41
 20
-31.6
 97
0
 75
1
 76
1
 52
0.0
 41
0.03
 77
0
 78
1
 53
45.0
 43
0.0
 44
0.0
 45
-0.0020205576
 46
0.0020205576
 79
0
 98
0
  0
LINE
  5
2BF
330
17
100
AcDbEntity
  8
A-VENTANA
100
AcDbLine
 10
10.26
 20
-37.3
 30
0.0
 11
10.26
 21
-35.7
 31
0.0
  0
LINE
  5
2C0
330
17
100
AcDbEntity
  8
A-VENTANA
100
AcDbLine
 10
10.41
 20
-37.3
 30
0.0
 11
10.41
 21
-35.7
 31
0.0
  0
LINE
  5
2C1
330
17
100
AcDbEntity
  8
A-VENTANA
100
AcDbLine
 10
10.335
 20
-37.3
 30
0.0
 11
10.335
 21
-35.7
 31
0.0
  0
LINE
  5
2C2
330
17
100
AcDbEntity
  8
A-VENTANA
100
AcDbLine
 10
10.26
 20
-37.3
 30
0.0
 11
10.41
 21
-37.3
 31
0.0
  0
LINE
  5
2C3
330
17
100
AcDbEntity
  8
A-VENTANA
100
AcDbLine
 10
10.26
 20
-35.7
 30
0.0
 11
10.41
 21
-35.7
 31
0.0
  0
LINE
  5
2C4
330
17
100
AcDbEntity
  8
A-VENTANA
100
AcDbLine
 10
10.26
 20
-33.4
 30
0.0
 11
10.26
 21
-31.6
 31
0.0
  0
LINE
  5
2C5
330
17
100
AcDbEntity
  8
A-VENTANA
100
AcDbLine
 10
10.41
 20
-33.4
 30
0.0
 11
10.41
 21
-31.6
 31
0.0
  0
LINE
  5
2C6
330
17
100
AcDbEntity
  8
A-VENTANA
100
AcDbLine
 10
10.335
 20
-33.4
 30
0.0
 11
10.335
 21
-31.6
 31
0.0
  0
LINE
  5
2C7
330
17
100
AcDbEntity
  8
A-VENTANA
100
AcDbLine
 10
10.26
 20
-33.4
 30
0.0
 11
10.41
 21
-33.4
 31
0.0
  0
LINE
  5
2C8
330
17
100
AcDbEntity
  8
A-VENTANA
100
AcDbLine
 10
10.26
 20
-31.6
 30
0.0
 11
10.41
 21
-31.6
 31
0.0
  0
LINE
  5
2C9
330
17
100
AcDbEntity
  8
A-VENTANA
100
AcDbLine
 10
7.859999999999999
 20
-38.65
 30
0.0
 11
10.16
 21
-38.65
 31
0.0
  0
LINE
  5
2CA
330
17
100
AcDbEntity
  8
A-VENTANA
100
AcDbLine
 10
7.859999999999999
 20
-38.53
 30
0.0
 11
10.16
 21
-38.53
 31
0.0
  0
LINE
  5
2CB
330
17
100
AcDbEntity
  8
A-VENTANA
100
AcDbLine
 10
7.859999999999999
 20
-38.59
 30
0.0
 11
10.16
 21
-38.59
 31
0.0
  0
LINE
  5
2CC
330
17
100
AcDbEntity
  8
A-VENTANA
100
AcDbLine
 10
7.859999999999999
 20
-38.65
 30
0.0
 11
7.859999999999999
 21
-38.53
 31
0.0
  0
LINE
  5
2CD
330
17
100
AcDbEntity
  8
A-VENTANA
100
AcDbLine
 10
10.16
 20
-38.65
 30
0.0
 11
10.16
 21
-38.53
 31
0.0
  0
LWPOLYLINE
  5
2CE
330
17
100
AcDbEntity
  8
A-MURO
100
AcDbPolyline
 90
4
 70
1
 10
7.76
 20
-38.65
 10
7.76
 20
-38.53
 10
7.859999999999999
 20
-38.53
 10
7.859999999999999
 20
-38.65
  0
HATCH
  5
2CF
330
17
100
AcDbEntity
  8
A-MURO-TRAMA
 62
7
100
AcDbHatch
 10
0.0
 20
0.0
 30
0.0
210
0.0
220
0.0
230
1.0
  2
ANSI31
 70
0
 71
0
 91
1
 92
3
 72
0
 73
1
 93
4
 10
7.76
 20
-38.65
 10
7.76
 20
-38.53
 10
7.859999999999999
 20
-38.53
 10
7.859999999999999
 20
-38.65
 97
0
 75
1
 76
1
 52
0.0
 41
0.03
 77
0
 78
1
 53
45.0
 43
0.0
 44
0.0
 45
-0.0020205576
 46
0.0020205576
 79
0
 98
0
  0
LWPOLYLINE
  5
2D0
330
17
100
AcDbEntity
  8
A-MURO
100
AcDbPolyline
 90
4
 70
1
 10
10.16
 20
-38.65
 10
10.16
 20
-38.53
 10
10.41
 20
-38.53
 10
10.41
 20
-38.65
  0
HATCH
  5
2D1
330
17
100
AcDbEntity
  8
A-MURO-TRAMA
 62
7
100
AcDbHatch
 10
0.0
 20
0.0
 30
0.0
210
0.0
220
0.0
230
1.0
  2
ANSI31
 70
0
 71
0
 91
1
 92
3
 72
0
 73
1
 93
4
 10
10.16
 20
-38.65
 10
10.16
 20
-38.53
 10
10.41
 20
-38.53
 10
10.41
 20
-38.65
 97
0
 75
1
 76
1
 52
0.0
 41
0.03
 77
0
 78
1
 53
45.0
 43
0.0
 44
0.0
 45
-0.0020205576
 46
0.0020205576
 79
0
 98
0
  0
LWPOLYLINE
  5
2D2
330
17
100
AcDbEntity
  8
A-MURO
100
AcDbPolyline
 90
4
 70
1
 10
10.41
 20
-38.65
 10
10.41
 20
-38.53
 10
15.55
 20
-38.53
 10
15.55
 20
-38.65
  0
HATCH
  5
2D3
330
17
100
AcDbEntity
  8
A-MURO-TRAMA
 62
7
100
AcDbHatch
 10
0.0
 20
0.0
 30
0.0
210
0.0
220
0.0
230
1.0
  2
ANSI31
 70
0
 71
0
 91
1
 92
3
 72
0
 73
1
 93
4
 10
10.41
 20
-38.65
 10
10.41
 20
-38.53
 10
15.55
 20
-38.53
 10
15.55
 20
-38.65
 97
0
 75
1
 76
1
 52
0.0
 41
0.03
 77
0
 78
1
 53
45.0
 43
0.0
 44
0.0
 45
-0.0020205576
 46
0.0020205576
 79
0
 98
0
  0
LWPOLYLINE
  5
2D4
330
17
100
AcDbEntity
  8
A-MURO
100
AcDbPolyline
 90
4
 70
1
 10
16.45
 20
-38.65
 10
16.45
 20
-38.53
 10
16.830000000000002
 20
-38.53
 10
16.830000000000002
 20
-38.65
  0
HATCH
  5
2D5
330
17
100
AcDbEntity
  8
A-MURO-TRAMA
 62
7
100
AcDbHatch
 10
0.0
 20
0.0
 30
0.0
210
0.0
220
0.0
230
1.0
  2
ANSI31
 70
0
 71
0
 91
1
 92
3
 72
0
 73
1
 93
4
 10
16.45
 20
-38.65
 10
16.45
 20
-38.53
 10
16.830000000000002
 20
-38.53
 10
16.830000000000002
 20
-38.65
 97
0
 75
1
 76
1
 52
0.0
 41
0.03
 77
0
 78
1
 53
45.0
 43
0.0
 44
0.0
 45
-0.0020205576
 46
0.0020205576
 79
0
 98
0
  0
LWPOLYLINE
  5
2D6
330
17
100
AcDbEntity
  8
A-MURO
100
AcDbPolyline
 90
4
 70
1
 10
16.830000000000002
 20
-38.65
 10
16.830000000000002
 20
-34.6
 10
16.98
 20
-34.6
 10
16.98
 20
-38.65
  0
HATCH
  5
2D7
330
17
100
AcDbEntity
  8
A-MURO-TRAMA
 62
7
100
AcDbHatch
 10
0.0
 20
0.0
 30
0.0
210
0.0
220
0.0
230
1.0
  2
ANSI31
 70
0
 71
0
 91
1
 92
3
 72
0
 73
1
 93
4
 10
16.830000000000002
 20
-38.65
 10
16.830000000000002
 20
-34.6
 10
16.98
 20
-34.6
 10
16.98
 20
-38.65
 97
0
 75
1
 76
1
 52
0.0
 41
0.03
 77
0
 78
1
 53
45.0
 43
0.0
 44
0.0
 45
-0.0020205576
 46
0.0020205576
 79
0
 98
0
  0
LWPOLYLINE
  5
2D8
330
17
100
AcDbEntity
  8
A-MURO
100
AcDbPolyline
 90
4
 70
1
 10
16.830000000000002
 20
-33.0
 10
16.830000000000002
 20
-32.5
 10
16.98
 20
-32.5
 10
16.98
 20
-33.0
  0
HATCH
  5
2D9
330
17
100
AcDbEntity
  8
A-MURO-TRAMA
 62
7
100
AcDbHatch
 10
0.0
 20
0.0
 30
0.0
210
0.0
220
0.0
230
1.0
  2
ANSI31
 70
0
 71
0
 91
1
 92
3
 72
0
 73
1
 93
4
 10
16.830000000000002
 20
-33.0
 10
16.830000000000002
 20
-32.5
 10
16.98
 20
-32.5
 10
16.98
 20
-33.0
 97
0
 75
1
 76
1
 52
0.0
 41
0.03
 77
0
 78
1
 53
45.0
 43
0.0
 44
0.0
 45
-0.0020205576
 46
0.0020205576
 79
0
 98
0
  0
LWPOLYLINE
  5
2DA
330
17
100
AcDbEntity
  8
A-MURO
100
AcDbPolyline
 90
4
 70
1
 10
16.830000000000002
 20
-31.4
 10
16.830000000000002
 20
-31.15
 10
16.98
 20
-31.15
 10
16.98
 20
-31.4
  0
HATCH
  5
2DB
330
17
100
AcDbEntity
  8
A-MURO-TRAMA
 62
7
100
AcDbHatch
 10
0.0
 20
0.0
 30
0.0
210
0.0
220
0.0
230
1.0
  2
ANSI31
 70
0
 71
0
 91
1
 92
3
 72
0
 73
1
 93
4
 10
16.830000000000002
 20
-31.4
 10
16.830000000000002
 20
-31.15
 10
16.98
 20
-31.15
 10
16.98
 20
-31.4
 97
0
 75
1
 76
1
 52
0.0
 41
0.03
 77
0
 78
1
 53
45.0
 43
0.0
 44
0.0
 45
-0.0020205576
 46
0.0020205576
 79
0
 98
0
  0
LINE
  5
2DC
330
17
100
AcDbEntity
  8
A-VENTANA
100
AcDbLine
 10
16.830000000000002
 20
-34.6
 30
0.0
 11
16.830000000000002
 21
-33.0
 31
0.0
  0
LINE
  5
2DD
330
17
100
AcDbEntity
  8
A-VENTANA
100
AcDbLine
 10
16.98
 20
-34.6
 30
0.0
 11
16.98
 21
-33.0
 31
0.0
  0
LINE
  5
2DE
330
17
100
AcDbEntity
  8
A-VENTANA
100
AcDbLine
 10
16.905
 20
-34.6
 30
0.0
 11
16.905
 21
-33.0
 31
0.0
  0
LINE
  5
2DF
330
17
100
AcDbEntity
  8
A-VENTANA
100
AcDbLine
 10
16.830000000000002
 20
-34.6
 30
0.0
 11
16.98
 21
-34.6
 31
0.0
  0
LINE
  5
2E0
330
17
100
AcDbEntity
  8
A-VENTANA
100
AcDbLine
 10
16.830000000000002
 20
-33.0
 30
0.0
 11
16.98
 21
-33.0
 31
0.0
  0
LINE
  5
2E1
330
17
100
AcDbEntity
  8
A-VENTANA
100
AcDbLine
 10
16.830000000000002
 20
-32.5
 30
0.0
 11
16.830000000000002
 21
-31.4
 31
0.0
  0
LINE
  5
2E2
330
17
100
AcDbEntity
  8
A-VENTANA
100
AcDbLine
 10
16.98
 20
-32.5
 30
0.0
 11
16.98
 21
-31.4
 31
0.0
  0
LINE
  5
2E3
330
17
100
AcDbEntity
  8
A-VENTANA
100
AcDbLine
 10
16.905
 20
-32.5
 30
0.0
 11
16.905
 21
-31.4
 31
0.0
  0
LINE
  5
2E4
330
17
100
AcDbEntity
  8
A-VENTANA
100
AcDbLine
 10
16.830000000000002
 20
-32.5
 30
0.0
 11
16.98
 21
-32.5
 31
0.0
  0
LINE
  5
2E5
330
17
100
AcDbEntity
  8
A-VENTANA
100
AcDbLine
 10
16.830000000000002
 20
-31.4
 30
0.0
 11
16.98
 21
-31.4
 31
0.0
  0
LWPOLYLINE
  5
2E6
330
17
100
AcDbEntity
  8
A-MURO
100
AcDbPolyline
 90
4
 70
1
 10
16.98
 20
-35.31
 10
16.98
 20
-35.19
 10
19.48
 20
-35.19
 10
19.48
 20
-35.31
  0
HATCH
  5
2E7
330
17
100
AcDbEntity
  8
A-MURO-TRAMA
 62
7
100
AcDbHatch
 10
0.0
 20
0.0
 30
0.0
210
0.0
220
0.0
230
1.0
  2
ANSI31
 70
0
 71
0
 91
1
 92
3
 72
0
 73
1
 93
4
 10
16.98
 20
-35.31
 10
16.98
 20
-35.19
 10
19.48
 20
-35.19
 10
19.48
 20
-35.31
 97
0
 75
1
 76
1
 52
0.0
 41
0.03
 77
0
 78
1
 53
45.0
 43
0.0
 44
0.0
 45
-0.0020205576
 46
0.0020205576
 79
0
 98
0
  0
LWPOLYLINE
  5
2E8
330
17
100
AcDbEntity
  8
A-MURO
100
AcDbPolyline
 90
4
 70
1
 10
19.48
 20
-39.85
 10
19.48
 20
-39.75
 10
19.63
 20
-39.75
 10
19.63
 20
-39.85
  0
HATCH
  5
2E9
330
17
100
AcDbEntity
  8
A-MURO-TRAMA
 62
7
100
AcDbHatch
 10
0.0
 20
0.0
 30
0.0
210
0.0
220
0.0
230
1.0
  2
ANSI31
 70
0
 71
0
 91
1
 92
3
 72
0
 73
1
 93
4
 10
19.48
 20
-39.85
 10
19.48
 20
-39.75
 10
19.63
 20
-39.75
 10
19.63
 20
-39.85
 97
0
 75
1
 76
1
 52
0.0
 41
0.03
 77
0
 78
1
 53
45.0
 43
0.0
 44
0.0
 45
-0.0020205576
 46
0.0020205576
 79
0
 98
0
  0
LWPOLYLINE
  5
2EA
330
17
100
AcDbEntity
  8
A-MURO
100
AcDbPolyline
 90
4
 70
1
 10
19.48
 20
-38.85
 10
19.48
 20
-34.6
 10
19.63
 20
-34.6
 10
19.63
 20
-38.85
  0
HATCH
  5
2EB
330
17
100
AcDbEntity
  8
A-MURO-TRAMA
 62
7
100
AcDbHatch
 10
0.0
 20
0.0
 30
0.0
210
0.0
220
0.0
230
1.0
  2
ANSI31
 70
0
 71
0
 91
1
 92
3
 72
0
 73
1
 93
4
 10
19.48
 20
-38.85
 10
19.48
 20
-34.6
 10
19.63
 20
-34.6
 10
19.63
 20
-38.85
 97
0
 75
1
 76
1
 52
0.0
 41
0.03
 77
0
 78
1
 53
45.0
 43
0.0
 44
0.0
 45
-0.0020205576
 46
0.0020205576
 79
0
 98
0
  0
LWPOLYLINE
  5
2EC
330
17
100
AcDbEntity
  8
A-MURO
100
AcDbPolyline
 90
4
 70
1
 10
19.48
 20
-31.6
 10
19.48
 20
-31.15
 10
19.63
 20
-31.15
 10
19.63
 20
-31.6
  0
HATCH
  5
2ED
330
17
100
AcDbEntity
  8
A-MURO-TRAMA
 62
7
100
AcDbHatch
 10
0.0
 20
0.0
 30
0.0
210
0.0
220
0.0
230
1.0
  2
ANSI31
 70
0
 71
0
 91
1
 92
3
 72
0
 73
1
 93
4
 10
19.48
 20
-31.6
 10
19.48
 20
-31.15
 10
19.63
 20
-31.15
 10
19.63
 20
-31.6
 97
0
 75
1
 76
1
 52
0.0
 41
0.03
 77
0
 78
1
 53
45.0
 43
0.0
 44
0.0
 45
-0.0020205576
 46
0.0020205576
 79
0
 98
0
  0
LINE
  5
2EE
330
17
100
AcDbEntity
  8
A-VENTANA
100
AcDbLine
 10
19.48
 20
-34.6
 30
0.0
 11
19.48
 21
-31.6
 31
0.0
  0
LINE
  5
2EF
330
17
100
AcDbEntity
  8
A-VENTANA
100
AcDbLine
 10
19.63
 20
-34.6
 30
0.0
 11
19.63
 21
-31.6
 31
0.0
  0
LINE
  5
2F0
330
17
100
AcDbEntity
  8
A-VENTANA
100
AcDbLine
 10
19.555
 20
-34.6
 30
0.0
 11
19.555
 21
-31.6
 31
0.0
  0
LINE
  5
2F1
330
17
100
AcDbEntity
  8
A-VENTANA
100
AcDbLine
 10
19.48
 20
-34.6
 30
0.0
 11
19.63
 21
-34.6
 31
0.0
  0
LINE
  5
2F2
330
17
100
AcDbEntity
  8
A-VENTANA
100
AcDbLine
 10
19.48
 20
-31.6
 30
0.0
 11
19.63
 21
-31.6
 31
0.0
  0
LWPOLYLINE
  5
2F3
330
17
100
AcDbEntity
  8
A-MURO
100
AcDbPolyline
 90
4
 70
1
 10
2.21
 20
-36.4
 10
2.21
 20
-36.28
 10
4.53
 20
-36.28
 10
4.53
 20
-36.4
  0
HATCH
  5
2F4
330
17
100
AcDbEntity
  8
A-MURO-TRAMA
 62
7
100
AcDbHatch
 10
0.0
 20
0.0
 30
0.0
210
0.0
220
0.0
230
1.0
  2
ANSI31
 70
0
 71
0
 91
1
 92
3
 72
0
 73
1
 93
4
 10
2.21
 20
-36.4
 10
2.21
 20
-36.28
 10
4.53
 20
-36.28
 10
4.53
 20
-36.4
 97
0
 75
1
 76
1
 52
0.0
 41
0.03
 77
0
 78
1
 53
45.0
 43
0.0
 44
0.0
 45
-0.0020205576
 46
0.0020205576
 79
0
 98
0
  0
LWPOLYLINE
  5
2F5
330
17
100
AcDbEntity
  8
A-MURO
100
AcDbPolyline
 90
4
 70
1
 10
4.41
 20
-35.48
 10
4.41
 20
-34.730000000000004
 10
4.53
 20
-34.730000000000004
 10
4.53
 20
-35.48
  0
HATCH
  5
2F6
330
17
100
AcDbEntity
  8
A-MURO-TRAMA
 62
7
100
AcDbHatch
 10
0.0
 20
0.0
 30
0.0
210
0.0
220
0.0
230
1.0
  2
ANSI31
 70
0
 71
0
 91
1
 92
3
 72
0
 73
1
 93
4
 10
4.41
 20
-35.48
 10
4.41
 20
-34.730000000000004
 10
4.53
 20
-34.730000000000004
 10
4.53
 20
-35.48
 97
0
 75
1
 76
1
 52
0.0
 41
0.03
 77
0
 78
1
 53
45.0
 43
0.0
 44
0.0
 45
-0.0020205576
 46
0.0020205576
 79
0
 98
0
  0
LWPOLYLINE
  5
2F7
330
17
100
AcDbEntity
  8
A-MURO
100
AcDbPolyline
 90
4
 70
1
 10
2.21
 20
-34.730000000000004
 10
2.21
 20
-34.61
 10
5.58
 20
-34.61
 10
5.58
 20
-34.730000000000004
  0
HATCH
  5
2F8
330
17
100
AcDbEntity
  8
A-MURO-TRAMA
 62
7
100
AcDbHatch
 10
0.0
 20
0.0
 30
0.0
210
0.0
220
0.0
230
1.0
  2
ANSI31
 70
0
 71
0
 91
1
 92
3
 72
0
 73
1
 93
4
 10
2.21
 20
-34.730000000000004
 10
2.21
 20
-34.61
 10
5.58
 20
-34.61
 10
5.58
 20
-34.730000000000004
 97
0
 75
1
 76
1
 52
0.0
 41
0.03
 77
0
 78
1
 53
45.0
 43
0.0
 44
0.0
 45
-0.0020205576
 46
0.0020205576
 79
0
 98
0
  0
LWPOLYLINE
  5
2F9
330
17
100
AcDbEntity
  8
A-MURO
100
AcDbPolyline
 90
4
 70
1
 10
5.46
 20
-34.61
 10
5.46
 20
-34.0
 10
5.58
 20
-34.0
 10
5.58
 20
-34.61
  0
HATCH
  5
2FA
330
17
100
AcDbEntity
  8
A-MURO-TRAMA
 62
7
100
AcDbHatch
 10
0.0
 20
0.0
 30
0.0
210
0.0
220
0.0
230
1.0
  2
ANSI31
 70
0
 71
0
 91
1
 92
3
 72
0
 73
1
 93
4
 10
5.46
 20
-34.61
 10
5.46
 20
-34.0
 10
5.58
 20
-34.0
 10
5.58
 20
-34.61
 97
0
 75
1
 76
1
 52
0.0
 41
0.03
 77
0
 78
1
 53
45.0
 43
0.0
 44
0.0
 45
-0.0020205576
 46
0.0020205576
 79
0
 98
0
  0
LWPOLYLINE
  5
2FB
330
17
100
AcDbEntity
  8
A-MURO
100
AcDbPolyline
 90
4
 70
1
 10
5.46
 20
-33.2
 10
5.46
 20
-31.15
 10
5.58
 20
-31.15
 10
5.58
 20
-33.2
  0
HATCH
  5
2FC
330
17
100
AcDbEntity
  8
A-MURO-TRAMA
 62
7
100
AcDbHatch
 10
0.0
 20
0.0
 30
0.0
210
0.0
220
0.0
230
1.0
  2
ANSI31
 70
0
 71
0
 91
1
 92
3
 72
0
 73
1
 93
4
 10
5.46
 20
-33.2
 10
5.46
 20
-31.15
 10
5.58
 20
-31.15
 10
5.58
 20
-33.2
 97
0
 75
1
 76
1
 52
0.0
 41
0.03
 77
0
 78
1
 53
45.0
 43
0.0
 44
0.0
 45
-0.0020205576
 46
0.0020205576
 79
0
 98
0
  0
LINE
  5
2FD
330
17
100
AcDbEntity
  8
A-PUERTA
100
AcDbLine
 10
7.609999999999999
 20
-38.85
 30
0.0
 11
6.709999999999999
 21
-38.85
 31
0.0
  0
ARC
  5
2FE
330
17
100
AcDbEntity
  8
A-PUERTA
100
AcDbCircle
 10
7.609999999999999
 20
-38.85
 30
0.0
 40
0.9
100
AcDbArc
 50
180.0
 51
-90.0
  0
LINE
  5
2FF
330
17
100
AcDbEntity
  8
A-PUERTA
100
AcDbLine
 10
4.53
 20
-36.28
 30
0.0
 11
5.33
 21
-36.28
 31
0.0
  0
ARC
  5
300
330
17
100
AcDbEntity
  8
A-PUERTA
100
AcDbCircle
 10
4.53
 20
-36.28
 30
0.0
 40
0.8
100
AcDbArc
 50
0.0
 51
90.0
  0
LINE
  5
301
330
17
100
AcDbEntity
  8
A-PUERTA
100
AcDbLine
 10
5.46
 20
-34.0
 30
0.0
 11
4.66
 21
-34.0
 31
0.0
  0
ARC
  5
302
330
17
100
AcDbEntity
  8
A-PUERTA
100
AcDbCircle
 10
5.46
 20
-34.0
 30
0.0
 40
0.8
100
AcDbArc
 50
90.0
 51
180.0
  0
LWPOLYLINE
  5
303
330
17
100
AcDbEntity
  8
A-MOBILIARIO
100
AcDbPolyline
 90
4
 70
1
 10
2.7
 20
-39.85
 10
2.7
 20
-37.85
 10
4.3
 20
-37.85
 10
4.3
 20
-39.85
  0
LWPOLYLINE
  5
304
330
17
100
AcDbEntity
  8
A-MOBILIARIO
100
AcDbPolyline
 90
4
 70
1
 10
2.7800000000000002
 20
-39.77
 10
2.7800000000000002
 20
-39.3
 10
3.46
 20
-39.3
 10
3.46
 20
-39.77
  0
LWPOLYLINE
  5
305
330
17
100
AcDbEntity
  8
A-MOBILIARIO
100
AcDbPolyline
 90
4
 70
1
 10
3.54
 20
-39.77
 10
3.54
 20
-39.3
 10
4.22
 20
-39.3
 10
4.22
 20
-39.77
  0
LINE
  5
306
330
17
100
AcDbEntity
  8
A-MOBILIARIO
100
AcDbLine
 10
2.7
 20
-39.1
 30
0.0
 11
4.3
 21
-39.1
 31
0.0
  0
LWPOLYLINE
  5
307
330
17
100
AcDbEntity
  8
A-MOBILIARIO
100
AcDbPolyline
 90
4
 70
1
 10
2.22
 20
-39.85
 10
2.22
 20
-39.4
 10
2.65
 20
-39.4
 10
2.65
 20
-39.85
  0
LWPOLYLINE
  5
308
330
17
100
AcDbEntity
  8
A-MOBILIARIO
100
AcDbPolyline
 90
4
 70
1
 10
4.35
 20
-39.85
 10
4.35
 20
-39.4
 10
4.78
 20
-39.4
 10
4.78
 20
-39.85
  0
LWPOLYLINE
  5
309
330
17
100
AcDbEntity
  8
A-MOBILIARIO
100
AcDbPolyline
 90
4
 70
1
 10
6.72
 20
-38.0
 10
6.72
 20
-36.0
 10
7.57
 20
-36.0
 10
7.57
 20
-38.0
  0
LWPOLYLINE
  5
30A
330
17
100
AcDbEntity
  8
A-MOBILIARIO
100
AcDbPolyline
 90
4
 70
1
 10
7.37
 20
-38.0
 10
7.37
 20
-36.0
 10
7.57
 20
-36.0
 10
7.57
 20
-38.0
  0
LWPOLYLINE
  5
30B
330
17
100
AcDbEntity
  8
A-MOBILIARIO
100
AcDbPolyline
 90
4
 70
1
 10
6.72
 20
-38.0
 10
6.72
 20
-37.8
 10
7.37
 20
-37.8
 10
7.37
 20
-38.0
  0
LWPOLYLINE
  5
30C
330
17
100
AcDbEntity
  8
A-MOBILIARIO
100
AcDbPolyline
 90
4
 70
1
 10
6.72
 20
-36.2
 10
6.72
 20
-36.0
 10
7.37
 20
-36.0
 10
7.37
 20
-36.2
  0
LWPOLYLINE
  5
30D
330
17
100
AcDbEntity
  8
A-MOBILIARIO
100
AcDbPolyline
 90
4
 70
1
 10
5.85
 20
-37.5
 10
5.85
 20
-36.5
 10
6.35
 20
-36.5
 10
6.35
 20
-37.5
  0
LWPOLYLINE
  5
30E
330
17
100
AcDbEntity
  8
A-MOBILIARIO
100
AcDbPolyline
 90
4
 70
1
 10
5.35
 20
-39.45
 10
5.35
 20
-38.65
 10
6.15
 20
-38.65
 10
6.15
 20
-39.45
  0
LWPOLYLINE
  5
30F
330
17
100
AcDbEntity
  8
A-MOBILIARIO
100
AcDbPolyline
 90
4
 70
1
 10
5.35
 20
-39.45
 10
5.35
 20
-39.25
 10
6.15
 20
-39.25
 10
6.15
 20
-39.45
  0
LWPOLYLINE
  5
310
330
17
100
AcDbEntity
  8
A-MOBILIARIO
100
AcDbPolyline
 90
4
 70
1
 10
5.35
 20
-39.25
 10
5.35
 20
-38.65
 10
5.55
 20
-38.65
 10
5.55
 20
-39.25
  0
LWPOLYLINE
  5
311
330
17
100
AcDbEntity
  8
A-MOBILIARIO
100
AcDbPolyline
 90
4
 70
1
 10
5.95
 20
-39.25
 10
5.95
 20
-38.65
 10
6.15
 20
-38.65
 10
6.15
 20
-39.25
  0
LWPOLYLINE
  5
312
330
17
100
AcDbEntity
  8
A-MOBILIARIO
100
AcDbPolyline
 90
4
 70
1
 10
7.0
 20
-33.6
 10
7.0
 20
-32.4
 10
7.58
 20
-32.4
 10
7.58
 20
-33.6
  0
LWPOLYLINE
  5
313
330
17
100
AcDbEntity
  8
A-MOBILIARIO
100
AcDbPolyline
 90
4
 70
1
 10
6.49
 20
-32.79
 10
6.49
 20
-33.21
 10
6.91
 20
-33.21
 10
6.91
 20
-32.79
  0
LWPOLYLINE
  5
314
330
17
100
AcDbEntity
  8
A-MOBILIARIO
100
AcDbPolyline
 90
4
 70
1
 10
6.49
 20
-32.79
 10
6.49
 20
-33.21
 10
6.55
 20
-33.21
 10
6.55
 20
-32.79
  0
LWPOLYLINE
  5
315
330
17
100
AcDbEntity
  8
A-MOBILIARIO
100
AcDbPolyline
 90
4
 70
1
 10
2.21
 20
-36.28
 10
2.21
 20
-34.730000000000004
 10
3.06
 20
-34.730000000000004
 10
3.06
 20
-36.28
  0
LINE
  5
316
330
17
100
AcDbEntity
  8
A-MOBILIARIO
100
AcDbLine
 10
2.21
 20
-36.28
 30
0.0
 11
3.06
 21
-34.730000000000004
 31
0.0
  0
LINE
  5
317
330
17
100
AcDbEntity
  8
A-MOBILIARIO
100
AcDbLine
 10
2.21
 20
-34.730000000000004
 30
0.0
 11
3.06
 21
-36.28
 31
0.0
  0
CIRCLE
  5
318
330
17
100
AcDbEntity
  8
A-MOBILIARIO
100
AcDbCircle
 10
2.635
 20
-35.505
 30
0.0
 40
0.04
  0
LWPOLYLINE
  5
319
330
17
100
AcDbEntity
  8
A-MOBILIARIO
100
AcDbPolyline
 90
4
 70
1
 10
3.6550000000000002
 20
-34.730000000000004
 10
3.215
 20
-34.730000000000004
 10
3.215
 20
-34.93
 10
3.6550000000000002
 20
-34.93
  0
ELLIPSE
  5
31A
330
17
100
AcDbEntity
  8
A-MOBILIARIO
100
AcDbEllipse
 10
3.435
 20
-35.18
 30
0.0
 11
0.0
 21
-0.25
 31
0.0
 40
0.7
 41
0.0
 42
6.283185307179586
  0
LWPOLYLINE
  5
31B
330
17
100
AcDbEntity
  8
A-MOBILIARIO
100
AcDbPolyline
 90
4
 70
1
 10
3.86
 20
-35.230000000000004
 10
3.86
 20
-34.730000000000004
 10
4.359999999999999
 20
-34.730000000000004
 10
4.359999999999999
 20
-35.230000000000004
  0
ELLIPSE
  5
31C
330
17
100
AcDbEntity
  8
A-MOBILIARIO
100
AcDbEllipse
 10
4.109999999999999
 20
-34.980000000000004
 30
0.0
 11
0.0
 21
0.14999999999999986
 31
0.0
 40
0.75
 41
0.0
 42
6.283185307179586
  0
LWPOLYLINE
  5
31D
330
17
100
AcDbEntity
  8
A-MOBILIARIO
100
AcDbPolyline
 90
4
 70
1
 10
2.21
 20
-31.75
 10
2.21
 20
-31.15
 10
5.46
 20
-31.15
 10
5.46
 20
-31.75
  0
LINE
  5
31E
330
17
100
AcDbEntity
  8
A-MOBILIARIO
100
AcDbLine
 10
2.26
 20
-31.45
 30
0.0
 11
5.41
 21
-31.45
 31
0.0
  0
LWPOLYLINE
  5
31F
330
17
100
AcDbEntity
  8
A-MOBILIARIO
100
AcDbPolyline
 90
4
 70
1
 10
2.21
 20
-34.61
 10
2.21
 20
-34.01
 10
4.6
 20
-34.01
 10
4.6
 20
-34.61
  0
LINE
  5
320
330
17
100
AcDbEntity
  8
A-MOBILIARIO
100
AcDbLine
 10
2.26
 20
-34.31
 30
0.0
 11
4.55
 21
-34.31
 31
0.0
  0
LWPOLYLINE
  5
321
330
17
100
AcDbEntity
  8
A-MURO
100
AcDbPolyline
 90
4
 70
1
 10
14.510000000000003
 20
-32.82
 10
14.510000000000003
 20
-32.7
 10
14.630000000000003
 20
-32.7
 10
14.630000000000003
 20
-32.82
  0
HATCH
  5
322
330
17
100
AcDbEntity
  8
A-MURO-TRAMA
 62
7
100
AcDbHatch
 10
0.0
 20
0.0
 30
0.0
210
0.0
220
0.0
230
1.0
  2
ANSI31
 70
0
 71
0
 91
1
 92
3
 72
0
 73
1
 93
4
 10
14.510000000000003
 20
-32.82
 10
14.510000000000003
 20
-32.7
 10
14.630000000000003
 20
-32.7
 10
14.630000000000003
 20
-32.82
 97
0
 75
1
 76
1
 52
0.0
 41
0.03
 77
0
 78
1
 53
45.0
 43
0.0
 44
0.0
 45
-0.0020205576
 46
0.0020205576
 79
0
 98
0
  0
LWPOLYLINE
  5
323
330
17
100
AcDbEntity
  8
A-MURO
100
AcDbPolyline
 90
4
 70
1
 10
14.630000000000003
 20
-32.82
 10
14.630000000000003
 20
-32.7
 10
15.1
 20
-32.7
 10
15.1
 20
-32.82
  0
HATCH
  5
324
330
17
100
AcDbEntity
  8
A-MURO-TRAMA
 62
7
100
AcDbHatch
 10
0.0
 20
0.0
 30
0.0
210
0.0
220
0.0
230
1.0
  2
ANSI31
 70
0
 71
0
 91
1
 92
3
 72
0
 73
1
 93
4
 10
14.630000000000003
 20
-32.82
 10
14.630000000000003
 20
-32.7
 10
15.1
 20
-32.7
 10
15.1
 20
-32.82
 97
0
 75
1
 76
1
 52
0.0
 41
0.03
 77
0
 78
1
 53
45.0
 43
0.0
 44
0.0
 45
-0.0020205576
 46
0.0020205576
 79
0
 98
0
  0
LWPOLYLINE
  5
325
330
17
100
AcDbEntity
  8
A-MURO
100
AcDbPolyline
 90
4
 70
1
 10
15.9
 20
-32.82
 10
15.9
 20
-32.7
 10
16.830000000000002
 20
-32.7
 10
16.830000000000002
 20
-32.82
  0
HATCH
  5
326
330
17
100
AcDbEntity
  8
A-MURO-TRAMA
 62
7
100
AcDbHatch
 10
0.0
 20
0.0
 30
0.0
210
0.0
220
0.0
230
1.0
  2
ANSI31
 70
0
 71
0
 91
1
 92
3
 72
0
 73
1
 93
4
 10
15.9
 20
-32.82
 10
15.9
 20
-32.7
 10
16.830000000000002
 20
-32.7
 10
16.830000000000002
 20
-32.82
 97
0
 75
1
 76
1
 52
0.0
 41
0.03
 77
0
 78
1
 53
45.0
 43
0.0
 44
0.0
 45
-0.0020205576
 46
0.0020205576
 79
0
 98
0
  0
LWPOLYLINE
  5
327
330
17
100
AcDbEntity
  8
A-MURO
100
AcDbPolyline
 90
4
 70
1
 10
14.510000000000003
 20
-34.02
 10
14.510000000000003
 20
-31.15
 10
14.630000000000003
 20
-31.15
 10
14.630000000000003
 20
-34.02
  0
HATCH
  5
328
330
17
100
AcDbEntity
  8
A-MURO-TRAMA
 62
7
100
AcDbHatch
 10
0.0
 20
0.0
 30
0.0
210
0.0
220
0.0
230
1.0
  2
ANSI31
 70
0
 71
0
 91
1
 92
3
 72
0
 73
1
 93
4
 10
14.510000000000003
 20
-34.02
 10
14.510000000000003
 20
-31.15
 10
14.630000000000003
 20
-31.15
 10
14.630000000000003
 20
-34.02
 97
0
 75
1
 76
1
 52
0.0
 41
0.03
 77
0
 78
1
 53
45.0
 43
0.0
 44
0.0
 45
-0.0020205576
 46
0.0020205576
 79
0
 98
0
  0
LWPOLYLINE
  5
329
330
17
100
AcDbEntity
  8
A-MURO
100
AcDbPolyline
 90
4
 70
1
 10
10.41
 20
-34.02
 10
10.41
 20
-33.9
 10
12.3
 20
-33.9
 10
12.3
 20
-34.02
  0
HATCH
  5
32A
330
17
100
AcDbEntity
  8
A-MURO-TRAMA
 62
7
100
AcDbHatch
 10
0.0
 20
0.0
 30
0.0
210
0.0
220
0.0
230
1.0
  2
ANSI31
 70
0
 71
0
 91
1
 92
3
 72
0
 73
1
 93
4
 10
10.41
 20
-34.02
 10
10.41
 20
-33.9
 10
12.3
 20
-33.9
 10
12.3
 20
-34.02
 97
0
 75
1
 76
1
 52
0.0
 41
0.03
 77
0
 78
1
 53
45.0
 43
0.0
 44
0.0
 45
-0.0020205576
 46
0.0020205576
 79
0
 98
0
  0
LWPOLYLINE
  5
32B
330
17
100
AcDbEntity
  8
A-MURO
100
AcDbPolyline
 90
4
 70
1
 10
13.1
 20
-34.02
 10
13.1
 20
-33.9
 10
14.510000000000003
 20
-33.9
 10
14.510000000000003
 20
-34.02
  0
HATCH
  5
32C
330
17
100
AcDbEntity
  8
A-MURO-TRAMA
 62
7
100
AcDbHatch
 10
0.0
 20
0.0
 30
0.0
210
0.0
220
0.0
230
1.0
  2
ANSI31
 70
0
 71
0
 91
1
 92
3
 72
0
 73
1
 93
4
 10
13.1
 20
-34.02
 10
13.1
 20
-33.9
 10
14.510000000000003
 20
-33.9
 10
14.510000000000003
 20
-34.02
 97
0
 75
1
 76
1
 52
0.0
 41
0.03
 77
0
 78
1
 53
45.0
 43
0.0
 44
0.0
 45
-0.0020205576
 46
0.0020205576
 79
0
 98
0
  0
LINE
  5
32D
330
17
100
AcDbEntity
  8
A-PUERTA
100
AcDbLine
 10
16.45
 20
-38.53
 30
0.0
 11
16.45
 21
-37.63
 31
0.0
  0
ARC
  5
32E
330
17
100
AcDbEntity
  8
A-PUERTA
100
AcDbCircle
 10
16.45
 20
-38.53
 30
0.0
 40
0.9
100
AcDbArc
 50
90.0
 51
180.0
  0
LINE
  5
32F
330
17
100
AcDbEntity
  8
A-PUERTA
100
AcDbLine
 10
15.1
 20
-32.82
 30
0.0
 11
15.1
 21
-33.62
 31
0.0
  0
ARC
  5
330
330
17
100
AcDbEntity
  8
A-PUERTA
100
AcDbCircle
 10
15.1
 20
-32.82
 30
0.0
 40
0.8
100
AcDbArc
 50
-90.0
 51
0.0
  0
LINE
  5
331
330
17
100
AcDbEntity
  8
A-PUERTA
100
AcDbLine
 10
13.1
 20
-33.9
 30
0.0
 11
13.1
 21
-33.1
 31
0.0
  0
ARC
  5
332
330
17
100
AcDbEntity
  8
A-PUERTA
100
AcDbCircle
 10
13.1
 20
-33.9
 30
0.0
 40
0.8
100
AcDbArc
 50
90.0
 51
180.0
  0
LWPOLYLINE
  5
333
330
17
100
AcDbEntity
  8
A-MOBILIARIO
100
AcDbPolyline
 90
4
 70
1
 10
15.980000000000002
 20
-32.7
 10
15.980000000000002
 20
-31.15
 10
16.830000000000002
 20
-31.15
 10
16.830000000000002
 20
-32.7
  0
LINE
  5
334
330
17
100
AcDbEntity
  8
A-MOBILIARIO
100
AcDbLine
 10
15.980000000000002
 20
-32.7
 30
0.0
 11
16.830000000000002
 21
-31.15
 31
0.0
  0
LINE
  5
335
330
17
100
AcDbEntity
  8
A-MOBILIARIO
100
AcDbLine
 10
15.980000000000002
 20
-31.15
 30
0.0
 11
16.830000000000002
 21
-32.7
 31
0.0
  0
CIRCLE
  5
336
330
17
100
AcDbEntity
  8
A-MOBILIARIO
100
AcDbCircle
 10
16.405
 20
-31.925
 30
0.0
 40
0.04
  0
LWPOLYLINE
  5
337
330
17
100
AcDbEntity
  8
A-MOBILIARIO
100
AcDbPolyline
 90
4
 70
1
 10
15.825000000000003
 20
-31.15
 10
15.385000000000002
 20
-31.15
 10
15.385000000000002
 20
-31.35
 10
15.825000000000003
 20
-31.35
  0
ELLIPSE
  5
338
330
17
100
AcDbEntity
  8
A-MOBILIARIO
100
AcDbEllipse
 10
15.605000000000002
 20
-31.6
 30
0.0
 11
0.0
 21
-0.25
 31
0.0
 40
0.7
 41
0.0
 42
6.283185307179586
  0
LWPOLYLINE
  5
339
330
17
100
AcDbEntity
  8
A-MOBILIARIO
100
AcDbPolyline
 90
4
 70
1
 10
14.680000000000003
 20
-31.65
 10
14.680000000000003
 20
-31.15
 10
15.180000000000003
 20
-31.15
 10
15.180000000000003
 20
-31.65
  0
ELLIPSE
  5
33A
330
17
100
AcDbEntity
  8
A-MOBILIARIO
100
AcDbEllipse
 10
14.930000000000003
 20
-31.4
 30
0.0
 11
0.0
 21
0.15
 31
0.0
 40
0.75
 41
0.0
 42
6.283185307179586
  0
LWPOLYLINE
  5
33B
330
17
100
AcDbEntity
  8
A-MOBILIARIO
100
AcDbPolyline
 90
4
 70
1
 10
10.41
 20
-31.75
 10
10.41
 20
-31.15
 10
14.510000000000003
 20
-31.15
 10
14.510000000000003
 20
-31.75
  0
LINE
  5
33C
330
17
100
AcDbEntity
  8
A-MOBILIARIO
100
AcDbLine
 10
10.46
 20
-31.45
 30
0.0
 11
14.460000000000003
 21
-31.45
 31
0.0
  0
LWPOLYLINE
  5
33D
330
17
100
AcDbEntity
  8
A-MOBILIARIO
100
AcDbPolyline
 90
4
 70
1
 10
13.910000000000004
 20
-33.9
 10
13.910000000000004
 20
-31.75
 10
14.510000000000003
 20
-31.75
 10
14.510000000000003
 20
-33.9
  0
LINE
  5
33E
330
17
100
AcDbEntity
  8
A-MOBILIARIO
100
AcDbLine
 10
14.210000000000004
 20
-33.85
 30
0.0
 11
14.210000000000004
 21
-31.8
 31
0.0
  0
LWPOLYLINE
  5
33F
330
17
100
AcDbEntity
  8
A-MOBILIARIO
100
AcDbPolyline
 90
4
 70
1
 10
11.4
 20
-38.53
 10
11.4
 20
-36.53
 10
13.0
 20
-36.53
 10
13.0
 20
-38.53
  0
LWPOLYLINE
  5
340
330
17
100
AcDbEntity
  8
A-MOBILIARIO
100
AcDbPolyline
 90
4
 70
1
 10
11.48
 20
-38.45
 10
11.48
 20
-37.98
 10
12.16
 20
-37.98
 10
12.16
 20
-38.45
  0
LWPOLYLINE
  5
341
330
17
100
AcDbEntity
  8
A-MOBILIARIO
100
AcDbPolyline
 90
4
 70
1
 10
12.239999999999998
 20
-38.45
 10
12.239999999999998
 20
-37.98
 10
12.92
 20
-37.98
 10
12.92
 20
-38.45
  0
LINE
  5
342
330
17
100
AcDbEntity
  8
A-MOBILIARIO
100
AcDbLine
 10
11.4
 20
-37.78
 30
0.0
 11
13.0
 21
-37.78
 31
0.0
  0
LWPOLYLINE
  5
343
330
17
100
AcDbEntity
  8
A-MOBILIARIO
100
AcDbPolyline
 90
4
 70
1
 10
10.92
 20
-38.53
 10
10.92
 20
-38.08
 10
11.35
 20
-38.08
 10
11.35
 20
-38.53
  0
LWPOLYLINE
  5
344
330
17
100
AcDbEntity
  8
A-MOBILIARIO
100
AcDbPolyline
 90
4
 70
1
 10
13.05
 20
-38.53
 10
13.05
 20
-38.08
 10
13.48
 20
-38.08
 10
13.48
 20
-38.53
  0
LWPOLYLINE
  5
345
330
17
100
AcDbEntity
  8
A-MOBILIARIO
100
AcDbPolyline
 90
4
 70
1
 10
15.980000000000002
 20
-37.4
 10
15.980000000000002
 20
-35.4
 10
16.830000000000002
 20
-35.4
 10
16.830000000000002
 20
-37.4
  0
LWPOLYLINE
  5
346
330
17
100
AcDbEntity
  8
A-MOBILIARIO
100
AcDbPolyline
 90
4
 70
1
 10
16.630000000000003
 20
-37.4
 10
16.630000000000003
 20
-35.4
 10
16.830000000000002
 20
-35.4
 10
16.830000000000002
 20
-37.4
  0
LWPOLYLINE
  5
347
330
17
100
AcDbEntity
  8
A-MOBILIARIO
100
AcDbPolyline
 90
4
 70
1
 10
15.980000000000002
 20
-37.4
 10
15.980000000000002
 20
-37.2
 10
16.630000000000003
 20
-37.2
 10
16.630000000000003
 20
-37.4
  0
LWPOLYLINE
  5
348
330
17
100
AcDbEntity
  8
A-MOBILIARIO
100
AcDbPolyline
 90
4
 70
1
 10
15.980000000000002
 20
-35.6
 10
15.980000000000002
 20
-35.4
 10
16.630000000000003
 20
-35.4
 10
16.630000000000003
 20
-35.6
  0
LWPOLYLINE
  5
349
330
17
100
AcDbEntity
  8
A-MOBILIARIO
100
AcDbPolyline
 90
4
 70
1
 10
15.0
 20
-36.9
 10
15.0
 20
-35.9
 10
15.5
 20
-35.9
 10
15.5
 20
-36.9
  0
LWPOLYLINE
  5
34A
330
17
100
AcDbEntity
  8
A-MOBILIARIO
100
AcDbPolyline
 90
4
 70
1
 10
14.9
 20
-34.9
 10
14.9
 20
-34.1
 10
15.7
 20
-34.1
 10
15.7
 20
-34.9
  0
LWPOLYLINE
  5
34B
330
17
100
AcDbEntity
  8
A-MOBILIARIO
100
AcDbPolyline
 90
4
 70
1
 10
14.9
 20
-34.3
 10
14.9
 20
-34.1
 10
15.7
 20
-34.1
 10
15.7
 20
-34.3
  0
LWPOLYLINE
  5
34C
330
17
100
AcDbEntity
  8
A-MOBILIARIO
100
AcDbPolyline
 90
4
 70
1
 10
14.9
 20
-34.9
 10
14.9
 20
-34.3
 10
15.1
 20
-34.3
 10
15.1
 20
-34.9
  0
LWPOLYLINE
  5
34D
330
17
100
AcDbEntity
  8
A-MOBILIARIO
100
AcDbPolyline
 90
4
 70
1
 10
15.5
 20
-34.9
 10
15.5
 20
-34.3
 10
15.7
 20
-34.3
 10
15.7
 20
-34.9
  0
LWPOLYLINE
  5
34E
330
17
100
AcDbEntity
  8
A-MURO
100
AcDbPolyline
 90
4
 70
1
 10
22.71
 20
-36.4
 10
22.71
 20
-36.28
 10
25.03
 20
-36.28
 10
25.03
 20
-36.4
  0
HATCH
  5
34F
330
17
100
AcDbEntity
  8
A-MURO-TRAMA
 62
7
100
AcDbHatch
 10
0.0
 20
0.0
 30
0.0
210
0.0
220
0.0
230
1.0
  2
ANSI31
 70
0
 71
0
 91
1
 92
3
 72
0
 73
1
 93
4
 10
22.71
 20
-36.4
 10
22.71
 20
-36.28
 10
25.03
 20
-36.28
 10
25.03
 20
-36.4
 97
0
 75
1
 76
1
 52
0.0
 41
0.03
 77
0
 78
1
 53
45.0
 43
0.0
 44
0.0
 45
-0.0020205576
 46
0.0020205576
 79
0
 98
0
  0
LWPOLYLINE
  5
350
330
17
100
AcDbEntity
  8
A-MURO
100
AcDbPolyline
 90
4
 70
1
 10
22.71
 20
-35.48
 10
22.71
 20
-34.730000000000004
 10
22.830000000000002
 20
-34.730000000000004
 10
22.830000000000002
 20
-35.48
  0
HATCH
  5
351
330
17
100
AcDbEntity
  8
A-MURO-TRAMA
 62
7
100
AcDbHatch
 10
0.0
 20
0.0
 30
0.0
210
0.0
220
0.0
230
1.0
  2
ANSI31
 70
0
 71
0
 91
1
 92
3
 72
0
 73
1
 93
4
 10
22.71
 20
-35.48
 10
22.71
 20
-34.730000000000004
 10
22.830000000000002
 20
-34.730000000000004
 10
22.830000000000002
 20
-35.48
 97
0
 75
1
 76
1
 52
0.0
 41
0.03
 77
0
 78
1
 53
45.0
 43
0.0
 44
0.0
 45
-0.0020205576
 46
0.0020205576
 79
0
 98
0
  0
LWPOLYLINE
  5
352
330
17
100
AcDbEntity
  8
A-MURO
100
AcDbPolyline
 90
4
 70
1
 10
21.66
 20
-34.730000000000004
 10
21.66
 20
-34.61
 10
25.03
 20
-34.61
 10
25.03
 20
-34.730000000000004
  0
HATCH
  5
353
330
17
100
AcDbEntity
  8
A-MURO-TRAMA
 62
7
100
AcDbHatch
 10
0.0
 20
0.0
 30
0.0
210
0.0
220
0.0
230
1.0
  2
ANSI31
 70
0
 71
0
 91
1
 92
3
 72
0
 73
1
 93
4
 10
21.66
 20
-34.730000000000004
 10
21.66
 20
-34.61
 10
25.03
 20
-34.61
 10
25.03
 20
-34.730000000000004
 97
0
 75
1
 76
1
 52
0.0
 41
0.03
 77
0
 78
1
 53
45.0
 43
0.0
 44
0.0
 45
-0.0020205576
 46
0.0020205576
 79
0
 98
0
  0
LWPOLYLINE
  5
354
330
17
100
AcDbEntity
  8
A-MURO
100
AcDbPolyline
 90
4
 70
1
 10
21.66
 20
-34.61
 10
21.66
 20
-34.0
 10
21.78
 20
-34.0
 10
21.78
 20
-34.61
  0
HATCH
  5
355
330
17
100
AcDbEntity
  8
A-MURO-TRAMA
 62
7
100
AcDbHatch
 10
0.0
 20
0.0
 30
0.0
210
0.0
220
0.0
230
1.0
  2
ANSI31
 70
0
 71
0
 91
1
 92
3
 72
0
 73
1
 93
4
 10
21.66
 20
-34.61
 10
21.66
 20
-34.0
 10
21.78
 20
-34.0
 10
21.78
 20
-34.61
 97
0
 75
1
 76
1
 52
0.0
 41
0.03
 77
0
 78
1
 53
45.0
 43
0.0
 44
0.0
 45
-0.0020205576
 46
0.0020205576
 79
0
 98
0
  0
LWPOLYLINE
  5
356
330
17
100
AcDbEntity
  8
A-MURO
100
AcDbPolyline
 90
4
 70
1
 10
21.66
 20
-33.2
 10
21.66
 20
-31.15
 10
21.78
 20
-31.15
 10
21.78
 20
-33.2
  0
HATCH
  5
357
330
17
100
AcDbEntity
  8
A-MURO-TRAMA
 62
7
100
AcDbHatch
 10
0.0
 20
0.0
 30
0.0
210
0.0
220
0.0
230
1.0
  2
ANSI31
 70
0
 71
0
 91
1
 92
3
 72
0
 73
1
 93
4
 10
21.66
 20
-33.2
 10
21.66
 20
-31.15
 10
21.78
 20
-31.15
 10
21.78
 20
-33.2
 97
0
 75
1
 76
1
 52
0.0
 41
0.03
 77
0
 78
1
 53
45.0
 43
0.0
 44
0.0
 45
-0.0020205576
 46
0.0020205576
 79
0
 98
0
  0
LINE
  5
358
330
17
100
AcDbEntity
  8
A-PUERTA
100
AcDbLine
 10
19.63
 20
-38.85
 30
0.0
 11
20.529999999999998
 21
-38.85
 31
0.0
  0
ARC
  5
359
330
17
100
AcDbEntity
  8
A-PUERTA
100
AcDbCircle
 10
19.63
 20
-38.85
 30
0.0
 40
0.9
100
AcDbArc
 50
-90.0
 51
0.0
  0
LINE
  5
35A
330
17
100
AcDbEntity
  8
A-PUERTA
100
AcDbLine
 10
22.71
 20
-36.28
 30
0.0
 11
21.91
 21
-36.28
 31
0.0
  0
ARC
  5
35B
330
17
100
AcDbEntity
  8
A-PUERTA
100
AcDbCircle
 10
22.71
 20
-36.28
 30
0.0
 40
0.8
100
AcDbArc
 50
90.0
 51
180.0
  0
LINE
  5
35C
330
17
100
AcDbEntity
  8
A-PUERTA
100
AcDbLine
 10
21.78
 20
-34.0
 30
0.0
 11
22.580000000000002
 21
-34.0
 31
0.0
  0
ARC
  5
35D
330
17
100
AcDbEntity
  8
A-PUERTA
100
AcDbCircle
 10
21.78
 20
-34.0
 30
0.0
 40
0.8
100
AcDbArc
 50
0.0
 51
90.0
  0
LWPOLYLINE
  5
35E
330
17
100
AcDbEntity
  8
A-MOBILIARIO
100
AcDbPolyline
 90
4
 70
1
 10
22.9
 20
-39.85
 10
22.9
 20
-37.85
 10
24.5
 20
-37.85
 10
24.5
 20
-39.85
  0
LWPOLYLINE
  5
35F
330
17
100
AcDbEntity
  8
A-MOBILIARIO
100
AcDbPolyline
 90
4
 70
1
 10
22.979999999999997
 20
-39.77
 10
22.979999999999997
 20
-39.3
 10
23.66
 20
-39.3
 10
23.66
 20
-39.77
  0
LWPOLYLINE
  5
360
330
17
100
AcDbEntity
  8
A-MOBILIARIO
100
AcDbPolyline
 90
4
 70
1
 10
23.74
 20
-39.77
 10
23.74
 20
-39.3
 10
24.42
 20
-39.3
 10
24.42
 20
-39.77
  0
LINE
  5
361
330
17
100
AcDbEntity
  8
A-MOBILIARIO
100
AcDbLine
 10
22.9
 20
-39.1
 30
0.0
 11
24.5
 21
-39.1
 31
0.0
  0
LWPOLYLINE
  5
362
330
17
100
AcDbEntity
  8
A-MOBILIARIO
100
AcDbPolyline
 90
4
 70
1
 10
22.42
 20
-39.85
 10
22.42
 20
-39.4
 10
22.85
 20
-39.4
 10
22.85
 20
-39.85
  0
LWPOLYLINE
  5
363
330
17
100
AcDbEntity
  8
A-MOBILIARIO
100
AcDbPolyline
 90
4
 70
1
 10
24.55
 20
-39.85
 10
24.55
 20
-39.4
 10
24.98
 20
-39.4
 10
24.98
 20
-39.85
  0
LWPOLYLINE
  5
364
330
17
100
AcDbEntity
  8
A-MOBILIARIO
100
AcDbPolyline
 90
4
 70
1
 10
19.63
 20
-38.0
 10
19.63
 20
-36.0
 10
20.48
 20
-36.0
 10
20.48
 20
-38.0
  0
LWPOLYLINE
  5
365
330
17
100
AcDbEntity
  8
A-MOBILIARIO
100
AcDbPolyline
 90
4
 70
1
 10
19.63
 20
-38.0
 10
19.63
 20
-36.0
 10
19.83
 20
-36.0
 10
19.83
 20
-38.0
  0
LWPOLYLINE
  5
366
330
17
100
AcDbEntity
  8
A-MOBILIARIO
100
AcDbPolyline
 90
4
 70
1
 10
19.83
 20
-38.0
 10
19.83
 20
-37.8
 10
20.48
 20
-37.8
 10
20.48
 20
-38.0
  0
LWPOLYLINE
  5
367
330
17
100
AcDbEntity
  8
A-MOBILIARIO
100
AcDbPolyline
 90
4
 70
1
 10
19.83
 20
-36.2
 10
19.83
 20
-36.0
 10
20.48
 20
-36.0
 10
20.48
 20
-36.2
  0
LWPOLYLINE
  5
368
330
17
100
AcDbEntity
  8
A-MOBILIARIO
100
AcDbPolyline
 90
4
 70
1
 10
20.95
 20
-37.5
 10
20.95
 20
-36.5
 10
21.45
 20
-36.5
 10
21.45
 20
-37.5
  0
LWPOLYLINE
  5
369
330
17
100
AcDbEntity
  8
A-MOBILIARIO
100
AcDbPolyline
 90
4
 70
1
 10
19.63
 20
-33.6
 10
19.63
 20
-32.4
 10
20.209999999999997
 20
-32.4
 10
20.209999999999997
 20
-33.6
  0
LWPOLYLINE
  5
36A
330
17
100
AcDbEntity
  8
A-MOBILIARIO
100
AcDbPolyline
 90
4
 70
1
 10
20.74
 20
-33.21
 10
20.74
 20
-32.79
 10
20.319999999999997
 20
-32.79
 10
20.319999999999997
 20
-33.21
  0
LWPOLYLINE
  5
36B
330
17
100
AcDbEntity
  8
A-MOBILIARIO
100
AcDbPolyline
 90
4
 70
1
 10
20.74
 20
-33.21
 10
20.74
 20
-32.79
 10
20.679999999999996
 20
-32.79
 10
20.679999999999996
 20
-33.21
  0
LWPOLYLINE
  5
36C
330
17
100
AcDbEntity
  8
A-MOBILIARIO
100
AcDbPolyline
 90
4
 70
1
 10
24.18
 20
-36.28
 10
24.18
 20
-34.730000000000004
 10
25.03
 20
-34.730000000000004
 10
25.03
 20
-36.28
  0
LINE
  5
36D
330
17
100
AcDbEntity
  8
A-MOBILIARIO
100
AcDbLine
 10
24.18
 20
-36.28
 30
0.0
 11
25.03
 21
-34.730000000000004
 31
0.0
  0
LINE
  5
36E
330
17
100
AcDbEntity
  8
A-MOBILIARIO
100
AcDbLine
 10
24.18
 20
-34.730000000000004
 30
0.0
 11
25.03
 21
-36.28
 31
0.0
  0
CIRCLE
  5
36F
330
17
100
AcDbEntity
  8
A-MOBILIARIO
100
AcDbCircle
 10
24.605
 20
-35.505
 30
0.0
 40
0.04
  0
LWPOLYLINE
  5
370
330
17
100
AcDbEntity
  8
A-MOBILIARIO
100
AcDbPolyline
 90
4
 70
1
 10
24.025
 20
-34.730000000000004
 10
23.585
 20
-34.730000000000004
 10
23.585
 20
-34.93
 10
24.025
 20
-34.93
  0
ELLIPSE
  5
371
330
17
100
AcDbEntity
  8
A-MOBILIARIO
100
AcDbEllipse
 10
23.805
 20
-35.18
 30
0.0
 11
0.0
 21
-0.25
 31
0.0
 40
0.7
 41
0.0
 42
6.283185307179586
  0
LWPOLYLINE
  5
372
330
17
100
AcDbEntity
  8
A-MOBILIARIO
100
AcDbPolyline
 90
4
 70
1
 10
22.880000000000003
 20
-35.230000000000004
 10
22.880000000000003
 20
-34.730000000000004
 10
23.380000000000003
 20
-34.730000000000004
 10
23.380000000000003
 20
-35.230000000000004
  0
ELLIPSE
  5
373
330
17
100
AcDbEntity
  8
A-MOBILIARIO
100
AcDbEllipse
 10
23.130000000000003
 20
-34.980000000000004
 30
0.0
 11
0.0
 21
0.15
 31
0.0
 40
0.75
 41
0.0
 42
6.283185307179586
  0
LWPOLYLINE
  5
374
330
17
100
AcDbEntity
  8
A-MOBILIARIO
100
AcDbPolyline
 90
4
 70
1
 10
21.78
 20
-31.75
 10
21.78
 20
-31.15
 10
25.03
 20
-31.15
 10
25.03
 20
-31.75
  0
LINE
  5
375
330
17
100
AcDbEntity
  8
A-MOBILIARIO
100
AcDbLine
 10
21.830000000000002
 20
-31.45
 30
0.0
 11
24.98
 21
-31.45
 31
0.0
  0
LWPOLYLINE
  5
376
330
17
100
AcDbEntity
  8
A-MOBILIARIO
100
AcDbPolyline
 90
4
 70
1
 10
22.64
 20
-34.61
 10
22.64
 20
-34.01
 10
25.03
 20
-34.01
 10
25.03
 20
-34.61
  0
LINE
  5
377
330
17
100
AcDbEntity
  8
A-MOBILIARIO
100
AcDbLine
 10
22.69
 20
-34.31
 30
0.0
 11
24.98
 21
-34.31
 31
0.0
  0
LINE
  5
378
330
17
100
AcDbEntity
  8
A-ESCALERA
100
AcDbLine
 10
16.98
 20
-38.65
 30
0.0
 11
18.080000000000002
 21
-38.65
 31
0.0
  0
LINE
  5
379
330
17
100
AcDbEntity
  8
A-ESCALERA
100
AcDbLine
 10
16.98
 20
-38.37
 30
0.0
 11
18.080000000000002
 21
-38.37
 31
0.0
  0
LINE
  5
37A
330
17
100
AcDbEntity
  8
A-ESCALERA
100
AcDbLine
 10
16.98
 20
-38.09
 30
0.0
 11
18.080000000000002
 21
-38.09
 31
0.0
  0
LINE
  5
37B
330
17
100
AcDbEntity
  8
A-ESCALERA
100
AcDbLine
 10
16.98
 20
-37.81
 30
0.0
 11
18.080000000000002
 21
-37.81
 31
0.0
  0
LINE
  5
37C
330
17
100
AcDbEntity
  8
A-ESCALERA
100
AcDbLine
 10
16.98
 20
-37.53
 30
0.0
 11
18.080000000000002
 21
-37.53
 31
0.0
  0
LINE
  5
37D
330
17
100
AcDbEntity
  8
A-ESCALERA
100
AcDbLine
 10
16.98
 20
-37.25
 30
0.0
 11
18.080000000000002
 21
-37.25
 31
0.0
  0
LINE
  5
37E
330
17
100
AcDbEntity
  8
A-ESCALERA
100
AcDbLine
 10
16.98
 20
-36.97
 30
0.0
 11
18.080000000000002
 21
-36.97
 31
0.0
  0
LINE
  5
37F
330
17
100
AcDbEntity
  8
A-ESCALERA
100
AcDbLine
 10
16.98
 20
-36.69
 30
0.0
 11
18.080000000000002
 21
-36.69
 31
0.0
  0
LINE
  5
380
330
17
100
AcDbEntity
  8
A-ESCALERA
100
AcDbLine
 10
16.98
 20
-36.41
 30
0.0
 11
18.080000000000002
 21
-36.41
 31
0.0
  0
LINE
  5
381
330
17
100
AcDbEntity
  8
A-ESCALERA
100
AcDbLine
 10
18.080000000000002
 20
-38.65
 30
0.0
 11
18.080000000000002
 21
-36.41
 31
0.0
  0
LINE
  5
382
330
17
100
AcDbEntity
  8
A-ESCALERA
100
AcDbLine
 10
18.38
 20
-36.41
 30
0.0
 11
19.48
 21
-36.41
 31
0.0
  0
LINE
  5
383
330
17
100
AcDbEntity
  8
A-ESCALERA
100
AcDbLine
 10
18.38
 20
-36.69
 30
0.0
 11
19.48
 21
-36.69
 31
0.0
  0
LINE
  5
384
330
17
100
AcDbEntity
  8
A-ESCALERA
100
AcDbLine
 10
18.38
 20
-36.97
 30
0.0
 11
19.48
 21
-36.97
 31
0.0
  0
LINE
  5
385
330
17
100
AcDbEntity
  8
A-ESCALERA
100
AcDbLine
 10
18.38
 20
-37.25
 30
0.0
 11
19.48
 21
-37.25
 31
0.0
  0
LINE
  5
386
330
17
100
AcDbEntity
  8
A-ESCALERA
100
AcDbLine
 10
18.38
 20
-37.53
 30
0.0
 11
19.48
 21
-37.53
 31
0.0
  0
LINE
  5
387
330
17
100
AcDbEntity
  8
A-ESCALERA
100
AcDbLine
 10
18.38
 20
-37.81
 30
0.0
 11
19.48
 21
-37.81
 31
0.0
  0
LINE
  5
388
330
17
100
AcDbEntity
  8
A-ESCALERA
100
AcDbLine
 10
18.38
 20
-38.09
 30
0.0
 11
19.48
 21
-38.09
 31
0.0
  0
LINE
  5
389
330
17
100
AcDbEntity
  8
A-ESCALERA
100
AcDbLine
 10
18.38
 20
-38.37
 30
0.0
 11
19.48
 21
-38.37
 31
0.0
  0
LINE
  5
38A
330
17
100
AcDbEntity
  8
A-ESCALERA
100
AcDbLine
 10
18.38
 20
-38.37
 30
0.0
 11
18.38
 21
-36.41
 31
0.0
  0
LINE
  5
38B
330
17
100
AcDbEntity
  8
A-ESCALERA
100
AcDbLine
 10
16.98
 20
-36.41
 30
0.0
 11
19.48
 21
-36.41
 31
0.0
  0
LINE
  5
38C
330
17
100
AcDbEntity
  8
A-ESCALERA
100
AcDbLine
 10
18.23
 20
-38.37
 30
0.0
 11
18.23
 21
-36.41
 31
0.0
  0
LWPOLYLINE
  5
38D
330
17
100
AcDbEntity
  8
A-ESCALERA
100
AcDbPolyline
 90
3
 70
0
 10
16.98
 20
-38.65
 10
18.38
 20
-38.65
 10
18.38
 20
-38.37
  0
LWPOLYLINE
  5
38E
330
17
100
AcDbEntity
  8
A-ESCALERA
100
AcDbPolyline
 90
3
 70
0
 10
16.98
 20
-38.6
 10
18.33
 20
-38.6
 10
18.33
 20
-38.37
  0
LINE
  5
38F
330
17
100
AcDbEntity
  8
A-ESCALERA
100
AcDbLine
 10
18.93
 20
-38.22
 30
0.0
 11
18.93
 21
-36.56
 31
0.0
  0
SOLID
  5
390
330
17
100
AcDbEntity
  8
A-ESCALERA
100
AcDbTrace
 10
18.93
 20
-36.56
 30
0.0
 11
18.81
 21
-36.76
 31
0.0
 12
19.05
 22
-36.76
 32
0.0
 13
19.05
 23
-36.76
 33
0.0
  0
TEXT
  5
391
330
17
100
AcDbEntity
  8
A-ESCALERA
100
AcDbText
 10
19.11
 20
-37.39
 30
0.0
 40
0.12
  1
BAJA
  7
ARIAL
 72
1
 11
19.11
 21
-37.39
 31
0.0
100
AcDbText
 73
2
  0
LWPOLYLINE
  5
392
330
17
100
AcDbEntity
  8
E-COLUMNA
100
AcDbPolyline
 90
4
 70
1
 10
2.06
 20
-35.31
 10
2.06
 20
-35.01
 10
2.36
 20
-35.01
 10
2.36
 20
-35.31
  0
HATCH
  5
393
330
17
100
AcDbEntity
  8
E-COLUMNA
 62
7
100
AcDbHatch
 10
0.0
 20
0.0
 30
0.0
210
0.0
220
0.0
230
1.0
  2
SOLID
 70
1
 71
0
 91
1
 92
3
 72
0
 73
1
 93
4
 10
2.06
 20
-35.31
 10
2.06
 20
-35.01
 10
2.36
 20
-35.01
 10
2.36
 20
-35.31
 97
0
 75
0
 76
1
 98
0
  0
TEXT
  5
394
330
17
100
AcDbEntity
  8
E-COLUMNA
100
AcDbText
 10
2.48
 20
-34.89
 30
0.0
 40
0.1
  1
C1
  7
ARIAL
 11
2.48
 21
-34.89
 31
0.0
100
AcDbText
 73
2
  0
LWPOLYLINE
  5
395
330
17
100
AcDbEntity
  8
E-COLUMNA
100
AcDbPolyline
 90
4
 70
1
 10
7.534999999999999
 20
-35.31
 10
7.534999999999999
 20
-35.01
 10
7.835
 20
-35.01
 10
7.835
 20
-35.31
  0
HATCH
  5
396
330
17
100
AcDbEntity
  8
E-COLUMNA
 62
7
100
AcDbHatch
 10
0.0
 20
0.0
 30
0.0
210
0.0
220
0.0
230
1.0
  2
SOLID
 70
1
 71
0
 91
1
 92
3
 72
0
 73
1
 93
4
 10
7.534999999999999
 20
-35.31
 10
7.534999999999999
 20
-35.01
 10
7.835
 20
-35.01
 10
7.835
 20
-35.31
 97
0
 75
0
 76
1
 98
0
  0
TEXT
  5
397
330
17
100
AcDbEntity
  8
E-COLUMNA
100
AcDbText
 10
7.955
 20
-34.89
 30
0.0
 40
0.1
  1
C2
  7
ARIAL
 11
7.955
 21
-34.89
 31
0.0
100
AcDbText
 73
2
  0
LWPOLYLINE
  5
398
330
17
100
AcDbEntity
  8
E-COLUMNA
100
AcDbPolyline
 90
4
 70
1
 10
10.185
 20
-35.31
 10
10.185
 20
-35.01
 10
10.485000000000001
 20
-35.01
 10
10.485000000000001
 20
-35.31
  0
HATCH
  5
399
330
17
100
AcDbEntity
  8
E-COLUMNA
 62
7
100
AcDbHatch
 10
0.0
 20
0.0
 30
0.0
210
0.0
220
0.0
230
1.0
  2
SOLID
 70
1
 71
0
 91
1
 92
3
 72
0
 73
1
 93
4
 10
10.185
 20
-35.31
 10
10.185
 20
-35.01
 10
10.485000000000001
 20
-35.01
 10
10.485000000000001
 20
-35.31
 97
0
 75
0
 76
1
 98
0
  0
TEXT
  5
39A
330
17
100
AcDbEntity
  8
E-COLUMNA
100
AcDbText
 10
10.605
 20
-34.89
 30
0.0
 40
0.1
  1
C3
  7
ARIAL
 11
10.605
 21
-34.89
 31
0.0
100
AcDbText
 73
2
  0
LWPOLYLINE
  5
39B
330
17
100
AcDbEntity
  8
E-COLUMNA
100
AcDbPolyline
 90
4
 70
1
 10
16.755000000000003
 20
-35.31
 10
16.755000000000003
 20
-35.01
 10
17.055
 20
-35.01
 10
17.055
 20
-35.31
  0
HATCH
  5
39C
330
17
100
AcDbEntity
  8
E-COLUMNA
 62
7
100
AcDbHatch
 10
0.0
 20
0.0
 30
0.0
210
0.0
220
0.0
230
1.0
  2
SOLID
 70
1
 71
0
 91
1
 92
3
 72
0
 73
1
 93
4
 10
16.755000000000003
 20
-35.31
 10
16.755000000000003
 20
-35.01
 10
17.055
 20
-35.01
 10
17.055
 20
-35.31
 97
0
 75
0
 76
1
 98
0
  0
TEXT
  5
39D
330
17
100
AcDbEntity
  8
E-COLUMNA
100
AcDbText
 10
17.175
 20
-34.89
 30
0.0
 40
0.1
  1
C4
  7
ARIAL
 11
17.175
 21
-34.89
 31
0.0
100
AcDbText
 73
2
  0
LWPOLYLINE
  5
39E
330
17
100
AcDbEntity
  8
E-COLUMNA
100
AcDbPolyline
 90
4
 70
1
 10
19.405
 20
-35.31
 10
19.405
 20
-35.01
 10
19.705
 20
-35.01
 10
19.705
 20
-35.31
  0
HATCH
  5
39F
330
17
100
AcDbEntity
  8
E-COLUMNA
 62
7
100
AcDbHatch
 10
0.0
 20
0.0
 30
0.0
210
0.0
220
0.0
230
1.0
  2
SOLID
 70
1
 71
0
 91
1
 92
3
 72
0
 73
1
 93
4
 10
19.405
 20
-35.31
 10
19.405
 20
-35.01
 10
19.705
 20
-35.01
 10
19.705
 20
-35.31
 97
0
 75
0
 76
1
 98
0
  0
TEXT
  5
3A0
330
17
100
AcDbEntity
  8
E-COLUMNA
100
AcDbText
 10
19.825
 20
-34.89
 30
0.0
 40
0.1
  1
C5
  7
ARIAL
 11
19.825
 21
-34.89
 31
0.0
100
AcDbText
 73
2
  0
LWPOLYLINE
  5
3A1
330
17
100
AcDbEntity
  8
E-COLUMNA
100
AcDbPolyline
 90
4
 70
1
 10
24.880000000000003
 20
-35.31
 10
24.880000000000003
 20
-35.01
 10
25.18
 20
-35.01
 10
25.18
 20
-35.31
  0
HATCH
  5
3A2
330
17
100
AcDbEntity
  8
E-COLUMNA
 62
7
100
AcDbHatch
 10
0.0
 20
0.0
 30
0.0
210
0.0
220
0.0
230
1.0
  2
SOLID
 70
1
 71
0
 91
1
 92
3
 72
0
 73
1
 93
4
 10
24.880000000000003
 20
-35.31
 10
24.880000000000003
 20
-35.01
 10
25.18
 20
-35.01
 10
25.18
 20
-35.31
 97
0
 75
0
 76
1
 98
0
  0
TEXT
  5
3A3
330
17
100
AcDbEntity
  8
E-COLUMNA
100
AcDbText
 10
25.3
 20
-34.89
 30
0.0
 40
0.1
  1
C6
  7
ARIAL
 11
25.3
 21
-34.89
 31
0.0
100
AcDbText
 73
2
  0
LINE
  5
3A4
330
17
100
AcDbEntity
  8
A-PROYECCION
 48
0.1
100
AcDbLine
 10
7.76
 20
-38.53
 30
0.0
 11
10.26
 21
-31.15
 31
0.0
  0
LINE
  5
3A5
330
17
100
AcDbEntity
  8
A-PROYECCION
 48
0.1
100
AcDbLine
 10
7.76
 20
-31.15
 30
0.0
 11
10.26
 21
-38.53
 31
0.0
  0
LINE
  5
3A6
330
17
100
AcDbEntity
  8
A-PROYECCION
 48
0.1
100
AcDbLine
 10
16.98
 20
-35.19
 30
0.0
 11
19.48
 21
-31.15
 31
0.0
  0
LINE
  5
3A7
330
17
100
AcDbEntity
  8
A-PROYECCION
 48
0.1
100
AcDbLine
 10
16.98
 20
-31.15
 30
0.0
 11
19.48
 21
-35.19
 31
0.0
  0
MTEXT
  5
3A8
330
17
100
AcDbEntity
  8
A-ESPACIOS
100
AcDbMText
 10
5.25
 20
-38.05
 30
0.0
 40
0.15
 41
4.0
 71
5
  1
SUITE 1\PDORMITORIO Y ESTAR
  7
ARIAL
  0
MTEXT
  5
3A9
330
17
100
AcDbEntity
  8
A-ESPACIOS
100
AcDbMText
 10
4.05
 20
-35.88
 30
0.0
 40
0.1
 41
4.0
 71
5
  1
BAÑO\P3,41 m²
  7
ARIAL
  0
MTEXT
  5
3AA
330
17
100
AcDbEntity
  8
A-ESPACIOS
100
AcDbMText
 10
3.85
 20
-32.9
 30
0.0
 40
0.12
 41
4.0
 71
5
  1
WALK-IN CLOSET\P3.46 x 3.25\P11,24 m²
  7
ARIAL
  0
MTEXT
  5
3AB
330
17
100
AcDbEntity
  8
A-ESPACIOS
100
AcDbMText
 10
12.0
 20
-35.45
 30
0.0
 40
0.15
 41
4.0
 71
5
  1
SUITE 2\PDORMITORIO Y ESTAR
  7
ARIAL
  0
MTEXT
  5
3AC
330
17
100
AcDbEntity
  8
A-ESPACIOS
100
AcDbMText
 10
15.55
 20
-32.25
 30
0.0
 40
0.1
 41
4.0
 71
5
  1
BAÑO\P3,41 m²
  7
ARIAL
  0
MTEXT
  5
3AD
330
17
100
AcDbEntity
  8
A-ESPACIOS
100
AcDbMText
 10
11.3
 20
-33.0
 30
0.0
 40
0.12
 41
4.0
 71
5
  1
WALK-IN CLOSET\P2.75 x 4.10\P11,28 m²
  7
ARIAL
  0
MTEXT
  5
3AE
330
17
100
AcDbEntity
  8
A-ESPACIOS
100
AcDbMText
 10
21.55
 20
-38.05
 30
0.0
 40
0.15
 41
4.0
 71
5
  1
SUITE 3\PDORMITORIO Y ESTAR
  7
ARIAL
  0
MTEXT
  5
3AF
330
17
100
AcDbEntity
  8
A-ESPACIOS
100
AcDbMText
 10
23.15
 20
-35.88
 30
0.0
 40
0.1
 41
4.0
 71
5
  1
BAÑO\P3,41 m²
  7
ARIAL
  0
MTEXT
  5
3B0
330
17
100
AcDbEntity
  8
A-ESPACIOS
100
AcDbMText
 10
23.35
 20
-32.9
 30
0.0
 40
0.12
 41
4.0
 71
5
  1
WALK-IN CLOSET\P3.46 x 3.25\P11,24 m²
  7
ARIAL
  0
TEXT
  5
3B1
330
17
100
AcDbEntity
  8
A-ESPACIOS
100
AcDbText
 10
13.0
 20
-39.25
 30
0.0
 40
0.13
  1
PASILLO
  7
ARIAL
 72
1
 11
13.0
 21
-39.25
 31
0.0
100
AcDbText
 73
2
  0
MTEXT
  5
3B2
330
17
100
AcDbEntity
  8
A-ESPACIOS
100
AcDbMText
 10
9.0
 20
-34.84
 30
0.0
 40
0.14
 41
3.0
 71
5
  1
PATIO DE LUZ P1\P(ABIERTO)
  7
ARIAL
  0
MTEXT
  5
3B3
330
17
100
AcDbEntity
  8
A-ESPACIOS
100
AcDbMText
 10
18.25
 20
-33.17
 30
0.0
 40
0.14
 41
3.0
 71
5
  1
PATIO P2\P(ABIERTO)
  7
ARIAL
  0
TEXT
  5
3B4
330
17
100
AcDbEntity
  8
A-ESPACIOS
100
AcDbText
 10
-2.15
 20
-35.5
 30
0.0
 40
0.22
  1
CALLE PÚBLICA
 50
90.0
  7
ARIAL
 72
1
 11
-2.15
 21
-35.5
 31
0.0
100
AcDbText
 73
2
  0
LINE
  5
3B5
330
17
100
AcDbEntity
  8
A-EJES
 48
0.05
100
AcDbLine
 10
-0.2
 20
-39.925
 30
0.0
 11
29.85
 21
-39.925
 31
0.0
  0
CIRCLE
  5
3B6
330
17
100
AcDbEntity
  8
A-EJES-TXT
100
AcDbCircle
 10
30.130000000000003
 20
-39.925
 30
0.0
 40
0.28
  0
TEXT
  5
3B7
330
17
100
AcDbEntity
  8
A-EJES-TXT
100
AcDbText
 10
30.130000000000003
 20
-39.925
 30
0.0
 40
0.22
  1
A
  7
ARIAL
 72
1
 11
30.130000000000003
 21
-39.925
 31
0.0
100
AcDbText
 73
2
  0
LINE
  5
3B8
330
17
100
AcDbEntity
  8
A-EJES
 48
0.05
100
AcDbLine
 10
-0.2
 20
-38.59
 30
0.0
 11
29.85
 21
-38.59
 31
0.0
  0
CIRCLE
  5
3B9
330
17
100
AcDbEntity
  8
A-EJES-TXT
100
AcDbCircle
 10
30.130000000000003
 20
-38.59
 30
0.0
 40
0.28
  0
TEXT
  5
3BA
330
17
100
AcDbEntity
  8
A-EJES-TXT
100
AcDbText
 10
30.130000000000003
 20
-38.59
 30
0.0
 40
0.22
  1
B
  7
ARIAL
 72
1
 11
30.130000000000003
 21
-38.59
 31
0.0
100
AcDbText
 73
2
  0
LINE
  5
3BB
330
17
100
AcDbEntity
  8
A-EJES
 48
0.05
100
AcDbLine
 10
-0.2
 20
-35.16
 30
0.0
 11
29.85
 21
-35.16
 31
0.0
  0
CIRCLE
  5
3BC
330
17
100
AcDbEntity
  8
A-EJES-TXT
100
AcDbCircle
 10
30.130000000000003
 20
-35.16
 30
0.0
 40
0.28
  0
TEXT
  5
3BD
330
17
100
AcDbEntity
  8
A-EJES-TXT
100
AcDbText
 10
30.130000000000003
 20
-35.16
 30
0.0
 40
0.22
  1
C
  7
ARIAL
 72
1
 11
30.130000000000003
 21
-35.16
 31
0.0
100
AcDbText
 73
2
  0
LINE
  5
3BE
330
17
100
AcDbEntity
  8
A-EJES
 48
0.05
100
AcDbLine
 10
-0.2
 20
-31.075
 30
0.0
 11
29.85
 21
-31.075
 31
0.0
  0
CIRCLE
  5
3BF
330
17
100
AcDbEntity
  8
A-EJES-TXT
100
AcDbCircle
 10
30.130000000000003
 20
-31.075
 30
0.0
 40
0.28
  0
TEXT
  5
3C0
330
17
100
AcDbEntity
  8
A-EJES-TXT
100
AcDbText
 10
30.130000000000003
 20
-31.075
 30
0.0
 40
0.22
  1
D
  7
ARIAL
 72
1
 11
30.130000000000003
 21
-31.075
 31
0.0
100
AcDbText
 73
2
  0
LINE
  5
3C1
330
17
100
AcDbEntity
  8
A-EJES
 48
0.05
100
AcDbLine
 10
2.1350000000000002
 20
-42.35
 30
0.0
 11
2.1350000000000002
 21
-29.8
 31
0.0
  0
CIRCLE
  5
3C2
330
17
100
AcDbEntity
  8
A-EJES-TXT
100
AcDbCircle
 10
2.1350000000000002
 20
-42.63
 30
0.0
 40
0.28
  0
TEXT
  5
3C3
330
17
100
AcDbEntity
  8
A-EJES-TXT
100
AcDbText
 10
2.1350000000000002
 20
-42.63
 30
0.0
 40
0.22
  1
1
  7
ARIAL
 72
1
 11
2.1350000000000002
 21
-42.63
 31
0.0
100
AcDbText
 73
2
  0
LINE
  5
3C4
330
17
100
AcDbEntity
  8
A-EJES
 48
0.05
100
AcDbLine
 10
7.685
 20
-42.35
 30
0.0
 11
7.685
 21
-29.8
 31
0.0
  0
CIRCLE
  5
3C5
330
17
100
AcDbEntity
  8
A-EJES-TXT
100
AcDbCircle
 10
7.685
 20
-42.63
 30
0.0
 40
0.28
  0
TEXT
  5
3C6
330
17
100
AcDbEntity
  8
A-EJES-TXT
100
AcDbText
 10
7.685
 20
-42.63
 30
0.0
 40
0.22
  1
2
  7
ARIAL
 72
1
 11
7.685
 21
-42.63
 31
0.0
100
AcDbText
 73
2
  0
LINE
  5
3C7
330
17
100
AcDbEntity
  8
A-EJES
 48
0.05
100
AcDbLine
 10
10.335
 20
-42.35
 30
0.0
 11
10.335
 21
-29.8
 31
0.0
  0
CIRCLE
  5
3C8
330
17
100
AcDbEntity
  8
A-EJES-TXT
100
AcDbCircle
 10
10.335
 20
-42.63
 30
0.0
 40
0.28
  0
TEXT
  5
3C9
330
17
100
AcDbEntity
  8
A-EJES-TXT
100
AcDbText
 10
10.335
 20
-42.63
 30
0.0
 40
0.22
  1
3
  7
ARIAL
 72
1
 11
10.335
 21
-42.63
 31
0.0
100
AcDbText
 73
2
  0
LINE
  5
3CA
330
17
100
AcDbEntity
  8
A-EJES
 48
0.05
100
AcDbLine
 10
16.905
 20
-42.35
 30
0.0
 11
16.905
 21
-29.8
 31
0.0
  0
CIRCLE
  5
3CB
330
17
100
AcDbEntity
  8
A-EJES-TXT
100
AcDbCircle
 10
16.905
 20
-42.63
 30
0.0
 40
0.28
  0
TEXT
  5
3CC
330
17
100
AcDbEntity
  8
A-EJES-TXT
100
AcDbText
 10
16.905
 20
-42.63
 30
0.0
 40
0.22
  1
4
  7
ARIAL
 72
1
 11
16.905
 21
-42.63
 31
0.0
100
AcDbText
 73
2
  0
LINE
  5
3CD
330
17
100
AcDbEntity
  8
A-EJES
 48
0.05
100
AcDbLine
 10
19.555
 20
-42.35
 30
0.0
 11
19.555
 21
-29.8
 31
0.0
  0
CIRCLE
  5
3CE
330
17
100
AcDbEntity
  8
A-EJES-TXT
100
AcDbCircle
 10
19.555
 20
-42.63
 30
0.0
 40
0.28
  0
TEXT
  5
3CF
330
17
100
AcDbEntity
  8
A-EJES-TXT
100
AcDbText
 10
19.555
 20
-42.63
 30
0.0
 40
0.22
  1
5
  7
ARIAL
 72
1
 11
19.555
 21
-42.63
 31
0.0
100
AcDbText
 73
2
  0
LINE
  5
3D0
330
17
100
AcDbEntity
  8
A-EJES
 48
0.05
100
AcDbLine
 10
25.105
 20
-42.35
 30
0.0
 11
25.105
 21
-29.8
 31
0.0
  0
CIRCLE
  5
3D1
330
17
100
AcDbEntity
  8
A-EJES-TXT
100
AcDbCircle
 10
25.105
 20
-42.63
 30
0.0
 40
0.28
  0
TEXT
  5
3D2
330
17
100
AcDbEntity
  8
A-EJES-TXT
100
AcDbText
 10
25.105
 20
-42.63
 30
0.0
 40
0.22
  1
6
  7
ARIAL
 72
1
 11
25.105
 21
-42.63
 31
0.0
100
AcDbText
 73
2
  0
LWPOLYLINE
  5
3D3
330
17
100
AcDbEntity
  8
S-ACC
100
AcDbPolyline
 90
4
 70
1
 10
0.09999999999999998
 20
0.6
 10
0.6
 20
0.6
 10
0.6
 20
0.9
 10
0.09999999999999998
 20
0.9
  0
HATCH
  5
3D4
330
17
100
AcDbEntity
  8
S-ACC
 62
7
100
AcDbHatch
 10
0.0
 20
0.0
 30
0.0
210
0.0
220
0.0
230
1.0
  2
SOLID
 70
1
 71
0
 91
1
 92
3
 72
0
 73
1
 93
4
 10
0.09999999999999998
 20
0.6
 10
0.35
 20
0.6
 10
0.35
 20
0.9
 10
0.09999999999999998
 20
0.9
 97
0
 75
0
 76
1
 98
0
  0
HATCH
  5
3D5
330
17
100
AcDbEntity
  8
S-ACC
 62
7
100
AcDbHatch
 10
0.0
 20
0.0
 30
0.0
210
0.0
220
0.0
230
1.0
  2
SOLID
 70
1
 71
0
 91
1
 92
3
 72
0
 73
1
 93
3
 10
0.8
 20
0.75
 10
0.66
 20
0.862
 10
0.66
 20
0.638
 97
0
 75
0
 76
1
 98
0
  0
HATCH
  5
3D6
330
17
100
AcDbEntity
  8
S-ACC
 62
7
100
AcDbHatch
 10
0.0
 20
0.0
 30
0.0
210
0.0
220
0.0
230
1.0
  2
SOLID
 70
1
 71
0
 91
1
 92
3
 72
0
 73
1
 93
3
 10
0.8
 20
0.75
 10
0.9400000000000001
 20
0.862
 10
0.9400000000000001
 20
0.638
 97
0
 75
0
 76
1
 98
0
  0
LWPOLYLINE
  5
3D7
330
17
100
AcDbEntity
  8
S-AF
100
AcDbPolyline
 90
2
 70
0
 10
-1.2
 20
0.75
 10
0.2
 20
0.75
  0
LWPOLYLINE
  5
3D8
330
17
100
AcDbEntity
  8
S-AF
100
AcDbPolyline
 90
5
 70
0
 10
0.5
 20
0.75
 10
2.4
 20
0.75
 10
2.6
 20
1.1
 10
17.3
 20
1.1
 10
17.3
 20
4.75
  0
LINE
  5
3D9
330
17
100
AcDbEntity
  8
S-FINO
100
AcDbLine
 10
-0.8
 20
0.75
 30
0.0
 11
-0.8
 21
1.85
 31
0.0
  0
TEXT
  5
3DA
330
17
100
AcDbEntity
  8
S-TXT
100
AcDbText
 10
-0.7200000000000001
 20
1.85
 30
0.0
 40
0.17
  1
ACOMETIDA ESPH 3/4"
  7
ARIAL
 11
-0.7200000000000001
 21
1.85
 31
0.0
100
AcDbText
 73
2
  0
LINE
  5
3DB
330
17
100
AcDbEntity
  8
S-FINO
100
AcDbLine
 10
0.35
 20
0.75
 30
0.0
 11
0.35
 21
2.15
 31
0.0
  0
TEXT
  5
3DC
330
17
100
AcDbEntity
  8
S-TXT
100
AcDbText
 10
0.43
 20
2.15
 30
0.0
 40
0.17
  1
MEDIDOR (SEGÚN ESPH)
  7
ARIAL
 11
0.43
 21
2.15
 31
0.0
100
AcDbText
 73
2
  0
LINE
  5
3DD
330
17
100
AcDbEntity
  8
S-FINO
100
AcDbLine
 10
0.8
 20
0.75
 30
0.0
 11
0.8
 21
2.65
 31
0.0
  0
TEXT
  5
3DE
330
17
100
AcDbEntity
  8
S-TXT
100
AcDbText
 10
0.88
 20
2.65
 30
0.0
 40
0.17
  1
LLAVE DE PASO 3/4"
  7
ARIAL
 11
0.88
 21
2.65
 31
0.0
100
AcDbText
 73
2
  0
TEXT
  5
3DF
330
17
100
AcDbEntity
  8
S-TXT
100
AcDbText
 10
9.0
 20
1.2
 30
0.0
 40
0.17
  1
AF 3/4" BAJO CONTRAPISO
  7
ARIAL
 11
9.0
 21
1.2
 31
0.0
100
AcDbText
 73
2
  0
CIRCLE
  5
3E0
330
17
100
AcDbEntity
  8
S-ACC
100
AcDbCircle
 10
17.3
 20
4.75
 30
0.0
 40
0.16
  0
CIRCLE
  5
3E1
330
17
100
AcDbEntity
  8
S-ACC
100
AcDbCircle
 10
17.3
 20
4.75
 30
0.0
 40
0.06
  0
LINE
  5
3E2
330
17
100
AcDbEntity
  8
S-FINO
100
AcDbLine
 10
17.3
 20
4.75
 30
0.0
 11
17.900000000000002
 21
5.3
 31
0.0
  0
TEXT
  5
3E3
330
17
100
AcDbEntity
  8
S-TXT
100
AcDbText
 10
17.98
 20
5.3
 30
0.0
 40
0.17
  1
MONTANTE AF 3/4" (N1 A N3)
  7
ARIAL
 11
17.98
 21
5.3
 31
0.0
100
AcDbText
 73
2
  0
LWPOLYLINE
  5
3E4
330
17
100
AcDbEntity
  8
S-AF
100
AcDbPolyline
 90
2
 70
0
 10
1.3
 20
0.75
 10
1.3
 20
8.4
  0
CIRCLE
  5
3E5
330
17
100
AcDbEntity
  8
S-ACC
100
AcDbCircle
 10
1.3
 20
8.4
 30
0.0
 40
0.07
  0
HATCH
  5
3E6
330
17
100
AcDbEntity
  8
S-ACC
 62
7
100
AcDbHatch
 10
0.0
 20
0.0
 30
0.0
210
0.0
220
0.0
230
1.0
  2
SOLID
 70
1
 71
0
 91
1
 92
1
 93
1
 72
2
 10
1.3
 20
8.4
 40
0.07
 50
0
 51
360
 73
1
 97
0
 75
0
 76
1
 98
0
  0
LINE
  5
3E7
330
17
100
AcDbEntity
  8
S-FINO
100
AcDbLine
 10
1.3
 20
8.4
 30
0.0
 11
1.9
 21
7.95
 31
0.0
  0
TEXT
  5
3E8
330
17
100
AcDbEntity
  8
S-TXT
100
AcDbText
 10
1.98
 20
7.95
 30
0.0
 40
0.17
  1
PUNTO DE JARDÍN 1/2"
  7
ARIAL
 11
1.98
 21
7.95
 31
0.0
100
AcDbText
 73
2
  0
LWPOLYLINE
  5
3E9
330
17
100
AcDbEntity
  8
S-AF
100
AcDbPolyline
 90
4
 70
0
 10
17.3
 20
4.75
 10
25.3
 20
4.75
 10
25.3
 20
1.5
 10
25.4
 20
1.5
  0
CIRCLE
  5
3EA
330
17
100
AcDbEntity
  8
S-ACC
100
AcDbCircle
 10
25.4
 20
1.5
 30
0.0
 40
0.07
  0
HATCH
  5
3EB
330
17
100
AcDbEntity
  8
S-ACC
 62
7
100
AcDbHatch
 10
0.0
 20
0.0
 30
0.0
210
0.0
220
0.0
230
1.0
  2
SOLID
 70
1
 71
0
 91
1
 92
1
 93
1
 72
2
 10
25.4
 20
1.5
 40
0.07
 50
0
 51
360
 73
1
 97
0
 75
0
 76
1
 98
0
  0
LINE
  5
3EC
330
17
100
AcDbEntity
  8
S-FINO
100
AcDbLine
 10
25.4
 20
1.5
 30
0.0
 11
24.95
 21
2.4
 31
0.0
  0
TEXT
  5
3ED
330
17
100
AcDbEntity
  8
S-TXT
100
AcDbText
 10
24.87
 20
2.4
 30
0.0
 40
0.17
  1
PUNTO DE JARDÍN 1/2"
  7
ARIAL
 72
2
 11
24.87
 21
2.4
 31
0.0
100
AcDbText
 73
2
  0
TEXT
  5
3EE
330
17
100
AcDbEntity
  8
S-TXT
100
AcDbText
 10
26.5
 20
4.5
 30
0.0
 40
0.13
  1
PATIO POSTERIOR - JARDÍN SECO
 50
90.0
  7
ARIAL
 72
1
 11
26.5
 21
4.5
 31
0.0
100
AcDbText
 73
2
  0
TEXT
  5
3EF
330
17
100
AcDbEntity
  8
S-TXT
100
AcDbText
 10
26.85
 20
4.5
 30
0.0
 40
0.13
  1
TANQUE SÉPTICO Y DRENAJE: VER S02
 50
90.0
  7
ARIAL
 72
1
 11
26.85
 21
4.5
 31
0.0
100
AcDbText
 73
2
  0
TEXT
  5
3F0
330
17
100
AcDbEntity
  8
S-TXT
100
AcDbText
 10
22.4
 20
5.05
 30
0.0
 40
0.17
  1
AF 1/2" ENTERRADA
  7
ARIAL
 11
22.4
 21
5.05
 31
0.0
100
AcDbText
 73
2
  0
CIRCLE
  5
3F1
330
17
100
AcDbEntity
  8
S-ACC
100
AcDbCircle
 10
17.3
 20
-15.25
 30
0.0
 40
0.16
  0
CIRCLE
  5
3F2
330
17
100
AcDbEntity
  8
S-ACC
100
AcDbCircle
 10
17.3
 20
-15.25
 30
0.0
 40
0.06
  0
LINE
  5
3F3
330
17
100
AcDbEntity
  8
S-FINO
100
AcDbLine
 10
17.3
 20
-15.25
 30
0.0
 11
16.6
 21
-14.8
 31
0.0
  0
TEXT
  5
3F4
330
17
100
AcDbEntity
  8
S-TXT
100
AcDbText
 10
16.520000000000003
 20
-14.8
 30
0.0
 40
0.17
  1
MONTANTE AF 3/4"
  7
ARIAL
 72
2
 11
16.520000000000003
 21
-14.8
 31
0.0
100
AcDbText
 73
2
  0
LWPOLYLINE
  5
3F5
330
17
100
AcDbEntity
  8
S-AF
100
AcDbPolyline
 90
3
 70
0
 10
17.3
 20
-15.25
 10
16.7
 20
-15.25
 10
16.7
 20
-13.2
  0
HATCH
  5
3F6
330
17
100
AcDbEntity
  8
S-ACC
 62
7
100
AcDbHatch
 10
0.0
 20
0.0
 30
0.0
210
0.0
220
0.0
230
1.0
  2
SOLID
 70
1
 71
0
 91
1
 92
3
 72
0
 73
1
 93
3
 10
16.7
 20
-13.8
 10
16.56
 20
-13.688
 10
16.56
 20
-13.912
 97
0
 75
0
 76
1
 98
0
  0
HATCH
  5
3F7
330
17
100
AcDbEntity
  8
S-ACC
 62
7
100
AcDbHatch
 10
0.0
 20
0.0
 30
0.0
210
0.0
220
0.0
230
1.0
  2
SOLID
 70
1
 71
0
 91
1
 92
3
 72
0
 73
1
 93
3
 10
16.7
 20
-13.8
 10
16.84
 20
-13.688
 10
16.84
 20
-13.912
 97
0
 75
0
 76
1
 98
0
  0
CIRCLE
  5
3F8
330
17
100
AcDbEntity
  8
S-ACC
100
AcDbCircle
 10
16.7
 20
-13.2
 30
0.0
 40
0.07
  0
HATCH
  5
3F9
330
17
100
AcDbEntity
  8
S-ACC
 62
7
100
AcDbHatch
 10
0.0
 20
0.0
 30
0.0
210
0.0
220
0.0
230
1.0
  2
SOLID
 70
1
 71
0
 91
1
 92
1
 93
1
 72
2
 10
16.7
 20
-13.2
 40
0.07
 50
0
 51
360
 73
1
 97
0
 75
0
 76
1
 98
0
  0
LINE
  5
3FA
330
17
100
AcDbEntity
  8
S-FINO
100
AcDbLine
 10
16.7
 20
-13.2
 30
0.0
 11
16.15
 21
-12.600000000000001
 31
0.0
  0
TEXT
  5
3FB
330
17
100
AcDbEntity
  8
S-TXT
100
AcDbText
 10
16.07
 20
-12.600000000000001
 30
0.0
 40
0.17
  1
LP 1/2" (FREGADERO)
  7
ARIAL
 72
2
 11
16.07
 21
-12.600000000000001
 31
0.0
100
AcDbText
 73
2
  0
LINE
  5
3FC
330
17
100
AcDbEntity
  8
S-FINO
100
AcDbLine
 10
16.7
 20
-13.8
 30
0.0
 11
17.7
 21
-14.3
 31
0.0
  0
TEXT
  5
3FD
330
17
100
AcDbEntity
  8
S-TXT
100
AcDbText
 10
17.779999999999998
 20
-14.3
 30
0.0
 40
0.17
  1
LLAVE DE PASO 1/2"
  7
ARIAL
 11
17.779999999999998
 21
-14.3
 31
0.0
100
AcDbText
 73
2
  0
LWPOLYLINE
  5
3FE
330
17
100
AcDbEntity
  8
S-AF
100
AcDbPolyline
 90
4
 70
0
 10
16.7
 20
-15.25
 10
16.7
 20
-19.0
 10
4.55
 20
-19.0
 10
4.55
 20
-16.15
  0
TEXT
  5
3FF
330
17
100
AcDbEntity
  8
S-TXT
100
AcDbText
 10
12.4
 20
-18.9
 30
0.0
 40
0.17
  1
AF 1/2" POR ENTREPISO
  7
ARIAL
 11
12.4
 21
-18.9
 31
0.0
100
AcDbText
 73
2
  0
HATCH
  5
400
330
17
100
AcDbEntity
  8
S-ACC
 62
7
100
AcDbHatch
 10
0.0
 20
0.0
 30
0.0
210
0.0
220
0.0
230
1.0
  2
SOLID
 70
1
 71
0
 91
1
 92
3
 72
0
 73
1
 93
3
 10
4.55
 20
-16.15
 10
4.41
 20
-16.038
 10
4.41
 20
-16.261999999999997
 97
0
 75
0
 76
1
 98
0
  0
HATCH
  5
401
330
17
100
AcDbEntity
  8
S-ACC
 62
7
100
AcDbHatch
 10
0.0
 20
0.0
 30
0.0
210
0.0
220
0.0
230
1.0
  2
SOLID
 70
1
 71
0
 91
1
 92
3
 72
0
 73
1
 93
3
 10
4.55
 20
-16.15
 10
4.6899999999999995
 20
-16.038
 10
4.6899999999999995
 20
-16.261999999999997
 97
0
 75
0
 76
1
 98
0
  0
LWPOLYLINE
  5
402
330
17
100
AcDbEntity
  8
S-AF
100
AcDbPolyline
 90
3
 70
0
 10
4.55
 20
-16.15
 10
4.55
 20
-14.82
 10
3.43
 20
-14.82
  0
LWPOLYLINE
  5
403
330
17
100
AcDbEntity
  8
S-AF
100
AcDbPolyline
 90
3
 70
0
 10
4.55
 20
-16.15
 10
4.55
 20
-16.14
 10
2.6
 20
-16.14
  0
LWPOLYLINE
  5
404
330
17
100
AcDbEntity
  8
S-ACC
100
AcDbPolyline
 90
4
 70
1
 10
2.47
 20
-16.27
 10
2.73
 20
-16.27
 10
2.73
 20
-16.01
 10
2.47
 20
-16.01
  0
TEXT
  5
405
330
17
100
AcDbEntity
  8
S-ACC
100
AcDbText
 10
2.6
 20
-16.14
 30
0.0
 40
0.1
  1
CP
  7
ARIAL
 72
1
 11
2.6
 21
-16.14
 31
0.0
100
AcDbText
 73
2
  0
LWPOLYLINE
  5
406
330
17
100
AcDbEntity
  8
S-AC
 48
0.02
100
AcDbPolyline
 90
2
 70
0
 10
2.6
 20
-16.14
 10
2.33
 20
-15.55
  0
CIRCLE
  5
407
330
17
100
AcDbEntity
  8
S-ACC
100
AcDbCircle
 10
4.1
 20
-14.82
 30
0.0
 40
0.07
  0
HATCH
  5
408
330
17
100
AcDbEntity
  8
S-ACC
 62
7
100
AcDbHatch
 10
0.0
 20
0.0
 30
0.0
210
0.0
220
0.0
230
1.0
  2
SOLID
 70
1
 71
0
 91
1
 92
1
 93
1
 72
2
 10
4.1
 20
-14.82
 40
0.07
 50
0
 51
360
 73
1
 97
0
 75
0
 76
1
 98
0
  0
CIRCLE
  5
409
330
17
100
AcDbEntity
  8
S-ACC
100
AcDbCircle
 10
3.43
 20
-14.82
 30
0.0
 40
0.07
  0
HATCH
  5
40A
330
17
100
AcDbEntity
  8
S-ACC
 62
7
100
AcDbHatch
 10
0.0
 20
0.0
 30
0.0
210
0.0
220
0.0
230
1.0
  2
SOLID
 70
1
 71
0
 91
1
 92
1
 93
1
 72
2
 10
3.43
 20
-14.82
 40
0.07
 50
0
 51
360
 73
1
 97
0
 75
0
 76
1
 98
0
  0
CIRCLE
  5
40B
330
17
100
AcDbEntity
  8
S-ACC
100
AcDbCircle
 10
2.33
 20
-15.55
 30
0.0
 40
0.07
  0
HATCH
  5
40C
330
17
100
AcDbEntity
  8
S-ACC
 62
7
100
AcDbHatch
 10
0.0
 20
0.0
 30
0.0
210
0.0
220
0.0
230
1.0
  2
SOLID
 70
1
 71
0
 91
1
 92
1
 93
1
 72
2
 10
2.33
 20
-15.55
 40
0.07
 50
0
 51
360
 73
1
 97
0
 75
0
 76
1
 98
0
  0
LINE
  5
40D
330
17
100
AcDbEntity
  8
S-FINO
100
AcDbLine
 10
4.1
 20
-14.82
 30
0.0
 11
4.55
 21
-14.52
 31
0.0
  0
TEXT
  5
40E
330
17
100
AcDbEntity
  8
S-TXT
100
AcDbText
 10
4.63
 20
-14.52
 30
0.0
 40
0.17
  1
LM 1/2"
  7
ARIAL
 11
4.63
 21
-14.52
 31
0.0
100
AcDbText
 73
2
  0
LINE
  5
40F
330
17
100
AcDbEntity
  8
S-FINO
100
AcDbLine
 10
3.43
 20
-14.82
 30
0.0
 11
3.43
 21
-14.52
 31
0.0
  0
TEXT
  5
410
330
17
100
AcDbEntity
  8
S-TXT
100
AcDbText
 10
3.5100000000000002
 20
-14.52
 30
0.0
 40
0.17
  1
WC 1/2"
  7
ARIAL
 11
3.5100000000000002
 21
-14.52
 31
0.0
100
AcDbText
 73
2
  0
LINE
  5
411
330
17
100
AcDbEntity
  8
S-FINO
100
AcDbLine
 10
2.33
 20
-15.55
 30
0.0
 11
1.6300000000000001
 21
-15.1
 31
0.0
  0
TEXT
  5
412
330
17
100
AcDbEntity
  8
S-TXT
100
AcDbText
 10
1.55
 20
-15.1
 30
0.0
 40
0.17
  1
DUCHA 1/2" (AC)
  7
ARIAL
 72
2
 11
1.55
 21
-15.1
 31
0.0
100
AcDbText
 73
2
  0
LINE
  5
413
330
17
100
AcDbEntity
  8
S-FINO
100
AcDbLine
 10
2.6
 20
-16.14
 30
0.0
 11
1.85
 21
-16.59
 31
0.0
  0
TEXT
  5
414
330
17
100
AcDbEntity
  8
S-TXT
100
AcDbText
 10
1.77
 20
-16.59
 30
0.0
 40
0.17
  1
CALENTADOR DE PASO
  7
ARIAL
 72
2
 11
1.77
 21
-16.59
 31
0.0
100
AcDbText
 73
2
  0
LINE
  5
415
330
17
100
AcDbEntity
  8
S-FINO
100
AcDbLine
 10
4.55
 20
-16.15
 30
0.0
 11
5.1
 21
-16.65
 31
0.0
  0
TEXT
  5
416
330
17
100
AcDbEntity
  8
S-TXT
100
AcDbText
 10
5.18
 20
-16.65
 30
0.0
 40
0.17
  1
LLAVE DE PASO 1/2"
  7
ARIAL
 11
5.18
 21
-16.65
 31
0.0
100
AcDbText
 73
2
  0
CIRCLE
  5
417
330
17
100
AcDbEntity
  8
S-ACC
100
AcDbCircle
 10
17.3
 20
-35.25
 30
0.0
 40
0.16
  0
CIRCLE
  5
418
330
17
100
AcDbEntity
  8
S-ACC
100
AcDbCircle
 10
17.3
 20
-35.25
 30
0.0
 40
0.06
  0
LINE
  5
419
330
17
100
AcDbEntity
  8
S-FINO
100
AcDbLine
 10
17.3
 20
-35.25
 30
0.0
 11
17.7
 21
-34.3
 31
0.0
  0
TEXT
  5
41A
330
17
100
AcDbEntity
  8
S-TXT
100
AcDbText
 10
17.779999999999998
 20
-34.3
 30
0.0
 40
0.17
  1
MONTANTE AF 3/4"
  7
ARIAL
 11
17.779999999999998
 21
-34.3
 31
0.0
100
AcDbText
 73
2
  0
LWPOLYLINE
  5
41B
330
17
100
AcDbEntity
  8
S-AF
100
AcDbPolyline
 90
3
 70
0
 10
17.3
 20
-35.25
 10
16.45
 20
-35.25
 10
16.45
 20
-32.55
  0
HATCH
  5
41C
330
17
100
AcDbEntity
  8
S-ACC
 62
7
100
AcDbHatch
 10
0.0
 20
0.0
 30
0.0
210
0.0
220
0.0
230
1.0
  2
SOLID
 70
1
 71
0
 91
1
 92
3
 72
0
 73
1
 93
3
 10
16.45
 20
-32.95
 10
16.31
 20
-32.838
 10
16.31
 20
-33.062000000000005
 97
0
 75
0
 76
1
 98
0
  0
HATCH
  5
41D
330
17
100
AcDbEntity
  8
S-ACC
 62
7
100
AcDbHatch
 10
0.0
 20
0.0
 30
0.0
210
0.0
220
0.0
230
1.0
  2
SOLID
 70
1
 71
0
 91
1
 92
3
 72
0
 73
1
 93
3
 10
16.45
 20
-32.95
 10
16.59
 20
-32.838
 10
16.59
 20
-33.062000000000005
 97
0
 75
0
 76
1
 98
0
  0
LWPOLYLINE
  5
41E
330
17
100
AcDbEntity
  8
S-AF
100
AcDbPolyline
 90
4
 70
0
 10
16.45
 20
-32.55
 10
15.3
 20
-32.55
 10
15.3
 20
-31.28
 10
15.6
 20
-31.28
  0
LWPOLYLINE
  5
41F
330
17
100
AcDbEntity
  8
S-AF
100
AcDbPolyline
 90
2
 70
0
 10
15.3
 20
-31.28
 10
14.93
 20
-31.28
  0
LWPOLYLINE
  5
420
330
17
100
AcDbEntity
  8
S-AF
100
AcDbPolyline
 90
2
 70
0
 10
16.45
 20
-32.55
 10
16.58
 20
-32.55
  0
LWPOLYLINE
  5
421
330
17
100
AcDbEntity
  8
S-ACC
100
AcDbPolyline
 90
4
 70
1
 10
16.470000000000002
 20
-32.68
 10
16.73
 20
-32.68
 10
16.73
 20
-32.419999999999995
 10
16.470000000000002
 20
-32.419999999999995
  0
TEXT
  5
422
330
17
100
AcDbEntity
  8
S-ACC
100
AcDbText
 10
16.6
 20
-32.55
 30
0.0
 40
0.1
  1
CP
  7
ARIAL
 72
1
 11
16.6
 21
-32.55
 31
0.0
100
AcDbText
 73
2
  0
LWPOLYLINE
  5
423
330
17
100
AcDbEntity
  8
S-AC
 48
0.02
100
AcDbPolyline
 90
2
 70
0
 10
16.6
 20
-32.55
 10
16.72
 20
-31.9
  0
CIRCLE
  5
424
330
17
100
AcDbEntity
  8
S-ACC
100
AcDbCircle
 10
15.6
 20
-31.28
 30
0.0
 40
0.07
  0
HATCH
  5
425
330
17
100
AcDbEntity
  8
S-ACC
 62
7
100
AcDbHatch
 10
0.0
 20
0.0
 30
0.0
210
0.0
220
0.0
230
1.0
  2
SOLID
 70
1
 71
0
 91
1
 92
1
 93
1
 72
2
 10
15.6
 20
-31.28
 40
0.07
 50
0
 51
360
 73
1
 97
0
 75
0
 76
1
 98
0
  0
CIRCLE
  5
426
330
17
100
AcDbEntity
  8
S-ACC
100
AcDbCircle
 10
14.93
 20
-31.28
 30
0.0
 40
0.07
  0
HATCH
  5
427
330
17
100
AcDbEntity
  8
S-ACC
 62
7
100
AcDbHatch
 10
0.0
 20
0.0
 30
0.0
210
0.0
220
0.0
230
1.0
  2
SOLID
 70
1
 71
0
 91
1
 92
1
 93
1
 72
2
 10
14.93
 20
-31.28
 40
0.07
 50
0
 51
360
 73
1
 97
0
 75
0
 76
1
 98
0
  0
CIRCLE
  5
428
330
17
100
AcDbEntity
  8
S-ACC
100
AcDbCircle
 10
16.72
 20
-31.9
 30
0.0
 40
0.07
  0
HATCH
  5
429
330
17
100
AcDbEntity
  8
S-ACC
 62
7
100
AcDbHatch
 10
0.0
 20
0.0
 30
0.0
210
0.0
220
0.0
230
1.0
  2
SOLID
 70
1
 71
0
 91
1
 92
1
 93
1
 72
2
 10
16.72
 20
-31.9
 40
0.07
 50
0
 51
360
 73
1
 97
0
 75
0
 76
1
 98
0
  0
LINE
  5
42A
330
17
100
AcDbEntity
  8
S-FINO
100
AcDbLine
 10
15.6
 20
-31.28
 30
0.0
 11
16.05
 21
-31.68
 31
0.0
  0
TEXT
  5
42B
330
17
100
AcDbEntity
  8
S-TXT
100
AcDbText
 10
16.13
 20
-31.68
 30
0.0
 40
0.17
  1
WC 1/2"
  7
ARIAL
 11
16.13
 21
-31.68
 31
0.0
100
AcDbText
 73
2
  0
LINE
  5
42C
330
17
100
AcDbEntity
  8
S-FINO
100
AcDbLine
 10
14.93
 20
-31.28
 30
0.0
 11
14.48
 21
-31.68
 31
0.0
  0
TEXT
  5
42D
330
17
100
AcDbEntity
  8
S-TXT
100
AcDbText
 10
14.4
 20
-31.68
 30
0.0
 40
0.17
  1
LM 1/2"
  7
ARIAL
 72
2
 11
14.4
 21
-31.68
 31
0.0
100
AcDbText
 73
2
  0
LINE
  5
42E
330
17
100
AcDbEntity
  8
S-FINO
100
AcDbLine
 10
16.72
 20
-31.9
 30
0.0
 11
17.27
 21
-32.65
 31
0.0
  0
TEXT
  5
42F
330
17
100
AcDbEntity
  8
S-TXT
100
AcDbText
 10
17.349999999999998
 20
-32.65
 30
0.0
 40
0.17
  1
DUCHA 1/2" (AC)
  7
ARIAL
 11
17.349999999999998
 21
-32.65
 31
0.0
100
AcDbText
 73
2
  0
LINE
  5
430
330
17
100
AcDbEntity
  8
S-FINO
100
AcDbLine
 10
16.6
 20
-32.55
 30
0.0
 11
17.700000000000003
 21
-33.55
 31
0.0
  0
TEXT
  5
431
330
17
100
AcDbEntity
  8
S-TXT
100
AcDbText
 10
17.78
 20
-33.55
 30
0.0
 40
0.17
  1
CALENTADOR DE PASO
  7
ARIAL
 11
17.78
 21
-33.55
 31
0.0
100
AcDbText
 73
2
  0
LINE
  5
432
330
17
100
AcDbEntity
  8
S-FINO
100
AcDbLine
 10
16.45
 20
-32.95
 30
0.0
 11
17.7
 21
-33.95
 31
0.0
  0
TEXT
  5
433
330
17
100
AcDbEntity
  8
S-TXT
100
AcDbText
 10
17.779999999999998
 20
-33.95
 30
0.0
 40
0.17
  1
LLAVE DE PASO 1/2"
  7
ARIAL
 11
17.779999999999998
 21
-33.95
 31
0.0
100
AcDbText
 73
2
  0
LWPOLYLINE
  5
434
330
17
100
AcDbEntity
  8
S-AF
100
AcDbPolyline
 90
4
 70
0
 10
16.45
 20
-35.25
 10
16.45
 20
-39.0
 10
4.55
 20
-39.0
 10
4.55
 20
-36.15
  0
TEXT
  5
435
330
17
100
AcDbEntity
  8
S-TXT
100
AcDbText
 10
12.4
 20
-38.9
 30
0.0
 40
0.17
  1
AF 1/2" POR ENTREPISO
  7
ARIAL
 11
12.4
 21
-38.9
 31
0.0
100
AcDbText
 73
2
  0
HATCH
  5
436
330
17
100
AcDbEntity
  8
S-ACC
 62
7
100
AcDbHatch
 10
0.0
 20
0.0
 30
0.0
210
0.0
220
0.0
230
1.0
  2
SOLID
 70
1
 71
0
 91
1
 92
3
 72
0
 73
1
 93
3
 10
4.55
 20
-36.15
 10
4.41
 20
-36.038
 10
4.41
 20
-36.262
 97
0
 75
0
 76
1
 98
0
  0
HATCH
  5
437
330
17
100
AcDbEntity
  8
S-ACC
 62
7
100
AcDbHatch
 10
0.0
 20
0.0
 30
0.0
210
0.0
220
0.0
230
1.0
  2
SOLID
 70
1
 71
0
 91
1
 92
3
 72
0
 73
1
 93
3
 10
4.55
 20
-36.15
 10
4.6899999999999995
 20
-36.038
 10
4.6899999999999995
 20
-36.262
 97
0
 75
0
 76
1
 98
0
  0
LWPOLYLINE
  5
438
330
17
100
AcDbEntity
  8
S-AF
100
AcDbPolyline
 90
3
 70
0
 10
4.55
 20
-36.15
 10
4.55
 20
-34.82
 10
3.43
 20
-34.82
  0
LWPOLYLINE
  5
439
330
17
100
AcDbEntity
  8
S-AF
100
AcDbPolyline
 90
3
 70
0
 10
4.55
 20
-36.15
 10
4.55
 20
-36.14
 10
2.6
 20
-36.14
  0
LWPOLYLINE
  5
43A
330
17
100
AcDbEntity
  8
S-ACC
100
AcDbPolyline
 90
4
 70
1
 10
2.47
 20
-36.27
 10
2.73
 20
-36.27
 10
2.73
 20
-36.01
 10
2.47
 20
-36.01
  0
TEXT
  5
43B
330
17
100
AcDbEntity
  8
S-ACC
100
AcDbText
 10
2.6
 20
-36.14
 30
0.0
 40
0.1
  1
CP
  7
ARIAL
 72
1
 11
2.6
 21
-36.14
 31
0.0
100
AcDbText
 73
2
  0
LWPOLYLINE
  5
43C
330
17
100
AcDbEntity
  8
S-AC
 48
0.02
100
AcDbPolyline
 90
2
 70
0
 10
2.6
 20
-36.14
 10
2.33
 20
-35.55
  0
CIRCLE
  5
43D
330
17
100
AcDbEntity
  8
S-ACC
100
AcDbCircle
 10
4.1
 20
-34.82
 30
0.0
 40
0.07
  0
HATCH
  5
43E
330
17
100
AcDbEntity
  8
S-ACC
 62
7
100
AcDbHatch
 10
0.0
 20
0.0
 30
0.0
210
0.0
220
0.0
230
1.0
  2
SOLID
 70
1
 71
0
 91
1
 92
1
 93
1
 72
2
 10
4.1
 20
-34.82
 40
0.07
 50
0
 51
360
 73
1
 97
0
 75
0
 76
1
 98
0
  0
CIRCLE
  5
43F
330
17
100
AcDbEntity
  8
S-ACC
100
AcDbCircle
 10
3.43
 20
-34.82
 30
0.0
 40
0.07
  0
HATCH
  5
440
330
17
100
AcDbEntity
  8
S-ACC
 62
7
100
AcDbHatch
 10
0.0
 20
0.0
 30
0.0
210
0.0
220
0.0
230
1.0
  2
SOLID
 70
1
 71
0
 91
1
 92
1
 93
1
 72
2
 10
3.43
 20
-34.82
 40
0.07
 50
0
 51
360
 73
1
 97
0
 75
0
 76
1
 98
0
  0
CIRCLE
  5
441
330
17
100
AcDbEntity
  8
S-ACC
100
AcDbCircle
 10
2.33
 20
-35.55
 30
0.0
 40
0.07
  0
HATCH
  5
442
330
17
100
AcDbEntity
  8
S-ACC
 62
7
100
AcDbHatch
 10
0.0
 20
0.0
 30
0.0
210
0.0
220
0.0
230
1.0
  2
SOLID
 70
1
 71
0
 91
1
 92
1
 93
1
 72
2
 10
2.33
 20
-35.55
 40
0.07
 50
0
 51
360
 73
1
 97
0
 75
0
 76
1
 98
0
  0
LINE
  5
443
330
17
100
AcDbEntity
  8
S-FINO
100
AcDbLine
 10
4.1
 20
-34.82
 30
0.0
 11
4.55
 21
-34.52
 31
0.0
  0
TEXT
  5
444
330
17
100
AcDbEntity
  8
S-TXT
100
AcDbText
 10
4.63
 20
-34.52
 30
0.0
 40
0.17
  1
LM 1/2"
  7
ARIAL
 11
4.63
 21
-34.52
 31
0.0
100
AcDbText
 73
2
  0
LINE
  5
445
330
17
100
AcDbEntity
  8
S-FINO
100
AcDbLine
 10
3.43
 20
-34.82
 30
0.0
 11
3.43
 21
-34.52
 31
0.0
  0
TEXT
  5
446
330
17
100
AcDbEntity
  8
S-TXT
100
AcDbText
 10
3.5100000000000002
 20
-34.52
 30
0.0
 40
0.17
  1
WC 1/2"
  7
ARIAL
 11
3.5100000000000002
 21
-34.52
 31
0.0
100
AcDbText
 73
2
  0
LINE
  5
447
330
17
100
AcDbEntity
  8
S-FINO
100
AcDbLine
 10
2.33
 20
-35.55
 30
0.0
 11
1.6300000000000001
 21
-35.1
 31
0.0
  0
TEXT
  5
448
330
17
100
AcDbEntity
  8
S-TXT
100
AcDbText
 10
1.55
 20
-35.1
 30
0.0
 40
0.17
  1
DUCHA 1/2" (AC)
  7
ARIAL
 72
2
 11
1.55
 21
-35.1
 31
0.0
100
AcDbText
 73
2
  0
LINE
  5
449
330
17
100
AcDbEntity
  8
S-FINO
100
AcDbLine
 10
2.6
 20
-36.14
 30
0.0
 11
1.85
 21
-36.59
 31
0.0
  0
TEXT
  5
44A
330
17
100
AcDbEntity
  8
S-TXT
100
AcDbText
 10
1.77
 20
-36.59
 30
0.0
 40
0.17
  1
CALENTADOR DE PASO
  7
ARIAL
 72
2
 11
1.77
 21
-36.59
 31
0.0
100
AcDbText
 73
2
  0
LINE
  5
44B
330
17
100
AcDbEntity
  8
S-FINO
100
AcDbLine
 10
4.55
 20
-36.15
 30
0.0
 11
5.1
 21
-36.65
 31
0.0
  0
TEXT
  5
44C
330
17
100
AcDbEntity
  8
S-TXT
100
AcDbText
 10
5.18
 20
-36.65
 30
0.0
 40
0.17
  1
LLAVE DE PASO 1/2"
  7
ARIAL
 11
5.18
 21
-36.65
 31
0.0
100
AcDbText
 73
2
  0
LWPOLYLINE
  5
44D
330
17
100
AcDbEntity
  8
S-AF
100
AcDbPolyline
 90
2
 70
0
 10
17.3
 20
-35.25
 10
23.0
 20
-35.25
  0
HATCH
  5
44E
330
17
100
AcDbEntity
  8
S-ACC
 62
7
100
AcDbHatch
 10
0.0
 20
0.0
 30
0.0
210
0.0
220
0.0
230
1.0
  2
SOLID
 70
1
 71
0
 91
1
 92
3
 72
0
 73
1
 93
3
 10
23.0
 20
-35.25
 10
22.86
 20
-35.138
 10
22.86
 20
-35.362
 97
0
 75
0
 76
1
 98
0
  0
HATCH
  5
44F
330
17
100
AcDbEntity
  8
S-ACC
 62
7
100
AcDbHatch
 10
0.0
 20
0.0
 30
0.0
210
0.0
220
0.0
230
1.0
  2
SOLID
 70
1
 71
0
 91
1
 92
3
 72
0
 73
1
 93
3
 10
23.0
 20
-35.25
 10
23.14
 20
-35.138
 10
23.14
 20
-35.362
 97
0
 75
0
 76
1
 98
0
  0
LWPOLYLINE
  5
450
330
17
100
AcDbEntity
  8
S-AF
100
AcDbPolyline
 90
3
 70
0
 10
23.0
 20
-35.25
 10
23.0
 20
-34.82
 10
23.810000000000002
 20
-34.82
  0
LWPOLYLINE
  5
451
330
17
100
AcDbEntity
  8
S-AF
100
AcDbPolyline
 90
3
 70
0
 10
23.0
 20
-35.25
 10
23.0
 20
-36.14
 10
24.64
 20
-36.14
  0
LWPOLYLINE
  5
452
330
17
100
AcDbEntity
  8
S-ACC
100
AcDbPolyline
 90
4
 70
1
 10
24.51
 20
-36.27
 10
24.77
 20
-36.27
 10
24.77
 20
-36.01
 10
24.51
 20
-36.01
  0
TEXT
  5
453
330
17
100
AcDbEntity
  8
S-ACC
100
AcDbText
 10
24.64
 20
-36.14
 30
0.0
 40
0.1
  1
CP
  7
ARIAL
 72
1
 11
24.64
 21
-36.14
 31
0.0
100
AcDbText
 73
2
  0
LWPOLYLINE
  5
454
330
17
100
AcDbEntity
  8
S-AC
 48
0.02
100
AcDbPolyline
 90
2
 70
0
 10
24.64
 20
-36.14
 10
24.910000000000004
 20
-35.55
  0
CIRCLE
  5
455
330
17
100
AcDbEntity
  8
S-ACC
100
AcDbCircle
 10
23.14
 20
-34.82
 30
0.0
 40
0.07
  0
HATCH
  5
456
330
17
100
AcDbEntity
  8
S-ACC
 62
7
100
AcDbHatch
 10
0.0
 20
0.0
 30
0.0
210
0.0
220
0.0
230
1.0
  2
SOLID
 70
1
 71
0
 91
1
 92
1
 93
1
 72
2
 10
23.14
 20
-34.82
 40
0.07
 50
0
 51
360
 73
1
 97
0
 75
0
 76
1
 98
0
  0
CIRCLE
  5
457
330
17
100
AcDbEntity
  8
S-ACC
100
AcDbCircle
 10
23.810000000000002
 20
-34.82
 30
0.0
 40
0.07
  0
HATCH
  5
458
330
17
100
AcDbEntity
  8
S-ACC
 62
7
100
AcDbHatch
 10
0.0
 20
0.0
 30
0.0
210
0.0
220
0.0
230
1.0
  2
SOLID
 70
1
 71
0
 91
1
 92
1
 93
1
 72
2
 10
23.810000000000002
 20
-34.82
 40
0.07
 50
0
 51
360
 73
1
 97
0
 75
0
 76
1
 98
0
  0
CIRCLE
  5
459
330
17
100
AcDbEntity
  8
S-ACC
100
AcDbCircle
 10
24.910000000000004
 20
-35.55
 30
0.0
 40
0.07
  0
HATCH
  5
45A
330
17
100
AcDbEntity
  8
S-ACC
 62
7
100
AcDbHatch
 10
0.0
 20
0.0
 30
0.0
210
0.0
220
0.0
230
1.0
  2
SOLID
 70
1
 71
0
 91
1
 92
1
 93
1
 72
2
 10
24.910000000000004
 20
-35.55
 40
0.07
 50
0
 51
360
 73
1
 97
0
 75
0
 76
1
 98
0
  0
LINE
  5
45B
330
17
100
AcDbEntity
  8
S-FINO
100
AcDbLine
 10
23.14
 20
-34.82
 30
0.0
 11
23.29
 21
-34.07
 31
0.0
  0
TEXT
  5
45C
330
17
100
AcDbEntity
  8
S-TXT
100
AcDbText
 10
23.369999999999997
 20
-34.07
 30
0.0
 40
0.17
  1
LM 1/2"
  7
ARIAL
 11
23.369999999999997
 21
-34.07
 31
0.0
100
AcDbText
 73
2
  0
LINE
  5
45D
330
17
100
AcDbEntity
  8
S-FINO
100
AcDbLine
 10
23.810000000000002
 20
-34.82
 30
0.0
 11
23.810000000000002
 21
-34.52
 31
0.0
  0
TEXT
  5
45E
330
17
100
AcDbEntity
  8
S-TXT
100
AcDbText
 10
23.89
 20
-34.52
 30
0.0
 40
0.17
  1
WC 1/2"
  7
ARIAL
 11
23.89
 21
-34.52
 31
0.0
100
AcDbText
 73
2
  0
LINE
  5
45F
330
17
100
AcDbEntity
  8
S-FINO
100
AcDbLine
 10
24.910000000000004
 20
-35.55
 30
0.0
 11
25.610000000000003
 21
-35.1
 31
0.0
  0
TEXT
  5
460
330
17
100
AcDbEntity
  8
S-TXT
100
AcDbText
 10
25.69
 20
-35.1
 30
0.0
 40
0.17
  1
DUCHA 1/2" (AC)
  7
ARIAL
 11
25.69
 21
-35.1
 31
0.0
100
AcDbText
 73
2
  0
LINE
  5
461
330
17
100
AcDbEntity
  8
S-FINO
100
AcDbLine
 10
24.64
 20
-36.14
 30
0.0
 11
25.39
 21
-36.59
 31
0.0
  0
TEXT
  5
462
330
17
100
AcDbEntity
  8
S-TXT
100
AcDbText
 10
25.47
 20
-36.59
 30
0.0
 40
0.17
  1
CALENTADOR DE PASO
  7
ARIAL
 11
25.47
 21
-36.59
 31
0.0
100
AcDbText
 73
2
  0
LINE
  5
463
330
17
100
AcDbEntity
  8
S-FINO
100
AcDbLine
 10
23.0
 20
-35.25
 30
0.0
 11
22.45
 21
-35.75
 31
0.0
  0
TEXT
  5
464
330
17
100
AcDbEntity
  8
S-TXT
100
AcDbText
 10
22.37
 20
-35.75
 30
0.0
 40
0.17
  1
LLAVE DE PASO 1/2"
  7
ARIAL
 72
2
 11
22.37
 21
-35.75
 31
0.0
100
AcDbText
 73
2
  0
VIEWPORT
  5
469
330
465
100
AcDbEntity
 67
1
  8
VIEWPORTS
100
AcDbViewport
 10
420.5
 20
297.0
 30
0.0
 40
925.1
 41
653.4000000000001
 68
1
 69
1
 12
420.5
 22
297.0
 13
0.0
 23
0.0
 14
10.0
 24
10.0
 15
10.0
 25
10.0
 16
0.0
 26
0.0
 36
1.0
 17
0.0
 27
0.0
 37
0.0
 42
50.0
 43
0.0
 44
0.0
 45
653.4000000000001
 50
0.0
 51
0.0
 72
100
 90
557088
  1

281
0
 71
0
 74
0
110
0.0
120
0.0
130
0.0
111
1.0
121
0.0
131
0.0
112
0.0
122
1.0
132
0.0
 79
0
146
0.0
282
0
  0
LWPOLYLINE
  5
46A
330
465
100
AcDbEntity
 67
1
  8
A-VIEWPORT
100
AcDbPolyline
 90
4
 70
1
 10
0.0
 20
0.0
 10
841.0
 20
0.0
 10
841.0
 20
594.0
 10
0.0
 20
594.0
  0
LWPOLYLINE
  5
46B
330
465
100
AcDbEntity
 67
1
  8
A-MARCO
100
AcDbPolyline
 90
4
 70
1
 10
25.0
 20
10.0
 10
831.0
 20
10.0
 10
831.0
 20
584.0
 10
25.0
 20
584.0
  0
TEXT
  5
46C
330
465
100
AcDbEntity
 67
1
  8
A-TEXTO
100
AcDbText
 10
25.0
 20
4.0
 30
0.0
 40
1.8
  1
FORMATO A1  841 mm x 594 mm
  7
ARIAL
 11
25.0
 21
4.0
 31
0.0
100
AcDbText
  0
VIEWPORT
  5
46D
330
465
100
AcDbEntity
 67
1
  8
A-VIEWPORT
100
AcDbViewport
 10
186.0
 20
512.0
 30
0.0
 40
316.0
 41
136.0
 68
2
 69
3
 12
14.8
 22
-36.25
 13
0.0
 23
0.0
 14
10.0
 24
10.0
 15
10.0
 25
10.0
 16
0.0
 26
0.0
 36
1.0
 17
0.0
 27
0.0
 37
0.0
 42
50.0
 43
0.0
 44
0.0
 45
13.6
 50
0.0
 51
0.0
 72
100
 90
16384
  1

281
0
 71
0
 74
0
110
0.0
120
0.0
130
0.0
111
1.0
121
0.0
131
0.0
112
0.0
122
1.0
132
0.0
 79
0
146
0.0
282
0
  0
TEXT
  5
46E
330
465
100
AcDbEntity
 67
1
  8
A-TITULOS
100
AcDbText
 10
30.0
 20
444.0
 30
0.0
 40
4.5
  1
AGUA POTABLE - NIVEL 3
  7
ARIAL
 11
30.0
 21
444.0
 31
0.0
100
AcDbText
 73
3
  0
TEXT
  5
46F
330
465
100
AcDbEntity
 67
1
  8
A-TEXTO
100
AcDbText
 10
30.0
 20
437.5
 30
0.0
 40
2.5
  1
Esc. 1:100
  7
ARIAL
 11
30.0
 21
437.5
 31
0.0
100
AcDbText
 73
3
  0
VIEWPORT
  5
470
330
465
100
AcDbEntity
 67
1
  8
A-VIEWPORT
100
AcDbViewport
 10
186.0
 20
362.0
 30
0.0
 40
316.0
 41
136.0
 68
2
 69
4
 12
14.8
 22
-16.25
 13
0.0
 23
0.0
 14
10.0
 24
10.0
 15
10.0
 25
10.0
 16
0.0
 26
0.0
 36
1.0
 17
0.0
 27
0.0
 37
0.0
 42
50.0
 43
0.0
 44
0.0
 45
13.6
 50
0.0
 51
0.0
 72
100
 90
16384
  1

281
0
 71
0
 74
0
110
0.0
120
0.0
130
0.0
111
1.0
121
0.0
131
0.0
112
0.0
122
1.0
132
0.0
 79
0
146
0.0
282
0
  0
TEXT
  5
471
330
465
100
AcDbEntity
 67
1
  8
A-TITULOS
100
AcDbText
 10
30.0
 20
294.0
 30
0.0
 40
4.5
  1
AGUA POTABLE - NIVEL 2
  7
ARIAL
 11
30.0
 21
294.0
 31
0.0
100
AcDbText
 73
3
  0
TEXT
  5
472
330
465
100
AcDbEntity
 67
1
  8
A-TEXTO
100
AcDbText
 10
30.0
 20
287.5
 30
0.0
 40
2.5
  1
Esc. 1:100
  7
ARIAL
 11
30.0
 21
287.5
 31
0.0
100
AcDbText
 73
3
  0
VIEWPORT
  5
473
330
465
100
AcDbEntity
 67
1
  8
A-VIEWPORT
100
AcDbViewport
 10
186.0
 20
212.0
 30
0.0
 40
316.0
 41
136.0
 68
2
 69
5
 12
14.8
 22
3.75
 13
0.0
 23
0.0
 14
10.0
 24
10.0
 15
10.0
 25
10.0
 16
0.0
 26
0.0
 36
1.0
 17
0.0
 27
0.0
 37
0.0
 42
50.0
 43
0.0
 44
0.0
 45
13.6
 50
0.0
 51
0.0
 72
100
 90
16384
  1

281
0
 71
0
 74
0
110
0.0
120
0.0
130
0.0
111
1.0
121
0.0
131
0.0
112
0.0
122
1.0
132
0.0
 79
0
146
0.0
282
0
  0
TEXT
  5
474
330
465
100
AcDbEntity
 67
1
  8
A-TITULOS
100
AcDbText
 10
30.0
 20
144.0
 30
0.0
 40
4.5
  1
AGUA POTABLE - NIVEL 1
  7
ARIAL
 11
30.0
 21
144.0
 31
0.0
100
AcDbText
 73
3
  0
TEXT
  5
475
330
465
100
AcDbEntity
 67
1
  8
A-TEXTO
100
AcDbText
 10
30.0
 20
137.5
 30
0.0
 40
2.5
  1
Esc. 1:100
  7
ARIAL
 11
30.0
 21
137.5
 31
0.0
100
AcDbText
 73
3
  0
TEXT
  5
476
330
465
100
AcDbEntity
 67
1
  8
A-TITULOS
100
AcDbText
 10
360.0
 20
575.0
 30
0.0
 40
3.5
  1
DIAGRAMA VERTICAL DE AGUA POTABLE (ESQUEMÁTICO)
  7
ARIAL
 11
360.0
 21
575.0
 31
0.0
100
AcDbText
 73
3
  0
LINE
  5
477
330
465
100
AcDbEntity
 67
1
  8
S-FINO
100
AcDbLine
 10
360.0
 20
470.0
 30
0.0
 11
690.0
 21
470.0
 31
0.0
  0
TEXT
  5
478
330
465
100
AcDbEntity
 67
1
  8
A-TEXTO
100
AcDbText
 10
360.0
 20
472.0
 30
0.0
 40
1.8
  1
N1 ±0.00
  7
ARIAL
 11
360.0
 21
472.0
 31
0.0
100
AcDbText
 73
2
  0
LINE
  5
479
330
465
100
AcDbEntity
 67
1
  8
S-FINO
100
AcDbLine
 10
360.0
 20
503.0
 30
0.0
 11
690.0
 21
503.0
 31
0.0
  0
TEXT
  5
47A
330
465
100
AcDbEntity
 67
1
  8
A-TEXTO
100
AcDbText
 10
360.0
 20
505.0
 30
0.0
 40
1.8
  1
N2 +3.00
  7
ARIAL
 11
360.0
 21
505.0
 31
0.0
100
AcDbText
 73
2
  0
LINE
  5
47B
330
465
100
AcDbEntity
 67
1
  8
S-FINO
100
AcDbLine
 10
360.0
 20
536.0
 30
0.0
 11
690.0
 21
536.0
 31
0.0
  0
TEXT
  5
47C
330
465
100
AcDbEntity
 67
1
  8
A-TEXTO
100
AcDbText
 10
360.0
 20
538.0
 30
0.0
 40
1.8
  1
N3 +6.00
  7
ARIAL
 11
360.0
 21
538.0
 31
0.0
100
AcDbText
 73
2
  0
LINE
  5
47D
330
465
100
AcDbEntity
 67
1
  8
S-AF
100
AcDbLine
 10
430.0
 20
464.0
 30
0.0
 11
430.0
 21
551.0
 31
0.0
  0
TEXT
  5
47E
330
465
100
AcDbEntity
 67
1
  8
A-TEXTO
100
AcDbText
 10
428.0
 20
519.5
 30
0.0
 40
1.8
  1
MONTANTE AF 3/4"
  7
ARIAL
 72
2
 11
428.0
 21
519.5
 31
0.0
100
AcDbText
 73
2
  0
LINE
  5
47F
330
465
100
AcDbEntity
 67
1
  8
S-AF
100
AcDbLine
 10
365.0
 20
464.0
 30
0.0
 11
430.0
 21
464.0
 31
0.0
  0
LWPOLYLINE
  5
480
330
465
100
AcDbEntity
 67
1
  8
S-ACC
100
AcDbPolyline
 90
4
 70
1
 10
370.0
 20
461.6
 10
378.0
 20
461.6
 10
378.0
 20
466.4
 10
370.0
 20
466.4
  0
HATCH
  5
481
330
465
100
AcDbEntity
 67
1
  8
S-ACC
 62
7
100
AcDbHatch
 10
0.0
 20
0.0
 30
0.0
210
0.0
220
0.0
230
1.0
  2
SOLID
 70
1
 71
0
 91
1
 92
3
 72
0
 73
1
 93
4
 10
370.0
 20
461.6
 10
374.0
 20
461.6
 10
374.0
 20
466.4
 10
370.0
 20
466.4
 97
0
 75
0
 76
1
 98
0
  0
HATCH
  5
482
330
465
100
AcDbEntity
 67
1
  8
S-ACC
 62
7
100
AcDbHatch
 10
0.0
 20
0.0
 30
0.0
210
0.0
220
0.0
230
1.0
  2
SOLID
 70
1
 71
0
 91
1
 92
3
 72
0
 73
1
 93
3
 10
386.0
 20
464.0
 10
383.6
 20
465.8
 10
383.6
 20
462.2
 97
0
 75
0
 76
1
 98
0
  0
HATCH
  5
483
330
465
100
AcDbEntity
 67
1
  8
S-ACC
 62
7
100
AcDbHatch
 10
0.0
 20
0.0
 30
0.0
210
0.0
220
0.0
230
1.0
  2
SOLID
 70
1
 71
0
 91
1
 92
3
 72
0
 73
1
 93
3
 10
386.0
 20
464.0
 10
388.4
 20
465.8
 10
388.4
 20
462.2
 97
0
 75
0
 76
1
 98
0
  0
TEXT
  5
484
330
465
100
AcDbEntity
 67
1
  8
A-TEXTO
100
AcDbText
 10
364.0
 20
459.0
 30
0.0
 40
1.7
  1
ACOMETIDA ESPH, MEDIDOR Y LLAVE 3/4"
  7
ARIAL
 11
364.0
 21
459.0
 31
0.0
100
AcDbText
 73
2
  0
LINE
  5
485
330
465
100
AcDbEntity
 67
1
  8
S-AF
100
AcDbLine
 10
430.0
 20
474.0
 30
0.0
 11
470.0
 21
474.0
 31
0.0
  0
HATCH
  5
486
330
465
100
AcDbEntity
 67
1
  8
S-ACC
 62
7
100
AcDbHatch
 10
0.0
 20
0.0
 30
0.0
210
0.0
220
0.0
230
1.0
  2
SOLID
 70
1
 71
0
 91
1
 92
3
 72
0
 73
1
 93
3
 10
442.0
 20
474.0
 10
439.6
 20
475.8
 10
439.6
 20
472.2
 97
0
 75
0
 76
1
 98
0
  0
HATCH
  5
487
330
465
100
AcDbEntity
 67
1
  8
S-ACC
 62
7
100
AcDbHatch
 10
0.0
 20
0.0
 30
0.0
210
0.0
220
0.0
230
1.0
  2
SOLID
 70
1
 71
0
 91
1
 92
3
 72
0
 73
1
 93
3
 10
442.0
 20
474.0
 10
444.4
 20
475.8
 10
444.4
 20
472.2
 97
0
 75
0
 76
1
 98
0
  0
TEXT
  5
488
330
465
100
AcDbEntity
 67
1
  8
A-TEXTO
100
AcDbText
 10
472.0
 20
474.0
 30
0.0
 40
1.7
  1
PUNTO DE JARDÍN FRONTAL 1/2"
  7
ARIAL
 11
472.0
 21
474.0
 31
0.0
100
AcDbText
 73
2
  0
LINE
  5
489
330
465
100
AcDbEntity
 67
1
  8
S-AF
100
AcDbLine
 10
430.0
 20
479.5
 30
0.0
 11
470.0
 21
479.5
 31
0.0
  0
HATCH
  5
48A
330
465
100
AcDbEntity
 67
1
  8
S-ACC
 62
7
100
AcDbHatch
 10
0.0
 20
0.0
 30
0.0
210
0.0
220
0.0
230
1.0
  2
SOLID
 70
1
 71
0
 91
1
 92
3
 72
0
 73
1
 93
3
 10
442.0
 20
479.5
 10
439.6
 20
481.3
 10
439.6
 20
477.7
 97
0
 75
0
 76
1
 98
0
  0
HATCH
  5
48B
330
465
100
AcDbEntity
 67
1
  8
S-ACC
 62
7
100
AcDbHatch
 10
0.0
 20
0.0
 30
0.0
210
0.0
220
0.0
230
1.0
  2
SOLID
 70
1
 71
0
 91
1
 92
3
 72
0
 73
1
 93
3
 10
442.0
 20
479.5
 10
444.4
 20
481.3
 10
444.4
 20
477.7
 97
0
 75
0
 76
1
 98
0
  0
TEXT
  5
48C
330
465
100
AcDbEntity
 67
1
  8
A-TEXTO
100
AcDbText
 10
472.0
 20
479.5
 30
0.0
 40
1.7
  1
PUNTO DE JARDÍN POSTERIOR 1/2"
  7
ARIAL
 11
472.0
 21
479.5
 31
0.0
100
AcDbText
 73
2
  0
LINE
  5
48D
330
465
100
AcDbEntity
 67
1
  8
S-AF
100
AcDbLine
 10
430.0
 20
507.0
 30
0.0
 11
470.0
 21
507.0
 31
0.0
  0
HATCH
  5
48E
330
465
100
AcDbEntity
 67
1
  8
S-ACC
 62
7
100
AcDbHatch
 10
0.0
 20
0.0
 30
0.0
210
0.0
220
0.0
230
1.0
  2
SOLID
 70
1
 71
0
 91
1
 92
3
 72
0
 73
1
 93
3
 10
442.0
 20
507.0
 10
439.6
 20
508.8
 10
439.6
 20
505.2
 97
0
 75
0
 76
1
 98
0
  0
HATCH
  5
48F
330
465
100
AcDbEntity
 67
1
  8
S-ACC
 62
7
100
AcDbHatch
 10
0.0
 20
0.0
 30
0.0
210
0.0
220
0.0
230
1.0
  2
SOLID
 70
1
 71
0
 91
1
 92
3
 72
0
 73
1
 93
3
 10
442.0
 20
507.0
 10
444.4
 20
508.8
 10
444.4
 20
505.2
 97
0
 75
0
 76
1
 98
0
  0
TEXT
  5
490
330
465
100
AcDbEntity
 67
1
  8
A-TEXTO
100
AcDbText
 10
472.0
 20
507.0
 30
0.0
 40
1.7
  1
COCINA: LP 1/2"
  7
ARIAL
 11
472.0
 21
507.0
 31
0.0
100
AcDbText
 73
2
  0
LINE
  5
491
330
465
100
AcDbEntity
 67
1
  8
S-AF
100
AcDbLine
 10
430.0
 20
512.5
 30
0.0
 11
470.0
 21
512.5
 31
0.0
  0
HATCH
  5
492
330
465
100
AcDbEntity
 67
1
  8
S-ACC
 62
7
100
AcDbHatch
 10
0.0
 20
0.0
 30
0.0
210
0.0
220
0.0
230
1.0
  2
SOLID
 70
1
 71
0
 91
1
 92
3
 72
0
 73
1
 93
3
 10
442.0
 20
512.5
 10
439.6
 20
514.3
 10
439.6
 20
510.7
 97
0
 75
0
 76
1
 98
0
  0
HATCH
  5
493
330
465
100
AcDbEntity
 67
1
  8
S-ACC
 62
7
100
AcDbHatch
 10
0.0
 20
0.0
 30
0.0
210
0.0
220
0.0
230
1.0
  2
SOLID
 70
1
 71
0
 91
1
 92
3
 72
0
 73
1
 93
3
 10
442.0
 20
512.5
 10
444.4
 20
514.3
 10
444.4
 20
510.7
 97
0
 75
0
 76
1
 98
0
  0
TEXT
  5
494
330
465
100
AcDbEntity
 67
1
  8
A-TEXTO
100
AcDbText
 10
472.0
 20
512.5
 30
0.0
 40
1.7
  1
BAÑO SUITE 1: LM, WC, DUCHA + CP
  7
ARIAL
 11
472.0
 21
512.5
 31
0.0
100
AcDbText
 73
2
  0
LINE
  5
495
330
465
100
AcDbEntity
 67
1
  8
S-AF
100
AcDbLine
 10
430.0
 20
540.0
 30
0.0
 11
470.0
 21
540.0
 31
0.0
  0
HATCH
  5
496
330
465
100
AcDbEntity
 67
1
  8
S-ACC
 62
7
100
AcDbHatch
 10
0.0
 20
0.0
 30
0.0
210
0.0
220
0.0
230
1.0
  2
SOLID
 70
1
 71
0
 91
1
 92
3
 72
0
 73
1
 93
3
 10
442.0
 20
540.0
 10
439.6
 20
541.8
 10
439.6
 20
538.2
 97
0
 75
0
 76
1
 98
0
  0
HATCH
  5
497
330
465
100
AcDbEntity
 67
1
  8
S-ACC
 62
7
100
AcDbHatch
 10
0.0
 20
0.0
 30
0.0
210
0.0
220
0.0
230
1.0
  2
SOLID
 70
1
 71
0
 91
1
 92
3
 72
0
 73
1
 93
3
 10
442.0
 20
540.0
 10
444.4
 20
541.8
 10
444.4
 20
538.2
 97
0
 75
0
 76
1
 98
0
  0
TEXT
  5
498
330
465
100
AcDbEntity
 67
1
  8
A-TEXTO
100
AcDbText
 10
472.0
 20
540.0
 30
0.0
 40
1.7
  1
BAÑO SUITE 1: LM, WC, DUCHA + CP
  7
ARIAL
 11
472.0
 21
540.0
 31
0.0
100
AcDbText
 73
2
  0
LINE
  5
499
330
465
100
AcDbEntity
 67
1
  8
S-AF
100
AcDbLine
 10
430.0
 20
545.5
 30
0.0
 11
470.0
 21
545.5
 31
0.0
  0
HATCH
  5
49A
330
465
100
AcDbEntity
 67
1
  8
S-ACC
 62
7
100
AcDbHatch
 10
0.0
 20
0.0
 30
0.0
210
0.0
220
0.0
230
1.0
  2
SOLID
 70
1
 71
0
 91
1
 92
3
 72
0
 73
1
 93
3
 10
442.0
 20
545.5
 10
439.6
 20
547.3
 10
439.6
 20
543.7
 97
0
 75
0
 76
1
 98
0
  0
HATCH
  5
49B
330
465
100
AcDbEntity
 67
1
  8
S-ACC
 62
7
100
AcDbHatch
 10
0.0
 20
0.0
 30
0.0
210
0.0
220
0.0
230
1.0
  2
SOLID
 70
1
 71
0
 91
1
 92
3
 72
0
 73
1
 93
3
 10
442.0
 20
545.5
 10
444.4
 20
547.3
 10
444.4
 20
543.7
 97
0
 75
0
 76
1
 98
0
  0
TEXT
  5
49C
330
465
100
AcDbEntity
 67
1
  8
A-TEXTO
100
AcDbText
 10
472.0
 20
545.5
 30
0.0
 40
1.7
  1
BAÑO SUITE 2: LM, WC, DUCHA + CP
  7
ARIAL
 11
472.0
 21
545.5
 31
0.0
100
AcDbText
 73
2
  0
LINE
  5
49D
330
465
100
AcDbEntity
 67
1
  8
S-AF
100
AcDbLine
 10
430.0
 20
551.0
 30
0.0
 11
470.0
 21
551.0
 31
0.0
  0
HATCH
  5
49E
330
465
100
AcDbEntity
 67
1
  8
S-ACC
 62
7
100
AcDbHatch
 10
0.0
 20
0.0
 30
0.0
210
0.0
220
0.0
230
1.0
  2
SOLID
 70
1
 71
0
 91
1
 92
3
 72
0
 73
1
 93
3
 10
442.0
 20
551.0
 10
439.6
 20
552.8
 10
439.6
 20
549.2
 97
0
 75
0
 76
1
 98
0
  0
HATCH
  5
49F
330
465
100
AcDbEntity
 67
1
  8
S-ACC
 62
7
100
AcDbHatch
 10
0.0
 20
0.0
 30
0.0
210
0.0
220
0.0
230
1.0
  2
SOLID
 70
1
 71
0
 91
1
 92
3
 72
0
 73
1
 93
3
 10
442.0
 20
551.0
 10
444.4
 20
552.8
 10
444.4
 20
549.2
 97
0
 75
0
 76
1
 98
0
  0
TEXT
  5
4A0
330
465
100
AcDbEntity
 67
1
  8
A-TEXTO
100
AcDbText
 10
472.0
 20
551.0
 30
0.0
 40
1.7
  1
BAÑO SUITE 3: LM, WC, DUCHA + CP
  7
ARIAL
 11
472.0
 21
551.0
 31
0.0
100
AcDbText
 73
2
  0
TEXT
  5
4A1
330
465
100
AcDbEntity
 67
1
  8
A-TEXTO
100
AcDbText
 10
360.0
 20
452.0
 30
0.0
 40
1.7
  1
CP: CALENTADOR DE PASO ELÉCTRICO (240 V, VER E02 Y E03); AGUA CALIENTE SOLO EN DUCHAS.
  7
ARIAL
 11
360.0
 21
452.0
 31
0.0
100
AcDbText
 73
2
  0
TEXT
  5
4A2
330
465
100
AcDbEntity
 67
1
  8
A-TITULOS
100
AcDbText
 10
360.0
 20
425.0
 30
0.0
 40
3.0
  1
DETALLE 1 - ACOMETIDA Y MEDIDOR
  7
ARIAL
 11
360.0
 21
425.0
 31
0.0
100
AcDbText
 73
3
  0
TEXT
  5
4A3
330
465
100
AcDbEntity
 67
1
  8
A-TEXTO
100
AcDbText
 10
360.0
 20
420.0
 30
0.0
 40
2.0
  1
S/E
  7
ARIAL
 11
360.0
 21
420.0
 31
0.0
100
AcDbText
 73
3
  0
LINE
  5
4A4
330
465
100
AcDbEntity
 67
1
  8
S-DET
100
AcDbLine
 10
365.0
 20
390.0
 30
0.0
 11
510.0
 21
390.0
 31
0.0
  0
LINE
  5
4A5
330
465
100
AcDbEntity
 67
1
  8
S-AF
100
AcDbLine
 10
370.0
 20
380.0
 30
0.0
 11
500.0
 21
380.0
 31
0.0
  0
LWPOLYLINE
  5
4A6
330
465
100
AcDbEntity
 67
1
  8
S-ACC
100
AcDbPolyline
 90
4
 70
1
 10
408.0
 20
377.6
 10
416.0
 20
377.6
 10
416.0
 20
382.4
 10
408.0
 20
382.4
  0
HATCH
  5
4A7
330
465
100
AcDbEntity
 67
1
  8
S-ACC
 62
7
100
AcDbHatch
 10
0.0
 20
0.0
 30
0.0
210
0.0
220
0.0
230
1.0
  2
SOLID
 70
1
 71
0
 91
1
 92
3
 72
0
 73
1
 93
4
 10
408.0
 20
377.6
 10
412.0
 20
377.6
 10
412.0
 20
382.4
 10
408.0
 20
382.4
 97
0
 75
0
 76
1
 98
0
  0
HATCH
  5
4A8
330
465
100
AcDbEntity
 67
1
  8
S-ACC
 62
7
100
AcDbHatch
 10
0.0
 20
0.0
 30
0.0
210
0.0
220
0.0
230
1.0
  2
SOLID
 70
1
 71
0
 91
1
 92
3
 72
0
 73
1
 93
3
 10
428.0
 20
380.0
 10
425.6
 20
381.8
 10
425.6
 20
378.2
 97
0
 75
0
 76
1
 98
0
  0
HATCH
  5
4A9
330
465
100
AcDbEntity
 67
1
  8
S-ACC
 62
7
100
AcDbHatch
 10
0.0
 20
0.0
 30
0.0
210
0.0
220
0.0
230
1.0
  2
SOLID
 70
1
 71
0
 91
1
 92
3
 72
0
 73
1
 93
3
 10
428.0
 20
380.0
 10
430.4
 20
381.8
 10
430.4
 20
378.2
 97
0
 75
0
 76
1
 98
0
  0
TEXT
  5
4AA
330
465
100
AcDbEntity
 67
1
  8
A-TEXTO
100
AcDbText
 10
368.0
 20
384.0
 30
0.0
 40
1.7
  1
RED ESPH
  7
ARIAL
 11
368.0
 21
384.0
 31
0.0
100
AcDbText
 73
2
  0
TEXT
  5
4AB
330
465
100
AcDbEntity
 67
1
  8
A-TEXTO
100
AcDbText
 10
444.0
 20
384.0
 30
0.0
 40
1.7
  1
LLAVE DE PASO 3/4"
  7
ARIAL
 11
444.0
 21
384.0
 31
0.0
100
AcDbText
 73
2
  0
TEXT
  5
4AC
330
465
100
AcDbEntity
 67
1
  8
A-TEXTO
100
AcDbText
 10
468.0
 20
376.0
 30
0.0
 40
1.7
  1
AF 3/4" A LA VIVIENDA
  7
ARIAL
 11
468.0
 21
376.0
 31
0.0
100
AcDbText
 73
2
  0
TEXT
  5
4AD
330
465
100
AcDbEntity
 67
1
  8
A-TITULOS
100
AcDbText
 10
535.0
 20
425.0
 30
0.0
 40
3.0
  1
DETALLE 2 - CALENTADOR DE PASO EN DUCHA
  7
ARIAL
 11
535.0
 21
425.0
 31
0.0
100
AcDbText
 73
3
  0
TEXT
  5
4AE
330
465
100
AcDbEntity
 67
1
  8
A-TEXTO
100
AcDbText
 10
535.0
 20
420.0
 30
0.0
 40
2.0
  1
ELEVACIÓN - S/E
  7
ARIAL
 11
535.0
 21
420.0
 31
0.0
100
AcDbText
 73
3
  0
LINE
  5
4AF
330
465
100
AcDbEntity
 67
1
  8
S-DET
100
AcDbLine
 10
545.0
 20
355.0
 30
0.0
 11
685.0
 21
355.0
 31
0.0
  0
LINE
  5
4B0
330
465
100
AcDbEntity
 67
1
  8
S-DET
100
AcDbLine
 10
555.0
 20
355.0
 30
0.0
 11
555.0
 21
410.0
 31
0.0
  0
LINE
  5
4B1
330
465
100
AcDbEntity
 67
1
  8
S-AF
100
AcDbLine
 10
595.0
 20
355.0
 30
0.0
 11
595.0
 21
395.0
 31
0.0
  0
HATCH
  5
4B2
330
465
100
AcDbEntity
 67
1
  8
S-ACC
 62
7
100
AcDbHatch
 10
0.0
 20
0.0
 30
0.0
210
0.0
220
0.0
230
1.0
  2
SOLID
 70
1
 71
0
 91
1
 92
3
 72
0
 73
1
 93
3
 10
595.0
 20
375.0
 10
592.6
 20
376.8
 10
592.6
 20
373.2
 97
0
 75
0
 76
1
 98
0
  0
HATCH
  5
4B3
330
465
100
AcDbEntity
 67
1
  8
S-ACC
 62
7
100
AcDbHatch
 10
0.0
 20
0.0
 30
0.0
210
0.0
220
0.0
230
1.0
  2
SOLID
 70
1
 71
0
 91
1
 92
3
 72
0
 73
1
 93
3
 10
595.0
 20
375.0
 10
597.4
 20
376.8
 10
597.4
 20
373.2
 97
0
 75
0
 76
1
 98
0
  0
LWPOLYLINE
  5
4B4
330
465
100
AcDbEntity
 67
1
  8
S-ACC
100
AcDbPolyline
 90
4
 70
1
 10
592.8
 20
396.8
 10
597.2
 20
396.8
 10
597.2
 20
401.2
 10
592.8
 20
401.2
  0
TEXT
  5
4B5
330
465
100
AcDbEntity
 67
1
  8
S-ACC
100
AcDbText
 10
595.0
 20
399.0
 30
0.0
 40
1.6
  1
CP
  7
ARIAL
 72
1
 11
595.0
 21
399.0
 31
0.0
100
AcDbText
 73
2
  0
LINE
  5
4B6
330
465
100
AcDbEntity
 67
1
  8
S-AC
 48
0.4
100
AcDbLine
 10
597.2
 20
399.0
 30
0.0
 11
625.0
 21
399.0
 31
0.0
  0
LINE
  5
4B7
330
465
100
AcDbEntity
 67
1
  8
S-AC
100
AcDbLine
 10
625.0
 20
399.0
 30
0.0
 11
625.0
 21
393.0
 31
0.0
  0
CIRCLE
  5
4B8
330
465
100
AcDbEntity
 67
1
  8
S-ACC
100
AcDbCircle
 10
625.0
 20
391.0
 30
0.0
 40
2.0
  0
TEXT
  5
4B9
330
465
100
AcDbEntity
 67
1
  8
A-TEXTO
100
AcDbText
 10
597.0
 20
363.0
 30
0.0
 40
1.7
  1
AF 1/2"
  7
ARIAL
 11
597.0
 21
363.0
 31
0.0
100
AcDbText
 73
2
  0
TEXT
  5
4BA
330
465
100
AcDbEntity
 67
1
  8
A-TEXTO
100
AcDbText
 10
599.0
 20
375.0
 30
0.0
 40
1.7
  1
LLAVE DE PASO 1/2"
  7
ARIAL
 11
599.0
 21
375.0
 31
0.0
100
AcDbText
 73
2
  0
TEXT
  5
4BB
330
465
100
AcDbEntity
 67
1
  8
A-TEXTO
100
AcDbText
 10
565.0
 20
406.0
 30
0.0
 40
1.7
  1
CALENTADOR DE PASO 240 V
  7
ARIAL
 11
565.0
 21
406.0
 31
0.0
100
AcDbText
 73
2
  0
TEXT
  5
4BC
330
465
100
AcDbEntity
 67
1
  8
A-TEXTO
100
AcDbText
 10
628.0
 20
391.0
 30
0.0
 40
1.7
  1
AC A LA REGADERA
  7
ARIAL
 11
628.0
 21
391.0
 31
0.0
100
AcDbText
 73
2
  0
MTEXT
  5
4BD
330
465
100
AcDbEntity
 67
1
  8
A-TEXTO
100
AcDbMText
 10
545.0
 20
351.0
 30
0.0
 40
1.7
 41
150.0
 71
1
  1
ALTURA, CONEXIÓN HIDRÁULICA Y ELÉCTRICA SEGÚN EL FABRICANTE DEL EQUIPO; CIRCUITO SEGÚN E02/E03.
  7
ARIAL
  0
TEXT
  5
4BE
330
465
100
AcDbEntity
 67
1
  8
A-TITULOS
100
AcDbText
 10
360.0
 20
290.0
 30
0.0
 40
3.5
  1
SIMBOLOGÍA
  7
ARIAL
 11
360.0
 21
290.0
 31
0.0
100
AcDbText
 73
3
  0
LWPOLYLINE
  5
4BF
330
465
100
AcDbEntity
 67
1
  8
A-TABLAS
100
AcDbPolyline
 90
4
 70
1
 10
360.0
 20
284.0
 10
503.0
 20
284.0
 10
503.0
 20
278.0
 10
360.0
 20
278.0
  0
LINE
  5
4C0
330
465
100
AcDbEntity
 67
1
  8
A-TABLAS
100
AcDbLine
 10
378.0
 20
284.0
 30
0.0
 11
378.0
 21
278.0
 31
0.0
  0
LINE
  5
4C1
330
465
100
AcDbEntity
 67
1
  8
S-AF
100
AcDbLine
 10
363.0
 20
281.0
 30
0.0
 11
375.0
 21
281.0
 31
0.0
  0
TEXT
  5
4C2
330
465
100
AcDbEntity
 67
1
  8
A-TEXTO
100
AcDbText
 10
379.5
 20
281.0
 30
0.0
 40
1.9
  1
TUBERÍA DE AGUA FRÍA (PVC A PRESIÓN)
  7
ARIAL
 11
379.5
 21
281.0
 31
0.0
100
AcDbText
 73
2
  0
LWPOLYLINE
  5
4C3
330
465
100
AcDbEntity
 67
1
  8
A-TABLAS
100
AcDbPolyline
 90
4
 70
1
 10
360.0
 20
278.0
 10
503.0
 20
278.0
 10
503.0
 20
272.0
 10
360.0
 20
272.0
  0
LINE
  5
4C4
330
465
100
AcDbEntity
 67
1
  8
A-TABLAS
100
AcDbLine
 10
378.0
 20
278.0
 30
0.0
 11
378.0
 21
272.0
 31
0.0
  0
LINE
  5
4C5
330
465
100
AcDbEntity
 67
1
  8
S-AC
 48
0.4
100
AcDbLine
 10
363.0
 20
275.0
 30
0.0
 11
375.0
 21
275.0
 31
0.0
  0
TEXT
  5
4C6
330
465
100
AcDbEntity
 67
1
  8
A-TEXTO
100
AcDbText
 10
379.5
 20
275.0
 30
0.0
 40
1.9
  1
TUBERÍA DE AGUA CALIENTE (CPVC), SOLO DUCHAS
  7
ARIAL
 11
379.5
 21
275.0
 31
0.0
100
AcDbText
 73
2
  0
LWPOLYLINE
  5
4C7
330
465
100
AcDbEntity
 67
1
  8
A-TABLAS
100
AcDbPolyline
 90
4
 70
1
 10
360.0
 20
272.0
 10
503.0
 20
272.0
 10
503.0
 20
266.0
 10
360.0
 20
266.0
  0
LINE
  5
4C8
330
465
100
AcDbEntity
 67
1
  8
A-TABLAS
100
AcDbLine
 10
378.0
 20
272.0
 30
0.0
 11
378.0
 21
266.0
 31
0.0
  0
HATCH
  5
4C9
330
465
100
AcDbEntity
 67
1
  8
S-ACC
 62
7
100
AcDbHatch
 10
0.0
 20
0.0
 30
0.0
210
0.0
220
0.0
230
1.0
  2
SOLID
 70
1
 71
0
 91
1
 92
3
 72
0
 73
1
 93
3
 10
369.0
 20
269.0
 10
366.6
 20
270.8
 10
366.6
 20
267.2
 97
0
 75
0
 76
1
 98
0
  0
HATCH
  5
4CA
330
465
100
AcDbEntity
 67
1
  8
S-ACC
 62
7
100
AcDbHatch
 10
0.0
 20
0.0
 30
0.0
210
0.0
220
0.0
230
1.0
  2
SOLID
 70
1
 71
0
 91
1
 92
3
 72
0
 73
1
 93
3
 10
369.0
 20
269.0
 10
371.4
 20
270.8
 10
371.4
 20
267.2
 97
0
 75
0
 76
1
 98
0
  0
TEXT
  5
4CB
330
465
100
AcDbEntity
 67
1
  8
A-TEXTO
100
AcDbText
 10
379.5
 20
269.0
 30
0.0
 40
1.9
  1
LLAVE DE PASO
  7
ARIAL
 11
379.5
 21
269.0
 31
0.0
100
AcDbText
 73
2
  0
LWPOLYLINE
  5
4CC
330
465
100
AcDbEntity
 67
1
  8
A-TABLAS
100
AcDbPolyline
 90
4
 70
1
 10
360.0
 20
266.0
 10
503.0
 20
266.0
 10
503.0
 20
260.0
 10
360.0
 20
260.0
  0
LINE
  5
4CD
330
465
100
AcDbEntity
 67
1
  8
A-TABLAS
100
AcDbLine
 10
378.0
 20
266.0
 30
0.0
 11
378.0
 21
260.0
 31
0.0
  0
CIRCLE
  5
4CE
330
465
100
AcDbEntity
 67
1
  8
S-ACC
100
AcDbCircle
 10
369.0
 20
263.0
 30
0.0
 40
1.2
  0
HATCH
  5
4CF
330
465
100
AcDbEntity
 67
1
  8
S-ACC
 62
7
100
AcDbHatch
 10
0.0
 20
0.0
 30
0.0
210
0.0
220
0.0
230
1.0
  2
SOLID
 70
1
 71
0
 91
1
 92
1
 93
1
 72
2
 10
369.0
 20
263.0
 40
1.2
 50
0
 51
360
 73
1
 97
0
 75
0
 76
1
 98
0
  0
TEXT
  5
4D0
330
465
100
AcDbEntity
 67
1
  8
A-TEXTO
100
AcDbText
 10
379.5
 20
263.0
 30
0.0
 40
1.9
  1
SALIDA A APARATO (DIÁMETRO INDICADO)
  7
ARIAL
 11
379.5
 21
263.0
 31
0.0
100
AcDbText
 73
2
  0
LWPOLYLINE
  5
4D1
330
465
100
AcDbEntity
 67
1
  8
A-TABLAS
100
AcDbPolyline
 90
4
 70
1
 10
360.0
 20
260.0
 10
503.0
 20
260.0
 10
503.0
 20
254.0
 10
360.0
 20
254.0
  0
LINE
  5
4D2
330
465
100
AcDbEntity
 67
1
  8
A-TABLAS
100
AcDbLine
 10
378.0
 20
260.0
 30
0.0
 11
378.0
 21
254.0
 31
0.0
  0
CIRCLE
  5
4D3
330
465
100
AcDbEntity
 67
1
  8
S-ACC
100
AcDbCircle
 10
369.0
 20
257.0
 30
0.0
 40
2.6
  0
CIRCLE
  5
4D4
330
465
100
AcDbEntity
 67
1
  8
S-ACC
100
AcDbCircle
 10
369.0
 20
257.0
 30
0.0
 40
1.0
  0
TEXT
  5
4D5
330
465
100
AcDbEntity
 67
1
  8
A-TEXTO
100
AcDbText
 10
379.5
 20
257.0
 30
0.0
 40
1.9
  1
MONTANTE
  7
ARIAL
 11
379.5
 21
257.0
 31
0.0
100
AcDbText
 73
2
  0
LWPOLYLINE
  5
4D6
330
465
100
AcDbEntity
 67
1
  8
A-TABLAS
100
AcDbPolyline
 90
4
 70
1
 10
360.0
 20
254.0
 10
503.0
 20
254.0
 10
503.0
 20
248.0
 10
360.0
 20
248.0
  0
LINE
  5
4D7
330
465
100
AcDbEntity
 67
1
  8
A-TABLAS
100
AcDbLine
 10
378.0
 20
254.0
 30
0.0
 11
378.0
 21
248.0
 31
0.0
  0
LWPOLYLINE
  5
4D8
330
465
100
AcDbEntity
 67
1
  8
S-ACC
100
AcDbPolyline
 90
4
 70
1
 10
365.0
 20
248.6
 10
373.0
 20
248.6
 10
373.0
 20
253.4
 10
365.0
 20
253.4
  0
HATCH
  5
4D9
330
465
100
AcDbEntity
 67
1
  8
S-ACC
 62
7
100
AcDbHatch
 10
0.0
 20
0.0
 30
0.0
210
0.0
220
0.0
230
1.0
  2
SOLID
 70
1
 71
0
 91
1
 92
3
 72
0
 73
1
 93
4
 10
365.0
 20
248.6
 10
369.0
 20
248.6
 10
369.0
 20
253.4
 10
365.0
 20
253.4
 97
0
 75
0
 76
1
 98
0
  0
TEXT
  5
4DA
330
465
100
AcDbEntity
 67
1
  8
A-TEXTO
100
AcDbText
 10
379.5
 20
251.0
 30
0.0
 40
1.9
  1
MEDIDOR DE AGUA (SEGÚN ESPH)
  7
ARIAL
 11
379.5
 21
251.0
 31
0.0
100
AcDbText
 73
2
  0
LWPOLYLINE
  5
4DB
330
465
100
AcDbEntity
 67
1
  8
A-TABLAS
100
AcDbPolyline
 90
4
 70
1
 10
360.0
 20
248.0
 10
503.0
 20
248.0
 10
503.0
 20
242.0
 10
360.0
 20
242.0
  0
LINE
  5
4DC
330
465
100
AcDbEntity
 67
1
  8
A-TABLAS
100
AcDbLine
 10
378.0
 20
248.0
 30
0.0
 11
378.0
 21
242.0
 31
0.0
  0
LWPOLYLINE
  5
4DD
330
465
100
AcDbEntity
 67
1
  8
S-ACC
100
AcDbPolyline
 90
4
 70
1
 10
366.8
 20
242.8
 10
371.2
 20
242.8
 10
371.2
 20
247.2
 10
366.8
 20
247.2
  0
TEXT
  5
4DE
330
465
100
AcDbEntity
 67
1
  8
S-ACC
100
AcDbText
 10
369.0
 20
245.0
 30
0.0
 40
1.6
  1
CP
  7
ARIAL
 72
1
 11
369.0
 21
245.0
 31
0.0
100
AcDbText
 73
2
  0
TEXT
  5
4DF
330
465
100
AcDbEntity
 67
1
  8
A-TEXTO
100
AcDbText
 10
379.5
 20
245.0
 30
0.0
 40
1.9
  1
CALENTADOR DE PASO ELÉCTRICO
  7
ARIAL
 11
379.5
 21
245.0
 31
0.0
100
AcDbText
 73
2
  0
TEXT
  5
4E0
330
465
100
AcDbEntity
 67
1
  8
A-TEXTO
100
AcDbText
 10
360.0
 20
239.5
 30
0.0
 40
1.8
  1
LM: LAVATORIO; WC: INODORO; LP: FREGADERO; AF / AC: AGUA FRÍA / CALIENTE.
  7
ARIAL
 11
360.0
 21
239.5
 31
0.0
100
AcDbText
 73
3
  0
TEXT
  5
4E1
330
465
100
AcDbEntity
 67
1
  8
A-TITULOS
100
AcDbText
 10
515.0
 20
290.0
 30
0.0
 40
3.5
  1
NOTAS:
  7
ARIAL
 11
515.0
 21
290.0
 31
0.0
100
AcDbText
 73
3
  0
MTEXT
  5
4E2
330
465
100
AcDbEntity
 67
1
  8
A-NOTAS
100
AcDbMText
 10
515.0
 20
284.0
 30
0.0
 40
1.9
 41
190.0
 71
1
  1
1.- TODAS LAS MEDIDAS ESTÁN DADAS EN METROS, SALVO ALGUNA EXCEPCIÓN INDICADA.
  7
ARIAL
  0
MTEXT
  5
4E3
330
465
100
AcDbEntity
 67
1
  8
A-NOTAS
100
AcDbMText
 10
515.0
 20
280.2
 30
0.0
 40
1.9
 41
190.0
 71
1
  1
2.- EL AGUA POTABLE PROVIENE DEL SISTEMA PÚBLICO (ESPH), DIRECTAMENTE DE LA CONEXIÓN DE LA CALLE, SIN TANQUE DE ALMACENAMIENTO NI EQUIPO DE BOMBEO.
  7
ARIAL
  0
MTEXT
  5
4E4
330
465
100
AcDbEntity
 67
1
  8
A-NOTAS
100
AcDbMText
 10
515.0
 20
273.645
 30
0.0
 40
1.9
 41
190.0
 71
1
  1
3.- DIÁMETROS: ACOMETIDA, TRAMO PRINCIPAL Y MONTANTE 3/4"; RAMALES Y SALIDAS 1/2". LLAVE DE PASO EN CADA BAÑO Y EN LA COCINA.
  7
ARIAL
  0
MTEXT
  5
4E5
330
465
100
AcDbEntity
 67
1
  8
A-NOTAS
100
AcDbMText
 10
515.0
 20
269.84499999999997
 30
0.0
 40
1.9
 41
190.0
 71
1
  1
4.- AGUA CALIENTE ÚNICAMENTE EN LAS DUCHAS, MEDIANTE UN CALENTADOR DE PASO ELÉCTRICO POR BAÑO (CIRCUITOS EN E02 Y E03).
  7
ARIAL
  0
MTEXT
  5
4E6
330
465
100
AcDbEntity
 67
1
  8
A-NOTAS
100
AcDbMText
 10
515.0
 20
266.04499999999996
 30
0.0
 40
1.9
 41
190.0
 71
1
  1
5.- TUBERÍA DE AGUA FRÍA PVC A PRESIÓN Y DE AGUA CALIENTE CPVC.
  7
ARIAL
  0
MTEXT
  5
4E7
330
465
100
AcDbEntity
 67
1
  8
A-NOTAS
100
AcDbMText
 10
515.0
 20
262.24499999999995
 30
0.0
 40
1.9
 41
190.0
 71
1
  1
6.- EL MONTANTE SUBE EMBEBIDO EN EL MURO DEL EJE C (ESCALERA / PATIO P2); LOS RAMALES DE LOS NIVELES 2 Y 3 VIAJAN POR EL ENTREPISO.
  7
ARIAL
  0
MTEXT
  5
4E8
330
465
100
AcDbEntity
 67
1
  8
A-NOTAS
100
AcDbMText
 10
515.0
 20
255.68999999999994
 30
0.0
 40
1.9
 41
190.0
 71
1
  1
7.- PROBAR LA RED A PRESIÓN ANTES DE CERRAR PAREDES Y CIELOS.
  7
ARIAL
  0
INSERT
  5
530
330
465
100
AcDbEntity
 67
1
  8
A-CAJETIN
100
AcDbBlockReference
 66
1
  2
CAJETIN_A1
 10
711.0
 20
10.0
 30
0.0
  0
ATTRIB
  5
532
330
465
100
AcDbEntity
 67
1
  8
A-CAJETIN-TXT
100
AcDbText
 10
771.0
 20
261.6
 30
0.0
 40
3.2
  1
CivilCon Diseño y Construcción SRLTDA
  7
ARIAL
 72
1
 11
771.0
 21
261.6
 31
0.0
100
AcDbAttribute
  2
EMPRESA
 70
0
 74
3
 71
1
 72
0
 11
771.0
 21
261.6
 31
0.0
  0
ATTRIB
  5
533
330
465
100
AcDbEntity
 67
1
  8
A-CAJETIN-TXT
100
AcDbText
 10
771.0
 20
255.6
 30
0.0
 40
2.5
  1
Céd. Jurídica: 3-102-762712
  7
ARIAL
 72
1
 11
771.0
 21
255.6
 31
0.0
100
AcDbAttribute
  2
EMPRESA_CED
 70
0
 74
3
 71
1
 72
0
 11
771.0
 21
255.6
 31
0.0
  0
ATTRIB
  5
534
330
465
100
AcDbEntity
 67
1
  8
A-CAJETIN-TXT
100
AcDbText
 10
714.0
 20
240.1
 30
0.0
 40
2.6
  1
DIRECTOR TÉCNICO:
  7
ARIAL
 11
714.0
 21
240.1
 31
0.0
100
AcDbAttribute
  2
PROF_1
 70
0
 74
3
 71
1
 72
0
 11
714.0
 21
240.1
 31
0.0
  0
ATTRIB
  5
535
330
465
100
AcDbEntity
 67
1
  8
A-CAJETIN-TXT
100
AcDbText
 10
714.0
 20
235.6
 30
0.0
 40
2.6
  1
Steven Viales (Civil) IC-40759
  7
ARIAL
 11
714.0
 21
235.6
 31
0.0
100
AcDbAttribute
  2
PROF_2
 70
0
 74
3
 71
1
 72
0
 11
714.0
 21
235.6
 31
0.0
  0
ATTRIB
  5
536
330
465
100
AcDbEntity
 67
1
  8
A-CAJETIN-TXT
100
AcDbText
 10
714.0
 20
231.1
 30
0.0
 40
2.6
  1
David Barrantes (Electricidad) IE-27499
  7
ARIAL
 11
714.0
 21
231.1
 31
0.0
100
AcDbAttribute
  2
PROF_3
 70
0
 74
3
 71
1
 72
0
 11
714.0
 21
231.1
 31
0.0
  0
ATTRIB
  5
537
330
465
100
AcDbEntity
 67
1
  8
A-CAJETIN-TXT
100
AcDbText
 10
714.0
 20
218.1
 30
0.0
 40
4.2
  1
VIVIENDA UNIFAMILIAR
  7
ARIAL
 11
714.0
 21
218.1
 31
0.0
100
AcDbAttribute
  2
PROYECTO
 70
0
 74
3
 71
1
 72
0
 11
714.0
 21
218.1
 31
0.0
  0
ATTRIB
  5
538
330
465
100
AcDbEntity
 67
1
  8
A-CAJETIN-TXT
100
AcDbText
 10
714.0
 20
211.1
 30
0.0
 40
2.5
  1
DISTRITO 03 SANTIAGO, CANTÓN 05 SAN RAFAEL,
  7
ARIAL
 11
714.0
 21
211.1
 31
0.0
100
AcDbAttribute
  2
UBIC_1
 70
0
 74
3
 71
1
 72
0
 11
714.0
 21
211.1
 31
0.0
  0
ATTRIB
  5
539
330
465
100
AcDbEntity
 67
1
  8
A-CAJETIN-TXT
100
AcDbText
 10
714.0
 20
206.6
 30
0.0
 40
2.5
  1
PROVINCIA 04 HEREDIA, COSTA RICA.
  7
ARIAL
 11
714.0
 21
206.6
 31
0.0
100
AcDbAttribute
  2
UBIC_2
 70
0
 74
3
 71
1
 72
0
 11
714.0
 21
206.6
 31
0.0
  0
ATTRIB
  5
53A
330
465
100
AcDbEntity
 67
1
  8
A-CAJETIN-TXT
100
AcDbText
 10
714.0
 20
202.1
 30
0.0
 40
2.5
  1

  7
ARIAL
 11
714.0
 21
202.1
 31
0.0
100
AcDbAttribute
  2
UBIC_3
 70
0
 74
3
 71
1
 72
0
 11
714.0
 21
202.1
 31
0.0
  0
ATTRIB
  5
53B
330
465
100
AcDbEntity
 67
1
  8
A-CAJETIN-TXT
100
AcDbText
 10
714.0
 20
189.1
 30
0.0
 40
2.5
  1
FOLIO REAL: 4-041200-000
  7
ARIAL
 11
714.0
 21
189.1
 31
0.0
100
AcDbAttribute
  2
REG_1
 70
0
 74
3
 71
1
 72
0
 11
714.0
 21
189.1
 31
0.0
  0
ATTRIB
  5
53C
330
465
100
AcDbEntity
 67
1
  8
A-CAJETIN-TXT
100
AcDbText
 10
714.0
 20
184.6
 30
0.0
 40
2.5
  1
PLANO CATASTRADO: 4-57389-2023
  7
ARIAL
 11
714.0
 21
184.6
 31
0.0
100
AcDbAttribute
  2
REG_2
 70
0
 74
3
 71
1
 72
0
 11
714.0
 21
184.6
 31
0.0
  0
ATTRIB
  5
53D
330
465
100
AcDbEntity
 67
1
  8
A-CAJETIN-TXT
100
AcDbText
 10
714.0
 20
180.1
 30
0.0
 40
2.5
  1
ÁREA SEGÚN CATASTRO: 256 m²
  7
ARIAL
 11
714.0
 21
180.1
 31
0.0
100
AcDbAttribute
  2
REG_3
 70
0
 74
3
 71
1
 72
0
 11
714.0
 21
180.1
 31
0.0
  0
ATTRIB
  5
53E
330
465
100
AcDbEntity
 67
1
  8
A-CAJETIN-TXT
100
AcDbText
 10
714.0
 20
167.1
 30
0.0
 40
5.0
  1
AGUA POTABLE
  7
ARIAL
 11
714.0
 21
167.1
 31
0.0
100
AcDbAttribute
  2
CONT_TIT
 70
0
 74
3
 71
1
 72
0
 11
714.0
 21
167.1
 31
0.0
  0
ATTRIB
  5
53F
330
465
100
AcDbEntity
 67
1
  8
A-CAJETIN-TXT
100
AcDbText
 10
714.0
 20
159.6
 30
0.0
 40
3.0
  1
PLANTAS NIVELES 1, 2 Y 3.
  7
ARIAL
 11
714.0
 21
159.6
 31
0.0
100
AcDbAttribute
  2
CONT_1
 70
0
 74
3
 71
1
 72
0
 11
714.0
 21
159.6
 31
0.0
  0
ATTRIB
  5
540
330
465
100
AcDbEntity
 67
1
  8
A-CAJETIN-TXT
100
AcDbText
 10
714.0
 20
154.1
 30
0.0
 40
3.0
  1
DIAGRAMA VERTICAL.
  7
ARIAL
 11
714.0
 21
154.1
 31
0.0
100
AcDbAttribute
  2
CONT_2
 70
0
 74
3
 71
1
 72
0
 11
714.0
 21
154.1
 31
0.0
  0
ATTRIB
  5
541
330
465
100
AcDbEntity
 67
1
  8
A-CAJETIN-TXT
100
AcDbText
 10
714.0
 20
148.6
 30
0.0
 40
3.0
  1
DETALLES.
  7
ARIAL
 11
714.0
 21
148.6
 31
0.0
100
AcDbAttribute
  2
CONT_3
 70
0
 74
3
 71
1
 72
0
 11
714.0
 21
148.6
 31
0.0
  0
ATTRIB
  5
542
330
465
100
AcDbEntity
 67
1
  8
A-CAJETIN-TXT
100
AcDbText
 10
714.0
 20
143.1
 30
0.0
 40
3.0
  1
SIMBOLOGÍA.
  7
ARIAL
 11
714.0
 21
143.1
 31
0.0
100
AcDbAttribute
  2
CONT_4
 70
0
 74
3
 71
1
 72
0
 11
714.0
 21
143.1
 31
0.0
  0
ATTRIB
  5
543
330
465
100
AcDbEntity
 67
1
  8
A-CAJETIN-TXT
100
AcDbText
 10
714.0
 20
137.6
 30
0.0
 40
3.0
  1
NOTAS.
  7
ARIAL
 11
714.0
 21
137.6
 31
0.0
100
AcDbAttribute
  2
CONT_5
 70
0
 74
3
 71
1
 72
0
 11
714.0
 21
137.6
 31
0.0
  0
ATTRIB
  5
544
330
465
100
AcDbEntity
 67
1
  8
A-CAJETIN-TXT
100
AcDbText
 10
714.0
 20
132.1
 30
0.0
 40
3.0
  1

  7
ARIAL
 11
714.0
 21
132.1
 31
0.0
100
AcDbAttribute
  2
CONT_6
 70
0
 74
3
 71
1
 72
0
 11
714.0
 21
132.1
 31
0.0
  0
ATTRIB
  5
545
330
465
100
AcDbEntity
 67
1
  8
A-CAJETIN-TXT
100
AcDbText
 10
736.0
 20
122.1
 30
0.0
 40
2.2
  1
1:100 / S/E
  7
ARIAL
 11
736.0
 21
122.1
 31
0.0
100
AcDbAttribute
  2
ESCALAS
 70
0
 74
3
 71
1
 72
0
 11
736.0
 21
122.1
 31
0.0
  0
ATTRIB
  5
546
330
465
100
AcDbEntity
 67
1
  8
A-CAJETIN-TXT
100
AcDbText
 10
717.0
 20
104.0
 30
0.0
 40
2.0
  1
0
  7
ARIAL
 72
1
 11
717.0
 21
104.0
 31
0.0
100
AcDbAttribute
  2
REV0_N
 70
0
 74
2
 71
1
 72
0
 11
717.0
 21
104.0
 31
0.0
  0
ATTRIB
  5
547
330
465
100
AcDbEntity
 67
1
  8
A-CAJETIN-TXT
100
AcDbText
 10
734.0
 20
104.0
 30
0.0
 40
2.0
  1
06-10-2026
  7
ARIAL
 72
1
 11
734.0
 21
104.0
 31
0.0
100
AcDbAttribute
  2
REV0_F
 70
0
 74
2
 71
1
 72
0
 11
734.0
 21
104.0
 31
0.0
  0
ATTRIB
  5
548
330
465
100
AcDbEntity
 67
1
  8
A-CAJETIN-TXT
100
AcDbText
 10
746.5
 20
104.0
 30
0.0
 40
2.0
  1
VERSIÓN DE TRABAJO PARA REVISIÓN
  7
ARIAL
 11
746.5
 21
104.0
 31
0.0
100
AcDbAttribute
  2
REV0_D
 70
0
 74
2
 71
1
 72
0
 11
746.5
 21
104.0
 31
0.0
  0
ATTRIB
  5
549
330
465
100
AcDbEntity
 67
1
  8
A-CAJETIN-TXT
100
AcDbText
 10
717.0
 20
98.8
 30
0.0
 40
2.0
  1
1
  7
ARIAL
 72
1
 11
717.0
 21
98.8
 31
0.0
100
AcDbAttribute
  2
REV1_N
 70
0
 74
2
 71
1
 72
0
 11
717.0
 21
98.8
 31
0.0
  0
ATTRIB
  5
54A
330
465
100
AcDbEntity
 67
1
  8
A-CAJETIN-TXT
100
AcDbText
 10
734.0
 20
98.8
 30
0.0
 40
2.0
  1
07-10-2026
  7
ARIAL
 72
1
 11
734.0
 21
98.8
 31
0.0
100
AcDbAttribute
  2
REV1_F
 70
0
 74
2
 71
1
 72
0
 11
734.0
 21
98.8
 31
0.0
  0
ATTRIB
  5
54B
330
465
100
AcDbEntity
 67
1
  8
A-CAJETIN-TXT
100
AcDbText
 10
746.5
 20
98.8
 30
0.0
 40
2.0
  1
PUNTO DE JARDÍN POSTERIOR TRASLADADO (S02)
  7
ARIAL
 11
746.5
 21
98.8
 31
0.0
100
AcDbAttribute
  2
REV1_D
 70
0
 74
2
 71
1
 72
0
 11
746.5
 21
98.8
 31
0.0
  0
ATTRIB
  5
54C
330
465
100
AcDbEntity
 67
1
  8
A-CAJETIN-TXT
100
AcDbText
 10
717.0
 20
93.6
 30
0.0
 40
2.0
  1
2
  7
ARIAL
 72
1
 11
717.0
 21
93.6
 31
0.0
100
AcDbAttribute
  2
REV2_N
 70
0
 74
2
 71
1
 72
0
 11
717.0
 21
93.6
 31
0.0
  0
ATTRIB
  5
54D
330
465
100
AcDbEntity
 67
1
  8
A-CAJETIN-TXT
100
AcDbText
 10
734.0
 20
93.6
 30
0.0
 40
2.0
  1
07-10-2026
  7
ARIAL
 72
1
 11
734.0
 21
93.6
 31
0.0
100
AcDbAttribute
  2
REV2_F
 70
0
 74
2
 71
1
 72
0
 11
734.0
 21
93.6
 31
0.0
  0
ATTRIB
  5
54E
330
465
100
AcDbEntity
 67
1
  8
A-CAJETIN-TXT
100
AcDbText
 10
746.5
 20
93.6
 30
0.0
 40
2.0
  1
LISTA DEFINITIVA (22); PARA TRÁMITE
  7
ARIAL
 11
746.5
 21
93.6
 31
0.0
100
AcDbAttribute
  2
REV2_D
 70
0
 74
2
 71
1
 72
0
 11
746.5
 21
93.6
 31
0.0
  0
ATTRIB
  5
54F
330
465
100
AcDbEntity
 67
1
  8
A-CAJETIN-TXT
100
AcDbText
 10
771.0
 20
82.99999999999999
 30
0.0
 40
3.0
  1
PARA TRÁMITE
  7
ARIAL
 72
1
 11
771.0
 21
82.99999999999999
 31
0.0
100
AcDbAttribute
  2
ESTADO_1
 70
0
 74
3
 71
1
 72
0
 11
771.0
 21
82.99999999999999
 31
0.0
  0
ATTRIB
  5
550
330
465
100
AcDbEntity
 67
1
  8
A-CAJETIN-TXT
100
AcDbText
 10
771.0
 20
77.99999999999999
 30
0.0
 40
2.4
  1
CFIA Y MUNICIPALIDAD
  7
ARIAL
 72
1
 11
771.0
 21
77.99999999999999
 31
0.0
100
AcDbAttribute
  2
ESTADO_2
 70
0
 74
3
 71
1
 72
0
 11
771.0
 21
77.99999999999999
 31
0.0
  0
ATTRIB
  5
551
330
465
100
AcDbEntity
 67
1
  8
A-CAJETIN-TXT
100
AcDbText
 10
744.0
 20
49.999999999999986
 30
0.0
 40
5.0
  1
COSTA RICA
  7
ARIAL
 72
1
 11
744.0
 21
49.999999999999986
 31
0.0
100
AcDbAttribute
  2
LUGAR
 70
0
 74
2
 71
1
 72
0
 11
744.0
 21
49.999999999999986
 31
0.0
  0
ATTRIB
  5
552
330
465
100
AcDbEntity
 67
1
  8
A-CAJETIN-TXT
100
AcDbText
 10
804.0
 20
49.999999999999986
 30
0.0
 40
14.0
  1
S01
  7
ARIAL
 72
1
 11
804.0
 21
49.999999999999986
 31
0.0
100
AcDbAttribute
  2
LAMINA
 70
0
 74
2
 71
1
 72
0
 11
804.0
 21
49.999999999999986
 31
0.0
  0
ATTRIB
  5
553
330
465
100
AcDbEntity
 67
1
  8
A-CAJETIN-TXT
100
AcDbText
 10
744.0
 20
23.499999999999993
 30
0.0
 40
6.0
  1
OCT 2026
  7
ARIAL
 72
1
 11
744.0
 21
23.499999999999993
 31
0.0
100
AcDbAttribute
  2
FECHA
 70
0
 74
2
 71
1
 72
0
 11
744.0
 21
23.499999999999993
 31
0.0
  0
ATTRIB
  5
554
330
465
100
AcDbEntity
 67
1
  8
A-CAJETIN-TXT
100
AcDbText
 10
815.0
 20
23.499999999999993
 30
0.0
 40
9.0
  1
22
  7
ARIAL
 72
1
 11
815.0
 21
23.499999999999993
 31
0.0
100
AcDbAttribute
  2
TOTAL
 70
0
 74
2
 71
1
 72
0
 11
815.0
 21
23.499999999999993
 31
0.0
  0
SEQEND
  5
531
330
530
100
AcDbEntity
 67
1
  8
A-CAJETIN
  0
ENDSEC
  0
SECTION
  2
OBJECTS
  0
DICTIONARY
  5
A
330
0
100
AcDbDictionary
281
1
  3
ACAD_COLOR
350
B
  3
ACAD_GROUP
350
C
  3
ACAD_LAYOUT
350
D
  3
ACAD_MATERIAL
350
E
  3
ACAD_MLEADERSTYLE
350
F
  3
ACAD_MLINESTYLE
350
10
  3
ACAD_PLOTSETTINGS
350
11
  3
ACAD_PLOTSTYLENAME
350
12
  3
ACAD_SCALELIST
350
14
  3
ACAD_TABLESTYLE
350
15
  3
ACAD_VISUALSTYLE
350
16
  3
EZDXF_META
350
2D
  0
DICTIONARY
  5
B
330
A
100
AcDbDictionary
281
1
  0
DICTIONARY
  5
C
330
A
100
AcDbDictionary
281
1
  0
DICTIONARY
  5
D
330
A
100
AcDbDictionary
281
1
  3
Model
350
1A
  3
Layout1
350
1E
  3
S01-AGUA
350
468
  0
DICTIONARY
  5
E
330
A
100
AcDbDictionary
281
1
  3
ByBlock
350
1F
  3
ByLayer
350
20
  3
Global
350
21
  0
DICTIONARY
  5
F
330
A
100
AcDbDictionary
281
1
  3
Standard
350
2C
  0
DICTIONARY
  5
10
330
A
100
AcDbDictionary
281
1
  3
Standard
350
22
  0
DICTIONARY
  5
11
330
A
100
AcDbDictionary
281
1
  0
ACDBDICTIONARYWDFLT
  5
12
330
A
100
AcDbDictionary
281
1
  3
Normal
350
13
100
AcDbDictionaryWithDefault
340
13
  0
ACDBPLACEHOLDER
  5
13
330
12
  0
DICTIONARY
  5
14
330
A
100
AcDbDictionary
281
1
  0
DICTIONARY
  5
15
330
A
100
AcDbDictionary
281
1
  0
DICTIONARY
  5
16
330
A
100
AcDbDictionary
281
1
  3
2dWireframe
350
5A
  3
Basic
350
5B
  3
Brighten
350
5C
  3
ColorChange
350
5D
  3
Conceptual
350
5E
  3
Dim
350
5F
  3
EdgeColorOff
350
60
  3
Facepattern
350
61
  3
Flat
350
62
  3
FlatWithEdges
350
63
  3
Gouraud
350
64
  3
GouraudWithEdges
350
65
  3
Hidden
350
66
  3
JitterOff
350
67
  3
Linepattern
350
68
  3
Modeling
350
69
  3
OverhangOff
350
6A
  3
Realistic
350
6B
  3
Shaded
350
6C
  3
Shaded with edges
350
6D
  3
Shades of Gray
350
6E
  3
Sketchy
350
6F
  3
Thicken
350
70
  3
Wireframe
350
71
  3
X-Ray
350
72
  0
LAYOUT
  5
1A
330
D
100
AcDbPlotSettings
  1

  4
A3
  6

 40
7.5
 41
20.0
 42
7.5
 43
20.0
 44
420.0
 45
297.0
 46
0.0
 47
0.0
 48
0.0
 49
0.0
140
0.0
141
0.0
142
1.0
143
1.0
 70
1024
 72
1
 73
0
 74
5
  7

 75
16
 76
0
 77
2
 78
300
147
1.0
148
0.0
149
0.0
100
AcDbLayout
  1
Model
 70
1
 71
0
 10
0.0
 20
0.0
 11
420.0
 21
297.0
 12
0.0
 22
0.0
 32
0.0
 14
1e+20
 24
1e+20
 34
1e+20
 15
-1e+20
 25
-1e+20
 35
-1e+20
146
0.0
 13
0.0
 23
0.0
 33
0.0
 16
1.0
 26
0.0
 36
0.0
 17
0.0
 27
1.0
 37
0.0
 76
1
330
17
  0
LAYOUT
  5
1E
330
D
100
AcDbPlotSettings
  1

  4
A3
  6

 40
7.5
 41
20.0
 42
7.5
 43
20.0
 44
420.0
 45
297.0
 46
0.0
 47
0.0
 48
0.0
 49
0.0
140
0.0
141
0.0
142
1.0
143
1.0
 70
0
 72
1
 73
0
 74
5
  7

 75
16
 76
0
 77
2
 78
300
147
1.0
148
0.0
149
0.0
100
AcDbLayout
  1
Layout1
 70
1
 71
1
 10
0.0
 20
0.0
 11
420.0
 21
297.0
 12
0.0
 22
0.0
 32
0.0
 14
1e+20
 24
1e+20
 34
1e+20
 15
-1e+20
 25
-1e+20
 35
-1e+20
146
0.0
 13
0.0
 23
0.0
 33
0.0
 16
1.0
 26
0.0
 36
0.0
 17
0.0
 27
1.0
 37
0.0
 76
1
330
1B
  0
MATERIAL
  5
1F
102
{ACAD_REACTORS
330
E
102
}
330
E
100
AcDbMaterial
  1
ByBlock
  2

 70
0
 40
1.0
 71
1
 41
1.0
 91
-1023410177
 42
1.0
 72
1
  3

 73
1
 74
1
 75
1
 44
0.5
 73
0
 45
1.0
 46
1.0
 77
1
  4

 78
1
 79
1
170
1
 48
1.0
171
1
  6

172
1
173
1
174
1
140
1.0
141
1.0
175
1
  7

176
1
177
1
178
1
143
1.0
179
1
  8

270
1
271
1
272
1
145
1.0
146
1.0
273
1
  9

274
1
275
1
276
1
 42
1.0
 72
1
  3

 73
1
 74
1
 75
1
 94
63
  0
MATERIAL
  5
20
102
{ACAD_REACTORS
330
E
102
}
330
E
100
AcDbMaterial
  1
ByLayer
  2

 70
0
 40
1.0
 71
1
 41
1.0
 91
-1023410177
 42
1.0
 72
1
  3

 73
1
 74
1
 75
1
 44
0.5
 73
0
 45
1.0
 46
1.0
 77
1
  4

 78
1
 79
1
170
1
 48
1.0
171
1
  6

172
1
173
1
174
1
140
1.0
141
1.0
175
1
  7

176
1
177
1
178
1
143
1.0
179
1
  8

270
1
271
1
272
1
145
1.0
146
1.0
273
1
  9

274
1
275
1
276
1
 42
1.0
 72
1
  3

 73
1
 74
1
 75
1
 94
63
  0
MATERIAL
  5
21
102
{ACAD_REACTORS
330
E
102
}
330
E
100
AcDbMaterial
  1
Global
  2

 70
0
 40
1.0
 71
1
 41
1.0
 91
-1023410177
 42
1.0
 72
1
  3

 73
1
 74
1
 75
1
 44
0.5
 73
0
 45
1.0
 46
1.0
 77
1
  4

 78
1
 79
1
170
1
 48
1.0
171
1
  6

172
1
173
1
174
1
140
1.0
141
1.0
175
1
  7

176
1
177
1
178
1
143
1.0
179
1
  8

270
1
271
1
272
1
145
1.0
146
1.0
273
1
  9

274
1
275
1
276
1
 42
1.0
 72
1
  3

 73
1
 74
1
 75
1
 94
63
  0
MLINESTYLE
  5
22
102
{ACAD_REACTORS
330
10
102
}
330
10
100
AcDbMlineStyle
  2
Standard
 70
0
  3

 62
256
 51
90.0
 52
90.0
 71
2
 49
0.5
 62
256
  6
BYLAYER
 49
-0.5
 62
256
  6
BYLAYER
  0
MLEADERSTYLE
  5
2C
102
{ACAD_REACTORS
330
F
102
}
330
F
100
AcDbMLeaderStyle
179
2
170
2
171
1
172
0
 90
2
 40
0.0
 41
0.0
173
1
 91
-1056964608
 92
-2
290
1
 42
2.0
291
1
 43
8.0
  3
Standard
 44
4.0
300

342
29
174
1
175
1
176
0
178
1
 93
-1056964608
 45
4.0
292
0
297
0
 46
4.0
 94
-1056964608
 47
1.0
 49
1.0
140
1.0
294
1
141
0.0
177
0
142
1.0
295
0
296
0
143
3.75
271
0
272
9
273
9
  0
DICTIONARY
  5
2D
330
A
100
AcDbDictionary
280
1
281
1
  3
CREATED_BY_EZDXF
350
2E
  3
WRITTEN_BY_EZDXF
350
557
  0
DICTIONARYVAR
  5
2E
330
2D
100
DictionaryVariables
280
0
  1
1.4.4 @ 2026-10-07T02:31:02.709173+00:00
  0
VISUALSTYLE
  5
5A
102
{ACAD_REACTORS
330
16
102
}
330
16
100
AcDbVisualStyle
  2
2dWireframe
 70
4
177
3
291
0
 70
58
 90
2
176
1
 90
2
176
1
 90
0
176
1
 90
0
176
1
 40
0.6
176
1
 40
30.0
176
1
 62
7
420
16777215
176
1
 90
1
176
1
 90
4
176
1
 62
7
176
1
 62
257
176
1
 90
1
176
1
 90
1
176
1
 40
1.0
176
1
 90
8
176
1
 62
7
176
1
 40
1.0
176
1
 90
1
176
1
 90
6
176
1
 90
2
176
1
 62
7
176
1
 90
5
176
1
 90
0
176
1
 90
0
176
1
290
0
176
1
 90
1
176
1
 40
0.0
176
1
 90
0
176
1
290
1
176
1
290
1
176
1
290
0
176
1
290
0
176
1
290
0
176
1
290
0
176
1
290
0
176
1
290
0
176
1
290
0
176
1
 90
50
176
1
 40
0.0
176
1
 40
1.0
176
1
 90
0
176
1
 62
18
420
0
176
1
 90
50
176
1
 90
3
176
1
 62
5
420
255
176
1
290
0
176
1
 90
50
176
1
 90
50
176
1
 90
50
176
1
290
0
176
1
 90
50
176
1
 62
256
176
0
 40
1.0
176
0
 90
2
176
1
  1
strokes_ogs.tif
176
1
290
0
176
1
 40
1.0
176
1
 40
1.0
176
1
  0
VISUALSTYLE
  5
5B
102
{ACAD_REACTORS
330
16
102
}
330
16
100
AcDbVisualStyle
  2
Basic
 70
7
177
3
291
1
 70
58
 90
2
176
1
 90
2
176
1
 90
0
176
1
 90
1
176
1
 40
0.6
176
1
 40
30.0
176
1
 62
7
420
16777215
176
1
 90
1
176
1
 90
4
176
1
 62
7
176
1
 62
257
176
1
 90
1
176
1
 90
1
176
1
 40
1.0
176
1
 90
8
176
1
 62
7
176
1
 40
1.0
176
1
 90
1
176
1
 90
6
176
1
 90
2
176
1
 62
7
176
1
 90
5
176
1
 90
0
176
1
 90
0
176
1
290
0
176
1
 90
1
176
1
 40
0.0
176
1
 90
0
176
1
290
0
176
1
290
1
176
1
290
1
176
1
290
0
176
1
290
0
176
1
290
0
176
1
290
0
176
1
290
0
176
1
290
0
176
1
 90
50
176
1
 40
0.0
176
1
 40
1.0
176
1
 90
0
176
1
 62
18
420
0
176
1
 90
50
176
1
 90
3
176
1
 62
5
420
255
176
1
290
0
176
1
 90
50
176
1
 90
50
176
1
 90
50
176
1
290
0
176
1
 90
50
176
1
 62
256
176
0
 40
1.0
176
0
 90
2
176
1
  1
strokes_ogs.tif
176
1
290
0
176
1
 40
1.0
176
1
 40
1.0
176
1
  0
VISUALSTYLE
  5
5C
102
{ACAD_REACTORS
330
16
102
}
330
16
100
AcDbVisualStyle
  2
Brighten
 70
12
177
3
291
1
 70
58
 90
2
176
1
 90
2
176
1
 90
0
176
1
 90
2
176
1
 40
0.6
176
1
 40
30.0
176
1
 62
7
420
16777215
176
1
 90
1
176
1
 90
4
176
1
 62
7
176
1
 62
257
176
1
 90
1
176
1
 90
1
176
1
 40
1.0
176
1
 90
8
176
1
 62
7
176
1
 40
1.0
176
1
 90
1
176
1
 90
6
176
1
 90
2
176
1
 62
7
176
1
 90
5
176
1
 90
0
176
1
 90
0
176
1
290
0
176
1
 90
1
176
1
 40
0.0
176
1
 90
0
176
1
290
0
176
1
290
1
176
1
290
1
176
1
290
0
176
1
290
0
176
1
290
0
176
1
290
0
176
1
290
0
176
1
290
0
176
1
 90
50
176
1
 40
0.0
176
1
 40
1.0
176
1
 90
0
176
1
 62
18
420
0
176
1
 90
50
176
1
 90
3
176
1
 62
5
420
255
176
1
290
0
176
1
 90
50
176
1
 90
50
176
1
 90
50
176
1
290
0
176
1
 90
50
176
1
 62
256
176
0
 40
1.0
176
0
 90
2
176
1
  1
strokes_ogs.tif
176
1
290
0
176
1
 40
1.0
176
1
 40
1.0
176
1
  0
VISUALSTYLE
  5
5D
102
{ACAD_REACTORS
330
16
102
}
330
16
100
AcDbVisualStyle
  2
ColorChange
 70
16
177
3
291
1
 70
58
 90
2
176
1
 90
2
176
1
 90
0
176
1
 90
2
176
1
 40
0.6
176
1
 40
30.0
176
1
 62
7
420
16777215
176
1
 90
1
176
1
 90
4
176
1
 62
7
176
1
 62
257
176
1
 90
1
176
1
 90
1
176
1
 40
1.0
176
1
 90
8
176
1
 62
7
176
1
 40
1.0
176
1
 90
1
176
1
 90
6
176
1
 90
2
176
1
 62
7
176
1
 90
5
176
1
 90
0
176
1
 90
0
176
1
290
0
176
1
 90
1
176
1
 40
0.0
176
1
 90
0
176
1
290
0
176
1
290
1
176
1
290
1
176
1
290
0
176
1
290
0
176
1
290
0
176
1
290
0
176
1
290
0
176
1
290
0
176
1
 90
50
176
1
 40
0.0
176
1
 40
1.0
176
1
 90
0
176
1
 62
18
420
0
176
1
 90
50
176
1
 90
3
176
1
 62
5
420
255
176
1
290
0
176
1
 90
50
176
1
 90
50
176
1
 90
50
176
1
290
0
176
1
 90
50
176
1
 62
256
176
0
 40
1.0
176
0
 90
2
176
1
  1
strokes_ogs.tif
176
1
290
0
176
1
 40
1.0
176
1
 40
1.0
176
1
  0
VISUALSTYLE
  5
5E
102
{ACAD_REACTORS
330
16
102
}
330
16
100
AcDbVisualStyle
  2
Conceptual
 70
9
177
3
291
0
 70
58
 90
2
176
1
 90
2
176
1
 90
0
176
1
 90
3
176
1
 40
0.6
176
1
 40
30.0
176
1
 62
7
420
16777215
176
1
 90
1
176
1
 90
4
176
1
 62
7
176
1
 62
257
176
1
 90
1
176
1
 90
1
176
1
 40
1.0
176
1
 90
8
176
1
 62
7
176
1
 40
1.0
176
1
 90
1
176
1
 90
6
176
1
 90
2
176
1
 62
7
176
1
 90
5
176
1
 90
0
176
1
 90
0
176
1
290
0
176
1
 90
1
176
1
 40
0.0
176
1
 90
0
176
1
290
0
176
1
290
1
176
1
290
1
176
1
290
0
176
1
290
0
176
1
290
0
176
1
290
0
176
1
290
0
176
1
290
0
176
1
 90
50
176
1
 40
0.0
176
1
 40
1.0
176
1
 90
0
176
1
 62
18
420
0
176
1
 90
50
176
1
 90
3
176
1
 62
5
420
255
176
1
290
0
176
1
 90
50
176
1
 90
50
176
1
 90
50
176
1
290
0
176
1
 90
50
176
1
 62
256
176
0
 40
1.0
176
0
 90
2
176
1
  1
strokes_ogs.tif
176
1
290
0
176
1
 40
1.0
176
1
 40
1.0
176
1
  0
VISUALSTYLE
  5
5F
102
{ACAD_REACTORS
330
16
102
}
330
16
100
AcDbVisualStyle
  2
Dim
 70
11
177
3
291
1
 70
58
 90
2
176
1
 90
2
176
1
 90
0
176
1
 90
2
176
1
 40
0.6
176
1
 40
30.0
176
1
 62
7
420
16777215
176
1
 90
1
176
1
 90
4
176
1
 62
7
176
1
 62
257
176
1
 90
1
176
1
 90
1
176
1
 40
1.0
176
1
 90
8
176
1
 62
7
176
1
 40
1.0
176
1
 90
1
176
1
 90
6
176
1
 90
2
176
1
 62
7
176
1
 90
5
176
1
 90
0
176
1
 90
0
176
1
290
0
176
1
 90
1
176
1
 40
0.0
176
1
 90
0
176
1
290
0
176
1
290
1
176
1
290
1
176
1
290
0
176
1
290
0
176
1
290
0
176
1
290
0
176
1
290
0
176
1
290
0
176
1
 90
50
176
1
 40
0.0
176
1
 40
1.0
176
1
 90
0
176
1
 62
18
420
0
176
1
 90
50
176
1
 90
3
176
1
 62
5
420
255
176
1
290
0
176
1
 90
50
176
1
 90
50
176
1
 90
50
176
1
290
0
176
1
 90
50
176
1
 62
256
176
0
 40
1.0
176
0
 90
2
176
1
  1
strokes_ogs.tif
176
1
290
0
176
1
 40
1.0
176
1
 40
1.0
176
1
  0
VISUALSTYLE
  5
60
102
{ACAD_REACTORS
330
16
102
}
330
16
100
AcDbVisualStyle
  2
EdgeColorOff
 70
22
177
3
291
1
 70
58
 90
2
176
1
 90
2
176
1
 90
0
176
1
 90
2
176
1
 40
0.6
176
1
 40
30.0
176
1
 62
7
420
16777215
176
1
 90
1
176
1
 90
4
176
1
 62
7
176
1
 62
257
176
1
 90
1
176
1
 90
1
176
1
 40
1.0
176
1
 90
8
176
1
 62
7
176
1
 40
1.0
176
1
 90
1
176
1
 90
6
176
1
 90
2
176
1
 62
7
176
1
 90
5
176
1
 90
0
176
1
 90
0
176
1
290
0
176
1
 90
1
176
1
 40
0.0
176
1
 90
0
176
1
290
0
176
1
290
1
176
1
290
1
176
1
290
0
176
1
290
0
176
1
290
0
176
1
290
0
176
1
290
0
176
1
290
0
176
1
 90
50
176
1
 40
0.0
176
1
 40
1.0
176
1
 90
0
176
1
 62
18
420
0
176
1
 90
50
176
1
 90
3
176
1
 62
5
420
255
176
1
290
0
176
1
 90
50
176
1
 90
50
176
1
 90
50
176
1
290
0
176
1
 90
50
176
1
 62
256
176
0
 40
1.0
176
0
 90
2
176
1
  1
strokes_ogs.tif
176
1
290
0
176
1
 40
1.0
176
1
 40
1.0
176
1
  0
VISUALSTYLE
  5
61
102
{ACAD_REACTORS
330
16
102
}
330
16
100
AcDbVisualStyle
  2
Facepattern
 70
15
177
3
291
1
 70
58
 90
2
176
1
 90
2
176
1
 90
0
176
1
 90
2
176
1
 40
0.6
176
1
 40
30.0
176
1
 62
7
420
16777215
176
1
 90
1
176
1
 90
4
176
1
 62
7
176
1
 62
257
176
1
 90
1
176
1
 90
1
176
1
 40
1.0
176
1
 90
8
176
1
 62
7
176
1
 40
1.0
176
1
 90
1
176
1
 90
6
176
1
 90
2
176
1
 62
7
176
1
 90
5
176
1
 90
0
176
1
 90
0
176
1
290
0
176
1
 90
1
176
1
 40
0.0
176
1
 90
0
176
1
290
0
176
1
290
1
176
1
290
1
176
1
290
0
176
1
290
0
176
1
290
0
176
1
290
0
176
1
290
0
176
1
290
0
176
1
 90
50
176
1
 40
0.0
176
1
 40
1.0
176
1
 90
0
176
1
 62
18
420
0
176
1
 90
50
176
1
 90
3
176
1
 62
5
420
255
176
1
290
0
176
1
 90
50
176
1
 90
50
176
1
 90
50
176
1
290
0
176
1
 90
50
176
1
 62
256
176
0
 40
1.0
176
0
 90
2
176
1
  1
strokes_ogs.tif
176
1
290
0
176
1
 40
1.0
176
1
 40
1.0
176
1
  0
VISUALSTYLE
  5
62
102
{ACAD_REACTORS
330
16
102
}
330
16
100
AcDbVisualStyle
  2
Flat
 70
0
177
3
291
1
 70
58
 90
2
176
1
 90
2
176
1
 90
0
176
1
 90
2
176
1
 40
0.6
176
1
 40
30.0
176
1
 62
7
420
16777215
176
1
 90
1
176
1
 90
4
176
1
 62
7
176
1
 62
257
176
1
 90
1
176
1
 90
1
176
1
 40
1.0
176
1
 90
8
176
1
 62
7
176
1
 40
1.0
176
1
 90
1
176
1
 90
6
176
1
 90
2
176
1
 62
7
176
1
 90
5
176
1
 90
0
176
1
 90
0
176
1
290
0
176
1
 90
1
176
1
 40
0.0
176
1
 90
0
176
1
290
0
176
1
290
1
176
1
290
1
176
1
290
0
176
1
290
0
176
1
290
0
176
1
290
0
176
1
290
0
176
1
290
0
176
1
 90
50
176
1
 40
0.0
176
1
 40
1.0
176
1
 90
0
176
1
 62
18
420
0
176
1
 90
50
176
1
 90
3
176
1
 62
5
420
255
176
1
290
0
176
1
 90
50
176
1
 90
50
176
1
 90
50
176
1
290
0
176
1
 90
50
176
1
 62
256
176
0
 40
1.0
176
0
 90
2
176
1
  1
strokes_ogs.tif
176
1
290
0
176
1
 40
1.0
176
1
 40
1.0
176
1
  0
VISUALSTYLE
  5
63
102
{ACAD_REACTORS
330
16
102
}
330
16
100
AcDbVisualStyle
  2
FlatWithEdges
 70
1
177
3
291
1
 70
58
 90
2
176
1
 90
2
176
1
 90
0
176
1
 90
2
176
1
 40
0.6
176
1
 40
30.0
176
1
 62
7
420
16777215
176
1
 90
1
176
1
 90
4
176
1
 62
7
176
1
 62
257
176
1
 90
1
176
1
 90
1
176
1
 40
1.0
176
1
 90
8
176
1
 62
7
176
1
 40
1.0
176
1
 90
1
176
1
 90
6
176
1
 90
2
176
1
 62
7
176
1
 90
5
176
1
 90
0
176
1
 90
0
176
1
290
0
176
1
 90
1
176
1
 40
0.0
176
1
 90
0
176
1
290
0
176
1
290
1
176
1
290
1
176
1
290
0
176
1
290
0
176
1
290
0
176
1
290
0
176
1
290
0
176
1
290
0
176
1
 90
50
176
1
 40
0.0
176
1
 40
1.0
176
1
 90
0
176
1
 62
18
420
0
176
1
 90
50
176
1
 90
3
176
1
 62
5
420
255
176
1
290
0
176
1
 90
50
176
1
 90
50
176
1
 90
50
176
1
290
0
176
1
 90
50
176
1
 62
256
176
0
 40
1.0
176
0
 90
2
176
1
  1
strokes_ogs.tif
176
1
290
0
176
1
 40
1.0
176
1
 40
1.0
176
1
  0
VISUALSTYLE
  5
64
102
{ACAD_REACTORS
330
16
102
}
330
16
100
AcDbVisualStyle
  2
Gouraud
 70
2
177
3
291
1
 70
58
 90
2
176
1
 90
2
176
1
 90
0
176
1
 90
2
176
1
 40
0.6
176
1
 40
30.0
176
1
 62
7
420
16777215
176
1
 90
1
176
1
 90
4
176
1
 62
7
176
1
 62
257
176
1
 90
1
176
1
 90
1
176
1
 40
1.0
176
1
 90
8
176
1
 62
7
176
1
 40
1.0
176
1
 90
1
176
1
 90
6
176
1
 90
2
176
1
 62
7
176
1
 90
5
176
1
 90
0
176
1
 90
0
176
1
290
0
176
1
 90
1
176
1
 40
0.0
176
1
 90
0
176
1
290
0
176
1
290
1
176
1
290
1
176
1
290
0
176
1
290
0
176
1
290
0
176
1
290
0
176
1
290
0
176
1
290
0
176
1
 90
50
176
1
 40
0.0
176
1
 40
1.0
176
1
 90
0
176
1
 62
18
420
0
176
1
 90
50
176
1
 90
3
176
1
 62
5
420
255
176
1
290
0
176
1
 90
50
176
1
 90
50
176
1
 90
50
176
1
290
0
176
1
 90
50
176
1
 62
256
176
0
 40
1.0
176
0
 90
2
176
1
  1
strokes_ogs.tif
176
1
290
0
176
1
 40
1.0
176
1
 40
1.0
176
1
  0
VISUALSTYLE
  5
65
102
{ACAD_REACTORS
330
16
102
}
330
16
100
AcDbVisualStyle
  2
GouraudWithEdges
 70
3
177
3
291
1
 70
58
 90
2
176
1
 90
2
176
1
 90
0
176
1
 90
2
176
1
 40
0.6
176
1
 40
30.0
176
1
 62
7
420
16777215
176
1
 90
1
176
1
 90
4
176
1
 62
7
176
1
 62
257
176
1
 90
1
176
1
 90
1
176
1
 40
1.0
176
1
 90
8
176
1
 62
7
176
1
 40
1.0
176
1
 90
1
176
1
 90
6
176
1
 90
2
176
1
 62
7
176
1
 90
5
176
1
 90
0
176
1
 90
0
176
1
290
0
176
1
 90
1
176
1
 40
0.0
176
1
 90
0
176
1
290
0
176
1
290
1
176
1
290
1
176
1
290
0
176
1
290
0
176
1
290
0
176
1
290
0
176
1
290
0
176
1
290
0
176
1
 90
50
176
1
 40
0.0
176
1
 40
1.0
176
1
 90
0
176
1
 62
18
420
0
176
1
 90
50
176
1
 90
3
176
1
 62
5
420
255
176
1
290
0
176
1
 90
50
176
1
 90
50
176
1
 90
50
176
1
290
0
176
1
 90
50
176
1
 62
256
176
0
 40
1.0
176
0
 90
2
176
1
  1
strokes_ogs.tif
176
1
290
0
176
1
 40
1.0
176
1
 40
1.0
176
1
  0
VISUALSTYLE
  5
66
102
{ACAD_REACTORS
330
16
102
}
330
16
100
AcDbVisualStyle
  2
Hidden
 70
6
177
3
291
0
 70
58
 90
2
176
1
 90
2
176
1
 90
0
176
1
 90
1
176
1
 40
0.6
176
1
 40
30.0
176
1
 62
7
420
16777215
176
1
 90
1
176
1
 90
4
176
1
 62
7
176
1
 62
257
176
1
 90
1
176
1
 90
1
176
1
 40
1.0
176
1
 90
8
176
1
 62
7
176
1
 40
1.0
176
1
 90
1
176
1
 90
6
176
1
 90
2
176
1
 62
7
176
1
 90
5
176
1
 90
0
176
1
 90
0
176
1
290
0
176
1
 90
1
176
1
 40
0.0
176
1
 90
0
176
1
290
0
176
1
290
1
176
1
290
1
176
1
290
0
176
1
290
0
176
1
290
0
176
1
290
0
176
1
290
0
176
1
290
0
176
1
 90
50
176
1
 40
0.0
176
1
 40
1.0
176
1
 90
0
176
1
 62
18
420
0
176
1
 90
50
176
1
 90
3
176
1
 62
5
420
255
176
1
290
0
176
1
 90
50
176
1
 90
50
176
1
 90
50
176
1
290
0
176
1
 90
50
176
1
 62
256
176
0
 40
1.0
176
0
 90
2
176
1
  1
strokes_ogs.tif
176
1
290
0
176
1
 40
1.0
176
1
 40
1.0
176
1
  0
VISUALSTYLE
  5
67
102
{ACAD_REACTORS
330
16
102
}
330
16
100
AcDbVisualStyle
  2
JitterOff
 70
20
177
3
291
1
 70
58
 90
2
176
1
 90
2
176
1
 90
0
176
1
 90
2
176
1
 40
0.6
176
1
 40
30.0
176
1
 62
7
420
16777215
176
1
 90
1
176
1
 90
4
176
1
 62
7
176
1
 62
257
176
1
 90
1
176
1
 90
1
176
1
 40
1.0
176
1
 90
8
176
1
 62
7
176
1
 40
1.0
176
1
 90
1
176
1
 90
6
176
1
 90
2
176
1
 62
7
176
1
 90
5
176
1
 90
0
176
1
 90
0
176
1
290
0
176
1
 90
1
176
1
 40
0.0
176
1
 90
0
176
1
290
0
176
1
290
1
176
1
290
1
176
1
290
0
176
1
290
0
176
1
290
0
176
1
290
0
176
1
290
0
176
1
290
0
176
1
 90
50
176
1
 40
0.0
176
1
 40
1.0
176
1
 90
0
176
1
 62
18
420
0
176
1
 90
50
176
1
 90
3
176
1
 62
5
420
255
176
1
290
0
176
1
 90
50
176
1
 90
50
176
1
 90
50
176
1
290
0
176
1
 90
50
176
1
 62
256
176
0
 40
1.0
176
0
 90
2
176
1
  1
strokes_ogs.tif
176
1
290
0
176
1
 40
1.0
176
1
 40
1.0
176
1
  0
VISUALSTYLE
  5
68
102
{ACAD_REACTORS
330
16
102
}
330
16
100
AcDbVisualStyle
  2
Linepattern
 70
14
177
3
291
1
 70
58
 90
2
176
1
 90
2
176
1
 90
0
176
1
 90
2
176
1
 40
0.6
176
1
 40
30.0
176
1
 62
7
420
16777215
176
1
 90
1
176
1
 90
4
176
1
 62
7
176
1
 62
257
176
1
 90
1
176
1
 90
1
176
1
 40
1.0
176
1
 90
8
176
1
 62
7
176
1
 40
1.0
176
1
 90
1
176
1
 90
6
176
1
 90
2
176
1
 62
7
176
1
 90
5
176
1
 90
0
176
1
 90
0
176
1
290
0
176
1
 90
1
176
1
 40
0.0
176
1
 90
0
176
1
290
0
176
1
290
1
176
1
290
1
176
1
290
0
176
1
290
0
176
1
290
0
176
1
290
0
176
1
290
0
176
1
290
0
176
1
 90
50
176
1
 40
0.0
176
1
 40
1.0
176
1
 90
0
176
1
 62
18
420
0
176
1
 90
50
176
1
 90
3
176
1
 62
5
420
255
176
1
290
0
176
1
 90
50
176
1
 90
50
176
1
 90
50
176
1
290
0
176
1
 90
50
176
1
 62
256
176
0
 40
1.0
176
0
 90
2
176
1
  1
strokes_ogs.tif
176
1
290
0
176
1
 40
1.0
176
1
 40
1.0
176
1
  0
VISUALSTYLE
  5
69
102
{ACAD_REACTORS
330
16
102
}
330
16
100
AcDbVisualStyle
  2
Modeling
 70
10
177
3
291
0
 70
58
 90
2
176
1
 90
2
176
1
 90
0
176
1
 90
2
176
1
 40
0.6
176
1
 40
30.0
176
1
 62
7
420
16777215
176
1
 90
1
176
1
 90
4
176
1
 62
7
176
1
 62
257
176
1
 90
1
176
1
 90
1
176
1
 40
1.0
176
1
 90
8
176
1
 62
7
176
1
 40
1.0
176
1
 90
1
176
1
 90
6
176
1
 90
2
176
1
 62
7
176
1
 90
5
176
1
 90
0
176
1
 90
0
176
1
290
0
176
1
 90
1
176
1
 40
0.0
176
1
 90
0
176
1
290
0
176
1
290
1
176
1
290
1
176
1
290
0
176
1
290
0
176
1
290
0
176
1
290
0
176
1
290
0
176
1
290
0
176
1
 90
50
176
1
 40
0.0
176
1
 40
1.0
176
1
 90
0
176
1
 62
18
420
0
176
1
 90
50
176
1
 90
3
176
1
 62
5
420
255
176
1
290
0
176
1
 90
50
176
1
 90
50
176
1
 90
50
176
1
290
0
176
1
 90
50
176
1
 62
256
176
0
 40
1.0
176
0
 90
2
176
1
  1
strokes_ogs.tif
176
1
290
0
176
1
 40
1.0
176
1
 40
1.0
176
1
  0
VISUALSTYLE
  5
6A
102
{ACAD_REACTORS
330
16
102
}
330
16
100
AcDbVisualStyle
  2
OverhangOff
 70
21
177
3
291
1
 70
58
 90
2
176
1
 90
2
176
1
 90
0
176
1
 90
2
176
1
 40
0.6
176
1
 40
30.0
176
1
 62
7
420
16777215
176
1
 90
1
176
1
 90
4
176
1
 62
7
176
1
 62
257
176
1
 90
1
176
1
 90
1
176
1
 40
1.0
176
1
 90
8
176
1
 62
7
176
1
 40
1.0
176
1
 90
1
176
1
 90
6
176
1
 90
2
176
1
 62
7
176
1
 90
5
176
1
 90
0
176
1
 90
0
176
1
290
0
176
1
 90
1
176
1
 40
0.0
176
1
 90
0
176
1
290
0
176
1
290
1
176
1
290
1
176
1
290
0
176
1
290
0
176
1
290
0
176
1
290
0
176
1
290
0
176
1
290
0
176
1
 90
50
176
1
 40
0.0
176
1
 40
1.0
176
1
 90
0
176
1
 62
18
420
0
176
1
 90
50
176
1
 90
3
176
1
 62
5
420
255
176
1
290
0
176
1
 90
50
176
1
 90
50
176
1
 90
50
176
1
290
0
176
1
 90
50
176
1
 62
256
176
0
 40
1.0
176
0
 90
2
176
1
  1
strokes_ogs.tif
176
1
290
0
176
1
 40
1.0
176
1
 40
1.0
176
1
  0
VISUALSTYLE
  5
6B
102
{ACAD_REACTORS
330
16
102
}
330
16
100
AcDbVisualStyle
  2
Realistic
 70
8
177
3
291
0
 70
58
 90
2
176
1
 90
2
176
1
 90
0
176
1
 90
2
176
1
 40
0.6
176
1
 40
30.0
176
1
 62
7
420
16777215
176
1
 90
1
176
1
 90
4
176
1
 62
7
176
1
 62
257
176
1
 90
1
176
1
 90
1
176
1
 40
1.0
176
1
 90
8
176
1
 62
7
176
1
 40
1.0
176
1
 90
1
176
1
 90
6
176
1
 90
2
176
1
 62
7
176
1
 90
5
176
1
 90
0
176
1
 90
0
176
1
290
0
176
1
 90
1
176
1
 40
0.0
176
1
 90
0
176
1
290
0
176
1
290
1
176
1
290
1
176
1
290
0
176
1
290
0
176
1
290
0
176
1
290
0
176
1
290
0
176
1
290
0
176
1
 90
50
176
1
 40
0.0
176
1
 40
1.0
176
1
 90
0
176
1
 62
18
420
0
176
1
 90
50
176
1
 90
3
176
1
 62
5
420
255
176
1
290
0
176
1
 90
50
176
1
 90
50
176
1
 90
50
176
1
290
0
176
1
 90
50
176
1
 62
256
176
0
 40
1.0
176
0
 90
2
176
1
  1
strokes_ogs.tif
176
1
290
0
176
1
 40
1.0
176
1
 40
1.0
176
1
  0
VISUALSTYLE
  5
6C
102
{ACAD_REACTORS
330
16
102
}
330
16
100
AcDbVisualStyle
  2
Shaded
 70
27
177
3
291
0
 70
58
 90
2
176
1
 90
2
176
1
 90
0
176
1
 90
2
176
1
 40
0.6
176
1
 40
30.0
176
1
 62
7
420
16777215
176
1
 90
1
176
1
 90
4
176
1
 62
7
176
1
 62
257
176
1
 90
1
176
1
 90
1
176
1
 40
1.0
176
1
 90
8
176
1
 62
7
176
1
 40
1.0
176
1
 90
1
176
1
 90
6
176
1
 90
2
176
1
 62
7
176
1
 90
5
176
1
 90
0
176
1
 90
0
176
1
290
0
176
1
 90
1
176
1
 40
0.0
176
1
 90
0
176
1
290
0
176
1
290
1
176
1
290
1
176
1
290
0
176
1
290
0
176
1
290
0
176
1
290
0
176
1
290
0
176
1
290
0
176
1
 90
50
176
1
 40
0.0
176
1
 40
1.0
176
1
 90
0
176
1
 62
18
420
0
176
1
 90
50
176
1
 90
3
176
1
 62
5
420
255
176
1
290
0
176
1
 90
50
176
1
 90
50
176
1
 90
50
176
1
290
0
176
1
 90
50
176
1
 62
256
176
0
 40
1.0
176
0
 90
2
176
1
  1
strokes_ogs.tif
176
1
290
0
176
1
 40
1.0
176
1
 40
1.0
176
1
  0
VISUALSTYLE
  5
6D
102
{ACAD_REACTORS
330
16
102
}
330
16
100
AcDbVisualStyle
  2
Shaded with edges
 70
26
177
3
291
0
 70
58
 90
2
176
1
 90
2
176
1
 90
0
176
1
 90
2
176
1
 40
0.6
176
1
 40
30.0
176
1
 62
7
420
16777215
176
1
 90
1
176
1
 90
4
176
1
 62
7
176
1
 62
257
176
1
 90
1
176
1
 90
1
176
1
 40
1.0
176
1
 90
8
176
1
 62
7
176
1
 40
1.0
176
1
 90
1
176
1
 90
6
176
1
 90
2
176
1
 62
7
176
1
 90
5
176
1
 90
0
176
1
 90
0
176
1
290
0
176
1
 90
1
176
1
 40
0.0
176
1
 90
0
176
1
290
0
176
1
290
1
176
1
290
1
176
1
290
0
176
1
290
0
176
1
290
0
176
1
290
0
176
1
290
0
176
1
290
0
176
1
 90
50
176
1
 40
0.0
176
1
 40
1.0
176
1
 90
0
176
1
 62
18
420
0
176
1
 90
50
176
1
 90
3
176
1
 62
5
420
255
176
1
290
0
176
1
 90
50
176
1
 90
50
176
1
 90
50
176
1
290
0
176
1
 90
50
176
1
 62
256
176
0
 40
1.0
176
0
 90
2
176
1
  1
strokes_ogs.tif
176
1
290
0
176
1
 40
1.0
176
1
 40
1.0
176
1
  0
VISUALSTYLE
  5
6E
102
{ACAD_REACTORS
330
16
102
}
330
16
100
AcDbVisualStyle
  2
Shades of Gray
 70
23
177
3
291
0
 70
58
 90
2
176
1
 90
2
176
1
 90
0
176
1
 90
2
176
1
 40
0.6
176
1
 40
30.0
176
1
 62
7
420
16777215
176
1
 90
1
176
1
 90
4
176
1
 62
7
176
1
 62
257
176
1
 90
1
176
1
 90
1
176
1
 40
1.0
176
1
 90
8
176
1
 62
7
176
1
 40
1.0
176
1
 90
1
176
1
 90
6
176
1
 90
2
176
1
 62
7
176
1
 90
5
176
1
 90
0
176
1
 90
0
176
1
290
0
176
1
 90
1
176
1
 40
0.0
176
1
 90
0
176
1
290
0
176
1
290
1
176
1
290
1
176
1
290
0
176
1
290
0
176
1
290
0
176
1
290
0
176
1
290
0
176
1
290
0
176
1
 90
50
176
1
 40
0.0
176
1
 40
1.0
176
1
 90
0
176
1
 62
18
420
0
176
1
 90
50
176
1
 90
3
176
1
 62
5
420
255
176
1
290
0
176
1
 90
50
176
1
 90
50
176
1
 90
50
176
1
290
0
176
1
 90
50
176
1
 62
256
176
0
 40
1.0
176
0
 90
2
176
1
  1
strokes_ogs.tif
176
1
290
0
176
1
 40
1.0
176
1
 40
1.0
176
1
  0
VISUALSTYLE
  5
6F
102
{ACAD_REACTORS
330
16
102
}
330
16
100
AcDbVisualStyle
  2
Sketchy
 70
24
177
3
291
0
 70
58
 90
2
176
1
 90
2
176
1
 90
0
176
1
 90
1
176
1
 40
0.6
176
1
 40
30.0
176
1
 62
7
420
16777215
176
1
 90
1
176
1
 90
4
176
1
 62
7
176
1
 62
257
176
1
 90
1
176
1
 90
1
176
1
 40
1.0
176
1
 90
8
176
1
 62
7
176
1
 40
1.0
176
1
 90
1
176
1
 90
6
176
1
 90
2
176
1
 62
7
176
1
 90
5
176
1
 90
0
176
1
 90
0
176
1
290
0
176
1
 90
1
176
1
 40
0.0
176
1
 90
0
176
1
290
0
176
1
290
1
176
1
290
1
176
1
290
0
176
1
290
0
176
1
290
0
176
1
290
0
176
1
290
0
176
1
290
0
176
1
 90
50
176
1
 40
0.0
176
1
 40
1.0
176
1
 90
0
176
1
 62
18
420
0
176
1
 90
50
176
1
 90
3
176
1
 62
5
420
255
176
1
290
0
176
1
 90
50
176
1
 90
50
176
1
 90
50
176
1
290
0
176
1
 90
50
176
1
 62
256
176
0
 40
1.0
176
0
 90
2
176
1
  1
strokes_ogs.tif
176
1
290
0
176
1
 40
1.0
176
1
 40
1.0
176
1
  0
VISUALSTYLE
  5
70
102
{ACAD_REACTORS
330
16
102
}
330
16
100
AcDbVisualStyle
  2
Thicken
 70
13
177
3
291
1
 70
58
 90
2
176
1
 90
2
176
1
 90
0
176
1
 90
2
176
1
 40
0.6
176
1
 40
30.0
176
1
 62
7
420
16777215
176
1
 90
1
176
1
 90
4
176
1
 62
7
176
1
 62
257
176
1
 90
1
176
1
 90
1
176
1
 40
1.0
176
1
 90
8
176
1
 62
7
176
1
 40
1.0
176
1
 90
1
176
1
 90
6
176
1
 90
2
176
1
 62
7
176
1
 90
5
176
1
 90
0
176
1
 90
0
176
1
290
0
176
1
 90
1
176
1
 40
0.0
176
1
 90
0
176
1
290
0
176
1
290
1
176
1
290
1
176
1
290
0
176
1
290
0
176
1
290
0
176
1
290
0
176
1
290
0
176
1
290
0
176
1
 90
50
176
1
 40
0.0
176
1
 40
1.0
176
1
 90
0
176
1
 62
18
420
0
176
1
 90
50
176
1
 90
3
176
1
 62
5
420
255
176
1
290
0
176
1
 90
50
176
1
 90
50
176
1
 90
50
176
1
290
0
176
1
 90
50
176
1
 62
256
176
0
 40
1.0
176
0
 90
2
176
1
  1
strokes_ogs.tif
176
1
290
0
176
1
 40
1.0
176
1
 40
1.0
176
1
  0
VISUALSTYLE
  5
71
102
{ACAD_REACTORS
330
16
102
}
330
16
100
AcDbVisualStyle
  2
Wireframe
 70
5
177
3
291
0
 70
58
 90
2
176
1
 90
2
176
1
 90
0
176
1
 90
0
176
1
 40
0.6
176
1
 40
30.0
176
1
 62
7
420
16777215
176
1
 90
1
176
1
 90
4
176
1
 62
7
176
1
 62
257
176
1
 90
1
176
1
 90
1
176
1
 40
1.0
176
1
 90
8
176
1
 62
7
176
1
 40
1.0
176
1
 90
1
176
1
 90
6
176
1
 90
2
176
1
 62
7
176
1
 90
5
176
1
 90
0
176
1
 90
0
176
1
290
0
176
1
 90
1
176
1
 40
0.0
176
1
 90
0
176
1
290
0
176
1
290
1
176
1
290
1
176
1
290
0
176
1
290
0
176
1
290
0
176
1
290
0
176
1
290
0
176
1
290
0
176
1
 90
50
176
1
 40
0.0
176
1
 40
1.0
176
1
 90
0
176
1
 62
18
420
0
176
1
 90
50
176
1
 90
3
176
1
 62
5
420
255
176
1
290
0
176
1
 90
50
176
1
 90
50
176
1
 90
50
176
1
290
0
176
1
 90
50
176
1
 62
256
176
0
 40
1.0
176
0
 90
2
176
1
  1
strokes_ogs.tif
176
1
290
0
176
1
 40
1.0
176
1
 40
1.0
176
1
  0
VISUALSTYLE
  5
72
102
{ACAD_REACTORS
330
16
102
}
330
16
100
AcDbVisualStyle
  2
X-Ray
 70
25
177
3
291
0
 70
58
 90
2
176
1
 90
2
176
1
 90
0
176
1
 90
2
176
1
 40
0.5
176
1
 40
30.0
176
1
 62
7
420
16777215
176
1
 90
1
176
1
 90
4
176
1
 62
7
176
1
 62
257
176
1
 90
1
176
1
 90
1
176
1
 40
1.0
176
1
 90
8
176
1
 62
7
176
1
 40
1.0
176
1
 90
1
176
1
 90
6
176
1
 90
2
176
1
 62
7
176
1
 90
5
176
1
 90
0
176
1
 90
0
176
1
290
0
176
1
 90
1
176
1
 40
0.0
176
1
 90
0
176
1
290
0
176
1
290
1
176
1
290
1
176
1
290
0
176
1
290
0
176
1
290
0
176
1
290
0
176
1
290
0
176
1
290
0
176
1
 90
50
176
1
 40
0.0
176
1
 40
1.0
176
1
 90
0
176
1
 62
18
420
0
176
1
 90
50
176
1
 90
3
176
1
 62
5
420
255
176
1
290
0
176
1
 90
50
176
1
 90
50
176
1
 90
50
176
1
290
0
176
1
 90
50
176
1
 62
256
176
0
 40
1.0
176
0
 90
2
176
1
  1
strokes_ogs.tif
176
1
290
0
176
1
 40
1.0
176
1
 40
1.0
176
1
  0
LAYOUT
  5
468
330
D
100
AcDbPlotSettings
  1

  2
DWG to PDF.pc3
  4
ezdxf_(841.00_x_594.00_MM)
  6

 40
0.0
 41
0.0
 42
0.0
 43
0.0
 44
841.0
 45
594.0
 46
0.0
 47
0.0
 48
0.0
 49
0.0
140
0.0
141
0.0
142
1.0
143
1.0
 70
672
 72
1
 73
0
 74
5
  7

 75
16
 76
0
 77
2
 78
300
147
1.0
148
0.0
149
0.0
100
AcDbLayout
  1
S01-AGUA
 70
1
 71
3
 10
-0.0
 20
-0.0
 11
841.0
 21
594.0
 12
0.0
 22
0.0
 32
0.0
 14
1e+20
 24
1e+20
 34
1e+20
 15
-1e+20
 25
-1e+20
 35
-1e+20
146
0.0
 13
0.0
 23
0.0
 33
0.0
 16
1.0
 26
0.0
 36
0.0
 17
0.0
 27
1.0
 37
0.0
 76
1
330
465
331
469
  0
DICTIONARYVAR
  5
557
330
2D
100
DictionaryVariables
280
0
  1
1.4.4 @ 2026-10-07T02:31:02.951351+00:00
  0
ENDSEC
  0
EOF
