  0
SECTION
  2
HEADER
  9
$ACADVER
  1
AC1032
  9
$ACADMAINTVER
 90
4
  9
$DWGCODEPAGE
  3
ANSI_1252
  9
$LASTSAVEDBY
  1
ezdxf
  9
$REQUIREDVERSIONS
160
0
  9
$INSBASE
 10
0.0
 20
0.0
 30
0.0
  9
$EXTMIN
 10
1e+20
 20
1e+20
 30
1e+20
  9
$EXTMAX
 10
-1e+20
 20
-1e+20
 30
-1e+20
  9
$LIMMIN
 10
0.0
 20
0.0
  9
$LIMMAX
 10
420.0
 20
297.0
  9
$ORTHOMODE
 70
0
  9
$REGENMODE
 70
1
  9
$FILLMODE
 70
1
  9
$QTEXTMODE
 70
0
  9
$MIRRTEXT
 70
1
  9
$LTSCALE
 40
1.0
  9
$ATTMODE
 70
1
  9
$TEXTSIZE
 40
2.5
  9
$TRACEWID
 40
1.0
  9
$TEXTSTYLE
  7
OpenSans
  9
$CLAYER
  8
0
  9
$CELTYPE
  6
ByLayer
  9
$CECOLOR
 62
256
  9
$CELTSCALE
 40
1.0
  9
$DISPSILH
 70
0
  9
$DIMSCALE
 40
1.0
  9
$DIMASZ
 40
0.175
  9
$DIMEXO
 40
0.125
  9
$DIMDLI
 40
3.75
  9
$DIMRND
 40
0.0
  9
$DIMDLE
 40
0.0
  9
$DIMEXE
 40
0.375
  9
$DIMTP
 40
0.0
  9
$DIMTM
 40
0.0
  9
$DIMTXT
 40
0.25
  9
$DIMCEN
 40
2.5
  9
$DIMTSZ
 40
0.0
  9
$DIMTOL
 70
0
  9
$DIMLIM
 70
0
  9
$DIMTIH
 70
0
  9
$DIMTOH
 70
0
  9
$DIMSE1
 70
0
  9
$DIMSE2
 70
0
  9
$DIMTAD
 70
1
  9
$DIMZIN
 70
12
  9
$DIMBLK
  1
ARCHTICK
  9
$DIMASO
 70
1
  9
$DIMSHO
 70
1
  9
$DIMPOST
  1

  9
$DIMAPOST
  1

  9
$DIMALT
 70
0
  9
$DIMALTD
 70
3
  9
$DIMALTF
 40
0.03937007874
  9
$DIMLFAC
 40
100.0
  9
$DIMTOFL
 70
1
  9
$DIMTVP
 40
0.0
  9
$DIMTIX
 70
0
  9
$DIMSOXD
 70
0
  9
$DIMSAH
 70
0
  9
$DIMBLK1
  1

  9
$DIMBLK2
  1

  9
$DIMSTYLE
  2
EZDXF
  9
$DIMCLRD
 70
0
  9
$DIMCLRE
 70
0
  9
$DIMCLRT
 70
0
  9
$DIMTFAC
 40
0.5
  9
$DIMGAP
 40
0.1
  9
$DIMJUST
 70
0
  9
$DIMSD1
 70
0
  9
$DIMSD2
 70
0
  9
$DIMTOLJ
 70
0
  9
$DIMTZIN
 70
8
  9
$DIMALTZ
 70
0
  9
$DIMALTTZ
 70
0
  9
$DIMUPT
 70
1
  9
$DIMDEC
 70
2
  9
$DIMTDEC
 70
2
  9
$DIMALTU
 70
2
  9
$DIMALTTD
 70
3
  9
$DIMTXSTY
  7
OpenSansCondensed-Light
  9
$DIMAUNIT
 70
0
  9
$DIMADEC
 70
2
  9
$DIMALTRND
 40
0.0
  9
$DIMAZIN
 70
3
  9
$DIMDSEP
 70
46
  9
$DIMATFIT
 70
3
  9
$DIMFRAC
 70
0
  9
$DIMLDRBLK
  1

  9
$DIMLUNIT
 70
2
  9
$DIMLWD
 70
-2
  9
$DIMLWE
 70
-2
  9
$DIMTMOVE
 70
2
  9
$DIMFXL
 40
1.0
  9
$DIMFXLON
 70
0
  9
$DIMJOGANG
 40
0.785398163397
  9
$DIMTFILL
 70
0
  9
$DIMTFILLCLR
 70
0
  9
$DIMARCSYM
 70
0
  9
$DIMLTYPE
  6

  9
$DIMLTEX1
  6

  9
$DIMLTEX2
  6

  9
$DIMTXTDIRECTION
 70
0
  9
$LUNITS
 70
2
  9
$LUPREC
 70
2
  9
$SKETCHINC
 40
1.0
  9
$FILLETRAD
 40
10.0
  9
$AUNITS
 70
1
  9
$AUPREC
 70
2
  9
$MENU
  1
.
  9
$ELEVATION
 40
0.0
  9
$PELEVATION
 40
0.0
  9
$THICKNESS
 40
0.0
  9
$LIMCHECK
 70
0
  9
$CHAMFERA
 40
0.0
  9
$CHAMFERB
 40
0.0
  9
$CHAMFERC
 40
0.0
  9
$CHAMFERD
 40
0.0
  9
$SKPOLY
 70
0
  9
$TDCREATE
 40
2461321.079039352
  9
$TDUCREATE
 40
2458532.153996898
  9
$TDUPDATE
 40
2461321.079039352
  9
$TDUUPDATE
 40
2458532.1544311
  9
$TDINDWG
 40
0.0
  9
$TDUSRTIMER
 40
0.0
  9
$USRTIMER
 70
1
  9
$ANGBASE
 50
0.0
  9
$ANGDIR
 70
0
  9
$PDMODE
 70
0
  9
$PDSIZE
 40
0.0
  9
$PLINEWID
 40
0.0
  9
$SPLFRAME
 70
0
  9
$SPLINETYPE
 70
6
  9
$SPLINESEGS
 70
8
  9
$HANDSEED
  5
457
  9
$SURFTAB1
 70
6
  9
$SURFTAB2
 70
6
  9
$SURFTYPE
 70
6
  9
$SURFU
 70
6
  9
$SURFV
 70
6
  9
$UCSBASE
  2

  9
$UCSNAME
  2

  9
$UCSORG
 10
0.0
 20
0.0
 30
0.0
  9
$UCSXDIR
 10
1.0
 20
0.0
 30
0.0
  9
$UCSYDIR
 10
0.0
 20
1.0
 30
0.0
  9
$UCSORTHOREF
  2

  9
$UCSORTHOVIEW
 70
0
  9
$UCSORGTOP
 10
0.0
 20
0.0
 30
0.0
  9
$UCSORGBOTTOM
 10
0.0
 20
0.0
 30
0.0
  9
$UCSORGLEFT
 10
0.0
 20
0.0
 30
0.0
  9
$UCSORGRIGHT
 10
0.0
 20
0.0
 30
0.0
  9
$UCSORGFRONT
 10
0.0
 20
0.0
 30
0.0
  9
$UCSORGBACK
 10
0.0
 20
0.0
 30
0.0
  9
$PUCSBASE
  2

  9
$PUCSNAME
  2

  9
$PUCSORG
 10
0.0
 20
0.0
 30
0.0
  9
$PUCSXDIR
 10
1.0
 20
0.0
 30
0.0
  9
$PUCSYDIR
 10
0.0
 20
1.0
 30
0.0
  9
$PUCSORTHOREF
  2

  9
$PUCSORTHOVIEW
 70
0
  9
$PUCSORGTOP
 10
0.0
 20
0.0
 30
0.0
  9
$PUCSORGBOTTOM
 10
0.0
 20
0.0
 30
0.0
  9
$PUCSORGLEFT
 10
0.0
 20
0.0
 30
0.0
  9
$PUCSORGRIGHT
 10
0.0
 20
0.0
 30
0.0
  9
$PUCSORGFRONT
 10
0.0
 20
0.0
 30
0.0
  9
$PUCSORGBACK
 10
0.0
 20
0.0
 30
0.0
  9
$USERI1
 70
0
  9
$USERI2
 70
0
  9
$USERI3
 70
0
  9
$USERI4
 70
0
  9
$USERI5
 70
0
  9
$USERR1
 40
0.0
  9
$USERR2
 40
0.0
  9
$USERR3
 40
0.0
  9
$USERR4
 40
0.0
  9
$USERR5
 40
0.0
  9
$WORLDVIEW
 70
1
  9
$SHADEDGE
 70
3
  9
$SHADEDIF
 70
70
  9
$TILEMODE
 70
1
  9
$MAXACTVP
 70
64
  9
$PINSBASE
 10
0.0
 20
0.0
 30
0.0
  9
$PLIMCHECK
 70
0
  9
$PEXTMIN
 10
1e+20
 20
1e+20
 30
1e+20
  9
$PEXTMAX
 10
-1e+20
 20
-1e+20
 30
-1e+20
  9
$PLIMMIN
 10
-0.0
 20
-0.0
  9
$PLIMMAX
 10
841.0
 20
594.0
  9
$UNITMODE
 70
0
  9
$VISRETAIN
 70
1
  9
$PLINEGEN
 70
0
  9
$PSLTSCALE
 70
1
  9
$TREEDEPTH
 70
3020
  9
$CMLSTYLE
  2
Standard
  9
$CMLJUST
 70
0
  9
$CMLSCALE
 40
20.0
  9
$PROXYGRAPHICS
 70
1
  9
$MEASUREMENT
 70
1
  9
$CELWEIGHT
370
-1
  9
$ENDCAPS
280
0
  9
$JOINSTYLE
280
0
  9
$LWDISPLAY
290
1
  9
$INSUNITS
 70
6
  9
$HYPERLINKBASE
  1

  9
$STYLESHEET
  1

  9
$XEDIT
290
1
  9
$CEPSNTYPE
380
0
  9
$PSTYLEMODE
290
1
  9
$FINGERPRINTGUID
  2
{E80EDB30-35CD-43BF-9B1A-CEEF2E67DAB6}
  9
$VERSIONGUID
  2
{68B5DB84-D2C1-46B5-B669-A5F758250ED0}
  9
$EXTNAMES
290
1
  9
$PSVPSCALE
 40
0.0
  9
$OLESTARTUP
290
0
  9
$SORTENTS
280
127
  9
$INDEXCTL
280
0
  9
$HIDETEXT
280
1
  9
$XCLIPFRAME
280
1
  9
$HALOGAP
280
0
  9
$OBSCOLOR
 70
257
  9
$OBSLTYPE
280
0
  9
$INTERSECTIONDISPLAY
280
0
  9
$INTERSECTIONCOLOR
 70
257
  9
$DIMASSOC
280
2
  9
$PROJECTNAME
  1

  9
$CAMERADISPLAY
290
0
  9
$LENSLENGTH
 40
50.0
  9
$CAMERAHEIGHT
 40
0.0
  9
$STEPSPERSEC
 40
24.0
  9
$STEPSIZE
 40
100.0
  9
$3DDWFPREC
 40
2.0
  9
$PSOLWIDTH
 40
0.005
  9
$PSOLHEIGHT
 40
0.08
  9
$LOFTANG1
 40
1.570796326795
  9
$LOFTANG2
 40
1.570796326795
  9
$LOFTMAG1
 40
0.0
  9
$LOFTMAG2
 40
0.0
  9
$LOFTPARAM
 70
7
  9
$LOFTNORMALS
280
1
  9
$LATITUDE
 40
37.795
  9
$LONGITUDE
 40
-122.394
  9
$NORTHDIRECTION
 40
0.0
  9
$TIMEZONE
 70
-8000
  9
$LIGHTGLYPHDISPLAY
280
1
  9
$TILEMODELIGHTSYNCH
280
1
  9
$CMATERIAL
347
20
  9
$SOLIDHIST
280
0
  9
$SHOWHIST
280
1
  9
$DWFFRAME
280
2
  9
$DGNFRAME
280
2
  9
$REALWORLDSCALE
290
1
  9
$INTERFERECOLOR
 62
256
  9
$CSHADOW
280
0
  9
$SHADOWPLANELOCATION
 40
0.0
  0
ENDSEC
  0
SECTION
  2
CLASSES
  0
CLASS
  1
ACDBDICTIONARYWDFLT
  2
AcDbDictionaryWithDefault
  3
ObjectDBX Classes
 90
0
 91
0
280
0
281
0
  0
CLASS
  1
SUN
  2
AcDbSun
  3
SCENEOE
 90
1153
 91
0
280
0
281
0
  0
CLASS
  1
VISUALSTYLE
  2
AcDbVisualStyle
  3
ObjectDBX Classes
 90
4095
 91
0
280
0
281
0
  0
CLASS
  1
MATERIAL
  2
AcDbMaterial
  3
ObjectDBX Classes
 90
1153
 91
0
280
0
281
0
  0
CLASS
  1
SCALE
  2
AcDbScale
  3
ObjectDBX Classes
 90
1153
 91
0
280
0
281
0
  0
CLASS
  1
TABLESTYLE
  2
AcDbTableStyle
  3
ObjectDBX Classes
 90
4095
 91
0
280
0
281
0
  0
CLASS
  1
MLEADERSTYLE
  2
AcDbMLeaderStyle
  3
ACDB_MLEADERSTYLE_CLASS
 90
4095
 91
0
280
0
281
0
  0
CLASS
  1
DICTIONARYVAR
  2
AcDbDictionaryVar
  3
ObjectDBX Classes
 90
0
 91
0
280
0
281
0
  0
CLASS
  1
CELLSTYLEMAP
  2
AcDbCellStyleMap
  3
ObjectDBX Classes
 90
1152
 91
0
280
0
281
0
  0
CLASS
  1
MENTALRAYRENDERSETTINGS
  2
AcDbMentalRayRenderSettings
  3
SCENEOE
 90
1024
 91
0
280
0
281
0
  0
CLASS
  1
ACDBDETAILVIEWSTYLE
  2
AcDbDetailViewStyle
  3
ObjectDBX Classes
 90
1025
 91
0
280
0
281
0
  0
CLASS
  1
ACDBSECTIONVIEWSTYLE
  2
AcDbSectionViewStyle
  3
ObjectDBX Classes
 90
1025
 91
0
280
0
281
0
  0
CLASS
  1
RASTERVARIABLES
  2
AcDbRasterVariables
  3
ISM
 90
0
 91
0
280
0
281
0
  0
CLASS
  1
ACDBPLACEHOLDER
  2
AcDbPlaceHolder
  3
ObjectDBX Classes
 90
0
 91
0
280
0
281
0
  0
CLASS
  1
LAYOUT
  2
AcDbLayout
  3
ObjectDBX Classes
 90
0
 91
0
280
0
281
0
  0
ENDSEC
  0
SECTION
  2
TABLES
  0
TABLE
  2
VPORT
  5
8
330
0
100
AcDbSymbolTable
 70
1
  0
VPORT
  5
23
330
8
100
AcDbSymbolTableRecord
100
AcDbViewportTableRecord
  2
*Active
 70
0
 10
0.0
 20
0.0
 11
1.0
 21
1.0
 12
0.0
 22
0.0
 13
0.0
 23
0.0
 14
0.5
 24
0.5
 15
0.5
 25
0.5
 16
0.0
 26
0.0
 36
1.0
 17
0.0
 27
0.0
 37
0.0
 40
1000.0
 41
1.34
 42
50.0
 43
0.0
 44
0.0
 50
0.0
 51
0.0
 71
0
 72
1000
 73
1
 74
3
 75
0
 76
0
 77
0
 78
0
281
0
 65
0
146
0.0
  0
ENDTAB
  0
TABLE
  2
LTYPE
  5
2
330
0
100
AcDbSymbolTable
 70
21
  0
LTYPE
  5
24
330
2
100
AcDbSymbolTableRecord
100
AcDbLinetypeTableRecord
  2
ByBlock
 70
0
  3

 72
65
 73
0
 40
0.0
  0
LTYPE
  5
25
330
2
100
AcDbSymbolTableRecord
100
AcDbLinetypeTableRecord
  2
ByLayer
 70
0
  3

 72
65
 73
0
 40
0.0
  0
LTYPE
  5
26
330
2
100
AcDbSymbolTableRecord
100
AcDbLinetypeTableRecord
  2
Continuous
 70
0
  3

 72
65
 73
0
 40
0.0
  0
LTYPE
  5
2F
330
2
100
AcDbSymbolTableRecord
100
AcDbLinetypeTableRecord
  2
CENTER
 70
0
  3
Center ____ _ ____ _ ____ _ ____ _ ____ _ ____
 72
65
 73
4
 40
5.08
 49
3.175
 74
0
 49
-0.635
 74
0
 49
0.635
 74
0
 49
-0.635
 74
0
  0
LTYPE
  5
30
330
2
100
AcDbSymbolTableRecord
100
AcDbLinetypeTableRecord
  2
CENTERX2
 70
0
  3
Center (2x) ________  __  ________  __  ________
 72
65
 73
4
 40
8.89
 49
6.35
 74
0
 49
-0.635
 74
0
 49
1.27
 74
0
 49
-0.635
 74
0
  0
LTYPE
  5
31
330
2
100
AcDbSymbolTableRecord
100
AcDbLinetypeTableRecord
  2
CENTER2
 70
0
  3
Center (.5x) ____ _ ____ _ ____ _ ____ _ ____
 72
65
 73
4
 40
2.54
 49
1.587
 74
0
 49
-0.318
 74
0
 49
0.318
 74
0
 49
-0.318
 74
0
  0
LTYPE
  5
32
330
2
100
AcDbSymbolTableRecord
100
AcDbLinetypeTableRecord
  2
DASHED
 70
0
  3
Dashed __ __ __ __ __ __ __ __ __ __ __ __ __ _
 72
65
 73
2
 40
1.524
 49
1.27
 74
0
 49
-0.254
 74
0
  0
LTYPE
  5
33
330
2
100
AcDbSymbolTableRecord
100
AcDbLinetypeTableRecord
  2
DASHEDX2
 70
0
  3
Dashed (2x) ____  ____  ____  ____  ____  ____
 72
65
 73
2
 40
3.048
 49
2.54
 74
0
 49
-0.508
 74
0
  0
LTYPE
  5
34
330
2
100
AcDbSymbolTableRecord
100
AcDbLinetypeTableRecord
  2
DASHED2
 70
0
  3
Dashed (.5x) _ _ _ _ _ _ _ _ _ _ _ _ _ _
 72
65
 73
2
 40
0.762
 49
0.635
 74
0
 49
-0.127
 74
0
  0
LTYPE
  5
35
330
2
100
AcDbSymbolTableRecord
100
AcDbLinetypeTableRecord
  2
PHANTOM
 70
0
  3
Phantom ______  __  __  ______  __  __  ______
 72
65
 73
6
 40
6.35
 49
3.175
 74
0
 49
-0.635
 74
0
 49
0.635
 74
0
 49
-0.635
 74
0
 49
0.635
 74
0
 49
-0.635
 74
0
  0
LTYPE
  5
36
330
2
100
AcDbSymbolTableRecord
100
AcDbLinetypeTableRecord
  2
PHANTOMX2
 70
0
  3
Phantom (2x)____________    ____    ____    ____________
 72
65
 73
6
 40
10.795
 49
6.35
 74
0
 49
-0.635
 74
0
 49
1.27
 74
0
 49
-0.635
 74
0
 49
1.27
 74
0
 49
-0.635
 74
0
  0
LTYPE
  5
37
330
2
100
AcDbSymbolTableRecord
100
AcDbLinetypeTableRecord
  2
PHANTOM2
 70
0
  3
Phantom (.5x) ___ _ _ ___ _ _ ___ _ _ ___ _ _ ___
 72
65
 73
6
 40
3.175
 49
1.587
 74
0
 49
-0.318
 74
0
 49
0.318
 74
0
 49
-0.318
 74
0
 49
0.318
 74
0
 49
-0.318
 74
0
  0
LTYPE
  5
38
330
2
100
AcDbSymbolTableRecord
100
AcDbLinetypeTableRecord
  2
DASHDOT
 70
0
  3
Dash dot __ . __ . __ . __ . __ . __ . __ . __
 72
65
 73
4
 40
3.556
 49
2.54
 74
0
 49
-0.508
 74
0
 49
0.0
 74
0
 49
-0.508
 74
0
  0
LTYPE
  5
39
330
2
100
AcDbSymbolTableRecord
100
AcDbLinetypeTableRecord
  2
DASHDOTX2
 70
0
  3
Dash dot (2x) ____  .  ____  .  ____  .  ____
 72
65
 73
4
 40
6.096
 49
5.08
 74
0
 49
-0.508
 74
0
 49
0.0
 74
0
 49
-0.508
 74
0
  0
LTYPE
  5
3A
330
2
100
AcDbSymbolTableRecord
100
AcDbLinetypeTableRecord
  2
DASHDOT2
 70
0
  3
Dash dot (.5x) _ . _ . _ . _ . _ . _ . _ . _
 72
65
 73
4
 40
1.778
 49
1.27
 74
0
 49
-0.254
 74
0
 49
0.0
 74
0
 49
-0.254
 74
0
  0
LTYPE
  5
3B
330
2
100
AcDbSymbolTableRecord
100
AcDbLinetypeTableRecord
  2
DOT
 70
0
  3
Dot .  .  .  .  .  .  .  .  .  .  .  .  .  .  .  .
 72
65
 73
2
 40
0.508
 49
0.0
 74
0
 49
-0.508
 74
0
  0
LTYPE
  5
3C
330
2
100
AcDbSymbolTableRecord
100
AcDbLinetypeTableRecord
  2
DOTX2
 70
0
  3
Dot (2x) .    .    .    .    .    .    .    . 
 72
65
 73
2
 40
1.016
 49
0.0
 74
0
 49
-1.016
 74
0
  0
LTYPE
  5
3D
330
2
100
AcDbSymbolTableRecord
100
AcDbLinetypeTableRecord
  2
DOT2
 70
0
  3
Dot (.5) . . . . . . . . . . . . . . . . . . . 
 72
65
 73
2
 40
0.254
 49
0.0
 74
0
 49
-0.254
 74
0
  0
LTYPE
  5
3E
330
2
100
AcDbSymbolTableRecord
100
AcDbLinetypeTableRecord
  2
DIVIDE
 70
0
  3
Divide __ . . __ . . __ . . __ . . __ . . __
 72
65
 73
6
 40
4.064
 49
2.54
 74
0
 49
-0.508
 74
0
 49
0.0
 74
0
 49
-0.508
 74
0
 49
0.0
 74
0
 49
-0.508
 74
0
  0
LTYPE
  5
3F
330
2
100
AcDbSymbolTableRecord
100
AcDbLinetypeTableRecord
  2
DIVIDEX2
 70
0
  3
Divide (2x) ____  . .  ____  . .  ____  . .  ____
 72
65
 73
6
 40
6.604
 49
5.08
 74
0
 49
-0.508
 74
0
 49
0.0
 74
0
 49
-0.508
 74
0
 49
0.0
 74
0
 49
-0.508
 74
0
  0
LTYPE
  5
40
330
2
100
AcDbSymbolTableRecord
100
AcDbLinetypeTableRecord
  2
DIVIDE2
 70
0
  3
Divide(.5x) _ . _ . _ . _ . _ . _ . _ . _
 72
65
 73
6
 40
2.032
 49
1.27
 74
0
 49
-0.254
 74
0
 49
0.0
 74
0
 49
-0.254
 74
0
 49
0.0
 74
0
 49
-0.254
 74
0
  0
ENDTAB
  0
TABLE
  2
LAYER
  5
1
330
0
100
AcDbSymbolTable
 70
43
  0
LAYER
  5
27
330
1
100
AcDbSymbolTableRecord
100
AcDbLayerTableRecord
  2
0
 70
0
 62
7
  6
Continuous
370
-3
390
13
347
21
  0
LAYER
  5
28
330
1
100
AcDbSymbolTableRecord
100
AcDbLayerTableRecord
  2
Defpoints
 70
0
 62
7
  6
Continuous
290
0
370
-3
390
13
347
21
  0
LAYER
  5
8B
330
1
100
AcDbSymbolTableRecord
100
AcDbLayerTableRecord
  2
A-MARCO
 70
0
 62
7
  6
Continuous
370
70
390
13
347
21
  0
LAYER
  5
8C
330
1
100
AcDbSymbolTableRecord
100
AcDbLayerTableRecord
  2
A-CAJETIN
 70
0
 62
7
  6
Continuous
370
35
390
13
347
21
  0
LAYER
  5
8D
330
1
100
AcDbSymbolTableRecord
100
AcDbLayerTableRecord
  2
A-CAJETIN-TXT
 70
0
 62
7
  6
Continuous
370
25
390
13
347
21
  0
LAYER
  5
8E
330
1
100
AcDbSymbolTableRecord
100
AcDbLayerTableRecord
  2
A-TITULOS
 70
0
 62
7
  6
Continuous
370
35
390
13
347
21
  0
LAYER
  5
8F
330
1
100
AcDbSymbolTableRecord
100
AcDbLayerTableRecord
  2
A-TEXTO
 70
0
 62
7
  6
Continuous
370
18
390
13
347
21
  0
LAYER
  5
90
330
1
100
AcDbSymbolTableRecord
100
AcDbLayerTableRecord
  2
A-TABLAS
 70
0
 62
7
  6
Continuous
370
25
390
13
347
21
  0
LAYER
  5
91
330
1
100
AcDbSymbolTableRecord
100
AcDbLayerTableRecord
  2
A-NOTAS
 70
0
 62
7
  6
Continuous
370
18
390
13
347
21
  0
LAYER
  5
92
330
1
100
AcDbSymbolTableRecord
100
AcDbLayerTableRecord
  2
A-ESCALA-GRAF
 70
0
 62
7
  6
Continuous
370
18
390
13
347
21
  0
LAYER
  5
93
330
1
100
AcDbSymbolTableRecord
100
AcDbLayerTableRecord
  2
A-NORTE
 70
0
 62
7
  6
Continuous
370
25
390
13
347
21
  0
LAYER
  5
94
330
1
100
AcDbSymbolTableRecord
100
AcDbLayerTableRecord
  2
A-IMAGEN-REF
 70
0
 62
7
  6
Continuous
370
13
390
13
347
21
  0
LAYER
  5
95
330
1
100
AcDbSymbolTableRecord
100
AcDbLayerTableRecord
  2
A-VIEWPORT
 70
0
 62
8
  6
Continuous
290
0
370
13
390
13
347
21
  0
LAYER
  5
96
330
1
100
AcDbSymbolTableRecord
100
AcDbLayerTableRecord
  2
A-PENDIENTE
 70
0
 62
1
  6
Continuous
370
25
390
13
347
21
  0
LAYER
  5
97
330
1
100
AcDbSymbolTableRecord
100
AcDbLayerTableRecord
  2
T-LINDERO
 70
0
 62
7
  6
Continuous
370
50
390
13
347
21
  0
LAYER
  5
98
330
1
100
AcDbSymbolTableRecord
100
AcDbLayerTableRecord
  2
T-VERTICE
 70
0
 62
7
  6
Continuous
370
25
390
13
347
21
  0
LAYER
  5
99
330
1
100
AcDbSymbolTableRecord
100
AcDbLayerTableRecord
  2
T-CALLE
 70
0
 62
8
  6
DASHED
370
18
390
13
347
21
  0
LAYER
  5
9A
330
1
100
AcDbSymbolTableRecord
100
AcDbLayerTableRecord
  2
T-TXT-200
 70
0
 62
7
  6
Continuous
370
18
390
13
347
21
  0
LAYER
  5
9B
330
1
100
AcDbSymbolTableRecord
100
AcDbLayerTableRecord
  2
T-COTA-200
 70
0
 62
7
  6
Continuous
370
18
390
13
347
21
  0
LAYER
  5
9C
330
1
100
AcDbSymbolTableRecord
100
AcDbLayerTableRecord
  2
T-TXT-100
 70
0
 62
7
  6
Continuous
370
18
390
13
347
21
  0
LAYER
  5
9D
330
1
100
AcDbSymbolTableRecord
100
AcDbLayerTableRecord
  2
T-COTA-100
 70
0
 62
7
  6
Continuous
370
18
390
13
347
21
  0
LAYER
  5
9E
330
1
100
AcDbSymbolTableRecord
100
AcDbLayerTableRecord
  2
A-HUELLA
 70
0
 62
7
  6
Continuous
370
35
390
13
347
21
  0
LAYER
  5
9F
330
1
100
AcDbSymbolTableRecord
100
AcDbLayerTableRecord
  2
A-HUELLA-TRAMA
 70
0
 62
8
  6
Continuous
370
9
390
13
347
21
  0
LAYER
  5
A0
330
1
100
AcDbSymbolTableRecord
100
AcDbLayerTableRecord
  2
A-PATIO
 70
0
 62
7
  6
Continuous
370
25
390
13
347
21
  0
LAYER
  5
A1
330
1
100
AcDbSymbolTableRecord
100
AcDbLayerTableRecord
  2
A-RETIRO
 70
0
 62
8
  6
DASHED2
370
18
390
13
347
21
  0
LAYER
  5
A2
330
1
100
AcDbSymbolTableRecord
100
AcDbLayerTableRecord
  2
A-MURO
 70
0
 62
7
  6
Continuous
370
50
390
13
347
21
  0
LAYER
  5
A3
330
1
100
AcDbSymbolTableRecord
100
AcDbLayerTableRecord
  2
A-MURO-TRAMA
 70
0
 62
8
  6
Continuous
370
9
390
13
347
21
  0
LAYER
  5
A4
330
1
100
AcDbSymbolTableRecord
100
AcDbLayerTableRecord
  2
A-PUERTA
 70
0
 62
7
  6
Continuous
370
25
390
13
347
21
  0
LAYER
  5
A5
330
1
100
AcDbSymbolTableRecord
100
AcDbLayerTableRecord
  2
A-VENTANA
 70
0
 62
7
  6
Continuous
370
25
390
13
347
21
  0
LAYER
  5
A6
330
1
100
AcDbSymbolTableRecord
100
AcDbLayerTableRecord
  2
A-ESCALERA
 70
0
 62
7
  6
Continuous
370
25
390
13
347
21
  0
LAYER
  5
A7
330
1
100
AcDbSymbolTableRecord
100
AcDbLayerTableRecord
  2
A-VEHICULO
 70
0
 62
8
  6
Continuous
370
18
390
13
347
21
  0
LAYER
  5
A8
330
1
100
AcDbSymbolTableRecord
100
AcDbLayerTableRecord
  2
A-MOBILIARIO
 70
0
 62
8
  6
Continuous
370
18
390
13
347
21
  0
LAYER
  5
A9
330
1
100
AcDbSymbolTableRecord
100
AcDbLayerTableRecord
  2
A-DEMARCACION
 70
0
 62
8
  6
DASHED
370
18
390
13
347
21
  0
LAYER
  5
AA
330
1
100
AcDbSymbolTableRecord
100
AcDbLayerTableRecord
  2
A-PROYECCION
 70
0
 62
8
  6
DASHED
370
18
390
13
347
21
  0
LAYER
  5
AB
330
1
100
AcDbSymbolTableRecord
100
AcDbLayerTableRecord
  2
A-EJES
 70
0
 62
8
  6
CENTER
370
13
390
13
347
21
  0
LAYER
  5
AC
330
1
100
AcDbSymbolTableRecord
100
AcDbLayerTableRecord
  2
A-EJES-TXT
 70
0
 62
7
  6
Continuous
370
25
390
13
347
21
  0
LAYER
  5
AD
330
1
100
AcDbSymbolTableRecord
100
AcDbLayerTableRecord
  2
A-COTA-50
 70
0
 62
7
  6
Continuous
370
18
390
13
347
21
  0
LAYER
  5
AE
330
1
100
AcDbSymbolTableRecord
100
AcDbLayerTableRecord
  2
A-TXT-50
 70
0
 62
7
  6
Continuous
370
18
390
13
347
21
  0
LAYER
  5
AF
330
1
100
AcDbSymbolTableRecord
100
AcDbLayerTableRecord
  2
A-ESPACIOS
 70
0
 62
7
  6
Continuous
370
25
390
13
347
21
  0
LAYER
  5
B0
330
1
100
AcDbSymbolTableRecord
100
AcDbLayerTableRecord
  2
A-NIVELES
 70
0
 62
7
  6
Continuous
370
18
390
13
347
21
  0
LAYER
  5
B1
330
1
100
AcDbSymbolTableRecord
100
AcDbLayerTableRecord
  2
A-CORTES
 70
0
 62
7
  6
Continuous
370
35
390
13
347
21
  0
LAYER
  5
B2
330
1
100
AcDbSymbolTableRecord
100
AcDbLayerTableRecord
  2
A-JARDIN
 70
0
 62
8
  6
Continuous
370
9
390
13
347
21
  0
LAYER
  5
B3
330
1
100
AcDbSymbolTableRecord
100
AcDbLayerTableRecord
  2
E-COLUMNA
 70
0
 62
7
  6
Continuous
370
35
390
13
347
21
  0
ENDTAB
  0
TABLE
  2
STYLE
  5
5
330
0
100
AcDbSymbolTable
 70
27
  0
STYLE
  5
29
330
5
100
AcDbSymbolTableRecord
100
AcDbTextStyleTableRecord
  2
Standard
 70
0
 40
0.0
 41
1.0
 50
0.0
 71
0
 42
2.5
  3
txt
  4

  0
STYLE
  5
41
330
5
100
AcDbSymbolTableRecord
100
AcDbTextStyleTableRecord
  2
OpenSans-Light
 70
0
 40
0.0
 41
1.0
 50
0.0
 71
0
 42
2.5
  3
OpenSans-Light.ttf
  4

  0
STYLE
  5
42
330
5
100
AcDbSymbolTableRecord
100
AcDbTextStyleTableRecord
  2
OpenSans-Light-Italic
 70
0
 40
0.0
 41
1.0
 50
0.0
 71
0
 42
2.5
  3
OpenSans-LightItalic.ttf
  4

  0
STYLE
  5
43
330
5
100
AcDbSymbolTableRecord
100
AcDbTextStyleTableRecord
  2
OpenSans
 70
0
 40
0.0
 41
1.0
 50
0.0
 71
0
 42
2.5
  3
OpenSans-Regular.ttf
  4

  0
STYLE
  5
44
330
5
100
AcDbSymbolTableRecord
100
AcDbTextStyleTableRecord
  2
OpenSans-Italic
 70
0
 40
0.0
 41
1.0
 50
0.0
 71
0
 42
2.5
  3
OpenSans-Italic.ttf
  4

  0
STYLE
  5
45
330
5
100
AcDbSymbolTableRecord
100
AcDbTextStyleTableRecord
  2
OpenSans-SemiBold
 70
0
 40
0.0
 41
1.0
 50
0.0
 71
0
 42
2.5
  3
OpenSans-SemiBold.ttf
  4

  0
STYLE
  5
46
330
5
100
AcDbSymbolTableRecord
100
AcDbTextStyleTableRecord
  2
OpenSans-SemiBoldItalic
 70
0
 40
0.0
 41
1.0
 50
0.0
 71
0
 42
2.5
  3
OpenSans-SemiBoldItalic.ttf
  4

  0
STYLE
  5
47
330
5
100
AcDbSymbolTableRecord
100
AcDbTextStyleTableRecord
  2
OpenSans-Bold
 70
0
 40
0.0
 41
1.0
 50
0.0
 71
0
 42
2.5
  3
OpenSans-Bold.ttf
  4

  0
STYLE
  5
48
330
5
100
AcDbSymbolTableRecord
100
AcDbTextStyleTableRecord
  2
OpenSans-BoldItalic
 70
0
 40
0.0
 41
1.0
 50
0.0
 71
0
 42
2.5
  3
OpenSans-BoldItalic.ttf
  4

  0
STYLE
  5
49
330
5
100
AcDbSymbolTableRecord
100
AcDbTextStyleTableRecord
  2
OpenSans-ExtraBold
 70
0
 40
0.0
 41
1.0
 50
0.0
 71
0
 42
2.5
  3
OpenSans-ExtraBold.ttf
  4

  0
STYLE
  5
4A
330
5
100
AcDbSymbolTableRecord
100
AcDbTextStyleTableRecord
  2
OpenSans-ExtraBoldItalic
 70
0
 40
0.0
 41
1.0
 50
0.0
 71
0
 42
2.5
  3
OpenSans-ExtraBoldItalic.ttf
  4

  0
STYLE
  5
4B
330
5
100
AcDbSymbolTableRecord
100
AcDbTextStyleTableRecord
  2
OpenSansCondensed-Bold
 70
0
 40
0.0
 41
1.0
 50
0.0
 71
0
 42
2.5
  3
OpenSansCondensed-Bold.ttf
  4

  0
STYLE
  5
4C
330
5
100
AcDbSymbolTableRecord
100
AcDbTextStyleTableRecord
  2
OpenSansCondensed-Light
 70
0
 40
0.0
 41
1.0
 50
0.0
 71
0
 42
2.5
  3
OpenSansCondensed-Light.ttf
  4

  0
STYLE
  5
4D
330
5
100
AcDbSymbolTableRecord
100
AcDbTextStyleTableRecord
  2
OpenSansCondensed-Italic
 70
0
 40
0.0
 41
1.0
 50
0.0
 71
0
 42
2.5
  3
OpenSansCondensed-LightItalic.ttf
  4

  0
STYLE
  5
4E
330
5
100
AcDbSymbolTableRecord
100
AcDbTextStyleTableRecord
  2
LiberationSans
 70
0
 40
0.0
 41
1.0
 50
0.0
 71
0
 42
2.5
  3
LiberationSans-Regular.ttf
  4

  0
STYLE
  5
4F
330
5
100
AcDbSymbolTableRecord
100
AcDbTextStyleTableRecord
  2
LiberationSans-Bold
 70
0
 40
0.0
 41
1.0
 50
0.0
 71
0
 42
2.5
  3
LiberationSans-Bold.ttf
  4

  0
STYLE
  5
50
330
5
100
AcDbSymbolTableRecord
100
AcDbTextStyleTableRecord
  2
LiberationSans-BoldItalic
 70
0
 40
0.0
 41
1.0
 50
0.0
 71
0
 42
2.5
  3
LiberationSans-BoldItalic.ttf
  4

  0
STYLE
  5
51
330
5
100
AcDbSymbolTableRecord
100
AcDbTextStyleTableRecord
  2
LiberationSans-Italic
 70
0
 40
0.0
 41
1.0
 50
0.0
 71
0
 42
2.5
  3
LiberationSans-Italic.ttf
  4

  0
STYLE
  5
52
330
5
100
AcDbSymbolTableRecord
100
AcDbTextStyleTableRecord
  2
LiberationSerif
 70
0
 40
0.0
 41
1.0
 50
0.0
 71
0
 42
2.5
  3
LiberationSerif-Regular.ttf
  4

  0
STYLE
  5
53
330
5
100
AcDbSymbolTableRecord
100
AcDbTextStyleTableRecord
  2
LiberationSerif-Bold
 70
0
 40
0.0
 41
1.0
 50
0.0
 71
0
 42
2.5
  3
LiberationSerif-Bold.ttf
  4

  0
STYLE
  5
54
330
5
100
AcDbSymbolTableRecord
100
AcDbTextStyleTableRecord
  2
LiberationSerif-BoldItalic
 70
0
 40
0.0
 41
1.0
 50
0.0
 71
0
 42
2.5
  3
LiberationSerif-BoldItalic.ttf
  4

  0
STYLE
  5
55
330
5
100
AcDbSymbolTableRecord
100
AcDbTextStyleTableRecord
  2
LiberationSerif-Italic
 70
0
 40
0.0
 41
1.0
 50
0.0
 71
0
 42
2.5
  3
LiberationSerif-Italic.ttf
  4

  0
STYLE
  5
56
330
5
100
AcDbSymbolTableRecord
100
AcDbTextStyleTableRecord
  2
LiberationMono
 70
0
 40
0.0
 41
1.0
 50
0.0
 71
0
 42
2.5
  3
LiberationMono-Regular.ttf
  4

  0
STYLE
  5
57
330
5
100
AcDbSymbolTableRecord
100
AcDbTextStyleTableRecord
  2
LiberationMono-Bold
 70
0
 40
0.0
 41
1.0
 50
0.0
 71
0
 42
2.5
  3
LiberationMono-Bold.ttf
  4

  0
STYLE
  5
58
330
5
100
AcDbSymbolTableRecord
100
AcDbTextStyleTableRecord
  2
LiberationMono-BoldItalic
 70
0
 40
0.0
 41
1.0
 50
0.0
 71
0
 42
2.5
  3
LiberationMono-BoldItalic.ttf
  4

  0
STYLE
  5
59
330
5
100
AcDbSymbolTableRecord
100
AcDbTextStyleTableRecord
  2
LiberationMono-Italic
 70
0
 40
0.0
 41
1.0
 50
0.0
 71
0
 42
2.5
  3
LiberationMono-Italic.ttf
  4

  0
STYLE
  5
8A
330
5
100
AcDbSymbolTableRecord
100
AcDbTextStyleTableRecord
  2
ARIAL
 70
0
 40
0.0
 41
1.0
 50
0.0
 71
0
 42
2.5
  3
arial.ttf
  4

  0
ENDTAB
  0
TABLE
  2
VIEW
  5
7
330
0
100
AcDbSymbolTable
 70
0
  0
ENDTAB
  0
TABLE
  2
UCS
  5
6
330
0
100
AcDbSymbolTable
 70
1
  0
UCS
  5
BE
330
6
100
AcDbSymbolTableRecord
100
AcDbUCSTableRecord
  2
CRTM05
 70
0
 10
1082031.2332330009
 20
-541190.9422756801
 30
0.0
 11
0.047348521075471196
 21
0.9988784298161442
 31
0.0
 12
-0.9988784298161442
 22
0.047348521075471196
 32
0.0
  0
ENDTAB
  0
TABLE
  2
APPID
  5
3
330
0
100
AcDbSymbolTable
 70
3
  0
APPID
  5
2A
330
3
100
AcDbSymbolTableRecord
100
AcDbRegAppTableRecord
  2
ACAD
 70
0
  0
APPID
  5
454
330
3
100
AcDbSymbolTableRecord
100
AcDbRegAppTableRecord
  2
HATCHBACKGROUNDCOLOR
 70
0
  0
APPID
  5
455
330
3
100
AcDbSymbolTableRecord
100
AcDbRegAppTableRecord
  2
EZDXF
 70
0
  0
ENDTAB
  0
TABLE
  2
DIMSTYLE
  5
4
330
0
100
AcDbSymbolTable
 70
15
100
AcDbDimStyleTable
  0
DIMSTYLE
105
2B
330
4
100
AcDbSymbolTableRecord
100
AcDbDimStyleTableRecord
  2
Standard
 70
0
 40
1.0
 41
2.5
 42
0.625
 43
3.75
 44
1.25
 45
0.0
 46
0.0
 47
0.0
 48
0.0
 49
2.5
140
2.5
141
2.5
142
0.0
143
0.03937007874
144
1.0
145
0.0
146
1.0
147
0.625
148
0.0
 69
0
 70
0
 71
0
 72
0
 73
0
 74
0
 75
0
 76
0
 77
1
 78
8
 79
3
170
0
171
3
172
1
173
0
174
0
175
0
176
0
177
0
178
0
179
2
271
2
272
2
273
2
274
3
275
0
276
0
277
2
278
44
279
0
280
0
281
0
282
0
283
0
284
8
285
0
286
0
288
0
289
3
290
0
371
-2
372
-2
  0
DIMSTYLE
105
73
330
4
100
AcDbSymbolTableRecord
100
AcDbDimStyleTableRecord
  2
EZDXF
 70
0
 40
1.0
 41
0.175
 42
0.125
 43
3.75
 44
0.375
 45
0.0
 46
0.0
 47
0.0
 48
0.0
 49
2.5
140
0.25
141
2.5
142
0.0
143
0.03937007874
144
100.0
145
0.0
146
0.5
147
0.1
148
0.0
 69
0
 70
0
 71
0
 72
0
 73
0
 74
0
 75
0
 76
0
 77
1
 78
12
 79
3
170
0
171
3
172
1
173
0
174
0
175
0
176
0
177
0
178
0
179
2
271
2
272
2
273
2
274
3
275
0
276
0
277
2
278
46
279
2
280
0
281
0
282
0
283
0
284
8
285
0
286
0
288
1
289
3
290
0
340
4C
342
74
371
-2
372
-2
  0
DIMSTYLE
105
7C
330
4
100
AcDbSymbolTableRecord
100
AcDbDimStyleTableRecord
  2
EZ_M_100_H25_CM
 70
0
 40
1.0
 41
0.25
 42
0.125
 43
3.75
 44
0.375
 45
0.0
 46
0.0
 47
0.0
 48
0.0
 49
2.5
140
0.25
141
2.5
142
0.125
143
0.03937007874
144
100.0
145
0.0
146
0.5
147
0.1
148
0.0
 69
0
 70
0
 71
0
 72
0
 73
0
 74
0
 75
0
 76
0
 77
1
 78
12
 79
3
170
0
171
3
172
1
173
0
174
0
175
0
176
0
177
0
178
0
179
2
271
2
272
2
273
2
274
3
275
0
276
0
277
2
278
46
279
2
280
0
281
0
282
0
283
0
284
8
285
0
286
0
288
1
289
3
290
0
340
4C
371
-2
372
-2
  0
DIMSTYLE
105
7D
330
4
100
AcDbSymbolTableRecord
100
AcDbDimStyleTableRecord
  2
EZ_M_50_H25_CM
 70
0
 40
1.0
 41
0.125
 42
0.0625
 43
3.75
 44
0.1875
 45
0.0
 46
0.0
 47
0.0
 48
0.0
 49
2.5
140
0.125
141
2.5
142
0.0625
143
0.03937007874
144
100.0
145
0.0
146
0.5
147
0.05
148
0.0
 69
0
 70
0
 71
0
 72
0
 73
0
 74
0
 75
0
 76
0
 77
1
 78
12
 79
3
170
0
171
3
172
1
173
0
174
0
175
0
176
0
177
0
178
0
179
2
271
2
272
2
273
2
274
3
275
0
276
0
277
2
278
46
279
2
280
0
281
0
282
0
283
0
284
8
285
0
286
0
288
1
289
3
290
0
340
4C
371
-2
372
-2
  0
DIMSTYLE
105
7E
330
4
100
AcDbSymbolTableRecord
100
AcDbDimStyleTableRecord
  2
EZ_M_25_H25_CM
 70
0
 40
1.0
 41
0.0625
 42
0.03125
 43
3.75
 44
0.09375
 45
0.0
 46
0.0
 47
0.0
 48
0.0
 49
2.5
140
0.0625
141
2.5
142
0.03125
143
0.03937007874
144
100.0
145
0.0
146
0.5
147
0.025
148
0.0
 69
0
 70
0
 71
0
 72
0
 73
0
 74
0
 75
0
 76
0
 77
1
 78
12
 79
3
170
0
171
3
172
1
173
0
174
0
175
0
176
0
177
0
178
0
179
2
271
2
272
2
273
2
274
3
275
0
276
0
277
2
278
46
279
2
280
0
281
0
282
0
283
0
284
8
285
0
286
0
288
1
289
3
290
0
340
4C
371
-2
372
-2
  0
DIMSTYLE
105
7F
330
4
100
AcDbSymbolTableRecord
100
AcDbDimStyleTableRecord
  2
EZ_M_20_H25_CM
 70
0
 40
1.0
 41
0.05
 42
0.025
 43
3.75
 44
0.07500000000000001
 45
0.0
 46
0.0
 47
0.0
 48
0.0
 49
2.5
140
0.05
141
2.5
142
0.025
143
0.03937007874
144
100.0
145
0.0
146
0.5
147
0.020000000000000004
148
0.0
 69
0
 70
0
 71
0
 72
0
 73
0
 74
0
 75
0
 76
0
 77
1
 78
12
 79
3
170
0
171
3
172
1
173
0
174
0
175
0
176
0
177
0
178
0
179
2
271
2
272
2
273
2
274
3
275
0
276
0
277
2
278
46
279
2
280
0
281
0
282
0
283
0
284
8
285
0
286
0
288
1
289
3
290
0
340
4C
371
-2
372
-2
  0
DIMSTYLE
105
80
330
4
100
AcDbSymbolTableRecord
100
AcDbDimStyleTableRecord
  2
EZ_M_10_H25_CM
 70
0
 40
1.0
 41
0.025
 42
0.0125
 43
3.75
 44
0.037500000000000006
 45
0.0
 46
0.0
 47
0.0
 48
0.0
 49
2.5
140
0.025
141
2.5
142
0.0125
143
0.03937007874
144
100.0
145
0.0
146
0.5
147
0.010000000000000002
148
0.0
 69
0
 70
0
 71
0
 72
0
 73
0
 74
0
 75
0
 76
0
 77
1
 78
12
 79
3
170
0
171
3
172
1
173
0
174
0
175
0
176
0
177
0
178
0
179
2
271
2
272
2
273
2
274
3
275
0
276
0
277
2
278
46
279
2
280
0
281
0
282
0
283
0
284
8
285
0
286
0
288
1
289
3
290
0
340
4C
371
-2
372
-2
  0
DIMSTYLE
105
81
330
4
100
AcDbSymbolTableRecord
100
AcDbDimStyleTableRecord
  2
EZ_M_5_H25_CM
 70
0
 40
1.0
 41
0.0125
 42
0.00625
 43
3.75
 44
0.018750000000000003
 45
0.0
 46
0.0
 47
0.0
 48
0.0
 49
2.5
140
0.0125
141
2.5
142
0.00625
143
0.03937007874
144
100.0
145
0.0
146
0.5
147
0.005000000000000001
148
0.0
 69
0
 70
0
 71
0
 72
0
 73
0
 74
0
 75
0
 76
0
 77
1
 78
12
 79
3
170
0
171
3
172
1
173
0
174
0
175
0
176
0
177
0
178
0
179
2
271
2
272
2
273
2
274
3
275
0
276
0
277
2
278
46
279
2
280
0
281
0
282
0
283
0
284
8
285
0
286
0
288
1
289
3
290
0
340
4C
371
-2
372
-2
  0
DIMSTYLE
105
82
330
4
100
AcDbSymbolTableRecord
100
AcDbDimStyleTableRecord
  2
EZ_M_1_H25_CM
 70
0
 40
1.0
 41
0.0025
 42
0.00125
 43
3.75
 44
0.00375
 45
0.0
 46
0.0
 47
0.0
 48
0.0
 49
2.5
140
0.0025
141
2.5
142
0.00125
143
0.03937007874
144
100.0
145
0.0
146
0.5
147
0.001
148
0.0
 69
0
 70
0
 71
0
 72
0
 73
0
 74
0
 75
0
 76
0
 77
1
 78
12
 79
3
170
0
171
3
172
1
173
0
174
0
175
0
176
0
177
0
178
0
179
2
271
2
272
2
273
2
274
3
275
0
276
0
277
2
278
46
279
2
280
0
281
0
282
0
283
0
284
8
285
0
286
0
288
1
289
3
290
0
340
4C
371
-2
372
-2
  0
DIMSTYLE
105
83
330
4
100
AcDbSymbolTableRecord
100
AcDbDimStyleTableRecord
  2
EZ_RADIUS
 70
0
 40
1.0
 41
0.25
 42
0.125
 43
3.75
 44
0.375
 45
0.0
 46
0.0
 47
0.0
 48
0.0
 49
2.5
140
0.25
141
0.0
142
0.0
143
0.03937007874
144
100.0
145
0.0
146
0.5
147
0.1
148
0.0
 69
0
 70
0
 71
0
 72
0
 73
0
 74
0
 75
0
 76
0
 77
1
 78
12
 79
3
170
0
171
3
172
0
173
0
174
0
175
0
176
0
177
0
178
0
179
2
271
2
272
2
273
2
274
3
275
0
276
0
277
2
278
46
279
1
280
0
281
0
282
0
283
0
284
8
285
0
286
0
288
1
289
3
290
0
340
4C
342
84
371
-2
372
-2
  0
DIMSTYLE
105
88
330
4
100
AcDbSymbolTableRecord
100
AcDbDimStyleTableRecord
  2
EZ_RADIUS_INSIDE
 70
0
 40
1.0
 41
0.25
 42
0.125
 43
3.75
 44
0.375
 45
0.0
 46
0.0
 47
0.0
 48
0.0
 49
2.5
140
0.25
141
0.0
142
0.0
143
0.03937007874
144
100.0
145
0.0
146
0.5
147
0.1
148
0.0
 69
0
 70
0
 71
0
 72
0
 73
0
 74
0
 75
0
 76
0
 77
0
 78
12
 79
3
170
0
171
3
172
0
173
0
174
1
175
0
176
0
177
0
178
0
179
2
271
2
272
2
273
2
274
3
275
0
276
0
277
2
278
46
279
0
280
0
281
0
282
0
283
0
284
8
285
0
286
0
288
1
289
0
290
0
340
4C
342
84
371
-2
372
-2
  0
DIMSTYLE
105
89
330
4
100
AcDbSymbolTableRecord
100
AcDbDimStyleTableRecord
  2
EZ_CURVED
 70
0
 40
1.0
 41
0.25
 42
0.125
 43
3.75
 44
0.375
 45
0.0
 46
0.0
 47
0.0
 48
0.0
 49
2.5
140
0.25
141
2.5
142
0.0
143
0.03937007874
144
100.0
145
0.0
146
0.5
147
0.1
148
0.0
 69
0
 70
0
 71
0
 72
0
 73
0
 74
0
 75
0
 76
0
 77
1
 78
12
 79
2
 90
2
170
0
171
3
172
1
173
0
174
0
175
0
176
0
177
0
178
0
179
2
271
2
272
2
273
2
274
3
275
0
276
0
277
2
278
46
279
2
280
0
281
0
282
0
283
0
284
8
285
0
286
0
288
1
289
3
290
0
340
4C
371
-2
372
-2
  0
DIMSTYLE
105
B4
330
4
100
AcDbSymbolTableRecord
100
AcDbDimStyleTableRecord
  2
COTA-50
 70
0
 40
1.0
 41
0.06
 42
0.05
 43
3.75
 44
0.05
 45
0.0
 46
0.05
 47
0.0
 48
0.0
 49
2.5
140
0.11000000000000001
141
2.5
142
0.06
143
0.03937007874
144
1.0
145
0.0
146
1.0
147
0.04000000000000001
148
0.0
 69
0
 70
0
 71
0
 72
0
 73
0
 74
0
 75
0
 76
0
 77
1
 78
0
 79
3
170
0
171
3
172
1
173
0
174
0
175
0
176
7
177
7
178
7
179
2
271
2
272
2
273
2
274
3
275
0
276
0
277
2
278
46
279
0
280
0
281
0
282
0
283
0
284
8
285
0
286
0
288
0
289
3
290
0
340
8A
371
18
372
13
  0
DIMSTYLE
105
B5
330
4
100
AcDbSymbolTableRecord
100
AcDbDimStyleTableRecord
  2
COTA-100
 70
0
 40
1.0
 41
0.12
 42
0.1
 43
3.75
 44
0.1
 45
0.0
 46
0.1
 47
0.0
 48
0.0
 49
2.5
140
0.22000000000000003
141
2.5
142
0.12
143
0.03937007874
144
1.0
145
0.0
146
1.0
147
0.08000000000000002
148
0.0
 69
0
 70
0
 71
0
 72
0
 73
0
 74
0
 75
0
 76
0
 77
1
 78
0
 79
3
170
0
171
3
172
1
173
0
174
0
175
0
176
7
177
7
178
7
179
2
271
2
272
2
273
2
274
3
275
0
276
0
277
2
278
46
279
0
280
0
281
0
282
0
283
0
284
8
285
0
286
0
288
0
289
3
290
0
340
8A
371
18
372
13
  0
DIMSTYLE
105
B6
330
4
100
AcDbSymbolTableRecord
100
AcDbDimStyleTableRecord
  2
COTA-200
 70
0
 40
1.0
 41
0.24
 42
0.2
 43
3.75
 44
0.2
 45
0.0
 46
0.2
 47
0.0
 48
0.0
 49
2.5
140
0.44000000000000006
141
2.5
142
0.24
143
0.03937007874
144
1.0
145
0.0
146
1.0
147
0.16000000000000003
148
0.0
 69
0
 70
0
 71
0
 72
0
 73
0
 74
0
 75
0
 76
0
 77
1
 78
0
 79
3
170
0
171
3
172
1
173
0
174
0
175
0
176
7
177
7
178
7
179
2
271
2
272
2
273
2
274
3
275
0
276
0
277
2
278
46
279
0
280
0
281
0
282
0
283
0
284
8
285
0
286
0
288
0
289
3
290
0
340
8A
371
18
372
13
  0
ENDTAB
  0
TABLE
  2
BLOCK_RECORD
  5
9
330
0
100
AcDbSymbolTable
 70
38
  0
BLOCK_RECORD
  5
17
330
9
100
AcDbSymbolTableRecord
100
AcDbBlockTableRecord
  2
*Model_Space
340
1A
 70
0
280
1
281
0
  0
BLOCK_RECORD
  5
74
330
9
100
AcDbSymbolTableRecord
100
AcDbBlockTableRecord
  2
_ARCHTICK
340
0
 70
0
280
1
281
0
  0
BLOCK_RECORD
  5
78
330
9
100
AcDbSymbolTableRecord
100
AcDbBlockTableRecord
  2
_CLOSEDFILLED
340
0
 70
0
280
1
281
0
  0
BLOCK_RECORD
  5
84
330
9
100
AcDbSymbolTableRecord
100
AcDbBlockTableRecord
  2
_CLOSEDBLANK
340
0
 70
0
280
1
281
0
  0
BLOCK_RECORD
  5
B7
330
9
100
AcDbSymbolTableRecord
100
AcDbBlockTableRecord
  2
NORTE
340
0
 70
0
280
1
281
0
  0
BLOCK_RECORD
  5
168
330
9
100
AcDbSymbolTableRecord
100
AcDbBlockTableRecord
  2
*D1
340
0
 70
0
280
1
281
0
  0
BLOCK_RECORD
  5
16D
330
9
100
AcDbSymbolTableRecord
100
AcDbBlockTableRecord
  2
_OBLIQUE
340
0
 70
0
280
1
281
0
  0
BLOCK_RECORD
  5
17B
330
9
100
AcDbSymbolTableRecord
100
AcDbBlockTableRecord
  2
*D2
340
0
 70
0
280
1
281
0
  0
BLOCK_RECORD
  5
18A
330
9
100
AcDbSymbolTableRecord
100
AcDbBlockTableRecord
  2
*D3
340
0
 70
0
280
1
281
0
  0
BLOCK_RECORD
  5
199
330
9
100
AcDbSymbolTableRecord
100
AcDbBlockTableRecord
  2
*D4
340
0
 70
0
280
1
281
0
  0
BLOCK_RECORD
  5
1A8
330
9
100
AcDbSymbolTableRecord
100
AcDbBlockTableRecord
  2
*D5
340
0
 70
0
280
1
281
0
  0
BLOCK_RECORD
  5
1B7
330
9
100
AcDbSymbolTableRecord
100
AcDbBlockTableRecord
  2
*D6
340
0
 70
0
280
1
281
0
  0
BLOCK_RECORD
  5
1C6
330
9
100
AcDbSymbolTableRecord
100
AcDbBlockTableRecord
  2
*D7
340
0
 70
0
280
1
281
0
  0
BLOCK_RECORD
  5
1D5
330
9
100
AcDbSymbolTableRecord
100
AcDbBlockTableRecord
  2
*D8
340
0
 70
0
280
1
281
0
  0
BLOCK_RECORD
  5
1E4
330
9
100
AcDbSymbolTableRecord
100
AcDbBlockTableRecord
  2
*D9
340
0
 70
0
280
1
281
0
  0
BLOCK_RECORD
  5
1F3
330
9
100
AcDbSymbolTableRecord
100
AcDbBlockTableRecord
  2
*D10
340
0
 70
0
280
1
281
0
  0
BLOCK_RECORD
  5
202
330
9
100
AcDbSymbolTableRecord
100
AcDbBlockTableRecord
  2
*D11
340
0
 70
0
280
1
281
0
  0
BLOCK_RECORD
  5
211
330
9
100
AcDbSymbolTableRecord
100
AcDbBlockTableRecord
  2
*D12
340
0
 70
0
280
1
281
0
  0
BLOCK_RECORD
  5
220
330
9
100
AcDbSymbolTableRecord
100
AcDbBlockTableRecord
  2
*D13
340
0
 70
0
280
1
281
0
  0
BLOCK_RECORD
  5
22F
330
9
100
AcDbSymbolTableRecord
100
AcDbBlockTableRecord
  2
*D14
340
0
 70
0
280
1
281
0
  0
BLOCK_RECORD
  5
23E
330
9
100
AcDbSymbolTableRecord
100
AcDbBlockTableRecord
  2
*D15
340
0
 70
0
280
1
281
0
  0
BLOCK_RECORD
  5
24D
330
9
100
AcDbSymbolTableRecord
100
AcDbBlockTableRecord
  2
*D16
340
0
 70
0
280
1
281
0
  0
BLOCK_RECORD
  5
25C
330
9
100
AcDbSymbolTableRecord
100
AcDbBlockTableRecord
  2
*D17
340
0
 70
0
280
1
281
0
  0
BLOCK_RECORD
  5
26B
330
9
100
AcDbSymbolTableRecord
100
AcDbBlockTableRecord
  2
*D18
340
0
 70
0
280
1
281
0
  0
BLOCK_RECORD
  5
27A
330
9
100
AcDbSymbolTableRecord
100
AcDbBlockTableRecord
  2
*D19
340
0
 70
0
280
1
281
0
  0
BLOCK_RECORD
  5
289
330
9
100
AcDbSymbolTableRecord
100
AcDbBlockTableRecord
  2
*D20
340
0
 70
0
280
1
281
0
  0
BLOCK_RECORD
  5
298
330
9
100
AcDbSymbolTableRecord
100
AcDbBlockTableRecord
  2
*D21
340
0
 70
0
280
1
281
0
  0
BLOCK_RECORD
  5
2A7
330
9
100
AcDbSymbolTableRecord
100
AcDbBlockTableRecord
  2
*D22
340
0
 70
0
280
1
281
0
  0
BLOCK_RECORD
  5
2B6
330
9
100
AcDbSymbolTableRecord
100
AcDbBlockTableRecord
  2
*D23
340
0
 70
0
280
1
281
0
  0
BLOCK_RECORD
  5
2C5
330
9
100
AcDbSymbolTableRecord
100
AcDbBlockTableRecord
  2
*D24
340
0
 70
0
280
1
281
0
  0
BLOCK_RECORD
  5
2D4
330
9
100
AcDbSymbolTableRecord
100
AcDbBlockTableRecord
  2
*D25
340
0
 70
0
280
1
281
0
  0
BLOCK_RECORD
  5
2E3
330
9
100
AcDbSymbolTableRecord
100
AcDbBlockTableRecord
  2
*D26
340
0
 70
0
280
1
281
0
  0
BLOCK_RECORD
  5
2F2
330
9
100
AcDbSymbolTableRecord
100
AcDbBlockTableRecord
  2
*D27
340
0
 70
0
280
1
281
0
  0
BLOCK_RECORD
  5
301
330
9
100
AcDbSymbolTableRecord
100
AcDbBlockTableRecord
  2
*D28
340
0
 70
0
280
1
281
0
  0
BLOCK_RECORD
  5
310
330
9
100
AcDbSymbolTableRecord
100
AcDbBlockTableRecord
  2
*D29
340
0
 70
0
280
1
281
0
  0
BLOCK_RECORD
  5
330
330
9
100
AcDbSymbolTableRecord
100
AcDbBlockTableRecord
  2
*Paper_Space
340
333
 70
0
280
1
281
0
  0
BLOCK_RECORD
  5
1B
330
9
100
AcDbSymbolTableRecord
100
AcDbBlockTableRecord
  2
*Paper_Space0
340
1E
 70
0
280
1
281
0
  0
BLOCK_RECORD
  5
3E8
330
9
100
AcDbSymbolTableRecord
100
AcDbBlockTableRecord
  2
CAJETIN_A1
340
0
 70
0
280
1
281
0
  0
ENDTAB
  0
ENDSEC
  0
SECTION
  2
BLOCKS
  0
BLOCK
  5
18
330
17
100
AcDbEntity
  8
0
100
AcDbBlockBegin
  2
*Model_Space
 70
0
 10
0.0
 20
0.0
 30
0.0
  3
*Model_Space
  1

  0
ENDBLK
  5
19
330
17
100
AcDbEntity
  8
0
100
AcDbBlockEnd
  0
BLOCK
  5
75
330
74
100
AcDbEntity
  8
0
100
AcDbBlockBegin
  2
_ARCHTICK
 70
0
 10
0.0
 20
0.0
 30
0.0
  3
_ARCHTICK
  1

  0
LWPOLYLINE
  5
77
330
74
100
AcDbEntity
  8
0
  6
BYBLOCK
 62
0
100
AcDbPolyline
 90
2
 70
0
 43
0.15
 10
-0.5
 20
-0.5
 10
0.5
 20
0.5
  0
ENDBLK
  5
76
330
74
100
AcDbEntity
  8
0
100
AcDbBlockEnd
  0
BLOCK
  5
79
330
78
100
AcDbEntity
  8
0
100
AcDbBlockBegin
  2
_CLOSEDFILLED
 70
0
 10
0.0
 20
0.0
 30
0.0
  3
_CLOSEDFILLED
  1

  0
SOLID
  5
7B
330
78
100
AcDbEntity
  8
0
  6
BYBLOCK
 62
0
100
AcDbTrace
 10
-1.0
 20
0.16439898372402537
 30
0.0
 11
0.0
 21
0.0
 31
0.0
 12
-1.0
 22
-0.16439898372402537
 32
0.0
 13
-1.0
 23
-0.16439898372402537
 33
0.0
  0
ENDBLK
  5
7A
330
78
100
AcDbEntity
  8
0
100
AcDbBlockEnd
  0
BLOCK
  5
85
330
84
100
AcDbEntity
  8
0
100
AcDbBlockBegin
  2
_CLOSEDBLANK
 70
0
 10
0.0
 20
0.0
 30
0.0
  3
_CLOSEDBLANK
  1

  0
LWPOLYLINE
  5
87
330
84
100
AcDbEntity
  8
0
  6
BYBLOCK
 62
0
100
AcDbPolyline
 90
3
 70
1
 10
-1.0
 20
0.16439898372402537
 10
0.0
 20
0.0
 10
-1.0
 20
-0.16439898372402537
  0
ENDBLK
  5
86
330
84
100
AcDbEntity
  8
0
100
AcDbBlockEnd
  0
BLOCK
  5
B8
330
B7
100
AcDbEntity
  8
0
100
AcDbBlockBegin
  2
NORTE
 70
0
 10
0.0
 20
0.0
 30
0.0
  3
NORTE
  1

  0
LWPOLYLINE
  5
BA
330
B7
100
AcDbEntity
  8
0
100
AcDbPolyline
 90
4
 70
1
 10
0.0
 20
12.0
 10
-4.5
 20
-9.0
 10
0.0
 20
-5.0
 10
4.5
 20
-9.0
  0
HATCH
  5
BB
330
B7
100
AcDbEntity
  8
0
 62
0
100
AcDbHatch
 10
0.0
 20
0.0
 30
0.0
210
0.0
220
0.0
230
1.0
  2
SOLID
 70
1
 71
0
 91
1
 92
3
 72
0
 73
1
 93
3
 10
0.0
 20
12.0
 10
0.0
 20
-5.0
 10
-4.5
 20
-9.0
 97
0
 75
0
 76
1
 98
0
  0
CIRCLE
  5
BC
330
B7
100
AcDbEntity
  8
0
100
AcDbCircle
 10
0.0
 20
0.0
 30
0.0
 40
10.5
  0
TEXT
  5
BD
330
B7
100
AcDbEntity
  8
0
100
AcDbText
 10
0.0
 20
14.5
 30
0.0
 40
5.0
  1
N
  7
ARIAL
 72
1
 11
0.0
 21
14.5
 31
0.0
100
AcDbText
 73
1
  0
ENDBLK
  5
B9
330
B7
100
AcDbEntity
  8
0
100
AcDbBlockEnd
  0
BLOCK
  5
169
330
168
100
AcDbEntity
  8
0
100
AcDbBlockBegin
  2
*D1
 70
1
 10
0.0
 20
0.0
 30
0.0
  3
*D1
  1

  0
LINE
  5
16B
330
168
100
AcDbEntity
  8
0
 62
7
370
13
100
AcDbLine
 10
0.0
 20
-0.05
 30
0.0
 11
0.0
 21
-1.8
 31
0.0
  0
LINE
  5
16C
330
168
100
AcDbEntity
  8
0
 62
7
370
13
100
AcDbLine
 10
2.06
 20
-0.05
 30
0.0
 11
2.06
 21
-1.8
 31
0.0
  0
INSERT
  5
171
330
168
100
AcDbEntity
  8
A-COTA-50
 62
7
100
AcDbBlockReference
  2
_OBLIQUE
 10
0.0
 20
-1.75
 30
0.0
 41
0.12
 42
0.12
  0
INSERT
  5
173
330
168
100
AcDbEntity
  8
A-COTA-50
 62
7
100
AcDbBlockReference
  2
_OBLIQUE
 10
2.06
 20
-1.75
 30
0.0
 41
0.12
 42
0.12
  0
LINE
  5
175
330
168
100
AcDbEntity
  8
0
 62
7
370
18
100
AcDbLine
 10
-0.05
 20
-1.75
 30
0.0
 11
2.11
 21
-1.75
 31
0.0
  0
MTEXT
  5
176
330
168
100
AcDbEntity
  8
A-COTA-50
 62
7
100
AcDbMText
 10
1.03
 20
-1.655
 30
0.0
 40
0.11000000000000001
 71
5
  1
2.06
  7
ARIAL
  0
POINT
  5
177
330
168
100
AcDbEntity
  8
Defpoints
100
AcDbPoint
 10
0.0
 20
-1.75
 30
0.0
  0
POINT
  5
178
330
168
100
AcDbEntity
  8
Defpoints
100
AcDbPoint
 10
0.0
 20
0.0
 30
0.0
  0
POINT
  5
179
330
168
100
AcDbEntity
  8
Defpoints
100
AcDbPoint
 10
2.06
 20
0.0
 30
0.0
  0
ENDBLK
  5
16A
330
168
100
AcDbEntity
  8
0
100
AcDbBlockEnd
  0
BLOCK
  5
16E
330
16D
100
AcDbEntity
  8
0
100
AcDbBlockBegin
  2
_OBLIQUE
 70
0
 10
0.0
 20
0.0
 30
0.0
  3
_OBLIQUE
  1

  0
LINE
  5
170
330
16D
100
AcDbEntity
  8
0
  6
BYBLOCK
 62
0
100
AcDbLine
 10
-0.5
 20
-0.5
 30
0.0
 11
0.5
 21
0.5
 31
0.0
  0
ENDBLK
  5
16F
330
16D
100
AcDbEntity
  8
0
100
AcDbBlockEnd
  0
BLOCK
  5
17C
330
17B
100
AcDbEntity
  8
0
100
AcDbBlockBegin
  2
*D2
 70
1
 10
0.0
 20
0.0
 30
0.0
  3
*D2
  1

  0
LINE
  5
17E
330
17B
100
AcDbEntity
  8
0
 62
7
370
13
100
AcDbLine
 10
2.06
 20
-0.05
 30
0.0
 11
2.06
 21
-1.8
 31
0.0
  0
LINE
  5
17F
330
17B
100
AcDbEntity
  8
0
 62
7
370
13
100
AcDbLine
 10
25.18
 20
-0.05
 30
0.0
 11
25.18
 21
-1.8
 31
0.0
  0
INSERT
  5
180
330
17B
100
AcDbEntity
  8
A-COTA-50
 62
7
100
AcDbBlockReference
  2
_OBLIQUE
 10
2.06
 20
-1.75
 30
0.0
 41
0.12
 42
0.12
  0
INSERT
  5
182
330
17B
100
AcDbEntity
  8
A-COTA-50
 62
7
100
AcDbBlockReference
  2
_OBLIQUE
 10
25.18
 20
-1.75
 30
0.0
 41
0.12
 42
0.12
  0
LINE
  5
184
330
17B
100
AcDbEntity
  8
0
 62
7
370
18
100
AcDbLine
 10
2.0100000000000002
 20
-1.75
 30
0.0
 11
25.23
 21
-1.75
 31
0.0
  0
MTEXT
  5
185
330
17B
100
AcDbEntity
  8
A-COTA-50
 62
7
100
AcDbMText
 10
13.620000000000001
 20
-1.655
 30
0.0
 40
0.11000000000000001
 71
5
  1
23.12
  7
ARIAL
  0
POINT
  5
186
330
17B
100
AcDbEntity
  8
Defpoints
100
AcDbPoint
 10
2.06
 20
-1.75
 30
0.0
  0
POINT
  5
187
330
17B
100
AcDbEntity
  8
Defpoints
100
AcDbPoint
 10
2.06
 20
0.0
 30
0.0
  0
POINT
  5
188
330
17B
100
AcDbEntity
  8
Defpoints
100
AcDbPoint
 10
25.18
 20
0.0
 30
0.0
  0
ENDBLK
  5
17D
330
17B
100
AcDbEntity
  8
0
100
AcDbBlockEnd
  0
BLOCK
  5
18B
330
18A
100
AcDbEntity
  8
0
100
AcDbBlockBegin
  2
*D3
 70
1
 10
0.0
 20
0.0
 30
0.0
  3
*D3
  1

  0
LINE
  5
18D
330
18A
100
AcDbEntity
  8
0
 62
7
370
13
100
AcDbLine
 10
25.18
 20
-0.05
 30
0.0
 11
25.18
 21
-1.8
 31
0.0
  0
LINE
  5
18E
330
18A
100
AcDbEntity
  8
0
 62
7
370
13
100
AcDbLine
 10
28.511978184595964
 20
-0.05
 30
0.0
 11
28.511978184595964
 21
-1.8
 31
0.0
  0
INSERT
  5
18F
330
18A
100
AcDbEntity
  8
A-COTA-50
 62
7
100
AcDbBlockReference
  2
_OBLIQUE
 10
25.18
 20
-1.75
 30
0.0
 41
0.12
 42
0.12
  0
INSERT
  5
191
330
18A
100
AcDbEntity
  8
A-COTA-50
 62
7
100
AcDbBlockReference
  2
_OBLIQUE
 10
28.511978184595964
 20
-1.75
 30
0.0
 41
0.12
 42
0.12
  0
LINE
  5
193
330
18A
100
AcDbEntity
  8
0
 62
7
370
18
100
AcDbLine
 10
25.13
 20
-1.75
 30
0.0
 11
28.561978184595965
 21
-1.75
 31
0.0
  0
MTEXT
  5
194
330
18A
100
AcDbEntity
  8
A-COTA-50
 62
7
100
AcDbMText
 10
26.845989092297984
 20
-1.655
 30
0.0
 40
0.11000000000000001
 71
5
  1
3.33
  7
ARIAL
  0
POINT
  5
195
330
18A
100
AcDbEntity
  8
Defpoints
100
AcDbPoint
 10
25.18
 20
-1.75
 30
0.0
  0
POINT
  5
196
330
18A
100
AcDbEntity
  8
Defpoints
100
AcDbPoint
 10
25.18
 20
0.0
 30
0.0
  0
POINT
  5
197
330
18A
100
AcDbEntity
  8
Defpoints
100
AcDbPoint
 10
28.511978184595964
 20
0.0
 30
0.0
  0
ENDBLK
  5
18C
330
18A
100
AcDbEntity
  8
0
100
AcDbBlockEnd
  0
BLOCK
  5
19A
330
199
100
AcDbEntity
  8
0
100
AcDbBlockBegin
  2
*D4
 70
1
 10
0.0
 20
0.0
 30
0.0
  3
*D4
  1

  0
LINE
  5
19C
330
199
100
AcDbEntity
  8
0
 62
7
370
13
100
AcDbLine
 10
2.1350000000000002
 20
0.024999999999999994
 30
0.0
 11
2.1350000000000002
 21
-1.2
 31
0.0
  0
LINE
  5
19D
330
199
100
AcDbEntity
  8
0
 62
7
370
13
100
AcDbLine
 10
7.685
 20
0.024999999999999994
 30
0.0
 11
7.685
 21
-1.2
 31
0.0
  0
INSERT
  5
19E
330
199
100
AcDbEntity
  8
A-COTA-50
 62
7
100
AcDbBlockReference
  2
_OBLIQUE
 10
2.1350000000000002
 20
-1.15
 30
0.0
 41
0.12
 42
0.12
  0
INSERT
  5
1A0
330
199
100
AcDbEntity
  8
A-COTA-50
 62
7
100
AcDbBlockReference
  2
_OBLIQUE
 10
7.685
 20
-1.15
 30
0.0
 41
0.12
 42
0.12
  0
LINE
  5
1A2
330
199
100
AcDbEntity
  8
0
 62
7
370
18
100
AcDbLine
 10
2.0850000000000004
 20
-1.15
 30
0.0
 11
7.734999999999999
 21
-1.15
 31
0.0
  0
MTEXT
  5
1A3
330
199
100
AcDbEntity
  8
A-COTA-50
 62
7
100
AcDbMText
 10
4.91
 20
-1.055
 30
0.0
 40
0.11000000000000001
 71
5
  1
5.55
  7
ARIAL
  0
POINT
  5
1A4
330
199
100
AcDbEntity
  8
Defpoints
100
AcDbPoint
 10
2.1350000000000002
 20
-1.15
 30
0.0
  0
POINT
  5
1A5
330
199
100
AcDbEntity
  8
Defpoints
100
AcDbPoint
 10
2.1350000000000002
 20
0.075
 30
0.0
  0
POINT
  5
1A6
330
199
100
AcDbEntity
  8
Defpoints
100
AcDbPoint
 10
7.685
 20
0.075
 30
0.0
  0
ENDBLK
  5
19B
330
199
100
AcDbEntity
  8
0
100
AcDbBlockEnd
  0
BLOCK
  5
1A9
330
1A8
100
AcDbEntity
  8
0
100
AcDbBlockBegin
  2
*D5
 70
1
 10
0.0
 20
0.0
 30
0.0
  3
*D5
  1

  0
LINE
  5
1AB
330
1A8
100
AcDbEntity
  8
0
 62
7
370
13
100
AcDbLine
 10
7.685
 20
0.024999999999999994
 30
0.0
 11
7.685
 21
-1.2
 31
0.0
  0
LINE
  5
1AC
330
1A8
100
AcDbEntity
  8
0
 62
7
370
13
100
AcDbLine
 10
10.334999999999999
 20
0.024999999999999994
 30
0.0
 11
10.334999999999999
 21
-1.2
 31
0.0
  0
INSERT
  5
1AD
330
1A8
100
AcDbEntity
  8
A-COTA-50
 62
7
100
AcDbBlockReference
  2
_OBLIQUE
 10
7.685
 20
-1.15
 30
0.0
 41
0.12
 42
0.12
  0
INSERT
  5
1AF
330
1A8
100
AcDbEntity
  8
A-COTA-50
 62
7
100
AcDbBlockReference
  2
_OBLIQUE
 10
10.334999999999999
 20
-1.15
 30
0.0
 41
0.12
 42
0.12
  0
LINE
  5
1B1
330
1A8
100
AcDbEntity
  8
0
 62
7
370
18
100
AcDbLine
 10
7.635
 20
-1.15
 30
0.0
 11
10.385
 21
-1.15
 31
0.0
  0
MTEXT
  5
1B2
330
1A8
100
AcDbEntity
  8
A-COTA-50
 62
7
100
AcDbMText
 10
9.01
 20
-1.055
 30
0.0
 40
0.11000000000000001
 71
5
  1
2.65
  7
ARIAL
  0
POINT
  5
1B3
330
1A8
100
AcDbEntity
  8
Defpoints
100
AcDbPoint
 10
7.685
 20
-1.15
 30
0.0
  0
POINT
  5
1B4
330
1A8
100
AcDbEntity
  8
Defpoints
100
AcDbPoint
 10
7.685
 20
0.075
 30
0.0
  0
POINT
  5
1B5
330
1A8
100
AcDbEntity
  8
Defpoints
100
AcDbPoint
 10
10.334999999999999
 20
0.075
 30
0.0
  0
ENDBLK
  5
1AA
330
1A8
100
AcDbEntity
  8
0
100
AcDbBlockEnd
  0
BLOCK
  5
1B8
330
1B7
100
AcDbEntity
  8
0
100
AcDbBlockBegin
  2
*D6
 70
1
 10
0.0
 20
0.0
 30
0.0
  3
*D6
  1

  0
LINE
  5
1BA
330
1B7
100
AcDbEntity
  8
0
 62
7
370
13
100
AcDbLine
 10
10.334999999999999
 20
0.024999999999999994
 30
0.0
 11
10.334999999999999
 21
-1.2
 31
0.0
  0
LINE
  5
1BB
330
1B7
100
AcDbEntity
  8
0
 62
7
370
13
100
AcDbLine
 10
16.905
 20
0.024999999999999994
 30
0.0
 11
16.905
 21
-1.2
 31
0.0
  0
INSERT
  5
1BC
330
1B7
100
AcDbEntity
  8
A-COTA-50
 62
7
100
AcDbBlockReference
  2
_OBLIQUE
 10
10.334999999999999
 20
-1.15
 30
0.0
 41
0.12
 42
0.12
  0
INSERT
  5
1BE
330
1B7
100
AcDbEntity
  8
A-COTA-50
 62
7
100
AcDbBlockReference
  2
_OBLIQUE
 10
16.905
 20
-1.15
 30
0.0
 41
0.12
 42
0.12
  0
LINE
  5
1C0
330
1B7
100
AcDbEntity
  8
0
 62
7
370
18
100
AcDbLine
 10
10.284999999999998
 20
-1.15
 30
0.0
 11
16.955000000000002
 21
-1.15
 31
0.0
  0
MTEXT
  5
1C1
330
1B7
100
AcDbEntity
  8
A-COTA-50
 62
7
100
AcDbMText
 10
13.620000000000001
 20
-1.055
 30
0.0
 40
0.11000000000000001
 71
5
  1
6.57
  7
ARIAL
  0
POINT
  5
1C2
330
1B7
100
AcDbEntity
  8
Defpoints
100
AcDbPoint
 10
10.334999999999999
 20
-1.15
 30
0.0
  0
POINT
  5
1C3
330
1B7
100
AcDbEntity
  8
Defpoints
100
AcDbPoint
 10
10.334999999999999
 20
0.075
 30
0.0
  0
POINT
  5
1C4
330
1B7
100
AcDbEntity
  8
Defpoints
100
AcDbPoint
 10
16.905
 20
0.075
 30
0.0
  0
ENDBLK
  5
1B9
330
1B7
100
AcDbEntity
  8
0
100
AcDbBlockEnd
  0
BLOCK
  5
1C7
330
1C6
100
AcDbEntity
  8
0
100
AcDbBlockBegin
  2
*D7
 70
1
 10
0.0
 20
0.0
 30
0.0
  3
*D7
  1

  0
LINE
  5
1C9
330
1C6
100
AcDbEntity
  8
0
 62
7
370
13
100
AcDbLine
 10
16.905
 20
0.024999999999999994
 30
0.0
 11
16.905
 21
-1.2
 31
0.0
  0
LINE
  5
1CA
330
1C6
100
AcDbEntity
  8
0
 62
7
370
13
100
AcDbLine
 10
19.555
 20
0.024999999999999994
 30
0.0
 11
19.555
 21
-1.2
 31
0.0
  0
INSERT
  5
1CB
330
1C6
100
AcDbEntity
  8
A-COTA-50
 62
7
100
AcDbBlockReference
  2
_OBLIQUE
 10
16.905
 20
-1.15
 30
0.0
 41
0.12
 42
0.12
  0
INSERT
  5
1CD
330
1C6
100
AcDbEntity
  8
A-COTA-50
 62
7
100
AcDbBlockReference
  2
_OBLIQUE
 10
19.555
 20
-1.15
 30
0.0
 41
0.12
 42
0.12
  0
LINE
  5
1CF
330
1C6
100
AcDbEntity
  8
0
 62
7
370
18
100
AcDbLine
 10
16.855
 20
-1.15
 30
0.0
 11
19.605
 21
-1.15
 31
0.0
  0
MTEXT
  5
1D0
330
1C6
100
AcDbEntity
  8
A-COTA-50
 62
7
100
AcDbMText
 10
18.23
 20
-1.055
 30
0.0
 40
0.11000000000000001
 71
5
  1
2.65
  7
ARIAL
  0
POINT
  5
1D1
330
1C6
100
AcDbEntity
  8
Defpoints
100
AcDbPoint
 10
16.905
 20
-1.15
 30
0.0
  0
POINT
  5
1D2
330
1C6
100
AcDbEntity
  8
Defpoints
100
AcDbPoint
 10
16.905
 20
0.075
 30
0.0
  0
POINT
  5
1D3
330
1C6
100
AcDbEntity
  8
Defpoints
100
AcDbPoint
 10
19.555
 20
0.075
 30
0.0
  0
ENDBLK
  5
1C8
330
1C6
100
AcDbEntity
  8
0
100
AcDbBlockEnd
  0
BLOCK
  5
1D6
330
1D5
100
AcDbEntity
  8
0
100
AcDbBlockBegin
  2
*D8
 70
1
 10
0.0
 20
0.0
 30
0.0
  3
*D8
  1

  0
LINE
  5
1D8
330
1D5
100
AcDbEntity
  8
0
 62
7
370
13
100
AcDbLine
 10
19.555
 20
0.024999999999999994
 30
0.0
 11
19.555
 21
-1.2
 31
0.0
  0
LINE
  5
1D9
330
1D5
100
AcDbEntity
  8
0
 62
7
370
13
100
AcDbLine
 10
25.105
 20
0.024999999999999994
 30
0.0
 11
25.105
 21
-1.2
 31
0.0
  0
INSERT
  5
1DA
330
1D5
100
AcDbEntity
  8
A-COTA-50
 62
7
100
AcDbBlockReference
  2
_OBLIQUE
 10
19.555
 20
-1.15
 30
0.0
 41
0.12
 42
0.12
  0
INSERT
  5
1DC
330
1D5
100
AcDbEntity
  8
A-COTA-50
 62
7
100
AcDbBlockReference
  2
_OBLIQUE
 10
25.105
 20
-1.15
 30
0.0
 41
0.12
 42
0.12
  0
LINE
  5
1DE
330
1D5
100
AcDbEntity
  8
0
 62
7
370
18
100
AcDbLine
 10
19.505
 20
-1.15
 30
0.0
 11
25.155
 21
-1.15
 31
0.0
  0
MTEXT
  5
1DF
330
1D5
100
AcDbEntity
  8
A-COTA-50
 62
7
100
AcDbMText
 10
22.33
 20
-1.055
 30
0.0
 40
0.11000000000000001
 71
5
  1
5.55
  7
ARIAL
  0
POINT
  5
1E0
330
1D5
100
AcDbEntity
  8
Defpoints
100
AcDbPoint
 10
19.555
 20
-1.15
 30
0.0
  0
POINT
  5
1E1
330
1D5
100
AcDbEntity
  8
Defpoints
100
AcDbPoint
 10
19.555
 20
0.075
 30
0.0
  0
POINT
  5
1E2
330
1D5
100
AcDbEntity
  8
Defpoints
100
AcDbPoint
 10
25.105
 20
0.075
 30
0.0
  0
ENDBLK
  5
1D7
330
1D5
100
AcDbEntity
  8
0
100
AcDbBlockEnd
  0
BLOCK
  5
1E5
330
1E4
100
AcDbEntity
  8
0
100
AcDbBlockBegin
  2
*D9
 70
1
 10
0.0
 20
0.0
 30
0.0
  3
*D9
  1

  0
LINE
  5
1E7
330
1E4
100
AcDbEntity
  8
0
 62
7
370
13
100
AcDbLine
 10
2.06
 20
8.9
 30
0.0
 11
2.06
 21
10.0
 31
0.0
  0
LINE
  5
1E8
330
1E4
100
AcDbEntity
  8
0
 62
7
370
13
100
AcDbLine
 10
2.21
 20
8.9
 30
0.0
 11
2.21
 21
10.0
 31
0.0
  0
INSERT
  5
1E9
330
1E4
100
AcDbEntity
  8
A-COTA-50
 62
7
100
AcDbBlockReference
  2
_OBLIQUE
 10
2.06
 20
9.95
 30
0.0
 41
0.12
 42
0.12
  0
INSERT
  5
1EB
330
1E4
100
AcDbEntity
  8
A-COTA-50
 62
7
100
AcDbBlockReference
  2
_OBLIQUE
 10
2.21
 20
9.95
 30
0.0
 41
0.12
 42
0.12
  0
LINE
  5
1ED
330
1E4
100
AcDbEntity
  8
0
 62
7
370
18
100
AcDbLine
 10
2.0100000000000002
 20
9.95
 30
0.0
 11
2.26
 21
9.95
 31
0.0
  0
MTEXT
  5
1EE
330
1E4
100
AcDbEntity
  8
A-COTA-50
 62
7
100
AcDbMText
 10
2.135
 20
10.094999999999999
 30
0.0
 40
0.11000000000000001
 71
5
  1
0.15
  7
ARIAL
  0
POINT
  5
1EF
330
1E4
100
AcDbEntity
  8
Defpoints
100
AcDbPoint
 10
2.06
 20
9.95
 30
0.0
  0
POINT
  5
1F0
330
1E4
100
AcDbEntity
  8
Defpoints
100
AcDbPoint
 10
2.06
 20
8.85
 30
0.0
  0
POINT
  5
1F1
330
1E4
100
AcDbEntity
  8
Defpoints
100
AcDbPoint
 10
2.21
 20
8.85
 30
0.0
  0
ENDBLK
  5
1E6
330
1E4
100
AcDbEntity
  8
0
100
AcDbBlockEnd
  0
BLOCK
  5
1F4
330
1F3
100
AcDbEntity
  8
0
100
AcDbBlockBegin
  2
*D10
 70
1
 10
0.0
 20
0.0
 30
0.0
  3
*D10
  1

  0
LINE
  5
1F6
330
1F3
100
AcDbEntity
  8
0
 62
7
370
13
100
AcDbLine
 10
2.21
 20
8.9
 30
0.0
 11
2.21
 21
10.0
 31
0.0
  0
LINE
  5
1F7
330
1F3
100
AcDbEntity
  8
0
 62
7
370
13
100
AcDbLine
 10
7.21
 20
8.9
 30
0.0
 11
7.21
 21
10.0
 31
0.0
  0
INSERT
  5
1F8
330
1F3
100
AcDbEntity
  8
A-COTA-50
 62
7
100
AcDbBlockReference
  2
_OBLIQUE
 10
2.21
 20
9.95
 30
0.0
 41
0.12
 42
0.12
  0
INSERT
  5
1FA
330
1F3
100
AcDbEntity
  8
A-COTA-50
 62
7
100
AcDbBlockReference
  2
_OBLIQUE
 10
7.21
 20
9.95
 30
0.0
 41
0.12
 42
0.12
  0
LINE
  5
1FC
330
1F3
100
AcDbEntity
  8
0
 62
7
370
18
100
AcDbLine
 10
2.16
 20
9.95
 30
0.0
 11
7.26
 21
9.95
 31
0.0
  0
MTEXT
  5
1FD
330
1F3
100
AcDbEntity
  8
A-COTA-50
 62
7
100
AcDbMText
 10
4.71
 20
10.045
 30
0.0
 40
0.11000000000000001
 71
5
  1
5.00
  7
ARIAL
  0
POINT
  5
1FE
330
1F3
100
AcDbEntity
  8
Defpoints
100
AcDbPoint
 10
2.21
 20
9.95
 30
0.0
  0
POINT
  5
1FF
330
1F3
100
AcDbEntity
  8
Defpoints
100
AcDbPoint
 10
2.21
 20
8.85
 30
0.0
  0
POINT
  5
200
330
1F3
100
AcDbEntity
  8
Defpoints
100
AcDbPoint
 10
7.21
 20
8.85
 30
0.0
  0
ENDBLK
  5
1F5
330
1F3
100
AcDbEntity
  8
0
100
AcDbBlockEnd
  0
BLOCK
  5
203
330
202
100
AcDbEntity
  8
0
100
AcDbBlockBegin
  2
*D11
 70
1
 10
0.0
 20
0.0
 30
0.0
  3
*D11
  1

  0
LINE
  5
205
330
202
100
AcDbEntity
  8
0
 62
7
370
13
100
AcDbLine
 10
7.21
 20
8.9
 30
0.0
 11
7.21
 21
10.0
 31
0.0
  0
LINE
  5
206
330
202
100
AcDbEntity
  8
0
 62
7
370
13
100
AcDbLine
 10
25.18
 20
8.9
 30
0.0
 11
25.18
 21
10.0
 31
0.0
  0
INSERT
  5
207
330
202
100
AcDbEntity
  8
A-COTA-50
 62
7
100
AcDbBlockReference
  2
_OBLIQUE
 10
7.21
 20
9.95
 30
0.0
 41
0.12
 42
0.12
  0
INSERT
  5
209
330
202
100
AcDbEntity
  8
A-COTA-50
 62
7
100
AcDbBlockReference
  2
_OBLIQUE
 10
25.18
 20
9.95
 30
0.0
 41
0.12
 42
0.12
  0
LINE
  5
20B
330
202
100
AcDbEntity
  8
0
 62
7
370
18
100
AcDbLine
 10
7.16
 20
9.95
 30
0.0
 11
25.23
 21
9.95
 31
0.0
  0
MTEXT
  5
20C
330
202
100
AcDbEntity
  8
A-COTA-50
 62
7
100
AcDbMText
 10
16.195
 20
10.045
 30
0.0
 40
0.11000000000000001
 71
5
  1
17.97
  7
ARIAL
  0
POINT
  5
20D
330
202
100
AcDbEntity
  8
Defpoints
100
AcDbPoint
 10
7.21
 20
9.95
 30
0.0
  0
POINT
  5
20E
330
202
100
AcDbEntity
  8
Defpoints
100
AcDbPoint
 10
7.21
 20
8.85
 30
0.0
  0
POINT
  5
20F
330
202
100
AcDbEntity
  8
Defpoints
100
AcDbPoint
 10
25.18
 20
8.85
 30
0.0
  0
ENDBLK
  5
204
330
202
100
AcDbEntity
  8
0
100
AcDbBlockEnd
  0
BLOCK
  5
212
330
211
100
AcDbEntity
  8
0
100
AcDbBlockBegin
  2
*D12
 70
1
 10
0.0
 20
0.0
 30
0.0
  3
*D12
  1

  0
LINE
  5
214
330
211
100
AcDbEntity
  8
0
 62
7
370
13
100
AcDbLine
 10
2.06
 20
9.05
 30
0.0
 11
2.06
 21
10.700000000000001
 31
0.0
  0
LINE
  5
215
330
211
100
AcDbEntity
  8
0
 62
7
370
13
100
AcDbLine
 10
25.18
 20
9.05
 30
0.0
 11
25.18
 21
10.700000000000001
 31
0.0
  0
INSERT
  5
216
330
211
100
AcDbEntity
  8
A-COTA-50
 62
7
100
AcDbBlockReference
  2
_OBLIQUE
 10
2.06
 20
10.65
 30
0.0
 41
0.12
 42
0.12
  0
INSERT
  5
218
330
211
100
AcDbEntity
  8
A-COTA-50
 62
7
100
AcDbBlockReference
  2
_OBLIQUE
 10
25.18
 20
10.65
 30
0.0
 41
0.12
 42
0.12
  0
LINE
  5
21A
330
211
100
AcDbEntity
  8
0
 62
7
370
18
100
AcDbLine
 10
2.0100000000000002
 20
10.65
 30
0.0
 11
25.23
 21
10.65
 31
0.0
  0
MTEXT
  5
21B
330
211
100
AcDbEntity
  8
A-COTA-50
 62
7
100
AcDbMText
 10
13.620000000000001
 20
10.745000000000001
 30
0.0
 40
0.11000000000000001
 71
5
  1
23.12
  7
ARIAL
  0
POINT
  5
21C
330
211
100
AcDbEntity
  8
Defpoints
100
AcDbPoint
 10
2.06
 20
10.65
 30
0.0
  0
POINT
  5
21D
330
211
100
AcDbEntity
  8
Defpoints
100
AcDbPoint
 10
2.06
 20
9.0
 30
0.0
  0
POINT
  5
21E
330
211
100
AcDbEntity
  8
Defpoints
100
AcDbPoint
 10
25.18
 20
9.0
 30
0.0
  0
ENDBLK
  5
213
330
211
100
AcDbEntity
  8
0
100
AcDbBlockEnd
  0
BLOCK
  5
221
330
220
100
AcDbEntity
  8
0
100
AcDbBlockBegin
  2
*D13
 70
1
 10
0.0
 20
0.0
 30
0.0
  3
*D13
  1

  0
LINE
  5
223
330
220
100
AcDbEntity
  8
0
 62
7
370
13
100
AcDbLine
 10
2.0100000000000002
 20
0.0
 30
0.0
 11
-0.6000000000000001
 21
0.0
 31
0.0
  0
LINE
  5
224
330
220
100
AcDbEntity
  8
0
 62
7
370
13
100
AcDbLine
 10
2.0100000000000002
 20
0.15
 30
0.0
 11
-0.6000000000000001
 21
0.15
 31
0.0
  0
INSERT
  5
225
330
220
100
AcDbEntity
  8
A-COTA-50
 62
7
100
AcDbBlockReference
  2
_OBLIQUE
 10
-0.55
 20
0.0
 30
0.0
 41
0.12
 42
0.12
 50
90.0
  0
INSERT
  5
227
330
220
100
AcDbEntity
  8
A-COTA-50
 62
7
100
AcDbBlockReference
  2
_OBLIQUE
 10
-0.55
 20
0.15
 30
0.0
 41
0.12
 42
0.12
 50
90.0
  0
LINE
  5
229
330
220
100
AcDbEntity
  8
0
 62
7
370
18
100
AcDbLine
 10
-0.55
 20
-0.05
 30
0.0
 11
-0.55
 21
0.2
 31
0.0
  0
MTEXT
  5
22A
330
220
100
AcDbEntity
  8
A-COTA-50
 62
7
100
AcDbMText
 10
-0.6950000000000001
 20
0.075
 30
0.0
 40
0.11000000000000001
 71
5
  1
0.15
  7
ARIAL
 50
90.0
  0
POINT
  5
22B
330
220
100
AcDbEntity
  8
Defpoints
100
AcDbPoint
 10
-0.55
 20
0.0
 30
0.0
  0
POINT
  5
22C
330
220
100
AcDbEntity
  8
Defpoints
100
AcDbPoint
 10
2.06
 20
0.0
 30
0.0
  0
POINT
  5
22D
330
220
100
AcDbEntity
  8
Defpoints
100
AcDbPoint
 10
2.06
 20
0.15
 30
0.0
  0
ENDBLK
  5
222
330
220
100
AcDbEntity
  8
0
100
AcDbBlockEnd
  0
BLOCK
  5
230
330
22F
100
AcDbEntity
  8
0
100
AcDbBlockBegin
  2
*D14
 70
1
 10
0.0
 20
0.0
 30
0.0
  3
*D14
  1

  0
LINE
  5
232
330
22F
100
AcDbEntity
  8
0
 62
7
370
13
100
AcDbLine
 10
2.0100000000000002
 20
0.15
 30
0.0
 11
-0.6000000000000001
 21
0.15
 31
0.0
  0
LINE
  5
233
330
22F
100
AcDbEntity
  8
0
 62
7
370
13
100
AcDbLine
 10
2.0100000000000002
 20
1.26
 30
0.0
 11
-0.6000000000000001
 21
1.26
 31
0.0
  0
INSERT
  5
234
330
22F
100
AcDbEntity
  8
A-COTA-50
 62
7
100
AcDbBlockReference
  2
_OBLIQUE
 10
-0.55
 20
0.15
 30
0.0
 41
0.12
 42
0.12
 50
90.0
  0
INSERT
  5
236
330
22F
100
AcDbEntity
  8
A-COTA-50
 62
7
100
AcDbBlockReference
  2
_OBLIQUE
 10
-0.55
 20
1.26
 30
0.0
 41
0.12
 42
0.12
 50
90.0
  0
LINE
  5
238
330
22F
100
AcDbEntity
  8
0
 62
7
370
18
100
AcDbLine
 10
-0.55
 20
0.09999999999999999
 30
0.0
 11
-0.55
 21
1.31
 31
0.0
  0
MTEXT
  5
239
330
22F
100
AcDbEntity
  8
A-COTA-50
 62
7
100
AcDbMText
 10
-0.645
 20
0.7050000000000001
 30
0.0
 40
0.11000000000000001
 71
5
  1
1.11
  7
ARIAL
 50
90.0
  0
POINT
  5
23A
330
22F
100
AcDbEntity
  8
Defpoints
100
AcDbPoint
 10
-0.55
 20
0.15
 30
0.0
  0
POINT
  5
23B
330
22F
100
AcDbEntity
  8
Defpoints
100
AcDbPoint
 10
2.06
 20
0.15
 30
0.0
  0
POINT
  5
23C
330
22F
100
AcDbEntity
  8
Defpoints
100
AcDbPoint
 10
2.06
 20
1.26
 30
0.0
  0
ENDBLK
  5
231
330
22F
100
AcDbEntity
  8
0
100
AcDbBlockEnd
  0
BLOCK
  5
23F
330
23E
100
AcDbEntity
  8
0
100
AcDbBlockBegin
  2
*D15
 70
1
 10
0.0
 20
0.0
 30
0.0
  3
*D15
  1

  0
LINE
  5
241
330
23E
100
AcDbEntity
  8
0
 62
7
370
13
100
AcDbLine
 10
2.0100000000000002
 20
1.26
 30
0.0
 11
-0.6000000000000001
 21
1.26
 31
0.0
  0
LINE
  5
242
330
23E
100
AcDbEntity
  8
0
 62
7
370
13
100
AcDbLine
 10
2.0100000000000002
 20
1.56
 30
0.0
 11
-0.6000000000000001
 21
1.56
 31
0.0
  0
INSERT
  5
243
330
23E
100
AcDbEntity
  8
A-COTA-50
 62
7
100
AcDbBlockReference
  2
_OBLIQUE
 10
-0.55
 20
1.26
 30
0.0
 41
0.12
 42
0.12
 50
90.0
  0
INSERT
  5
245
330
23E
100
AcDbEntity
  8
A-COTA-50
 62
7
100
AcDbBlockReference
  2
_OBLIQUE
 10
-0.55
 20
1.56
 30
0.0
 41
0.12
 42
0.12
 50
90.0
  0
LINE
  5
247
330
23E
100
AcDbEntity
  8
0
 62
7
370
18
100
AcDbLine
 10
-0.55
 20
1.21
 30
0.0
 11
-0.55
 21
1.61
 31
0.0
  0
MTEXT
  5
248
330
23E
100
AcDbEntity
  8
A-COTA-50
 62
7
100
AcDbMText
 10
-0.6950000000000001
 20
1.4100000000000001
 30
0.0
 40
0.11000000000000001
 71
5
  1
0.30
  7
ARIAL
 50
90.0
  0
POINT
  5
249
330
23E
100
AcDbEntity
  8
Defpoints
100
AcDbPoint
 10
-0.55
 20
1.26
 30
0.0
  0
POINT
  5
24A
330
23E
100
AcDbEntity
  8
Defpoints
100
AcDbPoint
 10
2.06
 20
1.26
 30
0.0
  0
POINT
  5
24B
330
23E
100
AcDbEntity
  8
Defpoints
100
AcDbPoint
 10
2.06
 20
1.56
 30
0.0
  0
ENDBLK
  5
240
330
23E
100
AcDbEntity
  8
0
100
AcDbBlockEnd
  0
BLOCK
  5
24E
330
24D
100
AcDbEntity
  8
0
100
AcDbBlockBegin
  2
*D16
 70
1
 10
0.0
 20
0.0
 30
0.0
  3
*D16
  1

  0
LINE
  5
250
330
24D
100
AcDbEntity
  8
0
 62
7
370
13
100
AcDbLine
 10
2.0100000000000002
 20
1.56
 30
0.0
 11
-0.6000000000000001
 21
1.56
 31
0.0
  0
LINE
  5
251
330
24D
100
AcDbEntity
  8
0
 62
7
370
13
100
AcDbLine
 10
2.0100000000000002
 20
8.85
 30
0.0
 11
-0.6000000000000001
 21
8.85
 31
0.0
  0
INSERT
  5
252
330
24D
100
AcDbEntity
  8
A-COTA-50
 62
7
100
AcDbBlockReference
  2
_OBLIQUE
 10
-0.55
 20
1.56
 30
0.0
 41
0.12
 42
0.12
 50
90.0
  0
INSERT
  5
254
330
24D
100
AcDbEntity
  8
A-COTA-50
 62
7
100
AcDbBlockReference
  2
_OBLIQUE
 10
-0.55
 20
8.85
 30
0.0
 41
0.12
 42
0.12
 50
90.0
  0
LINE
  5
256
330
24D
100
AcDbEntity
  8
0
 62
7
370
18
100
AcDbLine
 10
-0.55
 20
1.51
 30
0.0
 11
-0.55
 21
8.9
 31
0.0
  0
MTEXT
  5
257
330
24D
100
AcDbEntity
  8
A-COTA-50
 62
7
100
AcDbMText
 10
-0.645
 20
5.205
 30
0.0
 40
0.11000000000000001
 71
5
  1
7.29
  7
ARIAL
 50
90.0
  0
POINT
  5
258
330
24D
100
AcDbEntity
  8
Defpoints
100
AcDbPoint
 10
-0.55
 20
1.56
 30
0.0
  0
POINT
  5
259
330
24D
100
AcDbEntity
  8
Defpoints
100
AcDbPoint
 10
2.06
 20
1.56
 30
0.0
  0
POINT
  5
25A
330
24D
100
AcDbEntity
  8
Defpoints
100
AcDbPoint
 10
2.06
 20
8.85
 30
0.0
  0
ENDBLK
  5
24F
330
24D
100
AcDbEntity
  8
0
100
AcDbBlockEnd
  0
BLOCK
  5
25D
330
25C
100
AcDbEntity
  8
0
100
AcDbBlockBegin
  2
*D17
 70
1
 10
0.0
 20
0.0
 30
0.0
  3
*D17
  1

  0
LINE
  5
25F
330
25C
100
AcDbEntity
  8
0
 62
7
370
13
100
AcDbLine
 10
2.0100000000000002
 20
8.85
 30
0.0
 11
-0.6000000000000001
 21
8.85
 31
0.0
  0
LINE
  5
260
330
25C
100
AcDbEntity
  8
0
 62
7
370
13
100
AcDbLine
 10
2.0100000000000002
 20
9.0
 30
0.0
 11
-0.6000000000000001
 21
9.0
 31
0.0
  0
INSERT
  5
261
330
25C
100
AcDbEntity
  8
A-COTA-50
 62
7
100
AcDbBlockReference
  2
_OBLIQUE
 10
-0.55
 20
8.85
 30
0.0
 41
0.12
 42
0.12
 50
90.0
  0
INSERT
  5
263
330
25C
100
AcDbEntity
  8
A-COTA-50
 62
7
100
AcDbBlockReference
  2
_OBLIQUE
 10
-0.55
 20
9.0
 30
0.0
 41
0.12
 42
0.12
 50
90.0
  0
LINE
  5
265
330
25C
100
AcDbEntity
  8
0
 62
7
370
18
100
AcDbLine
 10
-0.55
 20
8.799999999999999
 30
0.0
 11
-0.55
 21
9.05
 31
0.0
  0
MTEXT
  5
266
330
25C
100
AcDbEntity
  8
A-COTA-50
 62
7
100
AcDbMText
 10
-0.6950000000000001
 20
8.925
 30
0.0
 40
0.11000000000000001
 71
5
  1
0.15
  7
ARIAL
 50
90.0
  0
POINT
  5
267
330
25C
100
AcDbEntity
  8
Defpoints
100
AcDbPoint
 10
-0.55
 20
8.85
 30
0.0
  0
POINT
  5
268
330
25C
100
AcDbEntity
  8
Defpoints
100
AcDbPoint
 10
2.06
 20
8.85
 30
0.0
  0
POINT
  5
269
330
25C
100
AcDbEntity
  8
Defpoints
100
AcDbPoint
 10
2.06
 20
9.0
 30
0.0
  0
ENDBLK
  5
25E
330
25C
100
AcDbEntity
  8
0
100
AcDbBlockEnd
  0
BLOCK
  5
26C
330
26B
100
AcDbEntity
  8
0
100
AcDbBlockBegin
  2
*D18
 70
1
 10
0.0
 20
0.0
 30
0.0
  3
*D18
  1

  0
LINE
  5
26E
330
26B
100
AcDbEntity
  8
0
 62
7
370
13
100
AcDbLine
 10
2.0100000000000002
 20
0.0
 30
0.0
 11
-1.4000000000000001
 21
0.0
 31
0.0
  0
LINE
  5
26F
330
26B
100
AcDbEntity
  8
0
 62
7
370
13
100
AcDbLine
 10
2.0100000000000002
 20
9.0
 30
0.0
 11
-1.4000000000000001
 21
9.0
 31
0.0
  0
INSERT
  5
270
330
26B
100
AcDbEntity
  8
A-COTA-50
 62
7
100
AcDbBlockReference
  2
_OBLIQUE
 10
-1.35
 20
0.0
 30
0.0
 41
0.12
 42
0.12
 50
90.0
  0
INSERT
  5
272
330
26B
100
AcDbEntity
  8
A-COTA-50
 62
7
100
AcDbBlockReference
  2
_OBLIQUE
 10
-1.35
 20
9.0
 30
0.0
 41
0.12
 42
0.12
 50
90.0
  0
LINE
  5
274
330
26B
100
AcDbEntity
  8
0
 62
7
370
18
100
AcDbLine
 10
-1.35
 20
-0.05
 30
0.0
 11
-1.35
 21
9.05
 31
0.0
  0
MTEXT
  5
275
330
26B
100
AcDbEntity
  8
A-COTA-50
 62
7
100
AcDbMText
 10
-1.445
 20
4.5
 30
0.0
 40
0.11000000000000001
 71
5
  1
9.00
  7
ARIAL
 50
90.0
  0
POINT
  5
276
330
26B
100
AcDbEntity
  8
Defpoints
100
AcDbPoint
 10
-1.35
 20
0.0
 30
0.0
  0
POINT
  5
277
330
26B
100
AcDbEntity
  8
Defpoints
100
AcDbPoint
 10
2.06
 20
0.0
 30
0.0
  0
POINT
  5
278
330
26B
100
AcDbEntity
  8
Defpoints
100
AcDbPoint
 10
2.06
 20
9.0
 30
0.0
  0
ENDBLK
  5
26D
330
26B
100
AcDbEntity
  8
0
100
AcDbBlockEnd
  0
BLOCK
  5
27B
330
27A
100
AcDbEntity
  8
0
100
AcDbBlockBegin
  2
*D19
 70
1
 10
0.0
 20
0.0
 30
0.0
  3
*D19
  1

  0
LINE
  5
27D
330
27A
100
AcDbEntity
  8
0
 62
7
370
13
100
AcDbLine
 10
7.16
 20
0.15
 30
0.0
 11
6.71
 21
0.15
 31
0.0
  0
LINE
  5
27E
330
27A
100
AcDbEntity
  8
0
 62
7
370
13
100
AcDbLine
 10
7.16
 20
1.35
 30
0.0
 11
6.71
 21
1.35
 31
0.0
  0
INSERT
  5
27F
330
27A
100
AcDbEntity
  8
A-COTA-50
 62
7
100
AcDbBlockReference
  2
_OBLIQUE
 10
6.76
 20
0.15
 30
0.0
 41
0.12
 42
0.12
 50
90.0
  0
INSERT
  5
281
330
27A
100
AcDbEntity
  8
A-COTA-50
 62
7
100
AcDbBlockReference
  2
_OBLIQUE
 10
6.76
 20
1.35
 30
0.0
 41
0.12
 42
0.12
 50
90.0
  0
LINE
  5
283
330
27A
100
AcDbEntity
  8
0
 62
7
370
18
100
AcDbLine
 10
6.76
 20
0.09999999999999999
 30
0.0
 11
6.76
 21
1.4000000000000001
 31
0.0
  0
MTEXT
  5
284
330
27A
100
AcDbEntity
  8
A-COTA-50
 62
7
100
AcDbMText
 10
6.665
 20
0.7500000000000001
 30
0.0
 40
0.11000000000000001
 71
5
  1
1.20
  7
ARIAL
 50
90.0
  0
POINT
  5
285
330
27A
100
AcDbEntity
  8
Defpoints
100
AcDbPoint
 10
6.76
 20
0.15
 30
0.0
  0
POINT
  5
286
330
27A
100
AcDbEntity
  8
Defpoints
100
AcDbPoint
 10
7.21
 20
0.15
 30
0.0
  0
POINT
  5
287
330
27A
100
AcDbEntity
  8
Defpoints
100
AcDbPoint
 10
7.21
 20
1.35
 30
0.0
  0
ENDBLK
  5
27C
330
27A
100
AcDbEntity
  8
0
100
AcDbBlockEnd
  0
BLOCK
  5
28A
330
289
100
AcDbEntity
  8
0
100
AcDbBlockBegin
  2
*D20
 70
1
 10
0.0
 20
0.0
 30
0.0
  3
*D20
  1

  0
LINE
  5
28C
330
289
100
AcDbEntity
  8
0
 62
7
370
13
100
AcDbLine
 10
7.16
 20
1.35
 30
0.0
 11
6.71
 21
1.35
 31
0.0
  0
LINE
  5
28D
330
289
100
AcDbEntity
  8
0
 62
7
370
13
100
AcDbLine
 10
7.16
 20
3.85
 30
0.0
 11
6.71
 21
3.85
 31
0.0
  0
INSERT
  5
28E
330
289
100
AcDbEntity
  8
A-COTA-50
 62
7
100
AcDbBlockReference
  2
_OBLIQUE
 10
6.76
 20
1.35
 30
0.0
 41
0.12
 42
0.12
 50
90.0
  0
INSERT
  5
290
330
289
100
AcDbEntity
  8
A-COTA-50
 62
7
100
AcDbBlockReference
  2
_OBLIQUE
 10
6.76
 20
3.85
 30
0.0
 41
0.12
 42
0.12
 50
90.0
  0
LINE
  5
292
330
289
100
AcDbEntity
  8
0
 62
7
370
18
100
AcDbLine
 10
6.76
 20
1.3
 30
0.0
 11
6.76
 21
3.9
 31
0.0
  0
MTEXT
  5
293
330
289
100
AcDbEntity
  8
A-COTA-50
 62
7
100
AcDbMText
 10
6.665
 20
2.6
 30
0.0
 40
0.11000000000000001
 71
5
  1
2.50
  7
ARIAL
 50
90.0
  0
POINT
  5
294
330
289
100
AcDbEntity
  8
Defpoints
100
AcDbPoint
 10
6.76
 20
1.35
 30
0.0
  0
POINT
  5
295
330
289
100
AcDbEntity
  8
Defpoints
100
AcDbPoint
 10
7.21
 20
1.35
 30
0.0
  0
POINT
  5
296
330
289
100
AcDbEntity
  8
Defpoints
100
AcDbPoint
 10
7.21
 20
3.85
 30
0.0
  0
ENDBLK
  5
28B
330
289
100
AcDbEntity
  8
0
100
AcDbBlockEnd
  0
BLOCK
  5
299
330
298
100
AcDbEntity
  8
0
100
AcDbBlockBegin
  2
*D21
 70
1
 10
0.0
 20
0.0
 30
0.0
  3
*D21
  1

  0
LINE
  5
29B
330
298
100
AcDbEntity
  8
0
 62
7
370
13
100
AcDbLine
 10
7.16
 20
3.85
 30
0.0
 11
6.71
 21
3.85
 31
0.0
  0
LINE
  5
29C
330
298
100
AcDbEntity
  8
0
 62
7
370
13
100
AcDbLine
 10
7.16
 20
6.35
 30
0.0
 11
6.71
 21
6.35
 31
0.0
  0
INSERT
  5
29D
330
298
100
AcDbEntity
  8
A-COTA-50
 62
7
100
AcDbBlockReference
  2
_OBLIQUE
 10
6.76
 20
3.85
 30
0.0
 41
0.12
 42
0.12
 50
90.0
  0
INSERT
  5
29F
330
298
100
AcDbEntity
  8
A-COTA-50
 62
7
100
AcDbBlockReference
  2
_OBLIQUE
 10
6.76
 20
6.35
 30
0.0
 41
0.12
 42
0.12
 50
90.0
  0
LINE
  5
2A1
330
298
100
AcDbEntity
  8
0
 62
7
370
18
100
AcDbLine
 10
6.76
 20
3.8000000000000003
 30
0.0
 11
6.76
 21
6.3999999999999995
 31
0.0
  0
MTEXT
  5
2A2
330
298
100
AcDbEntity
  8
A-COTA-50
 62
7
100
AcDbMText
 10
6.665
 20
5.1
 30
0.0
 40
0.11000000000000001
 71
5
  1
2.50
  7
ARIAL
 50
90.0
  0
POINT
  5
2A3
330
298
100
AcDbEntity
  8
Defpoints
100
AcDbPoint
 10
6.76
 20
3.85
 30
0.0
  0
POINT
  5
2A4
330
298
100
AcDbEntity
  8
Defpoints
100
AcDbPoint
 10
7.21
 20
3.85
 30
0.0
  0
POINT
  5
2A5
330
298
100
AcDbEntity
  8
Defpoints
100
AcDbPoint
 10
7.21
 20
6.35
 30
0.0
  0
ENDBLK
  5
29A
330
298
100
AcDbEntity
  8
0
100
AcDbBlockEnd
  0
BLOCK
  5
2A8
330
2A7
100
AcDbEntity
  8
0
100
AcDbBlockBegin
  2
*D22
 70
1
 10
0.0
 20
0.0
 30
0.0
  3
*D22
  1

  0
LINE
  5
2AA
330
2A7
100
AcDbEntity
  8
0
 62
7
370
13
100
AcDbLine
 10
7.16
 20
6.35
 30
0.0
 11
6.71
 21
6.35
 31
0.0
  0
LINE
  5
2AB
330
2A7
100
AcDbEntity
  8
0
 62
7
370
13
100
AcDbLine
 10
7.16
 20
8.85
 30
0.0
 11
6.71
 21
8.85
 31
0.0
  0
INSERT
  5
2AC
330
2A7
100
AcDbEntity
  8
A-COTA-50
 62
7
100
AcDbBlockReference
  2
_OBLIQUE
 10
6.76
 20
6.35
 30
0.0
 41
0.12
 42
0.12
 50
90.0
  0
INSERT
  5
2AE
330
2A7
100
AcDbEntity
  8
A-COTA-50
 62
7
100
AcDbBlockReference
  2
_OBLIQUE
 10
6.76
 20
8.85
 30
0.0
 41
0.12
 42
0.12
 50
90.0
  0
LINE
  5
2B0
330
2A7
100
AcDbEntity
  8
0
 62
7
370
18
100
AcDbLine
 10
6.76
 20
6.3
 30
0.0
 11
6.76
 21
8.9
 31
0.0
  0
MTEXT
  5
2B1
330
2A7
100
AcDbEntity
  8
A-COTA-50
 62
7
100
AcDbMText
 10
6.665
 20
7.6
 30
0.0
 40
0.11000000000000001
 71
5
  1
2.50
  7
ARIAL
 50
90.0
  0
POINT
  5
2B2
330
2A7
100
AcDbEntity
  8
Defpoints
100
AcDbPoint
 10
6.76
 20
6.35
 30
0.0
  0
POINT
  5
2B3
330
2A7
100
AcDbEntity
  8
Defpoints
100
AcDbPoint
 10
7.21
 20
6.35
 30
0.0
  0
POINT
  5
2B4
330
2A7
100
AcDbEntity
  8
Defpoints
100
AcDbPoint
 10
7.21
 20
8.85
 30
0.0
  0
ENDBLK
  5
2A9
330
2A7
100
AcDbEntity
  8
0
100
AcDbBlockEnd
  0
BLOCK
  5
2B7
330
2B6
100
AcDbEntity
  8
0
100
AcDbBlockBegin
  2
*D23
 70
1
 10
0.0
 20
0.0
 30
0.0
  3
*D23
  1

  0
LINE
  5
2B9
330
2B6
100
AcDbEntity
  8
0
 62
7
370
13
100
AcDbLine
 10
16.93
 20
1.35
 30
0.0
 11
16.48
 21
1.35
 31
0.0
  0
LINE
  5
2BA
330
2B6
100
AcDbEntity
  8
0
 62
7
370
13
100
AcDbLine
 10
16.93
 20
4.69
 30
0.0
 11
16.48
 21
4.69
 31
0.0
  0
INSERT
  5
2BB
330
2B6
100
AcDbEntity
  8
A-COTA-50
 62
7
100
AcDbBlockReference
  2
_OBLIQUE
 10
16.53
 20
1.35
 30
0.0
 41
0.12
 42
0.12
 50
90.0
  0
INSERT
  5
2BD
330
2B6
100
AcDbEntity
  8
A-COTA-50
 62
7
100
AcDbBlockReference
  2
_OBLIQUE
 10
16.53
 20
4.69
 30
0.0
 41
0.12
 42
0.12
 50
90.0
  0
LINE
  5
2BF
330
2B6
100
AcDbEntity
  8
0
 62
7
370
18
100
AcDbLine
 10
16.53
 20
1.3
 30
0.0
 11
16.53
 21
4.74
 31
0.0
  0
MTEXT
  5
2C0
330
2B6
100
AcDbEntity
  8
A-COTA-50
 62
7
100
AcDbMText
 10
16.435000000000002
 20
3.0200000000000005
 30
0.0
 40
0.11000000000000001
 71
5
  1
3.34
  7
ARIAL
 50
90.0
  0
POINT
  5
2C1
330
2B6
100
AcDbEntity
  8
Defpoints
100
AcDbPoint
 10
16.53
 20
1.35
 30
0.0
  0
POINT
  5
2C2
330
2B6
100
AcDbEntity
  8
Defpoints
100
AcDbPoint
 10
16.98
 20
1.35
 30
0.0
  0
POINT
  5
2C3
330
2B6
100
AcDbEntity
  8
Defpoints
100
AcDbPoint
 10
16.98
 20
4.69
 30
0.0
  0
ENDBLK
  5
2B8
330
2B6
100
AcDbEntity
  8
0
100
AcDbBlockEnd
  0
BLOCK
  5
2C6
330
2C5
100
AcDbEntity
  8
0
100
AcDbBlockBegin
  2
*D24
 70
1
 10
0.0
 20
0.0
 30
0.0
  3
*D24
  1

  0
LINE
  5
2C8
330
2C5
100
AcDbEntity
  8
0
 62
7
370
13
100
AcDbLine
 10
16.98
 20
4.640000000000001
 30
0.0
 11
16.98
 21
4.19
 31
0.0
  0
LINE
  5
2C9
330
2C5
100
AcDbEntity
  8
0
 62
7
370
13
100
AcDbLine
 10
18.080000000000002
 20
4.640000000000001
 30
0.0
 11
18.080000000000002
 21
4.19
 31
0.0
  0
INSERT
  5
2CA
330
2C5
100
AcDbEntity
  8
A-COTA-50
 62
7
100
AcDbBlockReference
  2
_OBLIQUE
 10
16.98
 20
4.24
 30
0.0
 41
0.12
 42
0.12
  0
INSERT
  5
2CC
330
2C5
100
AcDbEntity
  8
A-COTA-50
 62
7
100
AcDbBlockReference
  2
_OBLIQUE
 10
18.080000000000002
 20
4.24
 30
0.0
 41
0.12
 42
0.12
  0
LINE
  5
2CE
330
2C5
100
AcDbEntity
  8
0
 62
7
370
18
100
AcDbLine
 10
16.93
 20
4.24
 30
0.0
 11
18.130000000000003
 21
4.24
 31
0.0
  0
MTEXT
  5
2CF
330
2C5
100
AcDbEntity
  8
A-COTA-50
 62
7
100
AcDbMText
 10
17.53
 20
4.335
 30
0.0
 40
0.11000000000000001
 71
5
  1
1.10
  7
ARIAL
  0
POINT
  5
2D0
330
2C5
100
AcDbEntity
  8
Defpoints
100
AcDbPoint
 10
16.98
 20
4.24
 30
0.0
  0
POINT
  5
2D1
330
2C5
100
AcDbEntity
  8
Defpoints
100
AcDbPoint
 10
16.98
 20
4.69
 30
0.0
  0
POINT
  5
2D2
330
2C5
100
AcDbEntity
  8
Defpoints
100
AcDbPoint
 10
18.080000000000002
 20
4.69
 30
0.0
  0
ENDBLK
  5
2C7
330
2C5
100
AcDbEntity
  8
0
100
AcDbBlockEnd
  0
BLOCK
  5
2D5
330
2D4
100
AcDbEntity
  8
0
100
AcDbBlockBegin
  2
*D25
 70
1
 10
0.0
 20
0.0
 30
0.0
  3
*D25
  1

  0
LINE
  5
2D7
330
2D4
100
AcDbEntity
  8
0
 62
7
370
13
100
AcDbLine
 10
18.080000000000002
 20
4.640000000000001
 30
0.0
 11
18.080000000000002
 21
4.19
 31
0.0
  0
LINE
  5
2D8
330
2D4
100
AcDbEntity
  8
0
 62
7
370
13
100
AcDbLine
 10
18.38
 20
4.640000000000001
 30
0.0
 11
18.38
 21
4.19
 31
0.0
  0
INSERT
  5
2D9
330
2D4
100
AcDbEntity
  8
A-COTA-50
 62
7
100
AcDbBlockReference
  2
_OBLIQUE
 10
18.080000000000002
 20
4.24
 30
0.0
 41
0.12
 42
0.12
  0
INSERT
  5
2DB
330
2D4
100
AcDbEntity
  8
A-COTA-50
 62
7
100
AcDbBlockReference
  2
_OBLIQUE
 10
18.38
 20
4.24
 30
0.0
 41
0.12
 42
0.12
  0
LINE
  5
2DD
330
2D4
100
AcDbEntity
  8
0
 62
7
370
18
100
AcDbLine
 10
18.03
 20
4.24
 30
0.0
 11
18.43
 21
4.24
 31
0.0
  0
MTEXT
  5
2DE
330
2D4
100
AcDbEntity
  8
A-COTA-50
 62
7
100
AcDbMText
 10
18.23
 20
4.385
 30
0.0
 40
0.11000000000000001
 71
5
  1
0.30
  7
ARIAL
  0
POINT
  5
2DF
330
2D4
100
AcDbEntity
  8
Defpoints
100
AcDbPoint
 10
18.080000000000002
 20
4.24
 30
0.0
  0
POINT
  5
2E0
330
2D4
100
AcDbEntity
  8
Defpoints
100
AcDbPoint
 10
18.080000000000002
 20
4.69
 30
0.0
  0
POINT
  5
2E1
330
2D4
100
AcDbEntity
  8
Defpoints
100
AcDbPoint
 10
18.38
 20
4.69
 30
0.0
  0
ENDBLK
  5
2D6
330
2D4
100
AcDbEntity
  8
0
100
AcDbBlockEnd
  0
BLOCK
  5
2E4
330
2E3
100
AcDbEntity
  8
0
100
AcDbBlockBegin
  2
*D26
 70
1
 10
0.0
 20
0.0
 30
0.0
  3
*D26
  1

  0
LINE
  5
2E6
330
2E3
100
AcDbEntity
  8
0
 62
7
370
13
100
AcDbLine
 10
18.38
 20
4.640000000000001
 30
0.0
 11
18.38
 21
4.19
 31
0.0
  0
LINE
  5
2E7
330
2E3
100
AcDbEntity
  8
0
 62
7
370
13
100
AcDbLine
 10
19.48
 20
4.640000000000001
 30
0.0
 11
19.48
 21
4.19
 31
0.0
  0
INSERT
  5
2E8
330
2E3
100
AcDbEntity
  8
A-COTA-50
 62
7
100
AcDbBlockReference
  2
_OBLIQUE
 10
18.38
 20
4.24
 30
0.0
 41
0.12
 42
0.12
  0
INSERT
  5
2EA
330
2E3
100
AcDbEntity
  8
A-COTA-50
 62
7
100
AcDbBlockReference
  2
_OBLIQUE
 10
19.48
 20
4.24
 30
0.0
 41
0.12
 42
0.12
  0
LINE
  5
2EC
330
2E3
100
AcDbEntity
  8
0
 62
7
370
18
100
AcDbLine
 10
18.33
 20
4.24
 30
0.0
 11
19.53
 21
4.24
 31
0.0
  0
MTEXT
  5
2ED
330
2E3
100
AcDbEntity
  8
A-COTA-50
 62
7
100
AcDbMText
 10
18.93
 20
4.335
 30
0.0
 40
0.11000000000000001
 71
5
  1
1.10
  7
ARIAL
  0
POINT
  5
2EE
330
2E3
100
AcDbEntity
  8
Defpoints
100
AcDbPoint
 10
18.38
 20
4.24
 30
0.0
  0
POINT
  5
2EF
330
2E3
100
AcDbEntity
  8
Defpoints
100
AcDbPoint
 10
18.38
 20
4.69
 30
0.0
  0
POINT
  5
2F0
330
2E3
100
AcDbEntity
  8
Defpoints
100
AcDbPoint
 10
19.48
 20
4.69
 30
0.0
  0
ENDBLK
  5
2E5
330
2E3
100
AcDbEntity
  8
0
100
AcDbBlockEnd
  0
BLOCK
  5
2F3
330
2F2
100
AcDbEntity
  8
0
100
AcDbBlockBegin
  2
*D27
 70
1
 10
0.0
 20
0.0
 30
0.0
  3
*D27
  1

  0
LINE
  5
2F5
330
2F2
100
AcDbEntity
  8
0
 62
7
370
13
100
AcDbLine
 10
25.23
 20
0.075
 30
0.0
 11
29.3
 21
0.075
 31
0.0
  0
LINE
  5
2F6
330
2F2
100
AcDbEntity
  8
0
 62
7
370
13
100
AcDbLine
 10
25.23
 20
1.4100000000000001
 30
0.0
 11
29.3
 21
1.4100000000000001
 31
0.0
  0
INSERT
  5
2F7
330
2F2
100
AcDbEntity
  8
A-COTA-50
 62
7
100
AcDbBlockReference
  2
_OBLIQUE
 10
29.25
 20
0.075
 30
0.0
 41
0.12
 42
0.12
 50
90.0
  0
INSERT
  5
2F9
330
2F2
100
AcDbEntity
  8
A-COTA-50
 62
7
100
AcDbBlockReference
  2
_OBLIQUE
 10
29.25
 20
1.4100000000000001
 30
0.0
 41
0.12
 42
0.12
 50
90.0
  0
LINE
  5
2FB
330
2F2
100
AcDbEntity
  8
0
 62
7
370
18
100
AcDbLine
 10
29.25
 20
0.024999999999999994
 30
0.0
 11
29.25
 21
1.4600000000000002
 31
0.0
  0
MTEXT
  5
2FC
330
2F2
100
AcDbEntity
  8
A-COTA-50
 62
7
100
AcDbMText
 10
29.155
 20
0.7425
 30
0.0
 40
0.11000000000000001
 71
5
  1
1.34
  7
ARIAL
 50
90.0
  0
POINT
  5
2FD
330
2F2
100
AcDbEntity
  8
Defpoints
100
AcDbPoint
 10
29.25
 20
0.075
 30
0.0
  0
POINT
  5
2FE
330
2F2
100
AcDbEntity
  8
Defpoints
100
AcDbPoint
 10
25.18
 20
0.075
 30
0.0
  0
POINT
  5
2FF
330
2F2
100
AcDbEntity
  8
Defpoints
100
AcDbPoint
 10
25.18
 20
1.4100000000000001
 30
0.0
  0
ENDBLK
  5
2F4
330
2F2
100
AcDbEntity
  8
0
100
AcDbBlockEnd
  0
BLOCK
  5
302
330
301
100
AcDbEntity
  8
0
100
AcDbBlockBegin
  2
*D28
 70
1
 10
0.0
 20
0.0
 30
0.0
  3
*D28
  1

  0
LINE
  5
304
330
301
100
AcDbEntity
  8
0
 62
7
370
13
100
AcDbLine
 10
25.23
 20
1.4100000000000001
 30
0.0
 11
29.3
 21
1.4100000000000001
 31
0.0
  0
LINE
  5
305
330
301
100
AcDbEntity
  8
0
 62
7
370
13
100
AcDbLine
 10
25.23
 20
4.84
 30
0.0
 11
29.3
 21
4.84
 31
0.0
  0
INSERT
  5
306
330
301
100
AcDbEntity
  8
A-COTA-50
 62
7
100
AcDbBlockReference
  2
_OBLIQUE
 10
29.25
 20
1.4100000000000001
 30
0.0
 41
0.12
 42
0.12
 50
90.0
  0
INSERT
  5
308
330
301
100
AcDbEntity
  8
A-COTA-50
 62
7
100
AcDbBlockReference
  2
_OBLIQUE
 10
29.25
 20
4.84
 30
0.0
 41
0.12
 42
0.12
 50
90.0
  0
LINE
  5
30A
330
301
100
AcDbEntity
  8
0
 62
7
370
18
100
AcDbLine
 10
29.25
 20
1.36
 30
0.0
 11
29.25
 21
4.89
 31
0.0
  0
MTEXT
  5
30B
330
301
100
AcDbEntity
  8
A-COTA-50
 62
7
100
AcDbMText
 10
29.155
 20
3.125
 30
0.0
 40
0.11000000000000001
 71
5
  1
3.43
  7
ARIAL
 50
90.0
  0
POINT
  5
30C
330
301
100
AcDbEntity
  8
Defpoints
100
AcDbPoint
 10
29.25
 20
1.4100000000000001
 30
0.0
  0
POINT
  5
30D
330
301
100
AcDbEntity
  8
Defpoints
100
AcDbPoint
 10
25.18
 20
1.4100000000000001
 30
0.0
  0
POINT
  5
30E
330
301
100
AcDbEntity
  8
Defpoints
100
AcDbPoint
 10
25.18
 20
4.84
 30
0.0
  0
ENDBLK
  5
303
330
301
100
AcDbEntity
  8
0
100
AcDbBlockEnd
  0
BLOCK
  5
311
330
310
100
AcDbEntity
  8
0
100
AcDbBlockBegin
  2
*D29
 70
1
 10
0.0
 20
0.0
 30
0.0
  3
*D29
  1

  0
LINE
  5
313
330
310
100
AcDbEntity
  8
0
 62
7
370
13
100
AcDbLine
 10
25.23
 20
4.84
 30
0.0
 11
29.3
 21
4.84
 31
0.0
  0
LINE
  5
314
330
310
100
AcDbEntity
  8
0
 62
7
370
13
100
AcDbLine
 10
25.23
 20
8.925
 30
0.0
 11
29.3
 21
8.925
 31
0.0
  0
INSERT
  5
315
330
310
100
AcDbEntity
  8
A-COTA-50
 62
7
100
AcDbBlockReference
  2
_OBLIQUE
 10
29.25
 20
4.84
 30
0.0
 41
0.12
 42
0.12
 50
90.0
  0
INSERT
  5
317
330
310
100
AcDbEntity
  8
A-COTA-50
 62
7
100
AcDbBlockReference
  2
_OBLIQUE
 10
29.25
 20
8.925
 30
0.0
 41
0.12
 42
0.12
 50
90.0
  0
LINE
  5
319
330
310
100
AcDbEntity
  8
0
 62
7
370
18
100
AcDbLine
 10
29.25
 20
4.79
 30
0.0
 11
29.25
 21
8.975000000000001
 31
0.0
  0
MTEXT
  5
31A
330
310
100
AcDbEntity
  8
A-COTA-50
 62
7
100
AcDbMText
 10
29.155
 20
6.8825
 30
0.0
 40
0.11000000000000001
 71
5
  1
4.09
  7
ARIAL
 50
90.0
  0
POINT
  5
31B
330
310
100
AcDbEntity
  8
Defpoints
100
AcDbPoint
 10
29.25
 20
4.84
 30
0.0
  0
POINT
  5
31C
330
310
100
AcDbEntity
  8
Defpoints
100
AcDbPoint
 10
25.18
 20
4.84
 30
0.0
  0
POINT
  5
31D
330
310
100
AcDbEntity
  8
Defpoints
100
AcDbPoint
 10
25.18
 20
8.925
 30
0.0
  0
ENDBLK
  5
312
330
310
100
AcDbEntity
  8
0
100
AcDbBlockEnd
  0
BLOCK
  5
331
330
330
100
AcDbEntity
  8
0
100
AcDbBlockBegin
  2
*Paper_Space
 70
0
 10
0.0
 20
0.0
 30
0.0
  3
*Paper_Space
  1

  0
ENDBLK
  5
332
330
330
100
AcDbEntity
  8
0
100
AcDbBlockEnd
  0
BLOCK
  5
1C
330
1B
100
AcDbEntity
  8
0
100
AcDbBlockBegin
  2
*Paper_Space0
 70
0
 10
0.0
 20
0.0
 30
0.0
  3
*Paper_Space0
  1

  0
ENDBLK
  5
1D
330
1B
100
AcDbEntity
  8
0
100
AcDbBlockEnd
  0
BLOCK
  5
3E9
330
3E8
100
AcDbEntity
  8
0
100
AcDbBlockBegin
  2
CAJETIN_A1
 70
2
 10
0.0
 20
0.0
 30
0.0
  3
CAJETIN_A1
  1

  0
LWPOLYLINE
  5
3EB
330
3E8
100
AcDbEntity
  8
0
100
AcDbPolyline
 90
4
 70
1
 10
0.0
 20
0.0
 10
120.0
 20
0.0
 10
120.0
 20
574.0
 10
0.0
 20
574.0
  0
TEXT
  5
3EC
330
3E8
100
AcDbEntity
  8
0
100
AcDbText
 10
3.0
 20
571.0
 30
0.0
 40
2.0
  1
ESPACIO PARA SELLOS Y TIMBRES
  7
ARIAL
 11
3.0
 21
571.0
 31
0.0
100
AcDbText
 73
3
  0
LINE
  5
3ED
330
3E8
100
AcDbEntity
  8
0
100
AcDbLine
 10
0.0
 20
255.6
 30
0.0
 11
120.0
 21
255.6
 31
0.0
  0
ATTDEF
  5
3EE
330
3E8
100
AcDbEntity
  8
0
100
AcDbText
 10
60.0
 20
251.6
 30
0.0
 40
3.2
  1

  7
ARIAL
 72
1
 11
60.0
 21
251.6
 31
0.0
100
AcDbAttributeDefinition
  3

  2
EMPRESA
 70
0
 74
3
 71
1
 72
0
 11
60.0
 21
251.6
 31
0.0
  0
ATTDEF
  5
3EF
330
3E8
100
AcDbEntity
  8
0
100
AcDbText
 10
60.0
 20
245.6
 30
0.0
 40
2.5
  1

  7
ARIAL
 72
1
 11
60.0
 21
245.6
 31
0.0
100
AcDbAttributeDefinition
  3

  2
EMPRESA_CED
 70
0
 74
3
 71
1
 72
0
 11
60.0
 21
245.6
 31
0.0
  0
LINE
  5
3F0
330
3E8
100
AcDbEntity
  8
0
100
AcDbLine
 10
0.0
 20
237.6
 30
0.0
 11
120.0
 21
237.6
 31
0.0
  0
TEXT
  5
3F1
330
3E8
100
AcDbEntity
  8
0
100
AcDbText
 10
3.0
 20
235.1
 30
0.0
 40
2.2
  1
PROFESIONAL RESPONSABLE:
  7
ARIAL
 11
3.0
 21
235.1
 31
0.0
100
AcDbText
 73
3
  0
ATTDEF
  5
3F2
330
3E8
100
AcDbEntity
  8
0
100
AcDbText
 10
3.0
 20
230.1
 30
0.0
 40
2.6
  1

  7
ARIAL
 11
3.0
 21
230.1
 31
0.0
100
AcDbAttributeDefinition
  3

  2
PROF_1
 70
0
 74
3
 71
1
 72
0
 11
3.0
 21
230.1
 31
0.0
  0
ATTDEF
  5
3F3
330
3E8
100
AcDbEntity
  8
0
100
AcDbText
 10
3.0
 20
225.6
 30
0.0
 40
2.6
  1

  7
ARIAL
 11
3.0
 21
225.6
 31
0.0
100
AcDbAttributeDefinition
  3

  2
PROF_2
 70
0
 74
3
 71
1
 72
0
 11
3.0
 21
225.6
 31
0.0
  0
ATTDEF
  5
3F4
330
3E8
100
AcDbEntity
  8
0
100
AcDbText
 10
3.0
 20
221.1
 30
0.0
 40
2.6
  1

  7
ARIAL
 11
3.0
 21
221.1
 31
0.0
100
AcDbAttributeDefinition
  3

  2
PROF_3
 70
0
 74
3
 71
1
 72
0
 11
3.0
 21
221.1
 31
0.0
  0
LINE
  5
3F5
330
3E8
100
AcDbEntity
  8
0
100
AcDbLine
 10
0.0
 20
215.6
 30
0.0
 11
120.0
 21
215.6
 31
0.0
  0
TEXT
  5
3F6
330
3E8
100
AcDbEntity
  8
0
100
AcDbText
 10
3.0
 20
213.1
 30
0.0
 40
2.2
  1
PROYECTO:
  7
ARIAL
 11
3.0
 21
213.1
 31
0.0
100
AcDbText
 73
3
  0
ATTDEF
  5
3F7
330
3E8
100
AcDbEntity
  8
0
100
AcDbText
 10
3.0
 20
208.1
 30
0.0
 40
4.2
  1

  7
ARIAL
 11
3.0
 21
208.1
 31
0.0
100
AcDbAttributeDefinition
  3

  2
PROYECTO
 70
0
 74
3
 71
1
 72
0
 11
3.0
 21
208.1
 31
0.0
  0
ATTDEF
  5
3F8
330
3E8
100
AcDbEntity
  8
0
100
AcDbText
 10
3.0
 20
201.1
 30
0.0
 40
2.5
  1

  7
ARIAL
 11
3.0
 21
201.1
 31
0.0
100
AcDbAttributeDefinition
  3

  2
UBIC_1
 70
0
 74
3
 71
1
 72
0
 11
3.0
 21
201.1
 31
0.0
  0
ATTDEF
  5
3F9
330
3E8
100
AcDbEntity
  8
0
100
AcDbText
 10
3.0
 20
196.6
 30
0.0
 40
2.5
  1

  7
ARIAL
 11
3.0
 21
196.6
 31
0.0
100
AcDbAttributeDefinition
  3

  2
UBIC_2
 70
0
 74
3
 71
1
 72
0
 11
3.0
 21
196.6
 31
0.0
  0
ATTDEF
  5
3FA
330
3E8
100
AcDbEntity
  8
0
100
AcDbText
 10
3.0
 20
192.1
 30
0.0
 40
2.5
  1

  7
ARIAL
 11
3.0
 21
192.1
 31
0.0
100
AcDbAttributeDefinition
  3

  2
UBIC_3
 70
0
 74
3
 71
1
 72
0
 11
3.0
 21
192.1
 31
0.0
  0
LINE
  5
3FB
330
3E8
100
AcDbEntity
  8
0
100
AcDbLine
 10
0.0
 20
186.6
 30
0.0
 11
120.0
 21
186.6
 31
0.0
  0
TEXT
  5
3FC
330
3E8
100
AcDbEntity
  8
0
100
AcDbText
 10
3.0
 20
184.1
 30
0.0
 40
2.2
  1
INFORMACIÓN REGISTRO PÚBLICO:
  7
ARIAL
 11
3.0
 21
184.1
 31
0.0
100
AcDbText
 73
3
  0
ATTDEF
  5
3FD
330
3E8
100
AcDbEntity
  8
0
100
AcDbText
 10
3.0
 20
179.1
 30
0.0
 40
2.5
  1

  7
ARIAL
 11
3.0
 21
179.1
 31
0.0
100
AcDbAttributeDefinition
  3

  2
REG_1
 70
0
 74
3
 71
1
 72
0
 11
3.0
 21
179.1
 31
0.0
  0
ATTDEF
  5
3FE
330
3E8
100
AcDbEntity
  8
0
100
AcDbText
 10
3.0
 20
174.6
 30
0.0
 40
2.5
  1

  7
ARIAL
 11
3.0
 21
174.6
 31
0.0
100
AcDbAttributeDefinition
  3

  2
REG_2
 70
0
 74
3
 71
1
 72
0
 11
3.0
 21
174.6
 31
0.0
  0
ATTDEF
  5
3FF
330
3E8
100
AcDbEntity
  8
0
100
AcDbText
 10
3.0
 20
170.1
 30
0.0
 40
2.5
  1

  7
ARIAL
 11
3.0
 21
170.1
 31
0.0
100
AcDbAttributeDefinition
  3

  2
REG_3
 70
0
 74
3
 71
1
 72
0
 11
3.0
 21
170.1
 31
0.0
  0
LINE
  5
400
330
3E8
100
AcDbEntity
  8
0
100
AcDbLine
 10
0.0
 20
164.6
 30
0.0
 11
120.0
 21
164.6
 31
0.0
  0
TEXT
  5
401
330
3E8
100
AcDbEntity
  8
0
100
AcDbText
 10
3.0
 20
162.1
 30
0.0
 40
2.2
  1
CONTENIDO:
  7
ARIAL
 11
3.0
 21
162.1
 31
0.0
100
AcDbText
 73
3
  0
ATTDEF
  5
402
330
3E8
100
AcDbEntity
  8
0
100
AcDbText
 10
3.0
 20
157.1
 30
0.0
 40
5.0
  1

  7
ARIAL
 11
3.0
 21
157.1
 31
0.0
100
AcDbAttributeDefinition
  3

  2
CONT_TIT
 70
0
 74
3
 71
1
 72
0
 11
3.0
 21
157.1
 31
0.0
  0
ATTDEF
  5
403
330
3E8
100
AcDbEntity
  8
0
100
AcDbText
 10
3.0
 20
149.6
 30
0.0
 40
3.0
  1

  7
ARIAL
 11
3.0
 21
149.6
 31
0.0
100
AcDbAttributeDefinition
  3

  2
CONT_1
 70
0
 74
3
 71
1
 72
0
 11
3.0
 21
149.6
 31
0.0
  0
ATTDEF
  5
404
330
3E8
100
AcDbEntity
  8
0
100
AcDbText
 10
3.0
 20
144.1
 30
0.0
 40
3.0
  1

  7
ARIAL
 11
3.0
 21
144.1
 31
0.0
100
AcDbAttributeDefinition
  3

  2
CONT_2
 70
0
 74
3
 71
1
 72
0
 11
3.0
 21
144.1
 31
0.0
  0
ATTDEF
  5
405
330
3E8
100
AcDbEntity
  8
0
100
AcDbText
 10
3.0
 20
138.6
 30
0.0
 40
3.0
  1

  7
ARIAL
 11
3.0
 21
138.6
 31
0.0
100
AcDbAttributeDefinition
  3

  2
CONT_3
 70
0
 74
3
 71
1
 72
0
 11
3.0
 21
138.6
 31
0.0
  0
ATTDEF
  5
406
330
3E8
100
AcDbEntity
  8
0
100
AcDbText
 10
3.0
 20
133.1
 30
0.0
 40
3.0
  1

  7
ARIAL
 11
3.0
 21
133.1
 31
0.0
100
AcDbAttributeDefinition
  3

  2
CONT_4
 70
0
 74
3
 71
1
 72
0
 11
3.0
 21
133.1
 31
0.0
  0
ATTDEF
  5
407
330
3E8
100
AcDbEntity
  8
0
100
AcDbText
 10
3.0
 20
127.6
 30
0.0
 40
3.0
  1

  7
ARIAL
 11
3.0
 21
127.6
 31
0.0
100
AcDbAttributeDefinition
  3

  2
CONT_5
 70
0
 74
3
 71
1
 72
0
 11
3.0
 21
127.6
 31
0.0
  0
ATTDEF
  5
408
330
3E8
100
AcDbEntity
  8
0
100
AcDbText
 10
3.0
 20
122.1
 30
0.0
 40
3.0
  1

  7
ARIAL
 11
3.0
 21
122.1
 31
0.0
100
AcDbAttributeDefinition
  3

  2
CONT_6
 70
0
 74
3
 71
1
 72
0
 11
3.0
 21
122.1
 31
0.0
  0
LINE
  5
409
330
3E8
100
AcDbEntity
  8
0
100
AcDbLine
 10
0.0
 20
114.6
 30
0.0
 11
120.0
 21
114.6
 31
0.0
  0
TEXT
  5
40A
330
3E8
100
AcDbEntity
  8
0
100
AcDbText
 10
3.0
 20
112.1
 30
0.0
 40
2.2
  1
ESCALAS:
  7
ARIAL
 11
3.0
 21
112.1
 31
0.0
100
AcDbText
 73
3
  0
ATTDEF
  5
40B
330
3E8
100
AcDbEntity
  8
0
100
AcDbText
 10
25.0
 20
112.1
 30
0.0
 40
2.2
  1

  7
ARIAL
 11
25.0
 21
112.1
 31
0.0
100
AcDbAttributeDefinition
  3

  2
ESCALAS
 70
0
 74
3
 71
1
 72
0
 11
25.0
 21
112.1
 31
0.0
  0
LINE
  5
40C
330
3E8
100
AcDbEntity
  8
0
100
AcDbLine
 10
0.0
 20
107.6
 30
0.0
 11
120.0
 21
107.6
 31
0.0
  0
TEXT
  5
40D
330
3E8
100
AcDbEntity
  8
0
100
AcDbText
 10
3.0
 20
105.6
 30
0.0
 40
2.2
  1
CONTROL DE REVISIONES
  7
ARIAL
 11
3.0
 21
105.6
 31
0.0
100
AcDbText
 73
3
  0
LINE
  5
40E
330
3E8
100
AcDbEntity
  8
0
100
AcDbLine
 10
0.0
 20
101.6
 30
0.0
 11
120.0
 21
101.6
 31
0.0
  0
TEXT
  5
40F
330
3E8
100
AcDbEntity
  8
0
100
AcDbText
 10
6.0
 20
99.1
 30
0.0
 40
2.0
  1
REV.
  7
ARIAL
 72
1
 11
6.0
 21
99.1
 31
0.0
100
AcDbText
 73
2
  0
TEXT
  5
410
330
3E8
100
AcDbEntity
  8
0
100
AcDbText
 10
23.0
 20
99.1
 30
0.0
 40
2.0
  1
FECHA
  7
ARIAL
 72
1
 11
23.0
 21
99.1
 31
0.0
100
AcDbText
 73
2
  0
TEXT
  5
411
330
3E8
100
AcDbEntity
  8
0
100
AcDbText
 10
77.0
 20
99.1
 30
0.0
 40
2.0
  1
DESCRIPCIÓN
  7
ARIAL
 72
1
 11
77.0
 21
99.1
 31
0.0
100
AcDbText
 73
2
  0
LINE
  5
412
330
3E8
100
AcDbEntity
  8
0
100
AcDbLine
 10
0.0
 20
96.6
 30
0.0
 11
120.0
 21
96.6
 31
0.0
  0
ATTDEF
  5
413
330
3E8
100
AcDbEntity
  8
0
100
AcDbText
 10
6.0
 20
94.0
 30
0.0
 40
2.0
  1

  7
ARIAL
 72
1
 11
6.0
 21
94.0
 31
0.0
100
AcDbAttributeDefinition
  3

  2
REV0_N
 70
0
 74
2
 71
1
 72
0
 11
6.0
 21
94.0
 31
0.0
  0
ATTDEF
  5
414
330
3E8
100
AcDbEntity
  8
0
100
AcDbText
 10
23.0
 20
94.0
 30
0.0
 40
2.0
  1

  7
ARIAL
 72
1
 11
23.0
 21
94.0
 31
0.0
100
AcDbAttributeDefinition
  3

  2
REV0_F
 70
0
 74
2
 71
1
 72
0
 11
23.0
 21
94.0
 31
0.0
  0
ATTDEF
  5
415
330
3E8
100
AcDbEntity
  8
0
100
AcDbText
 10
35.5
 20
94.0
 30
0.0
 40
2.0
  1

  7
ARIAL
 11
35.5
 21
94.0
 31
0.0
100
AcDbAttributeDefinition
  3

  2
REV0_D
 70
0
 74
2
 71
1
 72
0
 11
35.5
 21
94.0
 31
0.0
  0
LINE
  5
416
330
3E8
100
AcDbEntity
  8
0
100
AcDbLine
 10
0.0
 20
91.39999999999999
 30
0.0
 11
120.0
 21
91.39999999999999
 31
0.0
  0
ATTDEF
  5
417
330
3E8
100
AcDbEntity
  8
0
100
AcDbText
 10
6.0
 20
88.8
 30
0.0
 40
2.0
  1

  7
ARIAL
 72
1
 11
6.0
 21
88.8
 31
0.0
100
AcDbAttributeDefinition
  3

  2
REV1_N
 70
0
 74
2
 71
1
 72
0
 11
6.0
 21
88.8
 31
0.0
  0
ATTDEF
  5
418
330
3E8
100
AcDbEntity
  8
0
100
AcDbText
 10
23.0
 20
88.8
 30
0.0
 40
2.0
  1

  7
ARIAL
 72
1
 11
23.0
 21
88.8
 31
0.0
100
AcDbAttributeDefinition
  3

  2
REV1_F
 70
0
 74
2
 71
1
 72
0
 11
23.0
 21
88.8
 31
0.0
  0
ATTDEF
  5
419
330
3E8
100
AcDbEntity
  8
0
100
AcDbText
 10
35.5
 20
88.8
 30
0.0
 40
2.0
  1

  7
ARIAL
 11
35.5
 21
88.8
 31
0.0
100
AcDbAttributeDefinition
  3

  2
REV1_D
 70
0
 74
2
 71
1
 72
0
 11
35.5
 21
88.8
 31
0.0
  0
LINE
  5
41A
330
3E8
100
AcDbEntity
  8
0
100
AcDbLine
 10
0.0
 20
86.19999999999999
 30
0.0
 11
120.0
 21
86.19999999999999
 31
0.0
  0
ATTDEF
  5
41B
330
3E8
100
AcDbEntity
  8
0
100
AcDbText
 10
6.0
 20
83.6
 30
0.0
 40
2.0
  1

  7
ARIAL
 72
1
 11
6.0
 21
83.6
 31
0.0
100
AcDbAttributeDefinition
  3

  2
REV2_N
 70
0
 74
2
 71
1
 72
0
 11
6.0
 21
83.6
 31
0.0
  0
ATTDEF
  5
41C
330
3E8
100
AcDbEntity
  8
0
100
AcDbText
 10
23.0
 20
83.6
 30
0.0
 40
2.0
  1

  7
ARIAL
 72
1
 11
23.0
 21
83.6
 31
0.0
100
AcDbAttributeDefinition
  3

  2
REV2_F
 70
0
 74
2
 71
1
 72
0
 11
23.0
 21
83.6
 31
0.0
  0
ATTDEF
  5
41D
330
3E8
100
AcDbEntity
  8
0
100
AcDbText
 10
35.5
 20
83.6
 30
0.0
 40
2.0
  1

  7
ARIAL
 11
35.5
 21
83.6
 31
0.0
100
AcDbAttributeDefinition
  3

  2
REV2_D
 70
0
 74
2
 71
1
 72
0
 11
35.5
 21
83.6
 31
0.0
  0
LINE
  5
41E
330
3E8
100
AcDbEntity
  8
0
100
AcDbLine
 10
0.0
 20
80.99999999999999
 30
0.0
 11
120.0
 21
80.99999999999999
 31
0.0
  0
LINE
  5
41F
330
3E8
100
AcDbEntity
  8
0
100
AcDbLine
 10
12.0
 20
101.6
 30
0.0
 11
12.0
 21
80.99999999999999
 31
0.0
  0
LINE
  5
420
330
3E8
100
AcDbEntity
  8
0
100
AcDbLine
 10
34.0
 20
101.6
 30
0.0
 11
34.0
 21
80.99999999999999
 31
0.0
  0
TEXT
  5
421
330
3E8
100
AcDbEntity
  8
0
100
AcDbText
 10
3.0
 20
78.49999999999999
 30
0.0
 40
2.2
  1
ESTADO:
  7
ARIAL
 11
3.0
 21
78.49999999999999
 31
0.0
100
AcDbText
 73
3
  0
ATTDEF
  5
422
330
3E8
100
AcDbEntity
  8
0
100
AcDbText
 10
60.0
 20
72.99999999999999
 30
0.0
 40
3.0
  1

  7
ARIAL
 72
1
 11
60.0
 21
72.99999999999999
 31
0.0
100
AcDbAttributeDefinition
  3

  2
ESTADO_1
 70
0
 74
3
 71
1
 72
0
 11
60.0
 21
72.99999999999999
 31
0.0
  0
ATTDEF
  5
423
330
3E8
100
AcDbEntity
  8
0
100
AcDbText
 10
60.0
 20
67.99999999999999
 30
0.0
 40
2.4
  1

  7
ARIAL
 72
1
 11
60.0
 21
67.99999999999999
 31
0.0
100
AcDbAttributeDefinition
  3

  2
ESTADO_2
 70
0
 74
3
 71
1
 72
0
 11
60.0
 21
67.99999999999999
 31
0.0
  0
LINE
  5
424
330
3E8
100
AcDbEntity
  8
0
100
AcDbLine
 10
0.0
 20
61.999999999999986
 30
0.0
 11
120.0
 21
61.999999999999986
 31
0.0
  0
LINE
  5
425
330
3E8
100
AcDbEntity
  8
0
100
AcDbLine
 10
0.0
 20
52.999999999999986
 30
0.0
 11
120.0
 21
52.999999999999986
 31
0.0
  0
LINE
  5
426
330
3E8
100
AcDbEntity
  8
0
100
AcDbLine
 10
0.0
 20
26.999999999999986
 30
0.0
 11
120.0
 21
26.999999999999986
 31
0.0
  0
LINE
  5
427
330
3E8
100
AcDbEntity
  8
0
100
AcDbLine
 10
66.0
 20
61.999999999999986
 30
0.0
 11
66.0
 21
0.0
 31
0.0
  0
TEXT
  5
428
330
3E8
100
AcDbEntity
  8
0
100
AcDbText
 10
33.0
 20
57.499999999999986
 30
0.0
 40
3.0
  1
LUGAR
  7
ARIAL
 72
1
 11
33.0
 21
57.499999999999986
 31
0.0
100
AcDbText
 73
2
  0
TEXT
  5
429
330
3E8
100
AcDbEntity
  8
0
100
AcDbText
 10
93.0
 20
57.499999999999986
 30
0.0
 40
3.0
  1
LÁMINA
  7
ARIAL
 72
1
 11
93.0
 21
57.499999999999986
 31
0.0
100
AcDbText
 73
2
  0
ATTDEF
  5
42A
330
3E8
100
AcDbEntity
  8
0
100
AcDbText
 10
33.0
 20
39.999999999999986
 30
0.0
 40
5.0
  1

  7
ARIAL
 72
1
 11
33.0
 21
39.999999999999986
 31
0.0
100
AcDbAttributeDefinition
  3

  2
LUGAR
 70
0
 74
2
 71
1
 72
0
 11
33.0
 21
39.999999999999986
 31
0.0
  0
ATTDEF
  5
42B
330
3E8
100
AcDbEntity
  8
0
100
AcDbText
 10
93.0
 20
39.999999999999986
 30
0.0
 40
14.0
  1

  7
ARIAL
 72
1
 11
93.0
 21
39.999999999999986
 31
0.0
100
AcDbAttributeDefinition
  3

  2
LAMINA
 70
0
 74
2
 71
1
 72
0
 11
93.0
 21
39.999999999999986
 31
0.0
  0
ATTDEF
  5
42C
330
3E8
100
AcDbEntity
  8
0
100
AcDbText
 10
33.0
 20
13.499999999999993
 30
0.0
 40
6.0
  1

  7
ARIAL
 72
1
 11
33.0
 21
13.499999999999993
 31
0.0
100
AcDbAttributeDefinition
  3

  2
FECHA
 70
0
 74
2
 71
1
 72
0
 11
33.0
 21
13.499999999999993
 31
0.0
  0
TEXT
  5
42D
330
3E8
100
AcDbEntity
  8
0
100
AcDbText
 10
70.0
 20
13.499999999999993
 30
0.0
 40
3.0
  1
TOTAL
  7
ARIAL
 11
70.0
 21
13.499999999999993
 31
0.0
100
AcDbText
 73
2
  0
ATTDEF
  5
42E
330
3E8
100
AcDbEntity
  8
0
100
AcDbText
 10
104.0
 20
13.499999999999993
 30
0.0
 40
9.0
  1

  7
ARIAL
 72
1
 11
104.0
 21
13.499999999999993
 31
0.0
100
AcDbAttributeDefinition
  3

  2
TOTAL
 70
0
 74
2
 71
1
 72
0
 11
104.0
 21
13.499999999999993
 31
0.0
  0
ENDBLK
  5
3EA
330
3E8
100
AcDbEntity
  8
0
100
AcDbBlockEnd
  0
ENDSEC
  0
SECTION
  2
ENTITIES
  0
LWPOLYLINE
  5
BF
330
17
100
AcDbEntity
  8
T-LINDERO
100
AcDbPolyline
 90
5
 70
1
 10
0.0
 20
0.0
 10
0.010879637986303953
 20
4.664716672341735
 10
0.05655167053563409
 20
9.007424821148515
 10
28.51811244861565
 20
8.999803462886003
 10
28.511978184595964
 20
0.0
  0
CIRCLE
  5
C0
330
17
100
AcDbEntity
  8
T-VERTICE
100
AcDbCircle
 10
0.0
 20
0.0
 30
0.0
 40
0.18
  0
TEXT
  5
C1
330
17
100
AcDbEntity
  8
T-VERTICE
100
AcDbText
 10
-0.35
 20
-0.35
 30
0.0
 40
0.18
  1
1
  7
ARIAL
 72
1
 11
-0.35
 21
-0.35
 31
0.0
100
AcDbText
 73
2
  0
CIRCLE
  5
C2
330
17
100
AcDbEntity
  8
T-VERTICE
100
AcDbCircle
 10
0.010879637986303953
 20
4.664716672341735
 30
0.0
 40
0.18
  0
TEXT
  5
C3
330
17
100
AcDbEntity
  8
T-VERTICE
100
AcDbText
 10
-0.35
 20
-0.35
 30
0.0
 40
0.18
  1
2
  7
ARIAL
 72
1
 11
-0.35
 21
-0.35
 31
0.0
100
AcDbText
 73
2
  0
CIRCLE
  5
C4
330
17
100
AcDbEntity
  8
T-VERTICE
100
AcDbCircle
 10
0.05655167053563409
 20
9.007424821148515
 30
0.0
 40
0.18
  0
TEXT
  5
C5
330
17
100
AcDbEntity
  8
T-VERTICE
100
AcDbText
 10
-0.35
 20
9.35
 30
0.0
 40
0.18
  1
3
  7
ARIAL
 72
1
 11
-0.35
 21
9.35
 31
0.0
100
AcDbText
 73
2
  0
CIRCLE
  5
C6
330
17
100
AcDbEntity
  8
T-VERTICE
100
AcDbCircle
 10
28.51811244861565
 20
8.999803462886003
 30
0.0
 40
0.18
  0
TEXT
  5
C7
330
17
100
AcDbEntity
  8
T-VERTICE
100
AcDbText
 10
28.85
 20
9.35
 30
0.0
 40
0.18
  1
4
  7
ARIAL
 72
1
 11
28.85
 21
9.35
 31
0.0
100
AcDbText
 73
2
  0
CIRCLE
  5
C8
330
17
100
AcDbEntity
  8
T-VERTICE
100
AcDbCircle
 10
28.511978184595964
 20
0.0
 30
0.0
 40
0.18
  0
TEXT
  5
C9
330
17
100
AcDbEntity
  8
T-VERTICE
100
AcDbText
 10
28.85
 20
-0.35
 30
0.0
 40
0.18
  1
5
  7
ARIAL
 72
1
 11
28.85
 21
-0.35
 31
0.0
100
AcDbText
 73
2
  0
LWPOLYLINE
  5
CA
330
17
100
AcDbEntity
  8
A-MURO
100
AcDbPolyline
 90
4
 70
1
 10
2.06
 20
0.0
 10
2.06
 20
0.15
 10
25.18
 20
0.15
 10
25.18
 20
0.0
  0
HATCH
  5
CB
330
17
100
AcDbEntity
  8
A-MURO-TRAMA
 62
7
100
AcDbHatch
 10
0.0
 20
0.0
 30
0.0
210
0.0
220
0.0
230
1.0
  2
ANSI31
 70
0
 71
0
 91
1
 92
3
 72
0
 73
1
 93
4
 10
2.06
 20
0.0
 10
2.06
 20
0.15
 10
25.18
 20
0.15
 10
25.18
 20
0.0
 97
0
 75
1
 76
1
 52
0.0
 41
0.03
 77
0
 78
1
 53
45.0
 43
0.0
 44
0.0
 45
-0.0673519209
 46
0.0673519209
 79
0
 98
0
  0
LWPOLYLINE
  5
CC
330
17
100
AcDbEntity
  8
A-MURO
100
AcDbPolyline
 90
4
 70
1
 10
2.06
 20
8.85
 10
2.06
 20
9.0
 10
25.18
 20
9.0
 10
25.18
 20
8.85
  0
HATCH
  5
CD
330
17
100
AcDbEntity
  8
A-MURO-TRAMA
 62
7
100
AcDbHatch
 10
0.0
 20
0.0
 30
0.0
210
0.0
220
0.0
230
1.0
  2
ANSI31
 70
0
 71
0
 91
1
 92
3
 72
0
 73
1
 93
4
 10
2.06
 20
8.85
 10
2.06
 20
9.0
 10
25.18
 20
9.0
 10
25.18
 20
8.85
 97
0
 75
1
 76
1
 52
0.0
 41
0.03
 77
0
 78
1
 53
45.0
 43
0.0
 44
0.0
 45
-0.0673519209
 46
0.0673519209
 79
0
 98
0
  0
LWPOLYLINE
  5
CE
330
17
100
AcDbEntity
  8
A-MURO
100
AcDbPolyline
 90
4
 70
1
 10
2.06
 20
1.26
 10
2.06
 20
1.56
 10
2.21
 20
1.56
 10
2.21
 20
1.26
  0
HATCH
  5
CF
330
17
100
AcDbEntity
  8
A-MURO-TRAMA
 62
7
100
AcDbHatch
 10
0.0
 20
0.0
 30
0.0
210
0.0
220
0.0
230
1.0
  2
ANSI31
 70
0
 71
0
 91
1
 92
3
 72
0
 73
1
 93
4
 10
2.06
 20
1.26
 10
2.06
 20
1.56
 10
2.21
 20
1.56
 10
2.21
 20
1.26
 97
0
 75
1
 76
1
 52
0.0
 41
0.03
 77
0
 78
1
 53
45.0
 43
0.0
 44
0.0
 45
-0.0673519209
 46
0.0673519209
 79
0
 98
0
  0
LWPOLYLINE
  5
D0
330
17
100
AcDbEntity
  8
A-MURO
100
AcDbPolyline
 90
4
 70
1
 10
28.361978184595966
 20
0.0
 10
28.361978184595966
 20
9.0
 10
28.511978184595964
 20
9.0
 10
28.511978184595964
 20
0.0
  0
HATCH
  5
D1
330
17
100
AcDbEntity
  8
A-MURO-TRAMA
 62
7
100
AcDbHatch
 10
0.0
 20
0.0
 30
0.0
210
0.0
220
0.0
230
1.0
  2
ANSI31
 70
0
 71
0
 91
1
 92
3
 72
0
 73
1
 93
4
 10
28.361978184595966
 20
0.0
 10
28.361978184595966
 20
9.0
 10
28.511978184595964
 20
9.0
 10
28.511978184595964
 20
0.0
 97
0
 75
1
 76
1
 52
0.0
 41
0.03
 77
0
 78
1
 53
45.0
 43
0.0
 44
0.0
 45
-0.0673519209
 46
0.0673519209
 79
0
 98
0
  0
LWPOLYLINE
  5
D2
330
17
100
AcDbEntity
  8
E-COLUMNA
100
AcDbPolyline
 90
4
 70
1
 10
7.534999999999999
 20
4.6899999999999995
 10
7.534999999999999
 20
4.99
 10
7.835
 20
4.99
 10
7.835
 20
4.6899999999999995
  0
HATCH
  5
D3
330
17
100
AcDbEntity
  8
E-COLUMNA
 62
7
100
AcDbHatch
 10
0.0
 20
0.0
 30
0.0
210
0.0
220
0.0
230
1.0
  2
SOLID
 70
1
 71
0
 91
1
 92
3
 72
0
 73
1
 93
4
 10
7.534999999999999
 20
4.6899999999999995
 10
7.534999999999999
 20
4.99
 10
7.835
 20
4.99
 10
7.835
 20
4.6899999999999995
 97
0
 75
0
 76
1
 98
0
  0
TEXT
  5
D4
330
17
100
AcDbEntity
  8
E-COLUMNA
100
AcDbText
 10
7.935
 20
5.11
 30
0.0
 40
0.11
  1
C2
  7
ARIAL
 11
7.935
 21
5.11
 31
0.0
100
AcDbText
 73
2
  0
LWPOLYLINE
  5
D5
330
17
100
AcDbEntity
  8
E-COLUMNA
100
AcDbPolyline
 90
4
 70
1
 10
10.184999999999999
 20
4.6899999999999995
 10
10.184999999999999
 20
4.99
 10
10.485
 20
4.99
 10
10.485
 20
4.6899999999999995
  0
HATCH
  5
D6
330
17
100
AcDbEntity
  8
E-COLUMNA
 62
7
100
AcDbHatch
 10
0.0
 20
0.0
 30
0.0
210
0.0
220
0.0
230
1.0
  2
SOLID
 70
1
 71
0
 91
1
 92
3
 72
0
 73
1
 93
4
 10
10.184999999999999
 20
4.6899999999999995
 10
10.184999999999999
 20
4.99
 10
10.485
 20
4.99
 10
10.485
 20
4.6899999999999995
 97
0
 75
0
 76
1
 98
0
  0
TEXT
  5
D7
330
17
100
AcDbEntity
  8
E-COLUMNA
100
AcDbText
 10
10.584999999999999
 20
5.11
 30
0.0
 40
0.11
  1
C3
  7
ARIAL
 11
10.584999999999999
 21
5.11
 31
0.0
100
AcDbText
 73
2
  0
LWPOLYLINE
  5
D8
330
17
100
AcDbEntity
  8
E-COLUMNA
100
AcDbPolyline
 90
4
 70
1
 10
16.755000000000003
 20
4.6899999999999995
 10
16.755000000000003
 20
4.99
 10
17.055
 20
4.99
 10
17.055
 20
4.6899999999999995
  0
HATCH
  5
D9
330
17
100
AcDbEntity
  8
E-COLUMNA
 62
7
100
AcDbHatch
 10
0.0
 20
0.0
 30
0.0
210
0.0
220
0.0
230
1.0
  2
SOLID
 70
1
 71
0
 91
1
 92
3
 72
0
 73
1
 93
4
 10
16.755000000000003
 20
4.6899999999999995
 10
16.755000000000003
 20
4.99
 10
17.055
 20
4.99
 10
17.055
 20
4.6899999999999995
 97
0
 75
0
 76
1
 98
0
  0
TEXT
  5
DA
330
17
100
AcDbEntity
  8
E-COLUMNA
100
AcDbText
 10
17.155
 20
5.11
 30
0.0
 40
0.11
  1
C4
  7
ARIAL
 11
17.155
 21
5.11
 31
0.0
100
AcDbText
 73
2
  0
LWPOLYLINE
  5
DB
330
17
100
AcDbEntity
  8
E-COLUMNA
100
AcDbPolyline
 90
4
 70
1
 10
19.405
 20
4.6899999999999995
 10
19.405
 20
4.99
 10
19.705
 20
4.99
 10
19.705
 20
4.6899999999999995
  0
HATCH
  5
DC
330
17
100
AcDbEntity
  8
E-COLUMNA
 62
7
100
AcDbHatch
 10
0.0
 20
0.0
 30
0.0
210
0.0
220
0.0
230
1.0
  2
SOLID
 70
1
 71
0
 91
1
 92
3
 72
0
 73
1
 93
4
 10
19.405
 20
4.6899999999999995
 10
19.405
 20
4.99
 10
19.705
 20
4.99
 10
19.705
 20
4.6899999999999995
 97
0
 75
0
 76
1
 98
0
  0
TEXT
  5
DD
330
17
100
AcDbEntity
  8
E-COLUMNA
100
AcDbText
 10
19.805
 20
5.11
 30
0.0
 40
0.11
  1
C5
  7
ARIAL
 11
19.805
 21
5.11
 31
0.0
100
AcDbText
 73
2
  0
LWPOLYLINE
  5
DE
330
17
100
AcDbEntity
  8
E-COLUMNA
100
AcDbPolyline
 90
4
 70
1
 10
24.880000000000003
 20
4.6899999999999995
 10
24.880000000000003
 20
4.99
 10
25.18
 20
4.99
 10
25.18
 20
4.6899999999999995
  0
HATCH
  5
DF
330
17
100
AcDbEntity
  8
E-COLUMNA
 62
7
100
AcDbHatch
 10
0.0
 20
0.0
 30
0.0
210
0.0
220
0.0
230
1.0
  2
SOLID
 70
1
 71
0
 91
1
 92
3
 72
0
 73
1
 93
4
 10
24.880000000000003
 20
4.6899999999999995
 10
24.880000000000003
 20
4.99
 10
25.18
 20
4.99
 10
25.18
 20
4.6899999999999995
 97
0
 75
0
 76
1
 98
0
  0
TEXT
  5
E0
330
17
100
AcDbEntity
  8
E-COLUMNA
100
AcDbText
 10
25.28
 20
5.11
 30
0.0
 40
0.11
  1
C6
  7
ARIAL
 11
25.28
 21
5.11
 31
0.0
100
AcDbText
 73
2
  0
TEXT
  5
E1
330
17
100
AcDbEntity
  8
E-COLUMNA
100
AcDbText
 10
11.084999999999999
 20
5.11
 30
0.0
 40
0.085
  1
COLUMNAS 0.30 x 0.30 (PRELIMINAR)
  7
ARIAL
 11
11.084999999999999
 21
5.11
 31
0.0
100
AcDbText
 73
2
  0
LINE
  5
E2
330
17
100
AcDbEntity
  8
A-PROYECCION
 48
0.1
100
AcDbLine
 10
2.09
 20
1.56
 30
0.0
 11
2.09
 21
8.85
 31
0.0
  0
LINE
  5
E3
330
17
100
AcDbEntity
  8
A-PUERTA
100
AcDbLine
 10
2.06
 20
1.56
 30
0.0
 11
0.23750000000000027
 21
1.56
 31
0.0
  0
LINE
  5
E4
330
17
100
AcDbEntity
  8
A-PUERTA
100
AcDbLine
 10
0.23750000000000027
 20
1.62
 30
0.0
 11
2.06
 21
1.62
 31
0.0
  0
LINE
  5
E5
330
17
100
AcDbEntity
  8
A-PUERTA
100
AcDbLine
 10
2.06
 20
1.56
 30
0.0
 11
0.23750000000000027
 21
1.56
 31
0.0
  0
ARC
  5
E6
330
17
100
AcDbEntity
  8
A-PUERTA
100
AcDbCircle
 10
2.06
 20
1.56
 30
0.0
 40
1.8224999999999998
100
AcDbArc
 50
90.0
 51
180.0
  0
LINE
  5
E7
330
17
100
AcDbEntity
  8
A-PUERTA
100
AcDbLine
 10
2.06
 20
8.85
 30
0.0
 11
0.23750000000000027
 21
8.85
 31
0.0
  0
LINE
  5
E8
330
17
100
AcDbEntity
  8
A-PUERTA
100
AcDbLine
 10
0.23750000000000027
 20
8.79
 30
0.0
 11
2.06
 21
8.79
 31
0.0
  0
LINE
  5
E9
330
17
100
AcDbEntity
  8
A-PUERTA
100
AcDbLine
 10
2.06
 20
8.85
 30
0.0
 11
0.23750000000000027
 21
8.85
 31
0.0
  0
ARC
  5
EA
330
17
100
AcDbEntity
  8
A-PUERTA
100
AcDbCircle
 10
2.06
 20
8.85
 30
0.0
 40
1.8224999999999998
100
AcDbArc
 50
180.0
 51
-90.0
  0
LINE
  5
EB
330
17
100
AcDbEntity
  8
A-PUERTA
100
AcDbLine
 10
2.06
 20
1.26
 30
0.0
 11
3.06
 21
1.26
 31
0.0
  0
ARC
  5
EC
330
17
100
AcDbEntity
  8
A-PUERTA
100
AcDbCircle
 10
2.06
 20
1.26
 30
0.0
 40
1.0
100
AcDbArc
 50
-90.0
 51
0.0
  0
LWPOLYLINE
  5
ED
330
17
100
AcDbEntity
  8
A-PROYECCION
 48
0.1
100
AcDbPolyline
 90
4
 70
1
 10
7.609999999999999
 20
0.15
 10
7.609999999999999
 20
8.85
 10
7.76
 20
8.85
 10
7.76
 20
0.15
  0
LWPOLYLINE
  5
EE
330
17
100
AcDbEntity
  8
A-PROYECCION
 48
0.1
100
AcDbPolyline
 90
4
 70
1
 10
10.26
 20
0.15
 10
10.26
 20
8.85
 10
10.41
 20
8.85
 10
10.41
 20
0.15
  0
LWPOLYLINE
  5
EF
330
17
100
AcDbEntity
  8
A-PROYECCION
 48
0.1
100
AcDbPolyline
 90
4
 70
1
 10
7.76
 20
1.47
 10
7.76
 20
8.85
 10
10.26
 20
8.85
 10
10.26
 20
1.47
  0
LINE
  5
F0
330
17
100
AcDbEntity
  8
A-PROYECCION
 48
0.1
100
AcDbLine
 10
7.76
 20
1.47
 30
0.0
 11
10.26
 21
8.85
 31
0.0
  0
LINE
  5
F1
330
17
100
AcDbEntity
  8
A-PROYECCION
 48
0.1
100
AcDbLine
 10
7.76
 20
8.85
 30
0.0
 11
10.26
 21
1.47
 31
0.0
  0
LWPOLYLINE
  5
F2
330
17
100
AcDbEntity
  8
A-PROYECCION
 48
0.1
100
AcDbPolyline
 90
4
 70
1
 10
16.98
 20
4.81
 10
16.98
 20
8.85
 10
19.48
 20
8.85
 10
19.48
 20
4.81
  0
LINE
  5
F3
330
17
100
AcDbEntity
  8
A-PROYECCION
 48
0.1
100
AcDbLine
 10
16.98
 20
4.81
 30
0.0
 11
19.48
 21
8.85
 31
0.0
  0
LINE
  5
F4
330
17
100
AcDbEntity
  8
A-PROYECCION
 48
0.1
100
AcDbLine
 10
16.98
 20
8.85
 30
0.0
 11
19.48
 21
4.81
 31
0.0
  0
LINE
  5
F5
330
17
100
AcDbEntity
  8
A-PROYECCION
 48
0.1
100
AcDbLine
 10
25.18
 20
0.15
 30
0.0
 11
25.18
 21
8.85
 31
0.0
  0
TEXT
  5
F6
330
17
100
AcDbEntity
  8
A-TXT-50
100
AcDbText
 10
25.06
 20
2.4
 30
0.0
 40
0.085
  1
PROYECCIÓN BORDE NIVEL 2
  7
ARIAL
 11
25.06
 21
2.4
 31
0.0
100
AcDbText
 73
2
  0
LINE
  5
F7
330
17
100
AcDbEntity
  8
A-DEMARCACION
 48
0.1
100
AcDbLine
 10
2.21
 20
1.35
 30
0.0
 11
19.48
 21
1.35
 31
0.0
  0
LINE
  5
F8
330
17
100
AcDbEntity
  8
A-DEMARCACION
 48
0.1
100
AcDbLine
 10
19.48
 20
0.15
 30
0.0
 11
19.48
 21
1.35
 31
0.0
  0
LINE
  5
F9
330
17
100
AcDbEntity
  8
A-DEMARCACION
 48
0.1
100
AcDbLine
 10
7.21
 20
1.35
 30
0.0
 11
7.21
 21
8.85
 31
0.0
  0
LINE
  5
FA
330
17
100
AcDbEntity
  8
A-DEMARCACION
 48
0.1
100
AcDbLine
 10
2.21
 20
3.85
 30
0.0
 11
7.21
 21
3.85
 31
0.0
  0
LINE
  5
FB
330
17
100
AcDbEntity
  8
A-DEMARCACION
 48
0.1
100
AcDbLine
 10
2.21
 20
6.35
 30
0.0
 11
7.21
 21
6.35
 31
0.0
  0
LWPOLYLINE
  5
FC
330
17
100
AcDbEntity
  8
A-VEHICULO
100
AcDbPolyline
 90
8
 70
1
 10
2.5600000000000005
 20
1.9500000000000002
 10
2.5600000000000005
 20
3.25
 10
2.8100000000000005
 20
3.5
 10
6.8100000000000005
 20
3.5
 10
7.0600000000000005
 20
3.25
 10
7.0600000000000005
 20
1.9500000000000002
 10
6.8100000000000005
 20
1.7000000000000002
 10
2.8100000000000005
 20
1.7000000000000002
  0
LWPOLYLINE
  5
FD
330
17
100
AcDbEntity
  8
A-VEHICULO
100
AcDbPolyline
 90
4
 70
1
 10
3.8600000000000003
 20
1.85
 10
3.8600000000000003
 20
3.35
 10
4.3100000000000005
 20
3.25
 10
4.3100000000000005
 20
1.9500000000000002
  0
LWPOLYLINE
  5
FE
330
17
100
AcDbEntity
  8
A-VEHICULO
100
AcDbPolyline
 90
4
 70
1
 10
6.16
 20
1.9000000000000001
 10
6.16
 20
3.3
 10
5.8100000000000005
 20
3.25
 10
5.8100000000000005
 20
1.9500000000000002
  0
TEXT
  5
FF
330
17
100
AcDbEntity
  8
A-ESPACIOS
100
AcDbText
 10
4.51
 20
2.6
 30
0.0
 40
0.2
  1
E-1
  7
ARIAL
 72
1
 11
4.51
 21
2.6
 31
0.0
100
AcDbText
 73
2
  0
LWPOLYLINE
  5
100
330
17
100
AcDbEntity
  8
A-VEHICULO
100
AcDbPolyline
 90
8
 70
1
 10
2.5600000000000005
 20
4.449999999999999
 10
2.5600000000000005
 20
5.75
 10
2.8100000000000005
 20
6.0
 10
6.8100000000000005
 20
6.0
 10
7.0600000000000005
 20
5.75
 10
7.0600000000000005
 20
4.449999999999999
 10
6.8100000000000005
 20
4.199999999999999
 10
2.8100000000000005
 20
4.199999999999999
  0
LWPOLYLINE
  5
101
330
17
100
AcDbEntity
  8
A-VEHICULO
100
AcDbPolyline
 90
4
 70
1
 10
3.8600000000000003
 20
4.35
 10
3.8600000000000003
 20
5.85
 10
4.3100000000000005
 20
5.75
 10
4.3100000000000005
 20
4.449999999999999
  0
LWPOLYLINE
  5
102
330
17
100
AcDbEntity
  8
A-VEHICULO
100
AcDbPolyline
 90
4
 70
1
 10
6.16
 20
4.3999999999999995
 10
6.16
 20
5.8
 10
5.8100000000000005
 20
5.75
 10
5.8100000000000005
 20
4.449999999999999
  0
TEXT
  5
103
330
17
100
AcDbEntity
  8
A-ESPACIOS
100
AcDbText
 10
4.51
 20
5.1
 30
0.0
 40
0.2
  1
E-2
  7
ARIAL
 72
1
 11
4.51
 21
5.1
 31
0.0
100
AcDbText
 73
2
  0
LWPOLYLINE
  5
104
330
17
100
AcDbEntity
  8
A-VEHICULO
100
AcDbPolyline
 90
8
 70
1
 10
2.5600000000000005
 20
6.949999999999999
 10
2.5600000000000005
 20
8.25
 10
2.8100000000000005
 20
8.5
 10
6.8100000000000005
 20
8.5
 10
7.0600000000000005
 20
8.25
 10
7.0600000000000005
 20
6.949999999999999
 10
6.8100000000000005
 20
6.699999999999999
 10
2.8100000000000005
 20
6.699999999999999
  0
LWPOLYLINE
  5
105
330
17
100
AcDbEntity
  8
A-VEHICULO
100
AcDbPolyline
 90
4
 70
1
 10
3.8600000000000003
 20
6.85
 10
3.8600000000000003
 20
8.35
 10
4.3100000000000005
 20
8.25
 10
4.3100000000000005
 20
6.949999999999999
  0
LWPOLYLINE
  5
106
330
17
100
AcDbEntity
  8
A-VEHICULO
100
AcDbPolyline
 90
4
 70
1
 10
6.16
 20
6.8999999999999995
 10
6.16
 20
8.3
 10
5.8100000000000005
 20
8.25
 10
5.8100000000000005
 20
6.949999999999999
  0
TEXT
  5
107
330
17
100
AcDbEntity
  8
A-ESPACIOS
100
AcDbText
 10
4.51
 20
7.6
 30
0.0
 40
0.2
  1
E-3
  7
ARIAL
 72
1
 11
4.51
 21
7.6
 31
0.0
100
AcDbText
 73
2
  0
HATCH
  5
108
330
17
100
AcDbEntity
  8
A-JARDIN
 62
7
100
AcDbHatch
 10
0.0
 20
0.0
 30
0.0
210
0.0
220
0.0
230
1.0
  2
GRAVEL
 70
0
 71
0
 91
2
 92
3
 72
0
 73
1
 93
10
 10
7.21
 20
1.35
 10
7.21
 20
8.85
 10
25.18
 20
8.85
 10
25.18
 20
9.0
 10
28.361978184595966
 20
9.0
 10
28.361978184595966
 20
0.0
 10
25.18
 20
0.0
 10
25.18
 20
0.15
 10
19.48
 20
0.15
 10
19.48
 20
1.35
 97
0
 92
18
 72
0
 73
1
 93
4
 10
16.98
 20
1.35
 10
16.98
 20
4.69
 10
19.48
 20
4.69
 10
19.48
 20
1.35
 97
0
 75
1
 76
1
 52
0.0
 41
0.12
 77
0
 78
41
 53
228.0127875
 43
2.19456
 44
3.048
 45
-24.3840000019
 46
-27.4319999983
 79
2
 49
0.410065728
 49
-40.5965803675
 53
184.969741
 43
1.92024
 44
2.7432
 45
36.5759999855
 46
3.0480001736
 79
2
 49
0.703685664
 49
-69.6648586722
 53
132.5104471
 43
1.2192
 44
2.68224
 45
30.4800000129
 46
-33.5279999883
 79
2
 49
0.496177824
 49
-49.1216673529
 53
267.273689
 43
0.03048
 44
1.92024
 45
3.0480000064
 46
60.9599999997
 79
2
 49
0.640805424
 49
-63.4397249109
 53
292.83365418
 43
0.0
 44
1.28016
 45
-15.2400000013
 46
36.5759999995
 79
2
 49
0.62836044
 49
-62.2077692944
 53
357.273689
 43
0.24384
 44
0.70104
 45
-60.9599999997
 46
3.0480000064
 79
2
 49
0.640805424
 49
-63.4397249109
 53
37.69424047
 43
0.88392
 44
0.67056
 45
-39.6239999982
 46
-30.4800000023
 79
2
 49
0.847432392
 49
-83.8957383771
 53
72.25532837
 43
1.55448
 44
1.18872
 45
21.3360000057
 46
67.0559999982
 79
2
 49
0.800063424
 49
-79.2063079223
 53
121.42956562
 43
1.79832
 44
1.95072
 45
-24.3840000035
 46
39.6239999979
 79
2
 49
0.6429756
 49
-63.6546548385
 53
175.2363583
 43
1.46304
 44
2.49936
 45
33.5279999995
 46
-3.0480000053
 79
2
 49
0.734055936
 49
-35.96872434
 53
222.3974378
 43
0.73152
 44
2.56032
 45
-36.5759999988
 46
-33.5280000013
 79
2
 49
0.949293504
 49
-93.9801270146
 53
138.81407483
 43
3.048
 44
1.88976
 45
-21.3359999987
 46
18.2880000015
 79
2
 49
0.324005448
 49
-32.0766789892
 53
171.4692344
 43
2.80416
 44
2.10312
 45
39.6240000011
 46
-6.0959999931
 79
2
 49
0.616418376
 49
-61.0255667964
 53
225.0
 43
2.19456
 44
2.19456
 45
-0.0
 46
-3.048
 79
2
 49
0.431051208
 49
-3.8794717301
 53
203.19859051
 43
1.9812
 44
2.56032
 45
15.2400000004
 46
6.0959999989
 79
2
 49
0.232129584
 49
-22.9807468427
 53
291.80140949
 43
1.76784
 44
2.46888
 45
-3.0480000006
 46
9.1439999998
 79
2
 49
0.328278744
 49
-16.085703588
 53
30.96375653
 43
1.88976
 44
2.16408
 45
9.1440000002
 46
6.0959999997
 79
2
 49
0.533183592
 49
-17.2395577835
 53
161.56505118
 43
2.34696
 44
2.4384
 45
6.0960000002
 46
-3.0479999997
 79
2
 49
0.385544568
 49
-9.2530777402
 53
16.389540334
 43
0.0
 44
2.46888
 45
30.48
 46
9.144
 79
2
 49
0.5401056
 49
-53.470592007
 53
70.34617594
 43
0.51816
 44
2.62128
 45
-12.1920000011
 46
-33.5279999996
 79
2
 49
0.453118728
 49
-44.8586588138
 53
293.19859051
 43
2.34696
 44
3.048
 45
-6.0959999989
 46
15.2400000004
 79
2
 49
0.46425612
 49
-22.7486203067
 53
343.61045967
 43
2.52984
 44
2.62128
 45
-30.4800000006
 46
9.1439999979
 79
2
 49
0.5401056
 49
-53.470592007
 53
339.44395478
 43
0.0
 44
0.57912
 45
-15.24
 46
6.096
 79
2
 49
0.52084224
 49
-25.5212811757
 53
294.7751406
 43
0.48768
 44
0.39624
 45
-15.2400000181
 46
33.5279999918
 79
2
 49
0.436406544
 49
-43.2043120569
 53
66.80140949
 43
2.37744
 44
0.0
 45
6.095999999
 46
15.2400000004
 79
2
 49
0.46425612
 49
-22.7486203067
 53
17.35402464
 43
2.56032
 44
0.42672
 45
-39.6239999992
 46
-12.1920000026
 79
2
 49
0.510939288
 49
-50.5828511762
 53
69.44395478
 43
0.88392
 44
0.0
 45
-6.0960000001
 46
-15.24
 79
2
 49
0.26042112
 49
-25.7817022957
 53
101.309932474
 43
2.19456
 44
0.0
 45
-3.048
 46
12.192
 79
2
 49
0.15541752
 49
-15.3863939574
 53
165.963756532
 43
2.16408
 44
0.1524
 45
9.144
 46
-3.048
 79
2
 49
0.62836044
 49
-11.9388655069
 53
186.00900596
 43
1.55448
 44
0.3048
 45
30.4799999998
 46
3.0480000016
 79
2
 49
0.5823204
 49
-57.649637836
 53
303.69006753
 43
1.88976
 44
1.88976
 45
-3.0480000004
 46
6.0959999998
 79
2
 49
0.439588656
 49
-10.5501316316
 53
353.15722659
 43
2.1336
 44
1.524
 45
51.8160000003
 46
-6.0959999973
 79
2
 49
0.767468112
 49
-75.979210878
 53
60.9453959
 43
2.8956
 44
1.43256
 45
-12.1920000003
 46
-21.3359999998
 79
2
 49
0.313809888
 49
-31.0672707817
 53
90.0
 43
3.048
 44
1.70688
 45
-3.048
 46
3.048
 79
2
 49
0.18288
 49
-2.86512
 53
120.25643716
 43
1.49352
 44
0.39624
 45
12.1919999985
 46
-21.3360000009
 79
2
 49
0.423440352
 49
-41.9207289278
 53
48.0127875
 43
1.28016
 44
0.762
 45
24.384000002
 46
27.4319999982
 79
2
 49
0.820131456
 49
-40.1865146395
 53
0.0
 43
1.8288
 44
1.3716
 45
3.048
 46
3.048
 79
2
 49
0.79248
 49
-2.25552
 53
325.3048465
 43
2.62128
 44
1.3716
 45
30.4800000115
 46
-21.3359999835
 79
2
 49
0.481931472
 49
-47.711180069
 53
254.0546041
 43
3.01752
 44
1.09728
 45
-3.0479999998
 46
-12.192
 79
2
 49
0.443794896
 49
-21.7459800465
 53
207.64597536
 43
2.8956
 44
0.67056
 45
-57.9120000021
 46
-30.479999996
 79
2
 49
0.72257412
 49
-71.5349573075
 53
175.42607874
 43
2.25552
 44
0.33528
 45
-39.624
 46
3.048
 79
2
 49
0.764435352
 49
-75.6790157475
 98
0
  0
MTEXT
  5
109
330
17
100
AcDbEntity
  8
A-ESPACIOS
100
AcDbMText
 10
12.6
 20
3.0
 30
0.0
 40
0.17
 41
3.5
 71
5
  1
JARDÍN SECO\P(NO CONSTRUIDO)
  7
ARIAL
  0
MTEXT
  5
10A
330
17
100
AcDbEntity
  8
A-ESPACIOS
100
AcDbMText
 10
22.0
 20
4.5
 30
0.0
 40
0.17
 41
3.5
 71
5
  1
JARDÍN SECO\P(NO CONSTRUIDO)
  7
ARIAL
  0
LINE
  5
10B
330
17
100
AcDbEntity
  8
A-ESCALERA
100
AcDbLine
 10
16.98
 20
1.35
 30
0.0
 11
18.080000000000002
 21
1.35
 31
0.0
  0
LINE
  5
10C
330
17
100
AcDbEntity
  8
A-ESCALERA
100
AcDbLine
 10
16.98
 20
1.6300000000000001
 30
0.0
 11
18.080000000000002
 21
1.6300000000000001
 31
0.0
  0
LINE
  5
10D
330
17
100
AcDbEntity
  8
A-ESCALERA
100
AcDbLine
 10
16.98
 20
1.9100000000000001
 30
0.0
 11
18.080000000000002
 21
1.9100000000000001
 31
0.0
  0
LINE
  5
10E
330
17
100
AcDbEntity
  8
A-ESCALERA
100
AcDbLine
 10
16.98
 20
2.1900000000000004
 30
0.0
 11
18.080000000000002
 21
2.1900000000000004
 31
0.0
  0
LINE
  5
10F
330
17
100
AcDbEntity
  8
A-ESCALERA
100
AcDbLine
 10
16.98
 20
2.47
 30
0.0
 11
18.080000000000002
 21
2.47
 31
0.0
  0
LINE
  5
110
330
17
100
AcDbEntity
  8
A-ESCALERA
100
AcDbLine
 10
16.98
 20
2.75
 30
0.0
 11
18.080000000000002
 21
2.75
 31
0.0
  0
LINE
  5
111
330
17
100
AcDbEntity
  8
A-ESCALERA
100
AcDbLine
 10
16.98
 20
3.0300000000000002
 30
0.0
 11
18.080000000000002
 21
3.0300000000000002
 31
0.0
  0
LINE
  5
112
330
17
100
AcDbEntity
  8
A-PROYECCION
 48
0.1
100
AcDbLine
 10
16.98
 20
3.3100000000000005
 30
0.0
 11
18.080000000000002
 21
3.3100000000000005
 31
0.0
  0
LINE
  5
113
330
17
100
AcDbEntity
  8
A-PROYECCION
 48
0.1
100
AcDbLine
 10
16.98
 20
3.5900000000000003
 30
0.0
 11
18.080000000000002
 21
3.5900000000000003
 31
0.0
  0
LINE
  5
114
330
17
100
AcDbEntity
  8
A-ESCALERA
100
AcDbLine
 10
18.080000000000002
 20
1.35
 30
0.0
 11
18.080000000000002
 21
3.0300000000000002
 31
0.0
  0
LINE
  5
115
330
17
100
AcDbEntity
  8
A-PROYECCION
 48
0.1
100
AcDbLine
 10
18.080000000000002
 20
3.0300000000000002
 30
0.0
 11
18.080000000000002
 21
3.5900000000000003
 31
0.0
  0
LINE
  5
116
330
17
100
AcDbEntity
  8
A-ESCALERA
100
AcDbLine
 10
16.98
 20
2.7800000000000002
 30
0.0
 11
18.080000000000002
 21
3.2800000000000002
 31
0.0
  0
LINE
  5
117
330
17
100
AcDbEntity
  8
A-PROYECCION
 48
0.1
100
AcDbLine
 10
18.38
 20
3.5900000000000003
 30
0.0
 11
19.48
 21
3.5900000000000003
 31
0.0
  0
LINE
  5
118
330
17
100
AcDbEntity
  8
A-PROYECCION
 48
0.1
100
AcDbLine
 10
18.38
 20
3.3100000000000005
 30
0.0
 11
19.48
 21
3.3100000000000005
 31
0.0
  0
LINE
  5
119
330
17
100
AcDbEntity
  8
A-PROYECCION
 48
0.1
100
AcDbLine
 10
18.38
 20
3.0300000000000002
 30
0.0
 11
19.48
 21
3.0300000000000002
 31
0.0
  0
LINE
  5
11A
330
17
100
AcDbEntity
  8
A-PROYECCION
 48
0.1
100
AcDbLine
 10
18.38
 20
2.75
 30
0.0
 11
19.48
 21
2.75
 31
0.0
  0
LINE
  5
11B
330
17
100
AcDbEntity
  8
A-PROYECCION
 48
0.1
100
AcDbLine
 10
18.38
 20
2.47
 30
0.0
 11
19.48
 21
2.47
 31
0.0
  0
LINE
  5
11C
330
17
100
AcDbEntity
  8
A-PROYECCION
 48
0.1
100
AcDbLine
 10
18.38
 20
2.1900000000000004
 30
0.0
 11
19.48
 21
2.1900000000000004
 31
0.0
  0
LINE
  5
11D
330
17
100
AcDbEntity
  8
A-PROYECCION
 48
0.1
100
AcDbLine
 10
18.38
 20
1.9100000000000001
 30
0.0
 11
19.48
 21
1.9100000000000001
 31
0.0
  0
LINE
  5
11E
330
17
100
AcDbEntity
  8
A-PROYECCION
 48
0.1
100
AcDbLine
 10
18.38
 20
1.6300000000000001
 30
0.0
 11
19.48
 21
1.6300000000000001
 31
0.0
  0
LINE
  5
11F
330
17
100
AcDbEntity
  8
A-PROYECCION
 48
0.1
100
AcDbLine
 10
18.38
 20
1.6300000000000001
 30
0.0
 11
18.38
 21
3.5900000000000003
 31
0.0
  0
LINE
  5
120
330
17
100
AcDbEntity
  8
A-PROYECCION
 48
0.1
100
AcDbLine
 10
16.98
 20
3.5900000000000003
 30
0.0
 11
19.48
 21
3.5900000000000003
 31
0.0
  0
LWPOLYLINE
  5
121
330
17
100
AcDbEntity
  8
A-MURO
100
AcDbPolyline
 90
4
 70
1
 10
16.86
 20
0.15
 10
16.86
 20
0.25
 10
16.98
 20
0.25
 10
16.98
 20
0.15
  0
HATCH
  5
122
330
17
100
AcDbEntity
  8
A-MURO-TRAMA
 62
7
100
AcDbHatch
 10
0.0
 20
0.0
 30
0.0
210
0.0
220
0.0
230
1.0
  2
ANSI31
 70
0
 71
0
 91
1
 92
3
 72
0
 73
1
 93
4
 10
16.86
 20
0.15
 10
16.86
 20
0.25
 10
16.98
 20
0.25
 10
16.98
 20
0.15
 97
0
 75
1
 76
1
 52
0.0
 41
0.03
 77
0
 78
1
 53
45.0
 43
0.0
 44
0.0
 45
-0.0673519209
 46
0.0673519209
 79
0
 98
0
  0
LWPOLYLINE
  5
123
330
17
100
AcDbEntity
  8
A-MURO
100
AcDbPolyline
 90
4
 70
1
 10
16.86
 20
1.25
 10
16.86
 20
4.81
 10
16.98
 20
4.81
 10
16.98
 20
1.25
  0
HATCH
  5
124
330
17
100
AcDbEntity
  8
A-MURO-TRAMA
 62
7
100
AcDbHatch
 10
0.0
 20
0.0
 30
0.0
210
0.0
220
0.0
230
1.0
  2
ANSI31
 70
0
 71
0
 91
1
 92
3
 72
0
 73
1
 93
4
 10
16.86
 20
1.25
 10
16.86
 20
4.81
 10
16.98
 20
4.81
 10
16.98
 20
1.25
 97
0
 75
1
 76
1
 52
0.0
 41
0.03
 77
0
 78
1
 53
45.0
 43
0.0
 44
0.0
 45
-0.0673519209
 46
0.0673519209
 79
0
 98
0
  0
LWPOLYLINE
  5
125
330
17
100
AcDbEntity
  8
A-MURO
100
AcDbPolyline
 90
4
 70
1
 10
16.98
 20
4.69
 10
16.98
 20
4.81
 10
19.48
 20
4.81
 10
19.48
 20
4.69
  0
HATCH
  5
126
330
17
100
AcDbEntity
  8
A-MURO-TRAMA
 62
7
100
AcDbHatch
 10
0.0
 20
0.0
 30
0.0
210
0.0
220
0.0
230
1.0
  2
ANSI31
 70
0
 71
0
 91
1
 92
3
 72
0
 73
1
 93
4
 10
16.98
 20
4.69
 10
16.98
 20
4.81
 10
19.48
 20
4.81
 10
19.48
 20
4.69
 97
0
 75
1
 76
1
 52
0.0
 41
0.03
 77
0
 78
1
 53
45.0
 43
0.0
 44
0.0
 45
-0.0673519209
 46
0.0673519209
 79
0
 98
0
  0
LWPOLYLINE
  5
127
330
17
100
AcDbEntity
  8
A-MURO
100
AcDbPolyline
 90
4
 70
1
 10
19.48
 20
0.15
 10
19.48
 20
4.81
 10
19.6
 20
4.81
 10
19.6
 20
0.15
  0
HATCH
  5
128
330
17
100
AcDbEntity
  8
A-MURO-TRAMA
 62
7
100
AcDbHatch
 10
0.0
 20
0.0
 30
0.0
210
0.0
220
0.0
230
1.0
  2
ANSI31
 70
0
 71
0
 91
1
 92
3
 72
0
 73
1
 93
4
 10
19.48
 20
0.15
 10
19.48
 20
4.81
 10
19.6
 20
4.81
 10
19.6
 20
0.15
 97
0
 75
1
 76
1
 52
0.0
 41
0.03
 77
0
 78
1
 53
45.0
 43
0.0
 44
0.0
 45
-0.0673519209
 46
0.0673519209
 79
0
 98
0
  0
LINE
  5
129
330
17
100
AcDbEntity
  8
A-PUERTA
100
AcDbLine
 10
16.98
 20
0.25
 30
0.0
 11
17.98
 21
0.25
 31
0.0
  0
ARC
  5
12A
330
17
100
AcDbEntity
  8
A-PUERTA
100
AcDbCircle
 10
16.98
 20
0.25
 30
0.0
 40
1.0
100
AcDbArc
 50
0.0
 51
90.0
  0
TEXT
  5
12B
330
17
100
AcDbEntity
  8
A-ESPACIOS
100
AcDbText
 10
18.6
 20
0.45
 30
0.0
 40
0.12
  1
VESTÍBULO
  7
ARIAL
 72
1
 11
18.6
 21
0.45
 31
0.0
100
AcDbText
 73
2
  0
TEXT
  5
12C
330
17
100
AcDbEntity
  8
A-TXT-50
100
AcDbText
 10
16.580000000000002
 20
0.75
 30
0.0
 40
0.085
  1
PUERTA PRINCIPAL (VER A7)
  7
ARIAL
 72
2
 11
16.580000000000002
 21
0.75
 31
0.0
100
AcDbText
 73
2
  0
LINE
  5
12D
330
17
100
AcDbEntity
  8
A-ESCALERA
100
AcDbLine
 10
17.53
 20
1.5
 30
0.0
 11
17.53
 21
2.8800000000000003
 31
0.0
  0
SOLID
  5
12E
330
17
100
AcDbEntity
  8
A-ESCALERA
100
AcDbTrace
 10
17.53
 20
2.8800000000000003
 30
0.0
 11
17.41
 21
2.68
 31
0.0
 12
17.650000000000002
 22
2.68
 32
0.0
 13
17.650000000000002
 23
2.68
 33
0.0
  0
TEXT
  5
12F
330
17
100
AcDbEntity
  8
A-ESCALERA
100
AcDbText
 10
17.71
 20
1.9000000000000001
 30
0.0
 40
0.13
  1
SUBE
  7
ARIAL
 72
1
 11
17.71
 21
1.9000000000000001
 31
0.0
100
AcDbText
 73
2
  0
TEXT
  5
130
330
17
100
AcDbEntity
  8
A-TXT-50
100
AcDbText
 10
17.03
 20
5.1
 30
0.0
 40
0.085
  1
GRADAS EN U: 17 CH = 0.176 / H = 0.28
  7
ARIAL
 11
17.03
 21
5.1
 31
0.0
100
AcDbText
 73
2
  0
TEXT
  5
131
330
17
100
AcDbEntity
  8
A-ESPACIOS
100
AcDbText
 10
4.6
 20
0.75
 30
0.0
 40
0.13
  1
PASILLO PEATONAL
  7
ARIAL
 72
1
 11
4.6
 21
0.75
 31
0.0
100
AcDbText
 73
2
  0
TEXT
  5
132
330
17
100
AcDbEntity
  8
A-ESPACIOS
100
AcDbText
 10
12.0
 20
0.75
 30
0.0
 40
0.13
  1
PASILLO
  7
ARIAL
 72
1
 11
12.0
 21
0.75
 31
0.0
100
AcDbText
 73
2
  0
MTEXT
  5
133
330
17
100
AcDbEntity
  8
A-TXT-50
100
AcDbMText
 10
3.6
 20
1.4700000000000002
 30
0.0
 40
0.09
 41
1.0
 71
4
  1
BORDILLO DE DEMARCACIÓN
  7
ARIAL
  0
TEXT
  5
134
330
17
100
AcDbEntity
  8
A-TXT-50
100
AcDbText
 10
7.859999999999999
 20
8.67
 30
0.0
 40
0.085
  1
PATIO P1 (ABIERTO A CIELO)
  7
ARIAL
 11
7.859999999999999
 21
8.67
 31
0.0
100
AcDbText
 73
2
  0
TEXT
  5
135
330
17
100
AcDbEntity
  8
A-TXT-50
100
AcDbText
 10
17.080000000000002
 20
8.67
 30
0.0
 40
0.085
  1
PATIO P2 (ABIERTO A CIELO)
  7
ARIAL
 11
17.080000000000002
 21
8.67
 31
0.0
100
AcDbText
 73
2
  0
MTEXT
  5
136
330
17
100
AcDbEntity
  8
A-ESPACIOS
100
AcDbMText
 10
26.85
 20
4.5
 30
0.0
 40
0.13
 41
6.5
 71
5
  1
PATIO POSTERIOR - JARDÍN SECO\PTANQUE SÉPTICO Y DRENAJE (VER S02)
  7
ARIAL
  0
TEXT
  5
137
330
17
100
AcDbEntity
  8
A-ESPACIOS
100
AcDbText
 10
-2.15
 20
4.5
 30
0.0
 40
0.22
  1
CALLE PÚBLICA
 50
90.0
  7
ARIAL
 72
1
 11
-2.15
 21
4.5
 31
0.0
100
AcDbText
 73
2
  0
TEXT
  5
138
330
17
100
AcDbEntity
  8
A-ESPACIOS
100
AcDbText
 10
1.05
 20
6.4
 30
0.0
 40
0.12
  1
RETIRO FRONTAL
 50
90.0
  7
ARIAL
 72
1
 11
1.05
 21
6.4
 31
0.0
100
AcDbText
 73
2
  0
TEXT
  5
139
330
17
100
AcDbEntity
  8
A-TXT-50
100
AcDbText
 10
1.35
 20
5.2
 30
0.0
 40
0.1
  1
PORTÓN ABATIBLE 4 HOJAS
 50
90.0
  7
ARIAL
 72
1
 11
1.35
 21
5.2
 31
0.0
100
AcDbText
 73
2
  0
TEXT
  5
13A
330
17
100
AcDbEntity
  8
A-TXT-50
100
AcDbText
 10
0.95
 20
0.7
 30
0.0
 40
0.08
  1
ACCESO PEATONAL
 50
90.0
  7
ARIAL
 72
1
 11
0.95
 21
0.7
 31
0.0
100
AcDbText
 73
2
  0
MTEXT
  5
13B
330
17
100
AcDbEntity
  8
A-TXT-50
100
AcDbMText
 10
14.0
 20
-0.35
 30
0.0
 40
0.1
 41
6.0
 71
5
  1
COLINDANCIA - FACHADA CIEGA
  7
ARIAL
  0
MTEXT
  5
13C
330
17
100
AcDbEntity
  8
A-TXT-50
100
AcDbMText
 10
14.0
 20
9.35
 30
0.0
 40
0.1
 41
6.0
 71
5
  1
COLINDANCIA - FACHADA CIEGA
  7
ARIAL
  0
LWPOLYLINE
  5
13D
330
17
100
AcDbEntity
  8
A-NIVELES
100
AcDbPolyline
 90
3
 70
1
 10
8.180000000000001
 20
0.5700000000000001
 10
8.42
 20
0.5700000000000001
 10
8.3
 20
0.45
  0
HATCH
  5
13E
330
17
100
AcDbEntity
  8
A-NIVELES
 62
7
100
AcDbHatch
 10
0.0
 20
0.0
 30
0.0
210
0.0
220
0.0
230
1.0
  2
SOLID
 70
1
 71
0
 91
1
 92
3
 72
0
 73
1
 93
3
 10
8.180000000000001
 20
0.5700000000000001
 10
8.3
 20
0.5700000000000001
 10
8.3
 20
0.45
 97
0
 75
0
 76
1
 98
0
  0
LINE
  5
13F
330
17
100
AcDbEntity
  8
A-NIVELES
100
AcDbLine
 10
8.180000000000001
 20
0.5700000000000001
 30
0.0
 11
9.9
 21
0.5700000000000001
 31
0.0
  0
TEXT
  5
140
330
17
100
AcDbEntity
  8
A-NIVELES
100
AcDbText
 10
8.5
 20
0.6200000000000001
 30
0.0
 40
0.12
  1
NPT ±0.00
  7
ARIAL
 11
8.5
 21
0.6200000000000001
 31
0.0
100
AcDbText
 73
1
  0
LWPOLYLINE
  5
141
330
17
100
AcDbEntity
  8
A-NIVELES
100
AcDbPolyline
 90
3
 70
1
 10
14.280000000000001
 20
6.32
 10
14.52
 20
6.32
 10
14.4
 20
6.2
  0
HATCH
  5
142
330
17
100
AcDbEntity
  8
A-NIVELES
 62
7
100
AcDbHatch
 10
0.0
 20
0.0
 30
0.0
210
0.0
220
0.0
230
1.0
  2
SOLID
 70
1
 71
0
 91
1
 92
3
 72
0
 73
1
 93
3
 10
14.280000000000001
 20
6.32
 10
14.4
 20
6.32
 10
14.4
 20
6.2
 97
0
 75
0
 76
1
 98
0
  0
LINE
  5
143
330
17
100
AcDbEntity
  8
A-NIVELES
100
AcDbLine
 10
14.280000000000001
 20
6.32
 30
0.0
 11
16.0
 21
6.32
 31
0.0
  0
TEXT
  5
144
330
17
100
AcDbEntity
  8
A-NIVELES
100
AcDbText
 10
14.6
 20
6.37
 30
0.0
 40
0.12
  1
NT ±0.00
  7
ARIAL
 11
14.6
 21
6.37
 31
0.0
100
AcDbText
 73
1
  0
LWPOLYLINE
  5
145
330
17
100
AcDbEntity
  8
A-NIVELES
100
AcDbPolyline
 90
3
 70
1
 10
0.13
 20
7.72
 10
0.37
 20
7.72
 10
0.25
 20
7.6
  0
HATCH
  5
146
330
17
100
AcDbEntity
  8
A-NIVELES
 62
7
100
AcDbHatch
 10
0.0
 20
0.0
 30
0.0
210
0.0
220
0.0
230
1.0
  2
SOLID
 70
1
 71
0
 91
1
 92
3
 72
0
 73
1
 93
3
 10
0.13
 20
7.72
 10
0.25
 20
7.72
 10
0.25
 20
7.6
 97
0
 75
0
 76
1
 98
0
  0
LINE
  5
147
330
17
100
AcDbEntity
  8
A-NIVELES
100
AcDbLine
 10
0.13
 20
7.72
 30
0.0
 11
1.85
 21
7.72
 31
0.0
  0
TEXT
  5
148
330
17
100
AcDbEntity
  8
A-NIVELES
100
AcDbText
 10
0.45
 20
7.77
 30
0.0
 40
0.12
  1
ACERA ±0.00 (REF.)
  7
ARIAL
 11
0.45
 21
7.77
 31
0.0
100
AcDbText
 73
1
  0
LINE
  5
149
330
17
100
AcDbEntity
  8
A-EJES
 48
0.05
100
AcDbLine
 10
-0.2
 20
0.075
 30
0.0
 11
29.85
 21
0.075
 31
0.0
  0
CIRCLE
  5
14A
330
17
100
AcDbEntity
  8
A-EJES-TXT
100
AcDbCircle
 10
30.130000000000003
 20
0.075
 30
0.0
 40
0.28
  0
TEXT
  5
14B
330
17
100
AcDbEntity
  8
A-EJES-TXT
100
AcDbText
 10
30.130000000000003
 20
0.075
 30
0.0
 40
0.22
  1
A
  7
ARIAL
 72
1
 11
30.130000000000003
 21
0.075
 31
0.0
100
AcDbText
 73
2
  0
LINE
  5
14C
330
17
100
AcDbEntity
  8
A-EJES
 48
0.05
100
AcDbLine
 10
-0.2
 20
1.4100000000000001
 30
0.0
 11
29.85
 21
1.4100000000000001
 31
0.0
  0
CIRCLE
  5
14D
330
17
100
AcDbEntity
  8
A-EJES-TXT
100
AcDbCircle
 10
30.130000000000003
 20
1.4100000000000001
 30
0.0
 40
0.28
  0
TEXT
  5
14E
330
17
100
AcDbEntity
  8
A-EJES-TXT
100
AcDbText
 10
30.130000000000003
 20
1.4100000000000001
 30
0.0
 40
0.22
  1
B
  7
ARIAL
 72
1
 11
30.130000000000003
 21
1.4100000000000001
 31
0.0
100
AcDbText
 73
2
  0
LINE
  5
14F
330
17
100
AcDbEntity
  8
A-EJES
 48
0.05
100
AcDbLine
 10
-0.2
 20
4.84
 30
0.0
 11
29.85
 21
4.84
 31
0.0
  0
CIRCLE
  5
150
330
17
100
AcDbEntity
  8
A-EJES-TXT
100
AcDbCircle
 10
30.130000000000003
 20
4.84
 30
0.0
 40
0.28
  0
TEXT
  5
151
330
17
100
AcDbEntity
  8
A-EJES-TXT
100
AcDbText
 10
30.130000000000003
 20
4.84
 30
0.0
 40
0.22
  1
C
  7
ARIAL
 72
1
 11
30.130000000000003
 21
4.84
 31
0.0
100
AcDbText
 73
2
  0
LINE
  5
152
330
17
100
AcDbEntity
  8
A-EJES
 48
0.05
100
AcDbLine
 10
-0.2
 20
8.925
 30
0.0
 11
29.85
 21
8.925
 31
0.0
  0
CIRCLE
  5
153
330
17
100
AcDbEntity
  8
A-EJES-TXT
100
AcDbCircle
 10
30.130000000000003
 20
8.925
 30
0.0
 40
0.28
  0
TEXT
  5
154
330
17
100
AcDbEntity
  8
A-EJES-TXT
100
AcDbText
 10
30.130000000000003
 20
8.925
 30
0.0
 40
0.22
  1
D
  7
ARIAL
 72
1
 11
30.130000000000003
 21
8.925
 31
0.0
100
AcDbText
 73
2
  0
LINE
  5
155
330
17
100
AcDbEntity
  8
A-EJES
 48
0.05
100
AcDbLine
 10
2.1350000000000002
 20
-2.35
 30
0.0
 11
2.1350000000000002
 21
10.2
 31
0.0
  0
CIRCLE
  5
156
330
17
100
AcDbEntity
  8
A-EJES-TXT
100
AcDbCircle
 10
2.1350000000000002
 20
-2.63
 30
0.0
 40
0.28
  0
TEXT
  5
157
330
17
100
AcDbEntity
  8
A-EJES-TXT
100
AcDbText
 10
2.1350000000000002
 20
-2.63
 30
0.0
 40
0.22
  1
1
  7
ARIAL
 72
1
 11
2.1350000000000002
 21
-2.63
 31
0.0
100
AcDbText
 73
2
  0
LINE
  5
158
330
17
100
AcDbEntity
  8
A-EJES
 48
0.05
100
AcDbLine
 10
7.685
 20
-2.35
 30
0.0
 11
7.685
 21
10.2
 31
0.0
  0
CIRCLE
  5
159
330
17
100
AcDbEntity
  8
A-EJES-TXT
100
AcDbCircle
 10
7.685
 20
-2.63
 30
0.0
 40
0.28
  0
TEXT
  5
15A
330
17
100
AcDbEntity
  8
A-EJES-TXT
100
AcDbText
 10
7.685
 20
-2.63
 30
0.0
 40
0.22
  1
2
  7
ARIAL
 72
1
 11
7.685
 21
-2.63
 31
0.0
100
AcDbText
 73
2
  0
LINE
  5
15B
330
17
100
AcDbEntity
  8
A-EJES
 48
0.05
100
AcDbLine
 10
10.334999999999999
 20
-2.35
 30
0.0
 11
10.334999999999999
 21
10.2
 31
0.0
  0
CIRCLE
  5
15C
330
17
100
AcDbEntity
  8
A-EJES-TXT
100
AcDbCircle
 10
10.334999999999999
 20
-2.63
 30
0.0
 40
0.28
  0
TEXT
  5
15D
330
17
100
AcDbEntity
  8
A-EJES-TXT
100
AcDbText
 10
10.334999999999999
 20
-2.63
 30
0.0
 40
0.22
  1
3
  7
ARIAL
 72
1
 11
10.334999999999999
 21
-2.63
 31
0.0
100
AcDbText
 73
2
  0
LINE
  5
15E
330
17
100
AcDbEntity
  8
A-EJES
 48
0.05
100
AcDbLine
 10
16.905
 20
-2.35
 30
0.0
 11
16.905
 21
10.2
 31
0.0
  0
CIRCLE
  5
15F
330
17
100
AcDbEntity
  8
A-EJES-TXT
100
AcDbCircle
 10
16.905
 20
-2.63
 30
0.0
 40
0.28
  0
TEXT
  5
160
330
17
100
AcDbEntity
  8
A-EJES-TXT
100
AcDbText
 10
16.905
 20
-2.63
 30
0.0
 40
0.22
  1
4
  7
ARIAL
 72
1
 11
16.905
 21
-2.63
 31
0.0
100
AcDbText
 73
2
  0
LINE
  5
161
330
17
100
AcDbEntity
  8
A-EJES
 48
0.05
100
AcDbLine
 10
19.555
 20
-2.35
 30
0.0
 11
19.555
 21
10.2
 31
0.0
  0
CIRCLE
  5
162
330
17
100
AcDbEntity
  8
A-EJES-TXT
100
AcDbCircle
 10
19.555
 20
-2.63
 30
0.0
 40
0.28
  0
TEXT
  5
163
330
17
100
AcDbEntity
  8
A-EJES-TXT
100
AcDbText
 10
19.555
 20
-2.63
 30
0.0
 40
0.22
  1
5
  7
ARIAL
 72
1
 11
19.555
 21
-2.63
 31
0.0
100
AcDbText
 73
2
  0
LINE
  5
164
330
17
100
AcDbEntity
  8
A-EJES
 48
0.05
100
AcDbLine
 10
25.105
 20
-2.35
 30
0.0
 11
25.105
 21
10.2
 31
0.0
  0
CIRCLE
  5
165
330
17
100
AcDbEntity
  8
A-EJES-TXT
100
AcDbCircle
 10
25.105
 20
-2.63
 30
0.0
 40
0.28
  0
TEXT
  5
166
330
17
100
AcDbEntity
  8
A-EJES-TXT
100
AcDbText
 10
25.105
 20
-2.63
 30
0.0
 40
0.22
  1
6
  7
ARIAL
 72
1
 11
25.105
 21
-2.63
 31
0.0
100
AcDbText
 73
2
  0
DIMENSION
  5
167
330
17
100
AcDbEntity
  8
A-COTA-50
100
AcDbDimension
280
0
  2
*D1
  3
COTA-50
 10
0.0
 20
-1.75
 30
0.0
 11
1.03
 21
-1.655
 31
0.0
 70
32
 71
5
  1
<>
100
AcDbAlignedDimension
 13
0.0
 23
0.0
 33
0.0
 14
2.06
 24
0.0
 34
0.0
 50
0.0
100
AcDbRotatedDimension
  0
DIMENSION
  5
17A
330
17
100
AcDbEntity
  8
A-COTA-50
100
AcDbDimension
280
0
  2
*D2
  3
COTA-50
 10
2.06
 20
-1.75
 30
0.0
 11
13.620000000000001
 21
-1.655
 31
0.0
 70
32
 71
5
  1
<>
100
AcDbAlignedDimension
 13
2.06
 23
0.0
 33
0.0
 14
25.18
 24
0.0
 34
0.0
 50
0.0
100
AcDbRotatedDimension
  0
DIMENSION
  5
189
330
17
100
AcDbEntity
  8
A-COTA-50
100
AcDbDimension
280
0
  2
*D3
  3
COTA-50
 10
25.18
 20
-1.75
 30
0.0
 11
26.845989092297984
 21
-1.655
 31
0.0
 70
32
 71
5
  1
<>
100
AcDbAlignedDimension
 13
25.18
 23
0.0
 33
0.0
 14
28.511978184595964
 24
0.0
 34
0.0
 50
0.0
100
AcDbRotatedDimension
  0
DIMENSION
  5
198
330
17
100
AcDbEntity
  8
A-COTA-50
100
AcDbDimension
280
0
  2
*D4
  3
COTA-50
 10
2.1350000000000002
 20
-1.15
 30
0.0
 11
4.91
 21
-1.055
 31
0.0
 70
32
 71
5
  1
<>
100
AcDbAlignedDimension
 13
2.1350000000000002
 23
0.075
 33
0.0
 14
7.685
 24
0.075
 34
0.0
 50
0.0
100
AcDbRotatedDimension
  0
DIMENSION
  5
1A7
330
17
100
AcDbEntity
  8
A-COTA-50
100
AcDbDimension
280
0
  2
*D5
  3
COTA-50
 10
7.685
 20
-1.15
 30
0.0
 11
9.01
 21
-1.055
 31
0.0
 70
32
 71
5
  1
<>
100
AcDbAlignedDimension
 13
7.685
 23
0.075
 33
0.0
 14
10.334999999999999
 24
0.075
 34
0.0
 50
0.0
100
AcDbRotatedDimension
  0
DIMENSION
  5
1B6
330
17
100
AcDbEntity
  8
A-COTA-50
100
AcDbDimension
280
0
  2
*D6
  3
COTA-50
 10
10.334999999999999
 20
-1.15
 30
0.0
 11
13.620000000000001
 21
-1.055
 31
0.0
 70
32
 71
5
  1
<>
100
AcDbAlignedDimension
 13
10.334999999999999
 23
0.075
 33
0.0
 14
16.905
 24
0.075
 34
0.0
 50
0.0
100
AcDbRotatedDimension
  0
DIMENSION
  5
1C5
330
17
100
AcDbEntity
  8
A-COTA-50
100
AcDbDimension
280
0
  2
*D7
  3
COTA-50
 10
16.905
 20
-1.15
 30
0.0
 11
18.23
 21
-1.055
 31
0.0
 70
32
 71
5
  1
<>
100
AcDbAlignedDimension
 13
16.905
 23
0.075
 33
0.0
 14
19.555
 24
0.075
 34
0.0
 50
0.0
100
AcDbRotatedDimension
  0
DIMENSION
  5
1D4
330
17
100
AcDbEntity
  8
A-COTA-50
100
AcDbDimension
280
0
  2
*D8
  3
COTA-50
 10
19.555
 20
-1.15
 30
0.0
 11
22.33
 21
-1.055
 31
0.0
 70
32
 71
5
  1
<>
100
AcDbAlignedDimension
 13
19.555
 23
0.075
 33
0.0
 14
25.105
 24
0.075
 34
0.0
 50
0.0
100
AcDbRotatedDimension
  0
DIMENSION
  5
1E3
330
17
100
AcDbEntity
  8
A-COTA-50
100
AcDbDimension
280
0
  2
*D9
  3
COTA-50
 10
2.06
 20
9.95
 30
0.0
 11
2.135
 21
10.094999999999999
 31
0.0
 70
32
 71
5
  1
<>
100
AcDbAlignedDimension
 13
2.06
 23
8.85
 33
0.0
 14
2.21
 24
8.85
 34
0.0
 50
0.0
100
AcDbRotatedDimension
  0
DIMENSION
  5
1F2
330
17
100
AcDbEntity
  8
A-COTA-50
100
AcDbDimension
280
0
  2
*D10
  3
COTA-50
 10
2.21
 20
9.95
 30
0.0
 11
4.71
 21
10.045
 31
0.0
 70
32
 71
5
  1
<>
100
AcDbAlignedDimension
 13
2.21
 23
8.85
 33
0.0
 14
7.21
 24
8.85
 34
0.0
 50
0.0
100
AcDbRotatedDimension
  0
DIMENSION
  5
201
330
17
100
AcDbEntity
  8
A-COTA-50
100
AcDbDimension
280
0
  2
*D11
  3
COTA-50
 10
7.21
 20
9.95
 30
0.0
 11
16.195
 21
10.045
 31
0.0
 70
32
 71
5
  1
<>
100
AcDbAlignedDimension
 13
7.21
 23
8.85
 33
0.0
 14
25.18
 24
8.85
 34
0.0
 50
0.0
100
AcDbRotatedDimension
  0
DIMENSION
  5
210
330
17
100
AcDbEntity
  8
A-COTA-50
100
AcDbDimension
280
0
  2
*D12
  3
COTA-50
 10
2.06
 20
10.65
 30
0.0
 11
13.620000000000001
 21
10.745000000000001
 31
0.0
 70
32
 71
5
  1
<>
100
AcDbAlignedDimension
 13
2.06
 23
9.0
 33
0.0
 14
25.18
 24
9.0
 34
0.0
 50
0.0
100
AcDbRotatedDimension
  0
DIMENSION
  5
21F
330
17
100
AcDbEntity
  8
A-COTA-50
100
AcDbDimension
280
0
  2
*D13
  3
COTA-50
 10
-0.55
 20
0.0
 30
0.0
 11
-0.6950000000000001
 21
0.075
 31
0.0
 70
32
 71
5
  1
<>
100
AcDbAlignedDimension
 13
2.06
 23
0.0
 33
0.0
 14
2.06
 24
0.15
 34
0.0
 50
90.0
100
AcDbRotatedDimension
  0
DIMENSION
  5
22E
330
17
100
AcDbEntity
  8
A-COTA-50
100
AcDbDimension
280
0
  2
*D14
  3
COTA-50
 10
-0.55
 20
0.15
 30
0.0
 11
-0.645
 21
0.7050000000000001
 31
0.0
 70
32
 71
5
  1
<>
100
AcDbAlignedDimension
 13
2.06
 23
0.15
 33
0.0
 14
2.06
 24
1.26
 34
0.0
 50
90.0
100
AcDbRotatedDimension
  0
DIMENSION
  5
23D
330
17
100
AcDbEntity
  8
A-COTA-50
100
AcDbDimension
280
0
  2
*D15
  3
COTA-50
 10
-0.55
 20
1.26
 30
0.0
 11
-0.6950000000000001
 21
1.4100000000000001
 31
0.0
 70
32
 71
5
  1
<>
100
AcDbAlignedDimension
 13
2.06
 23
1.26
 33
0.0
 14
2.06
 24
1.56
 34
0.0
 50
90.0
100
AcDbRotatedDimension
  0
DIMENSION
  5
24C
330
17
100
AcDbEntity
  8
A-COTA-50
100
AcDbDimension
280
0
  2
*D16
  3
COTA-50
 10
-0.55
 20
1.56
 30
0.0
 11
-0.645
 21
5.205
 31
0.0
 70
32
 71
5
  1
<>
100
AcDbAlignedDimension
 13
2.06
 23
1.56
 33
0.0
 14
2.06
 24
8.85
 34
0.0
 50
90.0
100
AcDbRotatedDimension
  0
DIMENSION
  5
25B
330
17
100
AcDbEntity
  8
A-COTA-50
100
AcDbDimension
280
0
  2
*D17
  3
COTA-50
 10
-0.55
 20
8.85
 30
0.0
 11
-0.6950000000000001
 21
8.925
 31
0.0
 70
32
 71
5
  1
<>
100
AcDbAlignedDimension
 13
2.06
 23
8.85
 33
0.0
 14
2.06
 24
9.0
 34
0.0
 50
90.0
100
AcDbRotatedDimension
  0
DIMENSION
  5
26A
330
17
100
AcDbEntity
  8
A-COTA-50
100
AcDbDimension
280
0
  2
*D18
  3
COTA-50
 10
-1.35
 20
0.0
 30
0.0
 11
-1.445
 21
4.5
 31
0.0
 70
32
 71
5
  1
<>
100
AcDbAlignedDimension
 13
2.06
 23
0.0
 33
0.0
 14
2.06
 24
9.0
 34
0.0
 50
90.0
100
AcDbRotatedDimension
  0
DIMENSION
  5
279
330
17
100
AcDbEntity
  8
A-COTA-50
100
AcDbDimension
280
0
  2
*D19
  3
COTA-50
 10
6.76
 20
0.15
 30
0.0
 11
6.665
 21
0.7500000000000001
 31
0.0
 70
32
 71
5
  1
<>
100
AcDbAlignedDimension
 13
7.21
 23
0.15
 33
0.0
 14
7.21
 24
1.35
 34
0.0
 50
90.0
100
AcDbRotatedDimension
  0
DIMENSION
  5
288
330
17
100
AcDbEntity
  8
A-COTA-50
100
AcDbDimension
280
0
  2
*D20
  3
COTA-50
 10
6.76
 20
1.35
 30
0.0
 11
6.665
 21
2.6
 31
0.0
 70
32
 71
5
  1
<>
100
AcDbAlignedDimension
 13
7.21
 23
1.35
 33
0.0
 14
7.21
 24
3.85
 34
0.0
 50
90.0
100
AcDbRotatedDimension
  0
DIMENSION
  5
297
330
17
100
AcDbEntity
  8
A-COTA-50
100
AcDbDimension
280
0
  2
*D21
  3
COTA-50
 10
6.76
 20
3.85
 30
0.0
 11
6.665
 21
5.1
 31
0.0
 70
32
 71
5
  1
<>
100
AcDbAlignedDimension
 13
7.21
 23
3.85
 33
0.0
 14
7.21
 24
6.35
 34
0.0
 50
90.0
100
AcDbRotatedDimension
  0
DIMENSION
  5
2A6
330
17
100
AcDbEntity
  8
A-COTA-50
100
AcDbDimension
280
0
  2
*D22
  3
COTA-50
 10
6.76
 20
6.35
 30
0.0
 11
6.665
 21
7.6
 31
0.0
 70
32
 71
5
  1
<>
100
AcDbAlignedDimension
 13
7.21
 23
6.35
 33
0.0
 14
7.21
 24
8.85
 34
0.0
 50
90.0
100
AcDbRotatedDimension
  0
DIMENSION
  5
2B5
330
17
100
AcDbEntity
  8
A-COTA-50
100
AcDbDimension
280
0
  2
*D23
  3
COTA-50
 10
16.53
 20
1.35
 30
0.0
 11
16.435000000000002
 21
3.0200000000000005
 31
0.0
 70
32
 71
5
  1
<>
100
AcDbAlignedDimension
 13
16.98
 23
1.35
 33
0.0
 14
16.98
 24
4.69
 34
0.0
 50
90.0
100
AcDbRotatedDimension
  0
DIMENSION
  5
2C4
330
17
100
AcDbEntity
  8
A-COTA-50
100
AcDbDimension
280
0
  2
*D24
  3
COTA-50
 10
16.98
 20
4.24
 30
0.0
 11
17.53
 21
4.335
 31
0.0
 70
32
 71
5
  1
<>
100
AcDbAlignedDimension
 13
16.98
 23
4.69
 33
0.0
 14
18.080000000000002
 24
4.69
 34
0.0
 50
0.0
100
AcDbRotatedDimension
  0
DIMENSION
  5
2D3
330
17
100
AcDbEntity
  8
A-COTA-50
100
AcDbDimension
280
0
  2
*D25
  3
COTA-50
 10
18.080000000000002
 20
4.24
 30
0.0
 11
18.23
 21
4.385
 31
0.0
 70
32
 71
5
  1
<>
100
AcDbAlignedDimension
 13
18.080000000000002
 23
4.69
 33
0.0
 14
18.38
 24
4.69
 34
0.0
 50
0.0
100
AcDbRotatedDimension
  0
DIMENSION
  5
2E2
330
17
100
AcDbEntity
  8
A-COTA-50
100
AcDbDimension
280
0
  2
*D26
  3
COTA-50
 10
18.38
 20
4.24
 30
0.0
 11
18.93
 21
4.335
 31
0.0
 70
32
 71
5
  1
<>
100
AcDbAlignedDimension
 13
18.38
 23
4.69
 33
0.0
 14
19.48
 24
4.69
 34
0.0
 50
0.0
100
AcDbRotatedDimension
  0
DIMENSION
  5
2F1
330
17
100
AcDbEntity
  8
A-COTA-50
100
AcDbDimension
280
0
  2
*D27
  3
COTA-50
 10
29.25
 20
0.075
 30
0.0
 11
29.155
 21
0.7425
 31
0.0
 70
32
 71
5
  1
<>
100
AcDbAlignedDimension
 13
25.18
 23
0.075
 33
0.0
 14
25.18
 24
1.4100000000000001
 34
0.0
 50
90.0
100
AcDbRotatedDimension
  0
DIMENSION
  5
300
330
17
100
AcDbEntity
  8
A-COTA-50
100
AcDbDimension
280
0
  2
*D28
  3
COTA-50
 10
29.25
 20
1.4100000000000001
 30
0.0
 11
29.155
 21
3.125
 31
0.0
 70
32
 71
5
  1
<>
100
AcDbAlignedDimension
 13
25.18
 23
1.4100000000000001
 33
0.0
 14
25.18
 24
4.84
 34
0.0
 50
90.0
100
AcDbRotatedDimension
  0
DIMENSION
  5
30F
330
17
100
AcDbEntity
  8
A-COTA-50
100
AcDbDimension
280
0
  2
*D29
  3
COTA-50
 10
29.25
 20
4.84
 30
0.0
 11
29.155
 21
6.8825
 31
0.0
 70
32
 71
5
  1
<>
100
AcDbAlignedDimension
 13
25.18
 23
4.84
 33
0.0
 14
25.18
 24
8.925
 34
0.0
 50
90.0
100
AcDbRotatedDimension
  0
LINE
  5
31E
330
17
100
AcDbEntity
  8
A-CORTES
100
AcDbLine
 10
-1.6
 20
3.0
 30
0.0
 11
-1.0
 21
3.0
 31
0.0
  0
LINE
  5
31F
330
17
100
AcDbEntity
  8
A-CORTES
100
AcDbLine
 10
30.2
 20
3.0
 30
0.0
 11
29.599999999999998
 21
3.0
 31
0.0
  0
SOLID
  5
320
330
17
100
AcDbEntity
  8
A-CORTES
100
AcDbTrace
 10
-1.82
 20
3.0
 30
0.0
 11
-1.3800000000000001
 21
3.0
 31
0.0
 12
-1.6
 22
3.45
 32
0.0
 13
-1.6
 23
3.45
 33
0.0
  0
TEXT
  5
321
330
17
100
AcDbEntity
  8
A-CORTES
100
AcDbText
 10
-1.6
 20
3.75
 30
0.0
 40
0.2
  1
A
  7
ARIAL
 72
1
 11
-1.6
 21
3.75
 31
0.0
100
AcDbText
 73
2
  0
TEXT
  5
322
330
17
100
AcDbEntity
  8
A-CORTES
100
AcDbText
 10
-1.6
 20
3.4699999999999998
 30
0.0
 40
0.12
  1
A6
  7
ARIAL
 72
1
 11
-1.6
 21
3.4699999999999998
 31
0.0
100
AcDbText
 73
2
  0
SOLID
  5
323
330
17
100
AcDbEntity
  8
A-CORTES
100
AcDbTrace
 10
29.98
 20
3.0
 30
0.0
 11
30.419999999999998
 21
3.0
 31
0.0
 12
30.2
 22
3.45
 32
0.0
 13
30.2
 23
3.45
 33
0.0
  0
TEXT
  5
324
330
17
100
AcDbEntity
  8
A-CORTES
100
AcDbText
 10
30.2
 20
3.75
 30
0.0
 40
0.2
  1
A
  7
ARIAL
 72
1
 11
30.2
 21
3.75
 31
0.0
100
AcDbText
 73
2
  0
TEXT
  5
325
330
17
100
AcDbEntity
  8
A-CORTES
100
AcDbText
 10
30.2
 20
3.4699999999999998
 30
0.0
 40
0.12
  1
A6
  7
ARIAL
 72
1
 11
30.2
 21
3.4699999999999998
 31
0.0
100
AcDbText
 73
2
  0
LINE
  5
326
330
17
100
AcDbEntity
  8
A-CORTES
  6
PHANTOM
 48
0.05
100
AcDbLine
 10
-1.6
 20
3.0
 30
0.0
 11
30.2
 21
3.0
 31
0.0
  0
LINE
  5
327
330
17
100
AcDbEntity
  8
A-CORTES
100
AcDbLine
 10
18.25
 20
-2.0
 30
0.0
 11
18.25
 21
-1.4
 31
0.0
  0
LINE
  5
328
330
17
100
AcDbEntity
  8
A-CORTES
100
AcDbLine
 10
18.25
 20
11.05
 30
0.0
 11
18.25
 21
10.450000000000001
 31
0.0
  0
SOLID
  5
329
330
17
100
AcDbEntity
  8
A-CORTES
100
AcDbTrace
 10
18.25
 20
-2.22
 30
0.0
 11
18.25
 21
-1.78
 31
0.0
 12
18.7
 22
-2.0
 32
0.0
 13
18.7
 23
-2.0
 33
0.0
  0
TEXT
  5
32A
330
17
100
AcDbEntity
  8
A-CORTES
100
AcDbText
 10
19.0
 20
-2.0
 30
0.0
 40
0.2
  1
B
  7
ARIAL
 72
1
 11
19.0
 21
-2.0
 31
0.0
100
AcDbText
 73
2
  0
TEXT
  5
32B
330
17
100
AcDbEntity
  8
A-CORTES
100
AcDbText
 10
19.0
 20
-2.2800000000000002
 30
0.0
 40
0.12
  1
A6
  7
ARIAL
 72
1
 11
19.0
 21
-2.2800000000000002
 31
0.0
100
AcDbText
 73
2
  0
SOLID
  5
32C
330
17
100
AcDbEntity
  8
A-CORTES
100
AcDbTrace
 10
18.25
 20
10.83
 30
0.0
 11
18.25
 21
11.270000000000001
 31
0.0
 12
18.7
 22
11.05
 32
0.0
 13
18.7
 23
11.05
 33
0.0
  0
TEXT
  5
32D
330
17
100
AcDbEntity
  8
A-CORTES
100
AcDbText
 10
19.0
 20
11.05
 30
0.0
 40
0.2
  1
B
  7
ARIAL
 72
1
 11
19.0
 21
11.05
 31
0.0
100
AcDbText
 73
2
  0
TEXT
  5
32E
330
17
100
AcDbEntity
  8
A-CORTES
100
AcDbText
 10
19.0
 20
10.770000000000001
 30
0.0
 40
0.12
  1
A6
  7
ARIAL
 72
1
 11
19.0
 21
10.770000000000001
 31
0.0
100
AcDbText
 73
2
  0
LINE
  5
32F
330
17
100
AcDbEntity
  8
A-CORTES
  6
PHANTOM
 48
0.05
100
AcDbLine
 10
18.25
 20
-2.0
 30
0.0
 11
18.25
 21
11.05
 31
0.0
  0
VIEWPORT
  5
334
330
330
100
AcDbEntity
 67
1
  8
VIEWPORTS
100
AcDbViewport
 10
420.5
 20
297.0
 30
0.0
 40
925.1
 41
653.4000000000001
 68
1
 69
1
 12
420.5
 22
297.0
 13
0.0
 23
0.0
 14
10.0
 24
10.0
 15
10.0
 25
10.0
 16
0.0
 26
0.0
 36
1.0
 17
0.0
 27
0.0
 37
0.0
 42
50.0
 43
0.0
 44
0.0
 45
653.4000000000001
 50
0.0
 51
0.0
 72
100
 90
557088
  1

281
0
 71
0
 74
0
110
0.0
120
0.0
130
0.0
111
1.0
121
0.0
131
0.0
112
0.0
122
1.0
132
0.0
 79
0
146
0.0
282
0
  0
LWPOLYLINE
  5
335
330
330
100
AcDbEntity
 67
1
  8
A-VIEWPORT
100
AcDbPolyline
 90
4
 70
1
 10
0.0
 20
0.0
 10
841.0
 20
0.0
 10
841.0
 20
594.0
 10
0.0
 20
594.0
  0
LWPOLYLINE
  5
336
330
330
100
AcDbEntity
 67
1
  8
A-MARCO
100
AcDbPolyline
 90
4
 70
1
 10
25.0
 20
10.0
 10
831.0
 20
10.0
 10
831.0
 20
584.0
 10
25.0
 20
584.0
  0
TEXT
  5
337
330
330
100
AcDbEntity
 67
1
  8
A-TEXTO
100
AcDbText
 10
25.0
 20
4.0
 30
0.0
 40
1.8
  1
FORMATO A1  841 mm x 594 mm
  7
ARIAL
 11
25.0
 21
4.0
 31
0.0
100
AcDbText
  0
VIEWPORT
  5
338
330
330
100
AcDbEntity
 67
1
  8
A-VIEWPORT
100
AcDbViewport
 10
368.0
 20
430.0
 30
0.0
 40
668.0
 41
296.0
 68
2
 69
3
 12
14.05
 22
4.05
 13
0.0
 23
0.0
 14
10.0
 24
10.0
 15
10.0
 25
10.0
 16
0.0
 26
0.0
 36
1.0
 17
0.0
 27
0.0
 37
0.0
 42
50.0
 43
0.0
 44
0.0
 45
14.8
 50
0.0
 51
0.0
 72
100
331
9C
331
9A
331
9D
331
9B
 90
16384
  1

281
0
 71
0
 74
0
110
0.0
120
0.0
130
0.0
111
1.0
121
0.0
131
0.0
112
0.0
122
1.0
132
0.0
 79
0
146
0.0
282
0
  0
INSERT
  5
339
330
330
100
AcDbEntity
 67
1
  8
A-NORTE
100
AcDbBlockReference
  2
NORTE
 10
672.0
 20
300.0
 30
0.0
 50
87.28611489610071
  0
TEXT
  5
33B
330
330
100
AcDbEntity
 67
1
  8
A-TEXTO
100
AcDbText
 10
672.0
 20
280.0
 30
0.0
 40
1.8
  1
NORTE SEGÚN CATASTRO
  7
ARIAL
 72
1
 11
672.0
 21
280.0
 31
0.0
100
AcDbText
 73
3
  0
TEXT
  5
33C
330
330
100
AcDbEntity
 67
1
  8
A-TITULOS
100
AcDbText
 10
35.0
 20
262.0
 30
0.0
 40
6.0
  1
PLANTA NIVEL 1
  7
ARIAL
 11
35.0
 21
262.0
 31
0.0
100
AcDbText
 73
1
  0
LINE
  5
33D
330
330
100
AcDbEntity
 67
1
  8
A-TITULOS
100
AcDbLine
 10
35.0
 20
260.5
 30
0.0
 11
185.0
 21
260.5
 31
0.0
  0
TEXT
  5
33E
330
330
100
AcDbEntity
 67
1
  8
A-TEXTO
100
AcDbText
 10
35.0
 20
254.5
 30
0.0
 40
3.5
  1
PARQUEOS, ACCESO, GRADAS Y JARDÍN SECO
  7
ARIAL
 11
35.0
 21
254.5
 31
0.0
100
AcDbText
 73
1
  0
TEXT
  5
33F
330
330
100
AcDbEntity
 67
1
  8
A-TEXTO
100
AcDbText
 10
35.0
 20
249.0
 30
0.0
 40
3.0
  1
Esc. 1:50
  7
ARIAL
 11
35.0
 21
249.0
 31
0.0
100
AcDbText
 73
1
  0
LWPOLYLINE
  5
340
330
330
100
AcDbEntity
 67
1
  8
A-ESCALA-GRAF
100
AcDbPolyline
 90
4
 70
1
 10
35.0
 20
236.0
 10
55.0
 20
236.0
 10
55.0
 20
237.6
 10
35.0
 20
237.6
  0
HATCH
  5
341
330
330
100
AcDbEntity
 67
1
  8
A-ESCALA-GRAF
 62
7
100
AcDbHatch
 10
0.0
 20
0.0
 30
0.0
210
0.0
220
0.0
230
1.0
  2
SOLID
 70
1
 71
0
 91
1
 92
3
 72
0
 73
1
 93
4
 10
35.0
 20
236.0
 10
55.0
 20
236.0
 10
55.0
 20
237.6
 10
35.0
 20
237.6
 97
0
 75
0
 76
1
 98
0
  0
LWPOLYLINE
  5
342
330
330
100
AcDbEntity
 67
1
  8
A-ESCALA-GRAF
100
AcDbPolyline
 90
4
 70
1
 10
55.0
 20
236.0
 10
75.0
 20
236.0
 10
75.0
 20
237.6
 10
55.0
 20
237.6
  0
LWPOLYLINE
  5
343
330
330
100
AcDbEntity
 67
1
  8
A-ESCALA-GRAF
100
AcDbPolyline
 90
4
 70
1
 10
75.0
 20
236.0
 10
95.0
 20
236.0
 10
95.0
 20
237.6
 10
75.0
 20
237.6
  0
HATCH
  5
344
330
330
100
AcDbEntity
 67
1
  8
A-ESCALA-GRAF
 62
7
100
AcDbHatch
 10
0.0
 20
0.0
 30
0.0
210
0.0
220
0.0
230
1.0
  2
SOLID
 70
1
 71
0
 91
1
 92
3
 72
0
 73
1
 93
4
 10
75.0
 20
236.0
 10
95.0
 20
236.0
 10
95.0
 20
237.6
 10
75.0
 20
237.6
 97
0
 75
0
 76
1
 98
0
  0
LWPOLYLINE
  5
345
330
330
100
AcDbEntity
 67
1
  8
A-ESCALA-GRAF
100
AcDbPolyline
 90
4
 70
1
 10
95.0
 20
236.0
 10
115.0
 20
236.0
 10
115.0
 20
237.6
 10
95.0
 20
237.6
  0
LWPOLYLINE
  5
346
330
330
100
AcDbEntity
 67
1
  8
A-ESCALA-GRAF
100
AcDbPolyline
 90
4
 70
1
 10
115.0
 20
236.0
 10
135.0
 20
236.0
 10
135.0
 20
237.6
 10
115.0
 20
237.6
  0
HATCH
  5
347
330
330
100
AcDbEntity
 67
1
  8
A-ESCALA-GRAF
 62
7
100
AcDbHatch
 10
0.0
 20
0.0
 30
0.0
210
0.0
220
0.0
230
1.0
  2
SOLID
 70
1
 71
0
 91
1
 92
3
 72
0
 73
1
 93
4
 10
115.0
 20
236.0
 10
135.0
 20
236.0
 10
135.0
 20
237.6
 10
115.0
 20
237.6
 97
0
 75
0
 76
1
 98
0
  0
TEXT
  5
348
330
330
100
AcDbEntity
 67
1
  8
A-ESCALA-GRAF
100
AcDbText
 10
35.0
 20
234.8
 30
0.0
 40
1.87
  1
0
  7
ARIAL
 72
1
 11
35.0
 21
234.8
 31
0.0
100
AcDbText
 73
3
  0
TEXT
  5
349
330
330
100
AcDbEntity
 67
1
  8
A-ESCALA-GRAF
100
AcDbText
 10
55.0
 20
234.8
 30
0.0
 40
1.87
  1
1
  7
ARIAL
 72
1
 11
55.0
 21
234.8
 31
0.0
100
AcDbText
 73
3
  0
TEXT
  5
34A
330
330
100
AcDbEntity
 67
1
  8
A-ESCALA-GRAF
100
AcDbText
 10
75.0
 20
234.8
 30
0.0
 40
1.87
  1
2
  7
ARIAL
 72
1
 11
75.0
 21
234.8
 31
0.0
100
AcDbText
 73
3
  0
TEXT
  5
34B
330
330
100
AcDbEntity
 67
1
  8
A-ESCALA-GRAF
100
AcDbText
 10
95.0
 20
234.8
 30
0.0
 40
1.87
  1
3
  7
ARIAL
 72
1
 11
95.0
 21
234.8
 31
0.0
100
AcDbText
 73
3
  0
TEXT
  5
34C
330
330
100
AcDbEntity
 67
1
  8
A-ESCALA-GRAF
100
AcDbText
 10
115.0
 20
234.8
 30
0.0
 40
1.87
  1
4
  7
ARIAL
 72
1
 11
115.0
 21
234.8
 31
0.0
100
AcDbText
 73
3
  0
TEXT
  5
34D
330
330
100
AcDbEntity
 67
1
  8
A-ESCALA-GRAF
100
AcDbText
 10
135.0
 20
234.8
 30
0.0
 40
1.87
  1
5
  7
ARIAL
 72
1
 11
135.0
 21
234.8
 31
0.0
100
AcDbText
 73
3
  0
TEXT
  5
34E
330
330
100
AcDbEntity
 67
1
  8
A-ESCALA-GRAF
100
AcDbText
 10
138.0
 20
236.8
 30
0.0
 40
1.87
  1
m
  7
ARIAL
 11
138.0
 21
236.8
 31
0.0
100
AcDbText
 73
2
  0
TEXT
  5
34F
330
330
100
AcDbEntity
 67
1
  8
A-TITULOS
100
AcDbText
 10
130.0
 20
222.0
 30
0.0
 40
5.0
  1
D E R R O T E R O
  7
ARIAL
 72
1
 11
130.0
 21
222.0
 31
0.0
100
AcDbText
 73
3
  0
LWPOLYLINE
  5
350
330
330
100
AcDbEntity
 67
1
  8
A-TABLAS
100
AcDbPolyline
 90
4
 70
1
 10
35.0
 20
154.0
 10
225.0
 20
154.0
 10
225.0
 20
214.0
 10
35.0
 20
214.0
  0
TEXT
  5
351
330
330
100
AcDbEntity
 67
1
  8
A-TEXTO
100
AcDbText
 10
54.0
 20
211.0
 30
0.0
 40
2.5
  1
LÍNEA
  7
ARIAL
 72
1
 11
54.0
 21
211.0
 31
0.0
100
AcDbText
 73
2
  0
LINE
  5
352
330
330
100
AcDbEntity
 67
1
  8
A-TABLAS
100
AcDbLine
 10
73.0
 20
214.0
 30
0.0
 11
73.0
 21
208.0
 31
0.0
  0
TEXT
  5
353
330
330
100
AcDbEntity
 67
1
  8
A-TEXTO
100
AcDbText
 10
111.0
 20
211.0
 30
0.0
 40
2.5
  1
ACIMUT
  7
ARIAL
 72
1
 11
111.0
 21
211.0
 31
0.0
100
AcDbText
 73
2
  0
LINE
  5
354
330
330
100
AcDbEntity
 67
1
  8
A-TABLAS
100
AcDbLine
 10
149.0
 20
214.0
 30
0.0
 11
149.0
 21
208.0
 31
0.0
  0
TEXT
  5
355
330
330
100
AcDbEntity
 67
1
  8
A-TEXTO
100
AcDbText
 10
187.0
 20
211.0
 30
0.0
 40
2.5
  1
DISTANCIA
  7
ARIAL
 72
1
 11
187.0
 21
211.0
 31
0.0
100
AcDbText
 73
2
  0
LINE
  5
356
330
330
100
AcDbEntity
 67
1
  8
A-TABLAS
100
AcDbLine
 10
35.0
 20
208.0
 30
0.0
 11
225.0
 21
208.0
 31
0.0
  0
LINE
  5
357
330
330
100
AcDbEntity
 67
1
  8
A-TABLAS
100
AcDbLine
 10
73.0
 20
208.0
 30
0.0
 11
73.0
 21
202.0
 31
0.0
  0
TEXT
  5
358
330
330
100
AcDbEntity
 67
1
  8
A-TEXTO
100
AcDbText
 10
92.0
 20
205.0
 30
0.0
 40
2.5
  1
°
  7
ARIAL
 72
1
 11
92.0
 21
205.0
 31
0.0
100
AcDbText
 73
2
  0
LINE
  5
359
330
330
100
AcDbEntity
 67
1
  8
A-TABLAS
100
AcDbLine
 10
111.0
 20
208.0
 30
0.0
 11
111.0
 21
202.0
 31
0.0
  0
TEXT
  5
35A
330
330
100
AcDbEntity
 67
1
  8
A-TEXTO
100
AcDbText
 10
130.0
 20
205.0
 30
0.0
 40
2.5
  1
'
  7
ARIAL
 72
1
 11
130.0
 21
205.0
 31
0.0
100
AcDbText
 73
2
  0
LINE
  5
35B
330
330
100
AcDbEntity
 67
1
  8
A-TABLAS
100
AcDbLine
 10
149.0
 20
208.0
 30
0.0
 11
149.0
 21
202.0
 31
0.0
  0
TEXT
  5
35C
330
330
100
AcDbEntity
 67
1
  8
A-TEXTO
100
AcDbText
 10
168.0
 20
205.0
 30
0.0
 40
2.5
  1
m
  7
ARIAL
 72
1
 11
168.0
 21
205.0
 31
0.0
100
AcDbText
 73
2
  0
LINE
  5
35D
330
330
100
AcDbEntity
 67
1
  8
A-TABLAS
100
AcDbLine
 10
187.0
 20
208.0
 30
0.0
 11
187.0
 21
202.0
 31
0.0
  0
TEXT
  5
35E
330
330
100
AcDbEntity
 67
1
  8
A-TEXTO
100
AcDbText
 10
206.0
 20
205.0
 30
0.0
 40
2.5
  1
cm
  7
ARIAL
 72
1
 11
206.0
 21
205.0
 31
0.0
100
AcDbText
 73
2
  0
LINE
  5
35F
330
330
100
AcDbEntity
 67
1
  8
A-TABLAS
100
AcDbLine
 10
35.0
 20
202.0
 30
0.0
 11
225.0
 21
202.0
 31
0.0
  0
TEXT
  5
360
330
330
100
AcDbEntity
 67
1
  8
A-TEXTO
100
AcDbText
 10
54.0
 20
199.0
 30
0.0
 40
2.5
  1
1 - 2
  7
ARIAL
 72
1
 11
54.0
 21
199.0
 31
0.0
100
AcDbText
 73
2
  0
LINE
  5
361
330
330
100
AcDbEntity
 67
1
  8
A-TABLAS
100
AcDbLine
 10
73.0
 20
202.0
 30
0.0
 11
73.0
 21
196.0
 31
0.0
  0
TEXT
  5
362
330
330
100
AcDbEntity
 67
1
  8
A-TEXTO
100
AcDbText
 10
92.0
 20
199.0
 30
0.0
 40
2.5
  1
87
  7
ARIAL
 72
1
 11
92.0
 21
199.0
 31
0.0
100
AcDbText
 73
2
  0
LINE
  5
363
330
330
100
AcDbEntity
 67
1
  8
A-TABLAS
100
AcDbLine
 10
111.0
 20
202.0
 30
0.0
 11
111.0
 21
196.0
 31
0.0
  0
TEXT
  5
364
330
330
100
AcDbEntity
 67
1
  8
A-TEXTO
100
AcDbText
 10
130.0
 20
199.0
 30
0.0
 40
2.5
  1
25
  7
ARIAL
 72
1
 11
130.0
 21
199.0
 31
0.0
100
AcDbText
 73
2
  0
LINE
  5
365
330
330
100
AcDbEntity
 67
1
  8
A-TABLAS
100
AcDbLine
 10
149.0
 20
202.0
 30
0.0
 11
149.0
 21
196.0
 31
0.0
  0
TEXT
  5
366
330
330
100
AcDbEntity
 67
1
  8
A-TEXTO
100
AcDbText
 10
168.0
 20
199.0
 30
0.0
 40
2.5
  1
4
  7
ARIAL
 72
1
 11
168.0
 21
199.0
 31
0.0
100
AcDbText
 73
2
  0
LINE
  5
367
330
330
100
AcDbEntity
 67
1
  8
A-TABLAS
100
AcDbLine
 10
187.0
 20
202.0
 30
0.0
 11
187.0
 21
196.0
 31
0.0
  0
TEXT
  5
368
330
330
100
AcDbEntity
 67
1
  8
A-TEXTO
100
AcDbText
 10
206.0
 20
199.0
 30
0.0
 40
2.5
  1
66
  7
ARIAL
 72
1
 11
206.0
 21
199.0
 31
0.0
100
AcDbText
 73
2
  0
LINE
  5
369
330
330
100
AcDbEntity
 67
1
  8
A-TABLAS
100
AcDbLine
 10
35.0
 20
196.0
 30
0.0
 11
225.0
 21
196.0
 31
0.0
  0
TEXT
  5
36A
330
330
100
AcDbEntity
 67
1
  8
A-TEXTO
100
AcDbText
 10
54.0
 20
193.0
 30
0.0
 40
2.5
  1
2 - 3
  7
ARIAL
 72
1
 11
54.0
 21
193.0
 31
0.0
100
AcDbText
 73
2
  0
LINE
  5
36B
330
330
100
AcDbEntity
 67
1
  8
A-TABLAS
100
AcDbLine
 10
73.0
 20
196.0
 30
0.0
 11
73.0
 21
190.0
 31
0.0
  0
TEXT
  5
36C
330
330
100
AcDbEntity
 67
1
  8
A-TEXTO
100
AcDbText
 10
92.0
 20
193.0
 30
0.0
 40
2.5
  1
87
  7
ARIAL
 72
1
 11
92.0
 21
193.0
 31
0.0
100
AcDbText
 73
2
  0
LINE
  5
36D
330
330
100
AcDbEntity
 67
1
  8
A-TABLAS
100
AcDbLine
 10
111.0
 20
196.0
 30
0.0
 11
111.0
 21
190.0
 31
0.0
  0
TEXT
  5
36E
330
330
100
AcDbEntity
 67
1
  8
A-TEXTO
100
AcDbText
 10
130.0
 20
193.0
 30
0.0
 40
2.5
  1
53
  7
ARIAL
 72
1
 11
130.0
 21
193.0
 31
0.0
100
AcDbText
 73
2
  0
LINE
  5
36F
330
330
100
AcDbEntity
 67
1
  8
A-TABLAS
100
AcDbLine
 10
149.0
 20
196.0
 30
0.0
 11
149.0
 21
190.0
 31
0.0
  0
TEXT
  5
370
330
330
100
AcDbEntity
 67
1
  8
A-TEXTO
100
AcDbText
 10
168.0
 20
193.0
 30
0.0
 40
2.5
  1
4
  7
ARIAL
 72
1
 11
168.0
 21
193.0
 31
0.0
100
AcDbText
 73
2
  0
LINE
  5
371
330
330
100
AcDbEntity
 67
1
  8
A-TABLAS
100
AcDbLine
 10
187.0
 20
196.0
 30
0.0
 11
187.0
 21
190.0
 31
0.0
  0
TEXT
  5
372
330
330
100
AcDbEntity
 67
1
  8
A-TEXTO
100
AcDbText
 10
206.0
 20
193.0
 30
0.0
 40
2.5
  1
34
  7
ARIAL
 72
1
 11
206.0
 21
193.0
 31
0.0
100
AcDbText
 73
2
  0
LINE
  5
373
330
330
100
AcDbEntity
 67
1
  8
A-TABLAS
100
AcDbLine
 10
35.0
 20
190.0
 30
0.0
 11
225.0
 21
190.0
 31
0.0
  0
TEXT
  5
374
330
330
100
AcDbEntity
 67
1
  8
A-TEXTO
100
AcDbText
 10
54.0
 20
187.0
 30
0.0
 40
2.5
  1
3 - 4
  7
ARIAL
 72
1
 11
54.0
 21
187.0
 31
0.0
100
AcDbText
 73
2
  0
LINE
  5
375
330
330
100
AcDbEntity
 67
1
  8
A-TABLAS
100
AcDbLine
 10
73.0
 20
190.0
 30
0.0
 11
73.0
 21
184.0
 31
0.0
  0
TEXT
  5
376
330
330
100
AcDbEntity
 67
1
  8
A-TEXTO
100
AcDbText
 10
92.0
 20
187.0
 30
0.0
 40
2.5
  1
177
  7
ARIAL
 72
1
 11
92.0
 21
187.0
 31
0.0
100
AcDbText
 73
2
  0
LINE
  5
377
330
330
100
AcDbEntity
 67
1
  8
A-TABLAS
100
AcDbLine
 10
111.0
 20
190.0
 30
0.0
 11
111.0
 21
184.0
 31
0.0
  0
TEXT
  5
378
330
330
100
AcDbEntity
 67
1
  8
A-TEXTO
100
AcDbText
 10
130.0
 20
187.0
 30
0.0
 40
2.5
  1
18
  7
ARIAL
 72
1
 11
130.0
 21
187.0
 31
0.0
100
AcDbText
 73
2
  0
LINE
  5
379
330
330
100
AcDbEntity
 67
1
  8
A-TABLAS
100
AcDbLine
 10
149.0
 20
190.0
 30
0.0
 11
149.0
 21
184.0
 31
0.0
  0
TEXT
  5
37A
330
330
100
AcDbEntity
 67
1
  8
A-TEXTO
100
AcDbText
 10
168.0
 20
187.0
 30
0.0
 40
2.5
  1
28
  7
ARIAL
 72
1
 11
168.0
 21
187.0
 31
0.0
100
AcDbText
 73
2
  0
LINE
  5
37B
330
330
100
AcDbEntity
 67
1
  8
A-TABLAS
100
AcDbLine
 10
187.0
 20
190.0
 30
0.0
 11
187.0
 21
184.0
 31
0.0
  0
TEXT
  5
37C
330
330
100
AcDbEntity
 67
1
  8
A-TEXTO
100
AcDbText
 10
206.0
 20
187.0
 30
0.0
 40
2.5
  1
46
  7
ARIAL
 72
1
 11
206.0
 21
187.0
 31
0.0
100
AcDbText
 73
2
  0
LINE
  5
37D
330
330
100
AcDbEntity
 67
1
  8
A-TABLAS
100
AcDbLine
 10
35.0
 20
184.0
 30
0.0
 11
225.0
 21
184.0
 31
0.0
  0
TEXT
  5
37E
330
330
100
AcDbEntity
 67
1
  8
A-TEXTO
100
AcDbText
 10
54.0
 20
181.0
 30
0.0
 40
2.5
  1
4 - 5
  7
ARIAL
 72
1
 11
54.0
 21
181.0
 31
0.0
100
AcDbText
 73
2
  0
LINE
  5
37F
330
330
100
AcDbEntity
 67
1
  8
A-TABLAS
100
AcDbLine
 10
73.0
 20
184.0
 30
0.0
 11
73.0
 21
178.0
 31
0.0
  0
TEXT
  5
380
330
330
100
AcDbEntity
 67
1
  8
A-TEXTO
100
AcDbText
 10
92.0
 20
181.0
 30
0.0
 40
2.5
  1
267
  7
ARIAL
 72
1
 11
92.0
 21
181.0
 31
0.0
100
AcDbText
 73
2
  0
LINE
  5
381
330
330
100
AcDbEntity
 67
1
  8
A-TABLAS
100
AcDbLine
 10
111.0
 20
184.0
 30
0.0
 11
111.0
 21
178.0
 31
0.0
  0
TEXT
  5
382
330
330
100
AcDbEntity
 67
1
  8
A-TEXTO
100
AcDbText
 10
130.0
 20
181.0
 30
0.0
 40
2.5
  1
20
  7
ARIAL
 72
1
 11
130.0
 21
181.0
 31
0.0
100
AcDbText
 73
2
  0
LINE
  5
383
330
330
100
AcDbEntity
 67
1
  8
A-TABLAS
100
AcDbLine
 10
149.0
 20
184.0
 30
0.0
 11
149.0
 21
178.0
 31
0.0
  0
TEXT
  5
384
330
330
100
AcDbEntity
 67
1
  8
A-TEXTO
100
AcDbText
 10
168.0
 20
181.0
 30
0.0
 40
2.5
  1
9
  7
ARIAL
 72
1
 11
168.0
 21
181.0
 31
0.0
100
AcDbText
 73
2
  0
LINE
  5
385
330
330
100
AcDbEntity
 67
1
  8
A-TABLAS
100
AcDbLine
 10
187.0
 20
184.0
 30
0.0
 11
187.0
 21
178.0
 31
0.0
  0
TEXT
  5
386
330
330
100
AcDbEntity
 67
1
  8
A-TEXTO
100
AcDbText
 10
206.0
 20
181.0
 30
0.0
 40
2.5
  1
00
  7
ARIAL
 72
1
 11
206.0
 21
181.0
 31
0.0
100
AcDbText
 73
2
  0
LINE
  5
387
330
330
100
AcDbEntity
 67
1
  8
A-TABLAS
100
AcDbLine
 10
35.0
 20
178.0
 30
0.0
 11
225.0
 21
178.0
 31
0.0
  0
TEXT
  5
388
330
330
100
AcDbEntity
 67
1
  8
A-TEXTO
100
AcDbText
 10
54.0
 20
175.0
 30
0.0
 40
2.5
  1
5 - 1
  7
ARIAL
 72
1
 11
54.0
 21
175.0
 31
0.0
100
AcDbText
 73
2
  0
LINE
  5
389
330
330
100
AcDbEntity
 67
1
  8
A-TABLAS
100
AcDbLine
 10
73.0
 20
178.0
 30
0.0
 11
73.0
 21
172.0
 31
0.0
  0
TEXT
  5
38A
330
330
100
AcDbEntity
 67
1
  8
A-TEXTO
100
AcDbText
 10
92.0
 20
175.0
 30
0.0
 40
2.5
  1
357
  7
ARIAL
 72
1
 11
92.0
 21
175.0
 31
0.0
100
AcDbText
 73
2
  0
LINE
  5
38B
330
330
100
AcDbEntity
 67
1
  8
A-TABLAS
100
AcDbLine
 10
111.0
 20
178.0
 30
0.0
 11
111.0
 21
172.0
 31
0.0
  0
TEXT
  5
38C
330
330
100
AcDbEntity
 67
1
  8
A-TEXTO
100
AcDbText
 10
130.0
 20
175.0
 30
0.0
 40
2.5
  1
17
  7
ARIAL
 72
1
 11
130.0
 21
175.0
 31
0.0
100
AcDbText
 73
2
  0
LINE
  5
38D
330
330
100
AcDbEntity
 67
1
  8
A-TABLAS
100
AcDbLine
 10
149.0
 20
178.0
 30
0.0
 11
149.0
 21
172.0
 31
0.0
  0
TEXT
  5
38E
330
330
100
AcDbEntity
 67
1
  8
A-TEXTO
100
AcDbText
 10
168.0
 20
175.0
 30
0.0
 40
2.5
  1
28
  7
ARIAL
 72
1
 11
168.0
 21
175.0
 31
0.0
100
AcDbText
 73
2
  0
LINE
  5
38F
330
330
100
AcDbEntity
 67
1
  8
A-TABLAS
100
AcDbLine
 10
187.0
 20
178.0
 30
0.0
 11
187.0
 21
172.0
 31
0.0
  0
TEXT
  5
390
330
330
100
AcDbEntity
 67
1
  8
A-TEXTO
100
AcDbText
 10
206.0
 20
175.0
 30
0.0
 40
2.5
  1
51
  7
ARIAL
 72
1
 11
206.0
 21
175.0
 31
0.0
100
AcDbText
 73
2
  0
LINE
  5
391
330
330
100
AcDbEntity
 67
1
  8
A-TABLAS
100
AcDbLine
 10
35.0
 20
172.0
 30
0.0
 11
225.0
 21
172.0
 31
0.0
  0
TEXT
  5
392
330
330
100
AcDbEntity
 67
1
  8
A-TEXTO
100
AcDbText
 10
54.0
 20
169.0
 30
0.0
 40
2.5
  1
AMARRE
  7
ARIAL
 72
1
 11
54.0
 21
169.0
 31
0.0
100
AcDbText
 73
2
  0
LINE
  5
393
330
330
100
AcDbEntity
 67
1
  8
A-TABLAS
100
AcDbLine
 10
73.0
 20
172.0
 30
0.0
 11
73.0
 21
166.0
 31
0.0
  0
TEXT
  5
394
330
330
100
AcDbEntity
 67
1
  8
A-TEXTO
100
AcDbText
 10
111.0
 20
169.0
 30
0.0
 40
2.5
  1
ACIMUT
  7
ARIAL
 72
1
 11
111.0
 21
169.0
 31
0.0
100
AcDbText
 73
2
  0
LINE
  5
395
330
330
100
AcDbEntity
 67
1
  8
A-TABLAS
100
AcDbLine
 10
149.0
 20
172.0
 30
0.0
 11
149.0
 21
166.0
 31
0.0
  0
TEXT
  5
396
330
330
100
AcDbEntity
 67
1
  8
A-TEXTO
100
AcDbText
 10
187.0
 20
169.0
 30
0.0
 40
2.5
  1
DISTANCIA
  7
ARIAL
 72
1
 11
187.0
 21
169.0
 31
0.0
100
AcDbText
 73
2
  0
LINE
  5
397
330
330
100
AcDbEntity
 67
1
  8
A-TABLAS
100
AcDbLine
 10
35.0
 20
166.0
 30
0.0
 11
225.0
 21
166.0
 31
0.0
  0
LINE
  5
398
330
330
100
AcDbEntity
 67
1
  8
A-TABLAS
100
AcDbLine
 10
73.0
 20
166.0
 30
0.0
 11
73.0
 21
160.0
 31
0.0
  0
TEXT
  5
399
330
330
100
AcDbEntity
 67
1
  8
A-TEXTO
100
AcDbText
 10
92.0
 20
163.0
 30
0.0
 40
2.5
  1
°
  7
ARIAL
 72
1
 11
92.0
 21
163.0
 31
0.0
100
AcDbText
 73
2
  0
LINE
  5
39A
330
330
100
AcDbEntity
 67
1
  8
A-TABLAS
100
AcDbLine
 10
111.0
 20
166.0
 30
0.0
 11
111.0
 21
160.0
 31
0.0
  0
TEXT
  5
39B
330
330
100
AcDbEntity
 67
1
  8
A-TEXTO
100
AcDbText
 10
130.0
 20
163.0
 30
0.0
 40
2.5
  1
'
  7
ARIAL
 72
1
 11
130.0
 21
163.0
 31
0.0
100
AcDbText
 73
2
  0
LINE
  5
39C
330
330
100
AcDbEntity
 67
1
  8
A-TABLAS
100
AcDbLine
 10
149.0
 20
166.0
 30
0.0
 11
149.0
 21
160.0
 31
0.0
  0
TEXT
  5
39D
330
330
100
AcDbEntity
 67
1
  8
A-TEXTO
100
AcDbText
 10
168.0
 20
163.0
 30
0.0
 40
2.5
  1
m
  7
ARIAL
 72
1
 11
168.0
 21
163.0
 31
0.0
100
AcDbText
 73
2
  0
LINE
  5
39E
330
330
100
AcDbEntity
 67
1
  8
A-TABLAS
100
AcDbLine
 10
187.0
 20
166.0
 30
0.0
 11
187.0
 21
160.0
 31
0.0
  0
TEXT
  5
39F
330
330
100
AcDbEntity
 67
1
  8
A-TEXTO
100
AcDbText
 10
206.0
 20
163.0
 30
0.0
 40
2.5
  1
cm
  7
ARIAL
 72
1
 11
206.0
 21
163.0
 31
0.0
100
AcDbText
 73
2
  0
LINE
  5
3A0
330
330
100
AcDbEntity
 67
1
  8
A-TABLAS
100
AcDbLine
 10
35.0
 20
160.0
 30
0.0
 11
225.0
 21
160.0
 31
0.0
  0
TEXT
  5
3A1
330
330
100
AcDbEntity
 67
1
  8
A-TEXTO
100
AcDbText
 10
54.0
 20
157.0
 30
0.0
 40
2.5
  1
3 - P.I.
  7
ARIAL
 72
1
 11
54.0
 21
157.0
 31
0.0
100
AcDbText
 73
2
  0
LINE
  5
3A2
330
330
100
AcDbEntity
 67
1
  8
A-TABLAS
100
AcDbLine
 10
73.0
 20
160.0
 30
0.0
 11
73.0
 21
154.0
 31
0.0
  0
TEXT
  5
3A3
330
330
100
AcDbEntity
 67
1
  8
A-TEXTO
100
AcDbText
 10
92.0
 20
157.0
 30
0.0
 40
2.5
  1
101
  7
ARIAL
 72
1
 11
92.0
 21
157.0
 31
0.0
100
AcDbText
 73
2
  0
LINE
  5
3A4
330
330
100
AcDbEntity
 67
1
  8
A-TABLAS
100
AcDbLine
 10
111.0
 20
160.0
 30
0.0
 11
111.0
 21
154.0
 31
0.0
  0
TEXT
  5
3A5
330
330
100
AcDbEntity
 67
1
  8
A-TEXTO
100
AcDbText
 10
130.0
 20
157.0
 30
0.0
 40
2.5
  1
22
  7
ARIAL
 72
1
 11
130.0
 21
157.0
 31
0.0
100
AcDbText
 73
2
  0
LINE
  5
3A6
330
330
100
AcDbEntity
 67
1
  8
A-TABLAS
100
AcDbLine
 10
149.0
 20
160.0
 30
0.0
 11
149.0
 21
154.0
 31
0.0
  0
TEXT
  5
3A7
330
330
100
AcDbEntity
 67
1
  8
A-TEXTO
100
AcDbText
 10
168.0
 20
157.0
 30
0.0
 40
2.5
  1
75
  7
ARIAL
 72
1
 11
168.0
 21
157.0
 31
0.0
100
AcDbText
 73
2
  0
LINE
  5
3A8
330
330
100
AcDbEntity
 67
1
  8
A-TABLAS
100
AcDbLine
 10
187.0
 20
160.0
 30
0.0
 11
187.0
 21
154.0
 31
0.0
  0
TEXT
  5
3A9
330
330
100
AcDbEntity
 67
1
  8
A-TEXTO
100
AcDbText
 10
206.0
 20
157.0
 30
0.0
 40
2.5
  1
71
  7
ARIAL
 72
1
 11
206.0
 21
157.0
 31
0.0
100
AcDbText
 73
2
  0
TEXT
  5
3AA
330
330
100
AcDbEntity
 67
1
  8
A-TEXTO
100
AcDbText
 10
35.0
 20
152.0
 30
0.0
 40
2.0
  1
VER CUADRO DE COORDENADAS CRTM05 EN LÁMINA A1.
  7
ARIAL
 11
35.0
 21
152.0
 31
0.0
100
AcDbText
 73
3
  0
TEXT
  5
3AB
330
330
100
AcDbEntity
 67
1
  8
A-TITULOS
100
AcDbText
 10
340.0
 20
262.0
 30
0.0
 40
4.5
  1
CUADRO DE ÁREAS NIVEL 1
  7
ARIAL
 72
1
 11
340.0
 21
262.0
 31
0.0
100
AcDbText
 73
3
  0
LWPOLYLINE
  5
3AC
330
330
100
AcDbEntity
 67
1
  8
A-TABLAS
100
AcDbPolyline
 90
4
 70
1
 10
240.0
 20
224.0
 10
440.0
 20
224.0
 10
440.0
 20
254.0
 10
240.0
 20
254.0
  0
TEXT
  5
3AD
330
330
100
AcDbEntity
 67
1
  8
A-TEXTO
100
AcDbText
 10
241.5
 20
251.0
 30
0.0
 40
2.5
  1
ESPACIO
  7
ARIAL
 11
241.5
 21
251.0
 31
0.0
100
AcDbText
 73
2
  0
LINE
  5
3AE
330
330
100
AcDbEntity
 67
1
  8
A-TABLAS
100
AcDbLine
 10
380.0
 20
254.0
 30
0.0
 11
380.0
 21
248.0
 31
0.0
  0
TEXT
  5
3AF
330
330
100
AcDbEntity
 67
1
  8
A-TEXTO
100
AcDbText
 10
438.5
 20
251.0
 30
0.0
 40
2.5
  1
ÁREA
  7
ARIAL
 72
2
 11
438.5
 21
251.0
 31
0.0
100
AcDbText
 73
2
  0
LINE
  5
3B0
330
330
100
AcDbEntity
 67
1
  8
A-TABLAS
100
AcDbLine
 10
240.0
 20
248.0
 30
0.0
 11
440.0
 21
248.0
 31
0.0
  0
TEXT
  5
3B1
330
330
100
AcDbEntity
 67
1
  8
A-TEXTO
100
AcDbText
 10
241.5
 20
245.0
 30
0.0
 40
2.5
  1
ESTACIONAMIENTOS E-1 A E-3 (7,50 x 5,00)
  7
ARIAL
 11
241.5
 21
245.0
 31
0.0
100
AcDbText
 73
2
  0
LINE
  5
3B2
330
330
100
AcDbEntity
 67
1
  8
A-TABLAS
100
AcDbLine
 10
380.0
 20
248.0
 30
0.0
 11
380.0
 21
242.0
 31
0.0
  0
TEXT
  5
3B3
330
330
100
AcDbEntity
 67
1
  8
A-TEXTO
100
AcDbText
 10
438.5
 20
245.0
 30
0.0
 40
2.5
  1
37,50 m²
  7
ARIAL
 72
2
 11
438.5
 21
245.0
 31
0.0
100
AcDbText
 73
2
  0
LINE
  5
3B4
330
330
100
AcDbEntity
 67
1
  8
A-TABLAS
100
AcDbLine
 10
240.0
 20
242.0
 30
0.0
 11
440.0
 21
242.0
 31
0.0
  0
TEXT
  5
3B5
330
330
100
AcDbEntity
 67
1
  8
A-TEXTO
100
AcDbText
 10
241.5
 20
239.0
 30
0.0
 40
2.5
  1
PASILLO PEATONAL (1,20 x 17,27)
  7
ARIAL
 11
241.5
 21
239.0
 31
0.0
100
AcDbText
 73
2
  0
LINE
  5
3B6
330
330
100
AcDbEntity
 67
1
  8
A-TABLAS
100
AcDbLine
 10
380.0
 20
242.0
 30
0.0
 11
380.0
 21
236.0
 31
0.0
  0
TEXT
  5
3B7
330
330
100
AcDbEntity
 67
1
  8
A-TEXTO
100
AcDbText
 10
438.5
 20
239.0
 30
0.0
 40
2.5
  1
20,72 m²
  7
ARIAL
 72
2
 11
438.5
 21
239.0
 31
0.0
100
AcDbText
 73
2
  0
LINE
  5
3B8
330
330
100
AcDbEntity
 67
1
  8
A-TABLAS
100
AcDbLine
 10
240.0
 20
236.0
 30
0.0
 11
440.0
 21
236.0
 31
0.0
  0
TEXT
  5
3B9
330
330
100
AcDbEntity
 67
1
  8
A-TEXTO
100
AcDbText
 10
241.5
 20
233.0
 30
0.0
 40
2.5
  1
GRADAS (3,34 x 2,50)
  7
ARIAL
 11
241.5
 21
233.0
 31
0.0
100
AcDbText
 73
2
  0
LINE
  5
3BA
330
330
100
AcDbEntity
 67
1
  8
A-TABLAS
100
AcDbLine
 10
380.0
 20
236.0
 30
0.0
 11
380.0
 21
230.0
 31
0.0
  0
TEXT
  5
3BB
330
330
100
AcDbEntity
 67
1
  8
A-TEXTO
100
AcDbText
 10
438.5
 20
233.0
 30
0.0
 40
2.5
  1
8,35 m²
  7
ARIAL
 72
2
 11
438.5
 21
233.0
 31
0.0
100
AcDbText
 73
2
  0
LINE
  5
3BC
330
330
100
AcDbEntity
 67
1
  8
A-TABLAS
100
AcDbLine
 10
240.0
 20
230.0
 30
0.0
 11
440.0
 21
230.0
 31
0.0
  0
TEXT
  5
3BD
330
330
100
AcDbEntity
 67
1
  8
A-TEXTO
100
AcDbText
 10
241.5
 20
227.0
 30
0.0
 40
2.5
  1
ÁREA CONSTRUIDA NIVEL 1
  7
ARIAL
 11
241.5
 21
227.0
 31
0.0
100
AcDbText
 73
2
  0
LINE
  5
3BE
330
330
100
AcDbEntity
 67
1
  8
A-TABLAS
100
AcDbLine
 10
380.0
 20
230.0
 30
0.0
 11
380.0
 21
224.0
 31
0.0
  0
TEXT
  5
3BF
330
330
100
AcDbEntity
 67
1
  8
A-TEXTO
100
AcDbText
 10
438.5
 20
227.0
 30
0.0
 40
2.5
  1
66,57 m²
  7
ARIAL
 72
2
 11
438.5
 21
227.0
 31
0.0
100
AcDbText
 73
2
  0
MTEXT
  5
3C0
330
330
100
AcDbEntity
 67
1
  8
A-NOTAS
100
AcDbMText
 10
240.0
 20
222.5
 30
0.0
 40
2.0
 41
200.0
 71
1
  1
EL RESTO DEL NIVEL 1 ES JARDÍN SECO NO CONSTRUIDO. ÁREAS DE LOS NIVELES 2 Y 3 EN LÁMINAS A3 Y A4.
  7
ARIAL
  0
TEXT
  5
3C1
330
330
100
AcDbEntity
 67
1
  8
A-TITULOS
100
AcDbText
 10
340.0
 20
210.0
 30
0.0
 40
4.5
  1
PORCENTAJE DE COBERTURA
  7
ARIAL
 72
1
 11
340.0
 21
210.0
 31
0.0
100
AcDbText
 73
3
  0
LWPOLYLINE
  5
3C2
330
330
100
AcDbEntity
 67
1
  8
A-TABLAS
100
AcDbPolyline
 90
4
 70
1
 10
240.0
 20
178.0
 10
440.0
 20
178.0
 10
440.0
 20
202.0
 10
240.0
 20
202.0
  0
TEXT
  5
3C3
330
330
100
AcDbEntity
 67
1
  8
A-TEXTO
100
AcDbText
 10
241.5
 20
199.0
 30
0.0
 40
2.5
  1
CONCEPTO
  7
ARIAL
 11
241.5
 21
199.0
 31
0.0
100
AcDbText
 73
2
  0
LINE
  5
3C4
330
330
100
AcDbEntity
 67
1
  8
A-TABLAS
100
AcDbLine
 10
380.0
 20
202.0
 30
0.0
 11
380.0
 21
196.0
 31
0.0
  0
TEXT
  5
3C5
330
330
100
AcDbEntity
 67
1
  8
A-TEXTO
100
AcDbText
 10
438.5
 20
199.0
 30
0.0
 40
2.5
  1
VALOR
  7
ARIAL
 72
2
 11
438.5
 21
199.0
 31
0.0
100
AcDbText
 73
2
  0
LINE
  5
3C6
330
330
100
AcDbEntity
 67
1
  8
A-TABLAS
100
AcDbLine
 10
240.0
 20
196.0
 30
0.0
 11
440.0
 21
196.0
 31
0.0
  0
TEXT
  5
3C7
330
330
100
AcDbEntity
 67
1
  8
A-TEXTO
100
AcDbText
 10
241.5
 20
193.0
 30
0.0
 40
2.5
  1
ÁREA DE LOTE (SEGÚN CATASTRO)
  7
ARIAL
 11
241.5
 21
193.0
 31
0.0
100
AcDbText
 73
2
  0
LINE
  5
3C8
330
330
100
AcDbEntity
 67
1
  8
A-TABLAS
100
AcDbLine
 10
380.0
 20
196.0
 30
0.0
 11
380.0
 21
190.0
 31
0.0
  0
TEXT
  5
3C9
330
330
100
AcDbEntity
 67
1
  8
A-TEXTO
100
AcDbText
 10
438.5
 20
193.0
 30
0.0
 40
2.5
  1
256,00 m²
  7
ARIAL
 72
2
 11
438.5
 21
193.0
 31
0.0
100
AcDbText
 73
2
  0
LINE
  5
3CA
330
330
100
AcDbEntity
 67
1
  8
A-TABLAS
100
AcDbLine
 10
240.0
 20
190.0
 30
0.0
 11
440.0
 21
190.0
 31
0.0
  0
TEXT
  5
3CB
330
330
100
AcDbEntity
 67
1
  8
A-TEXTO
100
AcDbText
 10
241.5
 20
187.0
 30
0.0
 40
2.5
  1
HUELLA CONSTRUCTIVA (PROYECCIÓN NIVELES 2 Y 3)
  7
ARIAL
 11
241.5
 21
187.0
 31
0.0
100
AcDbText
 73
2
  0
LINE
  5
3CC
330
330
100
AcDbEntity
 67
1
  8
A-TABLAS
100
AcDbLine
 10
380.0
 20
190.0
 30
0.0
 11
380.0
 21
184.0
 31
0.0
  0
TEXT
  5
3CD
330
330
100
AcDbEntity
 67
1
  8
A-TEXTO
100
AcDbText
 10
438.5
 20
187.0
 30
0.0
 40
2.5
  1
179,53 m²
  7
ARIAL
 72
2
 11
438.5
 21
187.0
 31
0.0
100
AcDbText
 73
2
  0
LINE
  5
3CE
330
330
100
AcDbEntity
 67
1
  8
A-TABLAS
100
AcDbLine
 10
240.0
 20
184.0
 30
0.0
 11
440.0
 21
184.0
 31
0.0
  0
TEXT
  5
3CF
330
330
100
AcDbEntity
 67
1
  8
A-TEXTO
100
AcDbText
 10
241.5
 20
181.0
 30
0.0
 40
2.5
  1
% COBERTURA
  7
ARIAL
 11
241.5
 21
181.0
 31
0.0
100
AcDbText
 73
2
  0
LINE
  5
3D0
330
330
100
AcDbEntity
 67
1
  8
A-TABLAS
100
AcDbLine
 10
380.0
 20
184.0
 30
0.0
 11
380.0
 21
178.0
 31
0.0
  0
TEXT
  5
3D1
330
330
100
AcDbEntity
 67
1
  8
A-TEXTO
100
AcDbText
 10
438.5
 20
181.0
 30
0.0
 40
2.5
  1
70,13 %
  7
ARIAL
 72
2
 11
438.5
 21
181.0
 31
0.0
100
AcDbText
 73
2
  0
TEXT
  5
3D2
330
330
100
AcDbEntity
 67
1
  8
A-TEXTO
100
AcDbText
 10
240.0
 20
176.5
 30
0.0
 40
2.0
  1
CÁLCULO: (HUELLA / ÁREA DE LOTE) x 100 = (179,53 / 256,00) x 100 = 70,13 %
  7
ARIAL
 11
240.0
 21
176.5
 31
0.0
100
AcDbText
 73
3
  0
TEXT
  5
3D3
330
330
100
AcDbEntity
 67
1
  8
A-TITULOS
100
AcDbText
 10
455.0
 20
262.0
 30
0.0
 40
3.5
  1
NOTAS:
  7
ARIAL
 11
455.0
 21
262.0
 31
0.0
100
AcDbText
 73
3
  0
MTEXT
  5
3D4
330
330
100
AcDbEntity
 67
1
  8
A-NOTAS
100
AcDbMText
 10
455.0
 20
256.0
 30
0.0
 40
2.1
 41
250.0
 71
1
  1
1.- TODAS LAS MEDIDAS ESTÁN DADAS EN METROS, SALVO INDICACIÓN CONTRARIA. [PR]
  7
ARIAL
  0
MTEXT
  5
3D5
330
330
100
AcDbEntity
 67
1
  8
A-NOTAS
100
AcDbMText
 10
455.0
 20
251.8
 30
0.0
 40
2.1
 41
250.0
 71
1
  1
2.- LA TAPIA COLINDANTE DE MAMPOSTERÍA DEBERÁ PROLONGARSE HASTA EL NIVEL DE LA VIGA CORONA DEL ÚLTIMO NIVEL, GARANTIZANDO EL APANTALLAMIENTO VISUAL PERMANENTE HACIA LA PROPIEDAD COLINDANTE.
  7
ARIAL
  0
MTEXT
  5
3D6
330
330
100
AcDbEntity
 67
1
  8
A-NOTAS
100
AcDbMText
 10
455.0
 20
244.555
 30
0.0
 40
2.1
 41
250.0
 71
1
  1
3.- LOS DATOS DEL LOTE (VÉRTICES, DERROTERO Y ÁREA) SE TOMARON DEL PLANO CATASTRADO 4-57389-2023, SISTEMA CRTM05. NO SUSTITUYEN UN LEVANTAMIENTO TOPOGRÁFICO.
  7
ARIAL
  0
MTEXT
  5
3D7
330
330
100
AcDbEntity
 67
1
  8
A-NOTAS
100
AcDbMText
 10
455.0
 20
237.31
 30
0.0
 40
2.1
 41
250.0
 71
1
  1
4.- RETIROS DE DISEÑO: FRONTAL 2.00 m MEDIDO DESDE EL VÉRTICE 3; POSTERIOR MÍNIMO 3.00 m; LATERALES 0.00 m. CONFIRMAR CON ALINEAMIENTO Y USO DE SUELO MUNICIPAL.
  7
ARIAL
  0
MTEXT
  5
3D8
330
330
100
AcDbEntity
 67
1
  8
A-NOTAS
100
AcDbMText
 10
455.0
 20
230.065
 30
0.0
 40
2.1
 41
250.0
 71
1
  1
5.- LAS FACHADAS LATERALES SE UBICAN SOBRE COLINDANCIA Y SERÁN CIEGAS (SIN VENTANAS NI VANOS).
  7
ARIAL
  0
MTEXT
  5
3D9
330
330
100
AcDbEntity
 67
1
  8
A-NOTAS
100
AcDbMText
 10
455.0
 20
225.865
 30
0.0
 40
2.1
 41
250.0
 71
1
  1
6.- LOS BAÑOS CONTARÁN CON EXTRACTOR MECÁNICO DE AIRE.
  7
ARIAL
  0
MTEXT
  5
3DA
330
330
100
AcDbEntity
 67
1
  8
A-NOTAS
100
AcDbMText
 10
455.0
 20
221.66500000000002
 30
0.0
 40
2.1
 41
250.0
 71
1
  1
7.- LAS CANOAS TENDRÁN MALLA PROTECTORA PARA EVITAR EL ACCESO DE BASURA. [PR]
  7
ARIAL
  0
MTEXT
  5
3DB
330
330
100
AcDbEntity
 67
1
  8
A-NOTAS
100
AcDbMText
 10
455.0
 20
217.46500000000003
 30
0.0
 40
2.1
 41
250.0
 71
1
  1
8.- EL AGUA POTABLE PROVIENE DEL SISTEMA PÚBLICO (ESPH), DIRECTAMENTE DE LA CONEXIÓN DE LA CALLE (VER S01).
  7
ARIAL
  0
MTEXT
  5
3DC
330
330
100
AcDbEntity
 67
1
  8
A-NOTAS
100
AcDbMText
 10
455.0
 20
213.26500000000004
 30
0.0
 40
2.1
 41
250.0
 71
1
  1
9.- LAS AGUAS PLUVIALES SE DIRIGEN HACIA LA CUNETA PÚBLICA (VER S03).
  7
ARIAL
  0
MTEXT
  5
3DD
330
330
100
AcDbEntity
 67
1
  8
A-NOTAS
100
AcDbMText
 10
455.0
 20
209.06500000000005
 30
0.0
 40
2.1
 41
250.0
 71
1
  1
10.- LAS AGUAS RESIDUALES SE TRATARÁN MEDIANTE TANQUE SÉPTICO Y DRENAJE EN EL PATIO POSTERIOR (VER S02).
  7
ARIAL
  0
MTEXT
  5
3DE
330
330
100
AcDbEntity
 67
1
  8
A-NOTAS
100
AcDbMText
 10
455.0
 20
204.86500000000007
 30
0.0
 40
2.1
 41
250.0
 71
1
  1
11.- LA COBERTURA SE CALCULA SOBRE EL ÁREA SEGÚN CATASTRO (256 m²). LOS PATIOS P1 Y P2 SON ABIERTOS DESDE EL NIVEL 1 HASTA EL CIELO Y NO SE CONTABILIZAN EN LA HUELLA.
  7
ARIAL
  0
MTEXT
  5
3DF
330
330
100
AcDbEntity
 67
1
  8
A-NOTAS
100
AcDbMText
 10
455.0
 20
197.62000000000006
 30
0.0
 40
2.1
 41
250.0
 71
1
  1
12.- PATIOS DE LUZ P1 Y P2 DE 2.50 m DE LADO MÍNIMO, DIMENSIÓN ACEPTADA POR LA MUNICIPALIDAD (ALTURA MEDIDA DESDE EL NIVEL 1).
  7
ARIAL
  0
MTEXT
  5
3E0
330
330
100
AcDbEntity
 67
1
  8
A-NOTAS
100
AcDbMText
 10
455.0
 20
193.42000000000007
 30
0.0
 40
2.1
 41
250.0
 71
1
  1
13.- NIVEL 1: 3 ESTACIONAMIENTOS INDEPENDIENTES DE 2.50 x 5.00 m (E-1 A E-3), CON ACCESO RECTO DESDE LA CALLE.
  7
ARIAL
  0
MTEXT
  5
3E1
330
330
100
AcDbEntity
 67
1
  8
A-NOTAS
100
AcDbMText
 10
455.0
 20
189.22000000000008
 30
0.0
 40
2.1
 41
250.0
 71
1
  1
14.- PORTÓN VEHICULAR ABATIBLE DE 4 HOJAS PLEGABLES (2 POR LADO), CLARO LIBRE 7.29 m, CON APERTURA HACIA EL RETIRO FRONTAL SIN INVADIR LA VÍA PÚBLICA. ACCESO PEATONAL DE 1.00 m.
  7
ARIAL
  0
MTEXT
  5
3E2
330
330
100
AcDbEntity
 67
1
  8
A-NOTAS
100
AcDbMText
 10
455.0
 20
181.97500000000008
 30
0.0
 40
2.1
 41
250.0
 71
1
  1
15.- COLUMNAS SOBRE EL EJE C EN LOS EJES 2 A 6 (SECCIÓN 0.30 x 0.30 PRELIMINAR, CARA OESTE ALINEADA CON LA ESCALERA; C6 AL RAS DE LA FACHADA POSTERIOR). SIN COLUMNA EN C1 PARA NO OBSTRUIR EL ACCESO VEHICULAR. SECCIONES Y REFUERZO EN C01 A C06.
  7
ARIAL
  0
MTEXT
  5
3E3
330
330
100
AcDbEntity
 67
1
  8
A-NOTAS
100
AcDbMText
 10
455.0
 20
174.73000000000008
 30
0.0
 40
2.1
 41
250.0
 71
1
  1
16.- LAS ÁREAS NO INDICADAS COMO ESTACIONAMIENTO, PASILLO O GRADAS SON JARDÍN SECO NO CONSTRUIDO: BAJO LOS NIVELES 2 Y 3, EN LOS PATIOS P1 Y P2 Y EN EL PATIO POSTERIOR.
  7
ARIAL
  0
MTEXT
  5
3E4
330
330
100
AcDbEntity
 67
1
  8
A-NOTAS
100
AcDbMText
 10
455.0
 20
167.48500000000007
 30
0.0
 40
2.1
 41
250.0
 71
1
  1
17.- NPT ±0.00 = NIVEL DE ACERA (TERRENO PLANO). PENDIENTES Y DESAGÜES SEGÚN LÁMINAS S01 A S03.
  7
ARIAL
  0
MTEXT
  5
3E5
330
330
100
AcDbEntity
 67
1
  8
A-NOTAS
100
AcDbMText
 10
455.0
 20
163.28500000000008
 30
0.0
 40
2.1
 41
250.0
 71
1
  1
18.- LOS MUROS DE COLINDANCIA DE LA VIVIENDA SON LA DIVISIÓN CON LOS PREDIOS VECINOS. EN EL NIVEL 1 SON MUROS CONTINUOS HASTA EL NIVEL DE ENTREPISO (+3.00). NO SE CONSTRUYEN TAPIAS LATERALES EN LOS RETIROS.
  7
ARIAL
  0
MTEXT
  5
3E6
330
330
100
AcDbEntity
 67
1
  8
A-NOTAS
100
AcDbMText
 10
455.0
 20
156.04000000000008
 30
0.0
 40
2.1
 41
250.0
 71
1
  1
19.- VESTÍBULO DE ESCALERA CERRADO CON PAREDES STEEL TECH DE 0.12 m EN LOS EJES 4, C Y 5; PUERTA PRINCIPAL P-01 DE MADERA EN EL PASILLO. PUERTAS, VENTANAS Y ACABADOS EN LÁMINA A7.
  7
ARIAL
  0
MTEXT
  5
3E7
330
330
100
AcDbEntity
 67
1
  8
A-NOTAS
100
AcDbMText
 10
455.0
 20
148.79500000000007
 30
0.0
 40
2.1
 41
250.0
 71
1
  1
[PR] = NOTA TOMADA DEL PROYECTO DE REFERENCIA, PENDIENTE DE REVISIÓN.
  7
ARIAL
  0
INSERT
  5
42F
330
330
100
AcDbEntity
 67
1
  8
A-CAJETIN
100
AcDbBlockReference
 66
1
  2
CAJETIN_A1
 10
711.0
 20
10.0
 30
0.0
  0
ATTRIB
  5
431
330
330
100
AcDbEntity
 67
1
  8
A-CAJETIN-TXT
100
AcDbText
 10
771.0
 20
261.6
 30
0.0
 40
3.2
  1
CivilCon Diseño y Construcción SRLTDA
  7
ARIAL
 72
1
 11
771.0
 21
261.6
 31
0.0
100
AcDbAttribute
  2
EMPRESA
 70
0
 74
3
 71
1
 72
0
 11
771.0
 21
261.6
 31
0.0
  0
ATTRIB
  5
432
330
330
100
AcDbEntity
 67
1
  8
A-CAJETIN-TXT
100
AcDbText
 10
771.0
 20
255.6
 30
0.0
 40
2.5
  1
Céd. Jurídica: 3-102-762712
  7
ARIAL
 72
1
 11
771.0
 21
255.6
 31
0.0
100
AcDbAttribute
  2
EMPRESA_CED
 70
0
 74
3
 71
1
 72
0
 11
771.0
 21
255.6
 31
0.0
  0
ATTRIB
  5
433
330
330
100
AcDbEntity
 67
1
  8
A-CAJETIN-TXT
100
AcDbText
 10
714.0
 20
240.1
 30
0.0
 40
2.6
  1
DIRECTOR TÉCNICO:
  7
ARIAL
 11
714.0
 21
240.1
 31
0.0
100
AcDbAttribute
  2
PROF_1
 70
0
 74
3
 71
1
 72
0
 11
714.0
 21
240.1
 31
0.0
  0
ATTRIB
  5
434
330
330
100
AcDbEntity
 67
1
  8
A-CAJETIN-TXT
100
AcDbText
 10
714.0
 20
235.6
 30
0.0
 40
2.6
  1
Steven Viales (Civil) IC-40759
  7
ARIAL
 11
714.0
 21
235.6
 31
0.0
100
AcDbAttribute
  2
PROF_2
 70
0
 74
3
 71
1
 72
0
 11
714.0
 21
235.6
 31
0.0
  0
ATTRIB
  5
435
330
330
100
AcDbEntity
 67
1
  8
A-CAJETIN-TXT
100
AcDbText
 10
714.0
 20
231.1
 30
0.0
 40
2.6
  1
David Barrantes (Electricidad) IE-27499
  7
ARIAL
 11
714.0
 21
231.1
 31
0.0
100
AcDbAttribute
  2
PROF_3
 70
0
 74
3
 71
1
 72
0
 11
714.0
 21
231.1
 31
0.0
  0
ATTRIB
  5
436
330
330
100
AcDbEntity
 67
1
  8
A-CAJETIN-TXT
100
AcDbText
 10
714.0
 20
218.1
 30
0.0
 40
4.2
  1
VIVIENDA UNIFAMILIAR
  7
ARIAL
 11
714.0
 21
218.1
 31
0.0
100
AcDbAttribute
  2
PROYECTO
 70
0
 74
3
 71
1
 72
0
 11
714.0
 21
218.1
 31
0.0
  0
ATTRIB
  5
437
330
330
100
AcDbEntity
 67
1
  8
A-CAJETIN-TXT
100
AcDbText
 10
714.0
 20
211.1
 30
0.0
 40
2.5
  1
DISTRITO 03 SANTIAGO, CANTÓN 05 SAN RAFAEL,
  7
ARIAL
 11
714.0
 21
211.1
 31
0.0
100
AcDbAttribute
  2
UBIC_1
 70
0
 74
3
 71
1
 72
0
 11
714.0
 21
211.1
 31
0.0
  0
ATTRIB
  5
438
330
330
100
AcDbEntity
 67
1
  8
A-CAJETIN-TXT
100
AcDbText
 10
714.0
 20
206.6
 30
0.0
 40
2.5
  1
PROVINCIA 04 HEREDIA, COSTA RICA.
  7
ARIAL
 11
714.0
 21
206.6
 31
0.0
100
AcDbAttribute
  2
UBIC_2
 70
0
 74
3
 71
1
 72
0
 11
714.0
 21
206.6
 31
0.0
  0
ATTRIB
  5
439
330
330
100
AcDbEntity
 67
1
  8
A-CAJETIN-TXT
100
AcDbText
 10
714.0
 20
202.1
 30
0.0
 40
2.5
  1

  7
ARIAL
 11
714.0
 21
202.1
 31
0.0
100
AcDbAttribute
  2
UBIC_3
 70
0
 74
3
 71
1
 72
0
 11
714.0
 21
202.1
 31
0.0
  0
ATTRIB
  5
43A
330
330
100
AcDbEntity
 67
1
  8
A-CAJETIN-TXT
100
AcDbText
 10
714.0
 20
189.1
 30
0.0
 40
2.5
  1
FOLIO REAL: 4-041200-000
  7
ARIAL
 11
714.0
 21
189.1
 31
0.0
100
AcDbAttribute
  2
REG_1
 70
0
 74
3
 71
1
 72
0
 11
714.0
 21
189.1
 31
0.0
  0
ATTRIB
  5
43B
330
330
100
AcDbEntity
 67
1
  8
A-CAJETIN-TXT
100
AcDbText
 10
714.0
 20
184.6
 30
0.0
 40
2.5
  1
PLANO CATASTRADO: 4-57389-2023
  7
ARIAL
 11
714.0
 21
184.6
 31
0.0
100
AcDbAttribute
  2
REG_2
 70
0
 74
3
 71
1
 72
0
 11
714.0
 21
184.6
 31
0.0
  0
ATTRIB
  5
43C
330
330
100
AcDbEntity
 67
1
  8
A-CAJETIN-TXT
100
AcDbText
 10
714.0
 20
180.1
 30
0.0
 40
2.5
  1
ÁREA SEGÚN CATASTRO: 256 m²
  7
ARIAL
 11
714.0
 21
180.1
 31
0.0
100
AcDbAttribute
  2
REG_3
 70
0
 74
3
 71
1
 72
0
 11
714.0
 21
180.1
 31
0.0
  0
ATTRIB
  5
43D
330
330
100
AcDbEntity
 67
1
  8
A-CAJETIN-TXT
100
AcDbText
 10
714.0
 20
167.1
 30
0.0
 40
5.0
  1
PLANTA NIVEL 1
  7
ARIAL
 11
714.0
 21
167.1
 31
0.0
100
AcDbAttribute
  2
CONT_TIT
 70
0
 74
3
 71
1
 72
0
 11
714.0
 21
167.1
 31
0.0
  0
ATTRIB
  5
43E
330
330
100
AcDbEntity
 67
1
  8
A-CAJETIN-TXT
100
AcDbText
 10
714.0
 20
159.6
 30
0.0
 40
3.0
  1
PARQUEOS, ACCESO Y GRADAS.
  7
ARIAL
 11
714.0
 21
159.6
 31
0.0
100
AcDbAttribute
  2
CONT_1
 70
0
 74
3
 71
1
 72
0
 11
714.0
 21
159.6
 31
0.0
  0
ATTRIB
  5
43F
330
330
100
AcDbEntity
 67
1
  8
A-CAJETIN-TXT
100
AcDbText
 10
714.0
 20
154.1
 30
0.0
 40
3.0
  1
DERROTERO.
  7
ARIAL
 11
714.0
 21
154.1
 31
0.0
100
AcDbAttribute
  2
CONT_2
 70
0
 74
3
 71
1
 72
0
 11
714.0
 21
154.1
 31
0.0
  0
ATTRIB
  5
440
330
330
100
AcDbEntity
 67
1
  8
A-CAJETIN-TXT
100
AcDbText
 10
714.0
 20
148.6
 30
0.0
 40
3.0
  1
CUADRO DE ÁREAS.
  7
ARIAL
 11
714.0
 21
148.6
 31
0.0
100
AcDbAttribute
  2
CONT_3
 70
0
 74
3
 71
1
 72
0
 11
714.0
 21
148.6
 31
0.0
  0
ATTRIB
  5
441
330
330
100
AcDbEntity
 67
1
  8
A-CAJETIN-TXT
100
AcDbText
 10
714.0
 20
143.1
 30
0.0
 40
3.0
  1
PORCENTAJE DE COBERTURA.
  7
ARIAL
 11
714.0
 21
143.1
 31
0.0
100
AcDbAttribute
  2
CONT_4
 70
0
 74
3
 71
1
 72
0
 11
714.0
 21
143.1
 31
0.0
  0
ATTRIB
  5
442
330
330
100
AcDbEntity
 67
1
  8
A-CAJETIN-TXT
100
AcDbText
 10
714.0
 20
137.6
 30
0.0
 40
3.0
  1
NOTAS.
  7
ARIAL
 11
714.0
 21
137.6
 31
0.0
100
AcDbAttribute
  2
CONT_5
 70
0
 74
3
 71
1
 72
0
 11
714.0
 21
137.6
 31
0.0
  0
ATTRIB
  5
443
330
330
100
AcDbEntity
 67
1
  8
A-CAJETIN-TXT
100
AcDbText
 10
714.0
 20
132.1
 30
0.0
 40
3.0
  1

  7
ARIAL
 11
714.0
 21
132.1
 31
0.0
100
AcDbAttribute
  2
CONT_6
 70
0
 74
3
 71
1
 72
0
 11
714.0
 21
132.1
 31
0.0
  0
ATTRIB
  5
444
330
330
100
AcDbEntity
 67
1
  8
A-CAJETIN-TXT
100
AcDbText
 10
736.0
 20
122.1
 30
0.0
 40
2.2
  1
1:50 / INDICADAS
  7
ARIAL
 11
736.0
 21
122.1
 31
0.0
100
AcDbAttribute
  2
ESCALAS
 70
0
 74
3
 71
1
 72
0
 11
736.0
 21
122.1
 31
0.0
  0
ATTRIB
  5
445
330
330
100
AcDbEntity
 67
1
  8
A-CAJETIN-TXT
100
AcDbText
 10
717.0
 20
104.0
 30
0.0
 40
2.0
  1
2
  7
ARIAL
 72
1
 11
717.0
 21
104.0
 31
0.0
100
AcDbAttribute
  2
REV0_N
 70
0
 74
2
 71
1
 72
0
 11
717.0
 21
104.0
 31
0.0
  0
ATTRIB
  5
446
330
330
100
AcDbEntity
 67
1
  8
A-CAJETIN-TXT
100
AcDbText
 10
734.0
 20
104.0
 30
0.0
 40
2.0
  1
06-10-2026
  7
ARIAL
 72
1
 11
734.0
 21
104.0
 31
0.0
100
AcDbAttribute
  2
REV0_F
 70
0
 74
2
 71
1
 72
0
 11
734.0
 21
104.0
 31
0.0
  0
ATTRIB
  5
447
330
330
100
AcDbEntity
 67
1
  8
A-CAJETIN-TXT
100
AcDbText
 10
746.5
 20
104.0
 30
0.0
 40
2.0
  1
SIN TAPIAS LATERALES; MUROS DE COLINDANCIA N1
  7
ARIAL
 11
746.5
 21
104.0
 31
0.0
100
AcDbAttribute
  2
REV0_D
 70
0
 74
2
 71
1
 72
0
 11
746.5
 21
104.0
 31
0.0
  0
ATTRIB
  5
448
330
330
100
AcDbEntity
 67
1
  8
A-CAJETIN-TXT
100
AcDbText
 10
717.0
 20
98.8
 30
0.0
 40
2.0
  1
3
  7
ARIAL
 72
1
 11
717.0
 21
98.8
 31
0.0
100
AcDbAttribute
  2
REV1_N
 70
0
 74
2
 71
1
 72
0
 11
717.0
 21
98.8
 31
0.0
  0
ATTRIB
  5
449
330
330
100
AcDbEntity
 67
1
  8
A-CAJETIN-TXT
100
AcDbText
 10
734.0
 20
98.8
 30
0.0
 40
2.0
  1
06-10-2026
  7
ARIAL
 72
1
 11
734.0
 21
98.8
 31
0.0
100
AcDbAttribute
  2
REV1_F
 70
0
 74
2
 71
1
 72
0
 11
734.0
 21
98.8
 31
0.0
  0
ATTRIB
  5
44A
330
330
100
AcDbEntity
 67
1
  8
A-CAJETIN-TXT
100
AcDbText
 10
746.5
 20
98.8
 30
0.0
 40
2.0
  1
VESTÍBULO DE ESCALERA Y PUERTA PRINCIPAL
  7
ARIAL
 11
746.5
 21
98.8
 31
0.0
100
AcDbAttribute
  2
REV1_D
 70
0
 74
2
 71
1
 72
0
 11
746.5
 21
98.8
 31
0.0
  0
ATTRIB
  5
44B
330
330
100
AcDbEntity
 67
1
  8
A-CAJETIN-TXT
100
AcDbText
 10
717.0
 20
93.6
 30
0.0
 40
2.0
  1
4
  7
ARIAL
 72
1
 11
717.0
 21
93.6
 31
0.0
100
AcDbAttribute
  2
REV2_N
 70
0
 74
2
 71
1
 72
0
 11
717.0
 21
93.6
 31
0.0
  0
ATTRIB
  5
44C
330
330
100
AcDbEntity
 67
1
  8
A-CAJETIN-TXT
100
AcDbText
 10
734.0
 20
93.6
 30
0.0
 40
2.0
  1
07-10-2026
  7
ARIAL
 72
1
 11
734.0
 21
93.6
 31
0.0
100
AcDbAttribute
  2
REV2_F
 70
0
 74
2
 71
1
 72
0
 11
734.0
 21
93.6
 31
0.0
  0
ATTRIB
  5
44D
330
330
100
AcDbEntity
 67
1
  8
A-CAJETIN-TXT
100
AcDbText
 10
746.5
 20
93.6
 30
0.0
 40
2.0
  1
REFERENCIAS A C01-C06 Y S01-S03
  7
ARIAL
 11
746.5
 21
93.6
 31
0.0
100
AcDbAttribute
  2
REV2_D
 70
0
 74
2
 71
1
 72
0
 11
746.5
 21
93.6
 31
0.0
  0
ATTRIB
  5
44E
330
330
100
AcDbEntity
 67
1
  8
A-CAJETIN-TXT
100
AcDbText
 10
771.0
 20
82.99999999999999
 30
0.0
 40
3.0
  1
VERSIÓN DE TRABAJO
  7
ARIAL
 72
1
 11
771.0
 21
82.99999999999999
 31
0.0
100
AcDbAttribute
  2
ESTADO_1
 70
0
 74
3
 71
1
 72
0
 11
771.0
 21
82.99999999999999
 31
0.0
  0
ATTRIB
  5
44F
330
330
100
AcDbEntity
 67
1
  8
A-CAJETIN-TXT
100
AcDbText
 10
771.0
 20
77.99999999999999
 30
0.0
 40
2.4
  1
NO APTA PARA CONSTRUCCIÓN NI TRÁMITE
  7
ARIAL
 72
1
 11
771.0
 21
77.99999999999999
 31
0.0
100
AcDbAttribute
  2
ESTADO_2
 70
0
 74
3
 71
1
 72
0
 11
771.0
 21
77.99999999999999
 31
0.0
  0
ATTRIB
  5
450
330
330
100
AcDbEntity
 67
1
  8
A-CAJETIN-TXT
100
AcDbText
 10
744.0
 20
49.999999999999986
 30
0.0
 40
5.0
  1
COSTA RICA
  7
ARIAL
 72
1
 11
744.0
 21
49.999999999999986
 31
0.0
100
AcDbAttribute
  2
LUGAR
 70
0
 74
2
 71
1
 72
0
 11
744.0
 21
49.999999999999986
 31
0.0
  0
ATTRIB
  5
451
330
330
100
AcDbEntity
 67
1
  8
A-CAJETIN-TXT
100
AcDbText
 10
804.0
 20
49.999999999999986
 30
0.0
 40
14.0
  1
A2
  7
ARIAL
 72
1
 11
804.0
 21
49.999999999999986
 31
0.0
100
AcDbAttribute
  2
LAMINA
 70
0
 74
2
 71
1
 72
0
 11
804.0
 21
49.999999999999986
 31
0.0
  0
ATTRIB
  5
452
330
330
100
AcDbEntity
 67
1
  8
A-CAJETIN-TXT
100
AcDbText
 10
744.0
 20
23.499999999999993
 30
0.0
 40
6.0
  1
OCT 2026
  7
ARIAL
 72
1
 11
744.0
 21
23.499999999999993
 31
0.0
100
AcDbAttribute
  2
FECHA
 70
0
 74
2
 71
1
 72
0
 11
744.0
 21
23.499999999999993
 31
0.0
  0
ATTRIB
  5
453
330
330
100
AcDbEntity
 67
1
  8
A-CAJETIN-TXT
100
AcDbText
 10
815.0
 20
23.499999999999993
 30
0.0
 40
9.0
  1
--
  7
ARIAL
 72
1
 11
815.0
 21
23.499999999999993
 31
0.0
100
AcDbAttribute
  2
TOTAL
 70
0
 74
2
 71
1
 72
0
 11
815.0
 21
23.499999999999993
 31
0.0
  0
SEQEND
  5
430
330
42F
100
AcDbEntity
 67
1
  8
A-CAJETIN
  0
ENDSEC
  0
SECTION
  2
OBJECTS
  0
DICTIONARY
  5
A
330
0
100
AcDbDictionary
281
1
  3
ACAD_COLOR
350
B
  3
ACAD_GROUP
350
C
  3
ACAD_LAYOUT
350
D
  3
ACAD_MATERIAL
350
E
  3
ACAD_MLEADERSTYLE
350
F
  3
ACAD_MLINESTYLE
350
10
  3
ACAD_PLOTSETTINGS
350
11
  3
ACAD_PLOTSTYLENAME
350
12
  3
ACAD_SCALELIST
350
14
  3
ACAD_TABLESTYLE
350
15
  3
ACAD_VISUALSTYLE
350
16
  3
EZDXF_META
350
2D
  0
DICTIONARY
  5
B
330
A
100
AcDbDictionary
281
1
  0
DICTIONARY
  5
C
330
A
100
AcDbDictionary
281
1
  0
DICTIONARY
  5
D
330
A
100
AcDbDictionary
281
1
  3
Model
350
1A
  3
Layout1
350
1E
  3
A2-NIVEL1
350
333
  0
DICTIONARY
  5
E
330
A
100
AcDbDictionary
281
1
  3
ByBlock
350
1F
  3
ByLayer
350
20
  3
Global
350
21
  0
DICTIONARY
  5
F
330
A
100
AcDbDictionary
281
1
  3
Standard
350
2C
  0
DICTIONARY
  5
10
330
A
100
AcDbDictionary
281
1
  3
Standard
350
22
  0
DICTIONARY
  5
11
330
A
100
AcDbDictionary
281
1
  0
ACDBDICTIONARYWDFLT
  5
12
330
A
100
AcDbDictionary
281
1
  3
Normal
350
13
100
AcDbDictionaryWithDefault
340
13
  0
ACDBPLACEHOLDER
  5
13
330
12
  0
DICTIONARY
  5
14
330
A
100
AcDbDictionary
281
1
  0
DICTIONARY
  5
15
330
A
100
AcDbDictionary
281
1
  0
DICTIONARY
  5
16
330
A
100
AcDbDictionary
281
1
  3
2dWireframe
350
5A
  3
Basic
350
5B
  3
Brighten
350
5C
  3
ColorChange
350
5D
  3
Conceptual
350
5E
  3
Dim
350
5F
  3
EdgeColorOff
350
60
  3
Facepattern
350
61
  3
Flat
350
62
  3
FlatWithEdges
350
63
  3
Gouraud
350
64
  3
GouraudWithEdges
350
65
  3
Hidden
350
66
  3
JitterOff
350
67
  3
Linepattern
350
68
  3
Modeling
350
69
  3
OverhangOff
350
6A
  3
Realistic
350
6B
  3
Shaded
350
6C
  3
Shaded with edges
350
6D
  3
Shades of Gray
350
6E
  3
Sketchy
350
6F
  3
Thicken
350
70
  3
Wireframe
350
71
  3
X-Ray
350
72
  0
LAYOUT
  5
1A
330
D
100
AcDbPlotSettings
  1

  4
A3
  6

 40
7.5
 41
20.0
 42
7.5
 43
20.0
 44
420.0
 45
297.0
 46
0.0
 47
0.0
 48
0.0
 49
0.0
140
0.0
141
0.0
142
1.0
143
1.0
 70
1024
 72
1
 73
0
 74
5
  7

 75
16
 76
0
 77
2
 78
300
147
1.0
148
0.0
149
0.0
100
AcDbLayout
  1
Model
 70
1
 71
0
 10
0.0
 20
0.0
 11
420.0
 21
297.0
 12
0.0
 22
0.0
 32
0.0
 14
1e+20
 24
1e+20
 34
1e+20
 15
-1e+20
 25
-1e+20
 35
-1e+20
146
0.0
 13
0.0
 23
0.0
 33
0.0
 16
1.0
 26
0.0
 36
0.0
 17
0.0
 27
1.0
 37
0.0
 76
1
330
17
  0
LAYOUT
  5
1E
330
D
100
AcDbPlotSettings
  1

  4
A3
  6

 40
7.5
 41
20.0
 42
7.5
 43
20.0
 44
420.0
 45
297.0
 46
0.0
 47
0.0
 48
0.0
 49
0.0
140
0.0
141
0.0
142
1.0
143
1.0
 70
0
 72
1
 73
0
 74
5
  7

 75
16
 76
0
 77
2
 78
300
147
1.0
148
0.0
149
0.0
100
AcDbLayout
  1
Layout1
 70
1
 71
1
 10
0.0
 20
0.0
 11
420.0
 21
297.0
 12
0.0
 22
0.0
 32
0.0
 14
1e+20
 24
1e+20
 34
1e+20
 15
-1e+20
 25
-1e+20
 35
-1e+20
146
0.0
 13
0.0
 23
0.0
 33
0.0
 16
1.0
 26
0.0
 36
0.0
 17
0.0
 27
1.0
 37
0.0
 76
1
330
1B
  0
MATERIAL
  5
1F
102
{ACAD_REACTORS
330
E
102
}
330
E
100
AcDbMaterial
  1
ByBlock
  2

 70
0
 40
1.0
 71
1
 41
1.0
 91
-1023410177
 42
1.0
 72
1
  3

 73
1
 74
1
 75
1
 44
0.5
 73
0
 45
1.0
 46
1.0
 77
1
  4

 78
1
 79
1
170
1
 48
1.0
171
1
  6

172
1
173
1
174
1
140
1.0
141
1.0
175
1
  7

176
1
177
1
178
1
143
1.0
179
1
  8

270
1
271
1
272
1
145
1.0
146
1.0
273
1
  9

274
1
275
1
276
1
 42
1.0
 72
1
  3

 73
1
 74
1
 75
1
 94
63
  0
MATERIAL
  5
20
102
{ACAD_REACTORS
330
E
102
}
330
E
100
AcDbMaterial
  1
ByLayer
  2

 70
0
 40
1.0
 71
1
 41
1.0
 91
-1023410177
 42
1.0
 72
1
  3

 73
1
 74
1
 75
1
 44
0.5
 73
0
 45
1.0
 46
1.0
 77
1
  4

 78
1
 79
1
170
1
 48
1.0
171
1
  6

172
1
173
1
174
1
140
1.0
141
1.0
175
1
  7

176
1
177
1
178
1
143
1.0
179
1
  8

270
1
271
1
272
1
145
1.0
146
1.0
273
1
  9

274
1
275
1
276
1
 42
1.0
 72
1
  3

 73
1
 74
1
 75
1
 94
63
  0
MATERIAL
  5
21
102
{ACAD_REACTORS
330
E
102
}
330
E
100
AcDbMaterial
  1
Global
  2

 70
0
 40
1.0
 71
1
 41
1.0
 91
-1023410177
 42
1.0
 72
1
  3

 73
1
 74
1
 75
1
 44
0.5
 73
0
 45
1.0
 46
1.0
 77
1
  4

 78
1
 79
1
170
1
 48
1.0
171
1
  6

172
1
173
1
174
1
140
1.0
141
1.0
175
1
  7

176
1
177
1
178
1
143
1.0
179
1
  8

270
1
271
1
272
1
145
1.0
146
1.0
273
1
  9

274
1
275
1
276
1
 42
1.0
 72
1
  3

 73
1
 74
1
 75
1
 94
63
  0
MLINESTYLE
  5
22
102
{ACAD_REACTORS
330
10
102
}
330
10
100
AcDbMlineStyle
  2
Standard
 70
0
  3

 62
256
 51
90.0
 52
90.0
 71
2
 49
0.5
 62
256
  6
BYLAYER
 49
-0.5
 62
256
  6
BYLAYER
  0
MLEADERSTYLE
  5
2C
102
{ACAD_REACTORS
330
F
102
}
330
F
100
AcDbMLeaderStyle
179
2
170
2
171
1
172
0
 90
2
 40
0.0
 41
0.0
173
1
 91
-1056964608
 92
-2
290
1
 42
2.0
291
1
 43
8.0
  3
Standard
 44
4.0
300

342
29
174
1
175
1
176
0
178
1
 93
-1056964608
 45
4.0
292
0
297
0
 46
4.0
 94
-1056964608
 47
1.0
 49
1.0
140
1.0
294
1
141
0.0
177
0
142
1.0
295
0
296
0
143
3.75
271
0
272
9
273
9
  0
DICTIONARY
  5
2D
330
A
100
AcDbDictionary
280
1
281
1
  3
CREATED_BY_EZDXF
350
2E
  3
WRITTEN_BY_EZDXF
350
456
  0
DICTIONARYVAR
  5
2E
330
2D
100
DictionaryVariables
280
0
  1
1.4.4 @ 2026-10-07T01:53:49.592580+00:00
  0
VISUALSTYLE
  5
5A
102
{ACAD_REACTORS
330
16
102
}
330
16
100
AcDbVisualStyle
  2
2dWireframe
 70
4
177
3
291
0
 70
58
 90
2
176
1
 90
2
176
1
 90
0
176
1
 90
0
176
1
 40
0.6
176
1
 40
30.0
176
1
 62
7
420
16777215
176
1
 90
1
176
1
 90
4
176
1
 62
7
176
1
 62
257
176
1
 90
1
176
1
 90
1
176
1
 40
1.0
176
1
 90
8
176
1
 62
7
176
1
 40
1.0
176
1
 90
1
176
1
 90
6
176
1
 90
2
176
1
 62
7
176
1
 90
5
176
1
 90
0
176
1
 90
0
176
1
290
0
176
1
 90
1
176
1
 40
0.0
176
1
 90
0
176
1
290
1
176
1
290
1
176
1
290
0
176
1
290
0
176
1
290
0
176
1
290
0
176
1
290
0
176
1
290
0
176
1
290
0
176
1
 90
50
176
1
 40
0.0
176
1
 40
1.0
176
1
 90
0
176
1
 62
18
420
0
176
1
 90
50
176
1
 90
3
176
1
 62
5
420
255
176
1
290
0
176
1
 90
50
176
1
 90
50
176
1
 90
50
176
1
290
0
176
1
 90
50
176
1
 62
256
176
0
 40
1.0
176
0
 90
2
176
1
  1
strokes_ogs.tif
176
1
290
0
176
1
 40
1.0
176
1
 40
1.0
176
1
  0
VISUALSTYLE
  5
5B
102
{ACAD_REACTORS
330
16
102
}
330
16
100
AcDbVisualStyle
  2
Basic
 70
7
177
3
291
1
 70
58
 90
2
176
1
 90
2
176
1
 90
0
176
1
 90
1
176
1
 40
0.6
176
1
 40
30.0
176
1
 62
7
420
16777215
176
1
 90
1
176
1
 90
4
176
1
 62
7
176
1
 62
257
176
1
 90
1
176
1
 90
1
176
1
 40
1.0
176
1
 90
8
176
1
 62
7
176
1
 40
1.0
176
1
 90
1
176
1
 90
6
176
1
 90
2
176
1
 62
7
176
1
 90
5
176
1
 90
0
176
1
 90
0
176
1
290
0
176
1
 90
1
176
1
 40
0.0
176
1
 90
0
176
1
290
0
176
1
290
1
176
1
290
1
176
1
290
0
176
1
290
0
176
1
290
0
176
1
290
0
176
1
290
0
176
1
290
0
176
1
 90
50
176
1
 40
0.0
176
1
 40
1.0
176
1
 90
0
176
1
 62
18
420
0
176
1
 90
50
176
1
 90
3
176
1
 62
5
420
255
176
1
290
0
176
1
 90
50
176
1
 90
50
176
1
 90
50
176
1
290
0
176
1
 90
50
176
1
 62
256
176
0
 40
1.0
176
0
 90
2
176
1
  1
strokes_ogs.tif
176
1
290
0
176
1
 40
1.0
176
1
 40
1.0
176
1
  0
VISUALSTYLE
  5
5C
102
{ACAD_REACTORS
330
16
102
}
330
16
100
AcDbVisualStyle
  2
Brighten
 70
12
177
3
291
1
 70
58
 90
2
176
1
 90
2
176
1
 90
0
176
1
 90
2
176
1
 40
0.6
176
1
 40
30.0
176
1
 62
7
420
16777215
176
1
 90
1
176
1
 90
4
176
1
 62
7
176
1
 62
257
176
1
 90
1
176
1
 90
1
176
1
 40
1.0
176
1
 90
8
176
1
 62
7
176
1
 40
1.0
176
1
 90
1
176
1
 90
6
176
1
 90
2
176
1
 62
7
176
1
 90
5
176
1
 90
0
176
1
 90
0
176
1
290
0
176
1
 90
1
176
1
 40
0.0
176
1
 90
0
176
1
290
0
176
1
290
1
176
1
290
1
176
1
290
0
176
1
290
0
176
1
290
0
176
1
290
0
176
1
290
0
176
1
290
0
176
1
 90
50
176
1
 40
0.0
176
1
 40
1.0
176
1
 90
0
176
1
 62
18
420
0
176
1
 90
50
176
1
 90
3
176
1
 62
5
420
255
176
1
290
0
176
1
 90
50
176
1
 90
50
176
1
 90
50
176
1
290
0
176
1
 90
50
176
1
 62
256
176
0
 40
1.0
176
0
 90
2
176
1
  1
strokes_ogs.tif
176
1
290
0
176
1
 40
1.0
176
1
 40
1.0
176
1
  0
VISUALSTYLE
  5
5D
102
{ACAD_REACTORS
330
16
102
}
330
16
100
AcDbVisualStyle
  2
ColorChange
 70
16
177
3
291
1
 70
58
 90
2
176
1
 90
2
176
1
 90
0
176
1
 90
2
176
1
 40
0.6
176
1
 40
30.0
176
1
 62
7
420
16777215
176
1
 90
1
176
1
 90
4
176
1
 62
7
176
1
 62
257
176
1
 90
1
176
1
 90
1
176
1
 40
1.0
176
1
 90
8
176
1
 62
7
176
1
 40
1.0
176
1
 90
1
176
1
 90
6
176
1
 90
2
176
1
 62
7
176
1
 90
5
176
1
 90
0
176
1
 90
0
176
1
290
0
176
1
 90
1
176
1
 40
0.0
176
1
 90
0
176
1
290
0
176
1
290
1
176
1
290
1
176
1
290
0
176
1
290
0
176
1
290
0
176
1
290
0
176
1
290
0
176
1
290
0
176
1
 90
50
176
1
 40
0.0
176
1
 40
1.0
176
1
 90
0
176
1
 62
18
420
0
176
1
 90
50
176
1
 90
3
176
1
 62
5
420
255
176
1
290
0
176
1
 90
50
176
1
 90
50
176
1
 90
50
176
1
290
0
176
1
 90
50
176
1
 62
256
176
0
 40
1.0
176
0
 90
2
176
1
  1
strokes_ogs.tif
176
1
290
0
176
1
 40
1.0
176
1
 40
1.0
176
1
  0
VISUALSTYLE
  5
5E
102
{ACAD_REACTORS
330
16
102
}
330
16
100
AcDbVisualStyle
  2
Conceptual
 70
9
177
3
291
0
 70
58
 90
2
176
1
 90
2
176
1
 90
0
176
1
 90
3
176
1
 40
0.6
176
1
 40
30.0
176
1
 62
7
420
16777215
176
1
 90
1
176
1
 90
4
176
1
 62
7
176
1
 62
257
176
1
 90
1
176
1
 90
1
176
1
 40
1.0
176
1
 90
8
176
1
 62
7
176
1
 40
1.0
176
1
 90
1
176
1
 90
6
176
1
 90
2
176
1
 62
7
176
1
 90
5
176
1
 90
0
176
1
 90
0
176
1
290
0
176
1
 90
1
176
1
 40
0.0
176
1
 90
0
176
1
290
0
176
1
290
1
176
1
290
1
176
1
290
0
176
1
290
0
176
1
290
0
176
1
290
0
176
1
290
0
176
1
290
0
176
1
 90
50
176
1
 40
0.0
176
1
 40
1.0
176
1
 90
0
176
1
 62
18
420
0
176
1
 90
50
176
1
 90
3
176
1
 62
5
420
255
176
1
290
0
176
1
 90
50
176
1
 90
50
176
1
 90
50
176
1
290
0
176
1
 90
50
176
1
 62
256
176
0
 40
1.0
176
0
 90
2
176
1
  1
strokes_ogs.tif
176
1
290
0
176
1
 40
1.0
176
1
 40
1.0
176
1
  0
VISUALSTYLE
  5
5F
102
{ACAD_REACTORS
330
16
102
}
330
16
100
AcDbVisualStyle
  2
Dim
 70
11
177
3
291
1
 70
58
 90
2
176
1
 90
2
176
1
 90
0
176
1
 90
2
176
1
 40
0.6
176
1
 40
30.0
176
1
 62
7
420
16777215
176
1
 90
1
176
1
 90
4
176
1
 62
7
176
1
 62
257
176
1
 90
1
176
1
 90
1
176
1
 40
1.0
176
1
 90
8
176
1
 62
7
176
1
 40
1.0
176
1
 90
1
176
1
 90
6
176
1
 90
2
176
1
 62
7
176
1
 90
5
176
1
 90
0
176
1
 90
0
176
1
290
0
176
1
 90
1
176
1
 40
0.0
176
1
 90
0
176
1
290
0
176
1
290
1
176
1
290
1
176
1
290
0
176
1
290
0
176
1
290
0
176
1
290
0
176
1
290
0
176
1
290
0
176
1
 90
50
176
1
 40
0.0
176
1
 40
1.0
176
1
 90
0
176
1
 62
18
420
0
176
1
 90
50
176
1
 90
3
176
1
 62
5
420
255
176
1
290
0
176
1
 90
50
176
1
 90
50
176
1
 90
50
176
1
290
0
176
1
 90
50
176
1
 62
256
176
0
 40
1.0
176
0
 90
2
176
1
  1
strokes_ogs.tif
176
1
290
0
176
1
 40
1.0
176
1
 40
1.0
176
1
  0
VISUALSTYLE
  5
60
102
{ACAD_REACTORS
330
16
102
}
330
16
100
AcDbVisualStyle
  2
EdgeColorOff
 70
22
177
3
291
1
 70
58
 90
2
176
1
 90
2
176
1
 90
0
176
1
 90
2
176
1
 40
0.6
176
1
 40
30.0
176
1
 62
7
420
16777215
176
1
 90
1
176
1
 90
4
176
1
 62
7
176
1
 62
257
176
1
 90
1
176
1
 90
1
176
1
 40
1.0
176
1
 90
8
176
1
 62
7
176
1
 40
1.0
176
1
 90
1
176
1
 90
6
176
1
 90
2
176
1
 62
7
176
1
 90
5
176
1
 90
0
176
1
 90
0
176
1
290
0
176
1
 90
1
176
1
 40
0.0
176
1
 90
0
176
1
290
0
176
1
290
1
176
1
290
1
176
1
290
0
176
1
290
0
176
1
290
0
176
1
290
0
176
1
290
0
176
1
290
0
176
1
 90
50
176
1
 40
0.0
176
1
 40
1.0
176
1
 90
0
176
1
 62
18
420
0
176
1
 90
50
176
1
 90
3
176
1
 62
5
420
255
176
1
290
0
176
1
 90
50
176
1
 90
50
176
1
 90
50
176
1
290
0
176
1
 90
50
176
1
 62
256
176
0
 40
1.0
176
0
 90
2
176
1
  1
strokes_ogs.tif
176
1
290
0
176
1
 40
1.0
176
1
 40
1.0
176
1
  0
VISUALSTYLE
  5
61
102
{ACAD_REACTORS
330
16
102
}
330
16
100
AcDbVisualStyle
  2
Facepattern
 70
15
177
3
291
1
 70
58
 90
2
176
1
 90
2
176
1
 90
0
176
1
 90
2
176
1
 40
0.6
176
1
 40
30.0
176
1
 62
7
420
16777215
176
1
 90
1
176
1
 90
4
176
1
 62
7
176
1
 62
257
176
1
 90
1
176
1
 90
1
176
1
 40
1.0
176
1
 90
8
176
1
 62
7
176
1
 40
1.0
176
1
 90
1
176
1
 90
6
176
1
 90
2
176
1
 62
7
176
1
 90
5
176
1
 90
0
176
1
 90
0
176
1
290
0
176
1
 90
1
176
1
 40
0.0
176
1
 90
0
176
1
290
0
176
1
290
1
176
1
290
1
176
1
290
0
176
1
290
0
176
1
290
0
176
1
290
0
176
1
290
0
176
1
290
0
176
1
 90
50
176
1
 40
0.0
176
1
 40
1.0
176
1
 90
0
176
1
 62
18
420
0
176
1
 90
50
176
1
 90
3
176
1
 62
5
420
255
176
1
290
0
176
1
 90
50
176
1
 90
50
176
1
 90
50
176
1
290
0
176
1
 90
50
176
1
 62
256
176
0
 40
1.0
176
0
 90
2
176
1
  1
strokes_ogs.tif
176
1
290
0
176
1
 40
1.0
176
1
 40
1.0
176
1
  0
VISUALSTYLE
  5
62
102
{ACAD_REACTORS
330
16
102
}
330
16
100
AcDbVisualStyle
  2
Flat
 70
0
177
3
291
1
 70
58
 90
2
176
1
 90
2
176
1
 90
0
176
1
 90
2
176
1
 40
0.6
176
1
 40
30.0
176
1
 62
7
420
16777215
176
1
 90
1
176
1
 90
4
176
1
 62
7
176
1
 62
257
176
1
 90
1
176
1
 90
1
176
1
 40
1.0
176
1
 90
8
176
1
 62
7
176
1
 40
1.0
176
1
 90
1
176
1
 90
6
176
1
 90
2
176
1
 62
7
176
1
 90
5
176
1
 90
0
176
1
 90
0
176
1
290
0
176
1
 90
1
176
1
 40
0.0
176
1
 90
0
176
1
290
0
176
1
290
1
176
1
290
1
176
1
290
0
176
1
290
0
176
1
290
0
176
1
290
0
176
1
290
0
176
1
290
0
176
1
 90
50
176
1
 40
0.0
176
1
 40
1.0
176
1
 90
0
176
1
 62
18
420
0
176
1
 90
50
176
1
 90
3
176
1
 62
5
420
255
176
1
290
0
176
1
 90
50
176
1
 90
50
176
1
 90
50
176
1
290
0
176
1
 90
50
176
1
 62
256
176
0
 40
1.0
176
0
 90
2
176
1
  1
strokes_ogs.tif
176
1
290
0
176
1
 40
1.0
176
1
 40
1.0
176
1
  0
VISUALSTYLE
  5
63
102
{ACAD_REACTORS
330
16
102
}
330
16
100
AcDbVisualStyle
  2
FlatWithEdges
 70
1
177
3
291
1
 70
58
 90
2
176
1
 90
2
176
1
 90
0
176
1
 90
2
176
1
 40
0.6
176
1
 40
30.0
176
1
 62
7
420
16777215
176
1
 90
1
176
1
 90
4
176
1
 62
7
176
1
 62
257
176
1
 90
1
176
1
 90
1
176
1
 40
1.0
176
1
 90
8
176
1
 62
7
176
1
 40
1.0
176
1
 90
1
176
1
 90
6
176
1
 90
2
176
1
 62
7
176
1
 90
5
176
1
 90
0
176
1
 90
0
176
1
290
0
176
1
 90
1
176
1
 40
0.0
176
1
 90
0
176
1
290
0
176
1
290
1
176
1
290
1
176
1
290
0
176
1
290
0
176
1
290
0
176
1
290
0
176
1
290
0
176
1
290
0
176
1
 90
50
176
1
 40
0.0
176
1
 40
1.0
176
1
 90
0
176
1
 62
18
420
0
176
1
 90
50
176
1
 90
3
176
1
 62
5
420
255
176
1
290
0
176
1
 90
50
176
1
 90
50
176
1
 90
50
176
1
290
0
176
1
 90
50
176
1
 62
256
176
0
 40
1.0
176
0
 90
2
176
1
  1
strokes_ogs.tif
176
1
290
0
176
1
 40
1.0
176
1
 40
1.0
176
1
  0
VISUALSTYLE
  5
64
102
{ACAD_REACTORS
330
16
102
}
330
16
100
AcDbVisualStyle
  2
Gouraud
 70
2
177
3
291
1
 70
58
 90
2
176
1
 90
2
176
1
 90
0
176
1
 90
2
176
1
 40
0.6
176
1
 40
30.0
176
1
 62
7
420
16777215
176
1
 90
1
176
1
 90
4
176
1
 62
7
176
1
 62
257
176
1
 90
1
176
1
 90
1
176
1
 40
1.0
176
1
 90
8
176
1
 62
7
176
1
 40
1.0
176
1
 90
1
176
1
 90
6
176
1
 90
2
176
1
 62
7
176
1
 90
5
176
1
 90
0
176
1
 90
0
176
1
290
0
176
1
 90
1
176
1
 40
0.0
176
1
 90
0
176
1
290
0
176
1
290
1
176
1
290
1
176
1
290
0
176
1
290
0
176
1
290
0
176
1
290
0
176
1
290
0
176
1
290
0
176
1
 90
50
176
1
 40
0.0
176
1
 40
1.0
176
1
 90
0
176
1
 62
18
420
0
176
1
 90
50
176
1
 90
3
176
1
 62
5
420
255
176
1
290
0
176
1
 90
50
176
1
 90
50
176
1
 90
50
176
1
290
0
176
1
 90
50
176
1
 62
256
176
0
 40
1.0
176
0
 90
2
176
1
  1
strokes_ogs.tif
176
1
290
0
176
1
 40
1.0
176
1
 40
1.0
176
1
  0
VISUALSTYLE
  5
65
102
{ACAD_REACTORS
330
16
102
}
330
16
100
AcDbVisualStyle
  2
GouraudWithEdges
 70
3
177
3
291
1
 70
58
 90
2
176
1
 90
2
176
1
 90
0
176
1
 90
2
176
1
 40
0.6
176
1
 40
30.0
176
1
 62
7
420
16777215
176
1
 90
1
176
1
 90
4
176
1
 62
7
176
1
 62
257
176
1
 90
1
176
1
 90
1
176
1
 40
1.0
176
1
 90
8
176
1
 62
7
176
1
 40
1.0
176
1
 90
1
176
1
 90
6
176
1
 90
2
176
1
 62
7
176
1
 90
5
176
1
 90
0
176
1
 90
0
176
1
290
0
176
1
 90
1
176
1
 40
0.0
176
1
 90
0
176
1
290
0
176
1
290
1
176
1
290
1
176
1
290
0
176
1
290
0
176
1
290
0
176
1
290
0
176
1
290
0
176
1
290
0
176
1
 90
50
176
1
 40
0.0
176
1
 40
1.0
176
1
 90
0
176
1
 62
18
420
0
176
1
 90
50
176
1
 90
3
176
1
 62
5
420
255
176
1
290
0
176
1
 90
50
176
1
 90
50
176
1
 90
50
176
1
290
0
176
1
 90
50
176
1
 62
256
176
0
 40
1.0
176
0
 90
2
176
1
  1
strokes_ogs.tif
176
1
290
0
176
1
 40
1.0
176
1
 40
1.0
176
1
  0
VISUALSTYLE
  5
66
102
{ACAD_REACTORS
330
16
102
}
330
16
100
AcDbVisualStyle
  2
Hidden
 70
6
177
3
291
0
 70
58
 90
2
176
1
 90
2
176
1
 90
0
176
1
 90
1
176
1
 40
0.6
176
1
 40
30.0
176
1
 62
7
420
16777215
176
1
 90
1
176
1
 90
4
176
1
 62
7
176
1
 62
257
176
1
 90
1
176
1
 90
1
176
1
 40
1.0
176
1
 90
8
176
1
 62
7
176
1
 40
1.0
176
1
 90
1
176
1
 90
6
176
1
 90
2
176
1
 62
7
176
1
 90
5
176
1
 90
0
176
1
 90
0
176
1
290
0
176
1
 90
1
176
1
 40
0.0
176
1
 90
0
176
1
290
0
176
1
290
1
176
1
290
1
176
1
290
0
176
1
290
0
176
1
290
0
176
1
290
0
176
1
290
0
176
1
290
0
176
1
 90
50
176
1
 40
0.0
176
1
 40
1.0
176
1
 90
0
176
1
 62
18
420
0
176
1
 90
50
176
1
 90
3
176
1
 62
5
420
255
176
1
290
0
176
1
 90
50
176
1
 90
50
176
1
 90
50
176
1
290
0
176
1
 90
50
176
1
 62
256
176
0
 40
1.0
176
0
 90
2
176
1
  1
strokes_ogs.tif
176
1
290
0
176
1
 40
1.0
176
1
 40
1.0
176
1
  0
VISUALSTYLE
  5
67
102
{ACAD_REACTORS
330
16
102
}
330
16
100
AcDbVisualStyle
  2
JitterOff
 70
20
177
3
291
1
 70
58
 90
2
176
1
 90
2
176
1
 90
0
176
1
 90
2
176
1
 40
0.6
176
1
 40
30.0
176
1
 62
7
420
16777215
176
1
 90
1
176
1
 90
4
176
1
 62
7
176
1
 62
257
176
1
 90
1
176
1
 90
1
176
1
 40
1.0
176
1
 90
8
176
1
 62
7
176
1
 40
1.0
176
1
 90
1
176
1
 90
6
176
1
 90
2
176
1
 62
7
176
1
 90
5
176
1
 90
0
176
1
 90
0
176
1
290
0
176
1
 90
1
176
1
 40
0.0
176
1
 90
0
176
1
290
0
176
1
290
1
176
1
290
1
176
1
290
0
176
1
290
0
176
1
290
0
176
1
290
0
176
1
290
0
176
1
290
0
176
1
 90
50
176
1
 40
0.0
176
1
 40
1.0
176
1
 90
0
176
1
 62
18
420
0
176
1
 90
50
176
1
 90
3
176
1
 62
5
420
255
176
1
290
0
176
1
 90
50
176
1
 90
50
176
1
 90
50
176
1
290
0
176
1
 90
50
176
1
 62
256
176
0
 40
1.0
176
0
 90
2
176
1
  1
strokes_ogs.tif
176
1
290
0
176
1
 40
1.0
176
1
 40
1.0
176
1
  0
VISUALSTYLE
  5
68
102
{ACAD_REACTORS
330
16
102
}
330
16
100
AcDbVisualStyle
  2
Linepattern
 70
14
177
3
291
1
 70
58
 90
2
176
1
 90
2
176
1
 90
0
176
1
 90
2
176
1
 40
0.6
176
1
 40
30.0
176
1
 62
7
420
16777215
176
1
 90
1
176
1
 90
4
176
1
 62
7
176
1
 62
257
176
1
 90
1
176
1
 90
1
176
1
 40
1.0
176
1
 90
8
176
1
 62
7
176
1
 40
1.0
176
1
 90
1
176
1
 90
6
176
1
 90
2
176
1
 62
7
176
1
 90
5
176
1
 90
0
176
1
 90
0
176
1
290
0
176
1
 90
1
176
1
 40
0.0
176
1
 90
0
176
1
290
0
176
1
290
1
176
1
290
1
176
1
290
0
176
1
290
0
176
1
290
0
176
1
290
0
176
1
290
0
176
1
290
0
176
1
 90
50
176
1
 40
0.0
176
1
 40
1.0
176
1
 90
0
176
1
 62
18
420
0
176
1
 90
50
176
1
 90
3
176
1
 62
5
420
255
176
1
290
0
176
1
 90
50
176
1
 90
50
176
1
 90
50
176
1
290
0
176
1
 90
50
176
1
 62
256
176
0
 40
1.0
176
0
 90
2
176
1
  1
strokes_ogs.tif
176
1
290
0
176
1
 40
1.0
176
1
 40
1.0
176
1
  0
VISUALSTYLE
  5
69
102
{ACAD_REACTORS
330
16
102
}
330
16
100
AcDbVisualStyle
  2
Modeling
 70
10
177
3
291
0
 70
58
 90
2
176
1
 90
2
176
1
 90
0
176
1
 90
2
176
1
 40
0.6
176
1
 40
30.0
176
1
 62
7
420
16777215
176
1
 90
1
176
1
 90
4
176
1
 62
7
176
1
 62
257
176
1
 90
1
176
1
 90
1
176
1
 40
1.0
176
1
 90
8
176
1
 62
7
176
1
 40
1.0
176
1
 90
1
176
1
 90
6
176
1
 90
2
176
1
 62
7
176
1
 90
5
176
1
 90
0
176
1
 90
0
176
1
290
0
176
1
 90
1
176
1
 40
0.0
176
1
 90
0
176
1
290
0
176
1
290
1
176
1
290
1
176
1
290
0
176
1
290
0
176
1
290
0
176
1
290
0
176
1
290
0
176
1
290
0
176
1
 90
50
176
1
 40
0.0
176
1
 40
1.0
176
1
 90
0
176
1
 62
18
420
0
176
1
 90
50
176
1
 90
3
176
1
 62
5
420
255
176
1
290
0
176
1
 90
50
176
1
 90
50
176
1
 90
50
176
1
290
0
176
1
 90
50
176
1
 62
256
176
0
 40
1.0
176
0
 90
2
176
1
  1
strokes_ogs.tif
176
1
290
0
176
1
 40
1.0
176
1
 40
1.0
176
1
  0
VISUALSTYLE
  5
6A
102
{ACAD_REACTORS
330
16
102
}
330
16
100
AcDbVisualStyle
  2
OverhangOff
 70
21
177
3
291
1
 70
58
 90
2
176
1
 90
2
176
1
 90
0
176
1
 90
2
176
1
 40
0.6
176
1
 40
30.0
176
1
 62
7
420
16777215
176
1
 90
1
176
1
 90
4
176
1
 62
7
176
1
 62
257
176
1
 90
1
176
1
 90
1
176
1
 40
1.0
176
1
 90
8
176
1
 62
7
176
1
 40
1.0
176
1
 90
1
176
1
 90
6
176
1
 90
2
176
1
 62
7
176
1
 90
5
176
1
 90
0
176
1
 90
0
176
1
290
0
176
1
 90
1
176
1
 40
0.0
176
1
 90
0
176
1
290
0
176
1
290
1
176
1
290
1
176
1
290
0
176
1
290
0
176
1
290
0
176
1
290
0
176
1
290
0
176
1
290
0
176
1
 90
50
176
1
 40
0.0
176
1
 40
1.0
176
1
 90
0
176
1
 62
18
420
0
176
1
 90
50
176
1
 90
3
176
1
 62
5
420
255
176
1
290
0
176
1
 90
50
176
1
 90
50
176
1
 90
50
176
1
290
0
176
1
 90
50
176
1
 62
256
176
0
 40
1.0
176
0
 90
2
176
1
  1
strokes_ogs.tif
176
1
290
0
176
1
 40
1.0
176
1
 40
1.0
176
1
  0
VISUALSTYLE
  5
6B
102
{ACAD_REACTORS
330
16
102
}
330
16
100
AcDbVisualStyle
  2
Realistic
 70
8
177
3
291
0
 70
58
 90
2
176
1
 90
2
176
1
 90
0
176
1
 90
2
176
1
 40
0.6
176
1
 40
30.0
176
1
 62
7
420
16777215
176
1
 90
1
176
1
 90
4
176
1
 62
7
176
1
 62
257
176
1
 90
1
176
1
 90
1
176
1
 40
1.0
176
1
 90
8
176
1
 62
7
176
1
 40
1.0
176
1
 90
1
176
1
 90
6
176
1
 90
2
176
1
 62
7
176
1
 90
5
176
1
 90
0
176
1
 90
0
176
1
290
0
176
1
 90
1
176
1
 40
0.0
176
1
 90
0
176
1
290
0
176
1
290
1
176
1
290
1
176
1
290
0
176
1
290
0
176
1
290
0
176
1
290
0
176
1
290
0
176
1
290
0
176
1
 90
50
176
1
 40
0.0
176
1
 40
1.0
176
1
 90
0
176
1
 62
18
420
0
176
1
 90
50
176
1
 90
3
176
1
 62
5
420
255
176
1
290
0
176
1
 90
50
176
1
 90
50
176
1
 90
50
176
1
290
0
176
1
 90
50
176
1
 62
256
176
0
 40
1.0
176
0
 90
2
176
1
  1
strokes_ogs.tif
176
1
290
0
176
1
 40
1.0
176
1
 40
1.0
176
1
  0
VISUALSTYLE
  5
6C
102
{ACAD_REACTORS
330
16
102
}
330
16
100
AcDbVisualStyle
  2
Shaded
 70
27
177
3
291
0
 70
58
 90
2
176
1
 90
2
176
1
 90
0
176
1
 90
2
176
1
 40
0.6
176
1
 40
30.0
176
1
 62
7
420
16777215
176
1
 90
1
176
1
 90
4
176
1
 62
7
176
1
 62
257
176
1
 90
1
176
1
 90
1
176
1
 40
1.0
176
1
 90
8
176
1
 62
7
176
1
 40
1.0
176
1
 90
1
176
1
 90
6
176
1
 90
2
176
1
 62
7
176
1
 90
5
176
1
 90
0
176
1
 90
0
176
1
290
0
176
1
 90
1
176
1
 40
0.0
176
1
 90
0
176
1
290
0
176
1
290
1
176
1
290
1
176
1
290
0
176
1
290
0
176
1
290
0
176
1
290
0
176
1
290
0
176
1
290
0
176
1
 90
50
176
1
 40
0.0
176
1
 40
1.0
176
1
 90
0
176
1
 62
18
420
0
176
1
 90
50
176
1
 90
3
176
1
 62
5
420
255
176
1
290
0
176
1
 90
50
176
1
 90
50
176
1
 90
50
176
1
290
0
176
1
 90
50
176
1
 62
256
176
0
 40
1.0
176
0
 90
2
176
1
  1
strokes_ogs.tif
176
1
290
0
176
1
 40
1.0
176
1
 40
1.0
176
1
  0
VISUALSTYLE
  5
6D
102
{ACAD_REACTORS
330
16
102
}
330
16
100
AcDbVisualStyle
  2
Shaded with edges
 70
26
177
3
291
0
 70
58
 90
2
176
1
 90
2
176
1
 90
0
176
1
 90
2
176
1
 40
0.6
176
1
 40
30.0
176
1
 62
7
420
16777215
176
1
 90
1
176
1
 90
4
176
1
 62
7
176
1
 62
257
176
1
 90
1
176
1
 90
1
176
1
 40
1.0
176
1
 90
8
176
1
 62
7
176
1
 40
1.0
176
1
 90
1
176
1
 90
6
176
1
 90
2
176
1
 62
7
176
1
 90
5
176
1
 90
0
176
1
 90
0
176
1
290
0
176
1
 90
1
176
1
 40
0.0
176
1
 90
0
176
1
290
0
176
1
290
1
176
1
290
1
176
1
290
0
176
1
290
0
176
1
290
0
176
1
290
0
176
1
290
0
176
1
290
0
176
1
 90
50
176
1
 40
0.0
176
1
 40
1.0
176
1
 90
0
176
1
 62
18
420
0
176
1
 90
50
176
1
 90
3
176
1
 62
5
420
255
176
1
290
0
176
1
 90
50
176
1
 90
50
176
1
 90
50
176
1
290
0
176
1
 90
50
176
1
 62
256
176
0
 40
1.0
176
0
 90
2
176
1
  1
strokes_ogs.tif
176
1
290
0
176
1
 40
1.0
176
1
 40
1.0
176
1
  0
VISUALSTYLE
  5
6E
102
{ACAD_REACTORS
330
16
102
}
330
16
100
AcDbVisualStyle
  2
Shades of Gray
 70
23
177
3
291
0
 70
58
 90
2
176
1
 90
2
176
1
 90
0
176
1
 90
2
176
1
 40
0.6
176
1
 40
30.0
176
1
 62
7
420
16777215
176
1
 90
1
176
1
 90
4
176
1
 62
7
176
1
 62
257
176
1
 90
1
176
1
 90
1
176
1
 40
1.0
176
1
 90
8
176
1
 62
7
176
1
 40
1.0
176
1
 90
1
176
1
 90
6
176
1
 90
2
176
1
 62
7
176
1
 90
5
176
1
 90
0
176
1
 90
0
176
1
290
0
176
1
 90
1
176
1
 40
0.0
176
1
 90
0
176
1
290
0
176
1
290
1
176
1
290
1
176
1
290
0
176
1
290
0
176
1
290
0
176
1
290
0
176
1
290
0
176
1
290
0
176
1
 90
50
176
1
 40
0.0
176
1
 40
1.0
176
1
 90
0
176
1
 62
18
420
0
176
1
 90
50
176
1
 90
3
176
1
 62
5
420
255
176
1
290
0
176
1
 90
50
176
1
 90
50
176
1
 90
50
176
1
290
0
176
1
 90
50
176
1
 62
256
176
0
 40
1.0
176
0
 90
2
176
1
  1
strokes_ogs.tif
176
1
290
0
176
1
 40
1.0
176
1
 40
1.0
176
1
  0
VISUALSTYLE
  5
6F
102
{ACAD_REACTORS
330
16
102
}
330
16
100
AcDbVisualStyle
  2
Sketchy
 70
24
177
3
291
0
 70
58
 90
2
176
1
 90
2
176
1
 90
0
176
1
 90
1
176
1
 40
0.6
176
1
 40
30.0
176
1
 62
7
420
16777215
176
1
 90
1
176
1
 90
4
176
1
 62
7
176
1
 62
257
176
1
 90
1
176
1
 90
1
176
1
 40
1.0
176
1
 90
8
176
1
 62
7
176
1
 40
1.0
176
1
 90
1
176
1
 90
6
176
1
 90
2
176
1
 62
7
176
1
 90
5
176
1
 90
0
176
1
 90
0
176
1
290
0
176
1
 90
1
176
1
 40
0.0
176
1
 90
0
176
1
290
0
176
1
290
1
176
1
290
1
176
1
290
0
176
1
290
0
176
1
290
0
176
1
290
0
176
1
290
0
176
1
290
0
176
1
 90
50
176
1
 40
0.0
176
1
 40
1.0
176
1
 90
0
176
1
 62
18
420
0
176
1
 90
50
176
1
 90
3
176
1
 62
5
420
255
176
1
290
0
176
1
 90
50
176
1
 90
50
176
1
 90
50
176
1
290
0
176
1
 90
50
176
1
 62
256
176
0
 40
1.0
176
0
 90
2
176
1
  1
strokes_ogs.tif
176
1
290
0
176
1
 40
1.0
176
1
 40
1.0
176
1
  0
VISUALSTYLE
  5
70
102
{ACAD_REACTORS
330
16
102
}
330
16
100
AcDbVisualStyle
  2
Thicken
 70
13
177
3
291
1
 70
58
 90
2
176
1
 90
2
176
1
 90
0
176
1
 90
2
176
1
 40
0.6
176
1
 40
30.0
176
1
 62
7
420
16777215
176
1
 90
1
176
1
 90
4
176
1
 62
7
176
1
 62
257
176
1
 90
1
176
1
 90
1
176
1
 40
1.0
176
1
 90
8
176
1
 62
7
176
1
 40
1.0
176
1
 90
1
176
1
 90
6
176
1
 90
2
176
1
 62
7
176
1
 90
5
176
1
 90
0
176
1
 90
0
176
1
290
0
176
1
 90
1
176
1
 40
0.0
176
1
 90
0
176
1
290
0
176
1
290
1
176
1
290
1
176
1
290
0
176
1
290
0
176
1
290
0
176
1
290
0
176
1
290
0
176
1
290
0
176
1
 90
50
176
1
 40
0.0
176
1
 40
1.0
176
1
 90
0
176
1
 62
18
420
0
176
1
 90
50
176
1
 90
3
176
1
 62
5
420
255
176
1
290
0
176
1
 90
50
176
1
 90
50
176
1
 90
50
176
1
290
0
176
1
 90
50
176
1
 62
256
176
0
 40
1.0
176
0
 90
2
176
1
  1
strokes_ogs.tif
176
1
290
0
176
1
 40
1.0
176
1
 40
1.0
176
1
  0
VISUALSTYLE
  5
71
102
{ACAD_REACTORS
330
16
102
}
330
16
100
AcDbVisualStyle
  2
Wireframe
 70
5
177
3
291
0
 70
58
 90
2
176
1
 90
2
176
1
 90
0
176
1
 90
0
176
1
 40
0.6
176
1
 40
30.0
176
1
 62
7
420
16777215
176
1
 90
1
176
1
 90
4
176
1
 62
7
176
1
 62
257
176
1
 90
1
176
1
 90
1
176
1
 40
1.0
176
1
 90
8
176
1
 62
7
176
1
 40
1.0
176
1
 90
1
176
1
 90
6
176
1
 90
2
176
1
 62
7
176
1
 90
5
176
1
 90
0
176
1
 90
0
176
1
290
0
176
1
 90
1
176
1
 40
0.0
176
1
 90
0
176
1
290
0
176
1
290
1
176
1
290
1
176
1
290
0
176
1
290
0
176
1
290
0
176
1
290
0
176
1
290
0
176
1
290
0
176
1
 90
50
176
1
 40
0.0
176
1
 40
1.0
176
1
 90
0
176
1
 62
18
420
0
176
1
 90
50
176
1
 90
3
176
1
 62
5
420
255
176
1
290
0
176
1
 90
50
176
1
 90
50
176
1
 90
50
176
1
290
0
176
1
 90
50
176
1
 62
256
176
0
 40
1.0
176
0
 90
2
176
1
  1
strokes_ogs.tif
176
1
290
0
176
1
 40
1.0
176
1
 40
1.0
176
1
  0
VISUALSTYLE
  5
72
102
{ACAD_REACTORS
330
16
102
}
330
16
100
AcDbVisualStyle
  2
X-Ray
 70
25
177
3
291
0
 70
58
 90
2
176
1
 90
2
176
1
 90
0
176
1
 90
2
176
1
 40
0.5
176
1
 40
30.0
176
1
 62
7
420
16777215
176
1
 90
1
176
1
 90
4
176
1
 62
7
176
1
 62
257
176
1
 90
1
176
1
 90
1
176
1
 40
1.0
176
1
 90
8
176
1
 62
7
176
1
 40
1.0
176
1
 90
1
176
1
 90
6
176
1
 90
2
176
1
 62
7
176
1
 90
5
176
1
 90
0
176
1
 90
0
176
1
290
0
176
1
 90
1
176
1
 40
0.0
176
1
 90
0
176
1
290
0
176
1
290
1
176
1
290
1
176
1
290
0
176
1
290
0
176
1
290
0
176
1
290
0
176
1
290
0
176
1
290
0
176
1
 90
50
176
1
 40
0.0
176
1
 40
1.0
176
1
 90
0
176
1
 62
18
420
0
176
1
 90
50
176
1
 90
3
176
1
 62
5
420
255
176
1
290
0
176
1
 90
50
176
1
 90
50
176
1
 90
50
176
1
290
0
176
1
 90
50
176
1
 62
256
176
0
 40
1.0
176
0
 90
2
176
1
  1
strokes_ogs.tif
176
1
290
0
176
1
 40
1.0
176
1
 40
1.0
176
1
  0
LAYOUT
  5
333
330
D
100
AcDbPlotSettings
  1

  2
DWG to PDF.pc3
  4
ezdxf_(841.00_x_594.00_MM)
  6

 40
0.0
 41
0.0
 42
0.0
 43
0.0
 44
841.0
 45
594.0
 46
0.0
 47
0.0
 48
0.0
 49
0.0
140
0.0
141
0.0
142
1.0
143
1.0
 70
672
 72
1
 73
0
 74
5
  7

 75
16
 76
0
 77
2
 78
300
147
1.0
148
0.0
149
0.0
100
AcDbLayout
  1
A2-NIVEL1
 70
1
 71
3
 10
-0.0
 20
-0.0
 11
841.0
 21
594.0
 12
0.0
 22
0.0
 32
0.0
 14
1e+20
 24
1e+20
 34
1e+20
 15
-1e+20
 25
-1e+20
 35
-1e+20
146
0.0
 13
0.0
 23
0.0
 33
0.0
 16
1.0
 26
0.0
 36
0.0
 17
0.0
 27
1.0
 37
0.0
 76
1
330
330
331
334
  0
DICTIONARYVAR
  5
456
330
2D
100
DictionaryVariables
280
0
  1
1.4.4 @ 2026-10-07T01:53:49.618840+00:00
  0
ENDSEC
  0
EOF
